sample,two_theta,intensity
InMnPdOx_pre,16.07,5.817
InMnPdOx_pre,16.08,5.945
InMnPdOx_pre,16.09,5.735
InMnPdOx_pre,16.1,5.527
InMnPdOx_pre,16.11,5.344
InMnPdOx_pre,16.12,5.065
InMnPdOx_pre,16.13,4.897
InMnPdOx_pre,16.14,4.827
InMnPdOx_pre,16.15,5.158
InMnPdOx_pre,16.16,5.438
InMnPdOx_pre,16.17,5.584
InMnPdOx_pre,16.18,5.375
InMnPdOx_pre,16.19,4.986
InMnPdOx_pre,16.2,4.69
InMnPdOx_pre,16.21,4.587
InMnPdOx_pre,16.22,4.678
InMnPdOx_pre,16.23,4.755
InMnPdOx_pre,16.24,4.752
InMnPdOx_pre,16.25,4.829
InMnPdOx_pre,16.26,4.739
InMnPdOx_pre,16.27,4.536
InMnPdOx_pre,16.28,4.438
InMnPdOx_pre,16.29,4.593
InMnPdOx_pre,16.3,4.662
InMnPdOx_pre,16.31,4.699
InMnPdOx_pre,16.32,4.618
InMnPdOx_pre,16.33,4.673
InMnPdOx_pre,16.34,4.58
InMnPdOx_pre,16.35,4.81
InMnPdOx_pre,16.36,4.895
InMnPdOx_pre,16.37,5.072
InMnPdOx_pre,16.38,4.848
InMnPdOx_pre,16.39,4.724
InMnPdOx_pre,16.4,4.513
InMnPdOx_pre,16.41,4.668
InMnPdOx_pre,16.42,4.63
InMnPdOx_pre,16.43,4.599
InMnPdOx_pre,16.44,4.681
InMnPdOx_pre,16.45,4.932
InMnPdOx_pre,16.46,5.134
InMnPdOx_pre,16.47,5.062
InMnPdOx_pre,16.48,4.925
InMnPdOx_pre,16.49,4.636
InMnPdOx_pre,16.5,4.587
InMnPdOx_pre,16.51,4.736
InMnPdOx_pre,16.52,4.76
InMnPdOx_pre,16.53,4.697
InMnPdOx_pre,16.54,4.705
InMnPdOx_pre,16.55,4.667
InMnPdOx_pre,16.56,4.572
InMnPdOx_pre,16.57,4.607
InMnPdOx_pre,16.58,4.563
InMnPdOx_pre,16.59,4.468
InMnPdOx_pre,16.6,4.382
InMnPdOx_pre,16.61,4.531
InMnPdOx_pre,16.62,4.586
InMnPdOx_pre,16.63,4.589
InMnPdOx_pre,16.64,4.517
InMnPdOx_pre,16.65,4.68
InMnPdOx_pre,16.66,4.761
InMnPdOx_pre,16.67,4.845
InMnPdOx_pre,16.68,4.834
InMnPdOx_pre,16.69,4.887
InMnPdOx_pre,16.7,4.831
InMnPdOx_pre,16.71,4.848
InMnPdOx_pre,16.72,4.855
InMnPdOx_pre,16.73,4.804
InMnPdOx_pre,16.74,4.694
InMnPdOx_pre,16.75,4.738
InMnPdOx_pre,16.76,4.824
InMnPdOx_pre,16.77,4.773
InMnPdOx_pre,16.78,4.598
InMnPdOx_pre,16.79,4.541
InMnPdOx_pre,16.8,4.474
InMnPdOx_pre,16.81,4.42
InMnPdOx_pre,16.82,4.512
InMnPdOx_pre,16.83,4.596
InMnPdOx_pre,16.84,4.7
InMnPdOx_pre,16.85,4.73
InMnPdOx_pre,16.86,4.743
InMnPdOx_pre,16.87,4.625
InMnPdOx_pre,16.88,4.607
InMnPdOx_pre,16.89,4.571
InMnPdOx_pre,16.9,4.488
InMnPdOx_pre,16.91,4.469
InMnPdOx_pre,16.92,4.635
InMnPdOx_pre,16.93,4.775
InMnPdOx_pre,16.94,4.806
InMnPdOx_pre,16.95,4.821
InMnPdOx_pre,16.96,4.781
InMnPdOx_pre,16.97,4.759
InMnPdOx_pre,16.98,4.863
InMnPdOx_pre,16.99,4.927
InMnPdOx_pre,17.0,4.75
InMnPdOx_pre,17.01,4.463
InMnPdOx_pre,17.02,4.447
InMnPdOx_pre,17.03,4.589
InMnPdOx_pre,17.04,4.596
InMnPdOx_pre,17.05,4.524
InMnPdOx_pre,17.06,4.375
InMnPdOx_pre,17.07,4.498
InMnPdOx_pre,17.08,4.65
InMnPdOx_pre,17.09,4.875
InMnPdOx_pre,17.1,4.846
InMnPdOx_pre,17.11,4.844
InMnPdOx_pre,17.12,4.877
InMnPdOx_pre,17.13,4.849
InMnPdOx_pre,17.14,4.706
InMnPdOx_pre,17.15,4.669
InMnPdOx_pre,17.16,4.705
InMnPdOx_pre,17.17,4.787
InMnPdOx_pre,17.18,4.736
InMnPdOx_pre,17.19,4.807
InMnPdOx_pre,17.2,4.845
InMnPdOx_pre,17.21,4.675
InMnPdOx_pre,17.22,4.448
InMnPdOx_pre,17.23,4.55
InMnPdOx_pre,17.24,4.78
InMnPdOx_pre,17.25,4.768
InMnPdOx_pre,17.26,4.734
InMnPdOx_pre,17.27,4.717
InMnPdOx_pre,17.28,4.855
InMnPdOx_pre,17.29,4.896
InMnPdOx_pre,17.3,4.871
InMnPdOx_pre,17.31,4.581
InMnPdOx_pre,17.32,4.552
InMnPdOx_pre,17.33,4.623
InMnPdOx_pre,17.34,4.648
InMnPdOx_pre,17.35,4.617
InMnPdOx_pre,17.36,4.558
InMnPdOx_pre,17.37,4.641
InMnPdOx_pre,17.38,4.574
InMnPdOx_pre,17.39,4.716
InMnPdOx_pre,17.4,4.726
InMnPdOx_pre,17.41,4.738
InMnPdOx_pre,17.42,4.646
InMnPdOx_pre,17.43,4.487
InMnPdOx_pre,17.44,4.339
InMnPdOx_pre,17.45,4.334
InMnPdOx_pre,17.46,4.542
InMnPdOx_pre,17.47,4.651
InMnPdOx_pre,17.48,4.736
InMnPdOx_pre,17.49,4.709
InMnPdOx_pre,17.5,4.715
InMnPdOx_pre,17.51,4.615
InMnPdOx_pre,17.52,4.526
InMnPdOx_pre,17.53,4.419
InMnPdOx_pre,17.54,4.528
InMnPdOx_pre,17.55,4.663
InMnPdOx_pre,17.56,4.758
InMnPdOx_pre,17.57,4.806
InMnPdOx_pre,17.58,4.747
InMnPdOx_pre,17.59,4.682
InMnPdOx_pre,17.6,4.708
InMnPdOx_pre,17.61,4.782
InMnPdOx_pre,17.62,4.73
InMnPdOx_pre,17.63,4.672
InMnPdOx_pre,17.64,4.771
InMnPdOx_pre,17.65,4.893
InMnPdOx_pre,17.66,4.84
InMnPdOx_pre,17.67,4.817
InMnPdOx_pre,17.68,4.847
InMnPdOx_pre,17.69,4.792
InMnPdOx_pre,17.7,4.736
InMnPdOx_pre,17.71,4.724
InMnPdOx_pre,17.72,4.741
InMnPdOx_pre,17.73,4.727
InMnPdOx_pre,17.74,4.732
InMnPdOx_pre,17.75,4.777
InMnPdOx_pre,17.76,4.893
InMnPdOx_pre,17.77,4.984
InMnPdOx_pre,17.78,4.978
InMnPdOx_pre,17.79,4.91
InMnPdOx_pre,17.8,4.897
InMnPdOx_pre,17.81,4.889
InMnPdOx_pre,17.82,4.909
InMnPdOx_pre,17.83,4.844
InMnPdOx_pre,17.84,4.834
InMnPdOx_pre,17.85,4.708
InMnPdOx_pre,17.86,4.714
InMnPdOx_pre,17.87,4.712
InMnPdOx_pre,17.88,4.977
InMnPdOx_pre,17.89,5.075
InMnPdOx_pre,17.9,5.04
InMnPdOx_pre,17.91,4.806
InMnPdOx_pre,17.92,4.681
InMnPdOx_pre,17.93,4.598
InMnPdOx_pre,17.94,4.632
InMnPdOx_pre,17.95,4.776
InMnPdOx_pre,17.96,4.816
InMnPdOx_pre,17.97,4.83
InMnPdOx_pre,17.98,4.777
InMnPdOx_pre,17.99,4.885
InMnPdOx_pre,18.0,4.922
InMnPdOx_pre,18.01,4.975
InMnPdOx_pre,18.02,4.949
InMnPdOx_pre,18.03,4.938
InMnPdOx_pre,18.04,4.865
InMnPdOx_pre,18.05,4.834
InMnPdOx_pre,18.06,4.792
InMnPdOx_pre,18.07,4.744
InMnPdOx_pre,18.08,4.855
InMnPdOx_pre,18.09,4.908
InMnPdOx_pre,18.1,4.91
InMnPdOx_pre,18.11,4.889
InMnPdOx_pre,18.12,5.055
InMnPdOx_pre,18.13,5.114
InMnPdOx_pre,18.14,4.997
InMnPdOx_pre,18.15,4.872
InMnPdOx_pre,18.16,4.952
InMnPdOx_pre,18.17,5.057
InMnPdOx_pre,18.18,5.034
InMnPdOx_pre,18.19,4.892
InMnPdOx_pre,18.2,4.814
InMnPdOx_pre,18.21,4.901
InMnPdOx_pre,18.22,4.871
InMnPdOx_pre,18.23,4.81
InMnPdOx_pre,18.24,4.816
InMnPdOx_pre,18.25,5.003
InMnPdOx_pre,18.26,5.061
InMnPdOx_pre,18.27,5.079
InMnPdOx_pre,18.28,5.06
InMnPdOx_pre,18.29,5.006
InMnPdOx_pre,18.3,4.897
InMnPdOx_pre,18.31,4.891
InMnPdOx_pre,18.32,4.934
InMnPdOx_pre,18.33,4.968
InMnPdOx_pre,18.34,4.916
InMnPdOx_pre,18.35,4.769
InMnPdOx_pre,18.36,4.755
InMnPdOx_pre,18.37,5.0
InMnPdOx_pre,18.38,5.091
InMnPdOx_pre,18.39,5.005
InMnPdOx_pre,18.4,4.959
InMnPdOx_pre,18.41,4.974
InMnPdOx_pre,18.42,5.011
InMnPdOx_pre,18.43,5.054
InMnPdOx_pre,18.44,5.081
InMnPdOx_pre,18.45,5.055
InMnPdOx_pre,18.46,4.944
InMnPdOx_pre,18.47,4.949
InMnPdOx_pre,18.48,4.931
InMnPdOx_pre,18.49,4.815
InMnPdOx_pre,18.5,4.808
InMnPdOx_pre,18.51,4.938
InMnPdOx_pre,18.52,4.993
InMnPdOx_pre,18.53,4.941
InMnPdOx_pre,18.54,5.058
InMnPdOx_pre,18.55,5.125
InMnPdOx_pre,18.56,5.085
InMnPdOx_pre,18.57,5.038
InMnPdOx_pre,18.58,5.046
InMnPdOx_pre,18.59,5.007
InMnPdOx_pre,18.6,5.061
InMnPdOx_pre,18.61,5.096
InMnPdOx_pre,18.62,5.109
InMnPdOx_pre,18.63,4.948
InMnPdOx_pre,18.64,4.861
InMnPdOx_pre,18.65,4.861
InMnPdOx_pre,18.66,4.911
InMnPdOx_pre,18.67,4.986
InMnPdOx_pre,18.68,4.989
InMnPdOx_pre,18.69,4.998
InMnPdOx_pre,18.7,4.955
InMnPdOx_pre,18.71,4.962
InMnPdOx_pre,18.72,5.01
InMnPdOx_pre,18.73,4.956
InMnPdOx_pre,18.74,4.984
InMnPdOx_pre,18.75,5.019
InMnPdOx_pre,18.76,5.057
InMnPdOx_pre,18.77,5.104
InMnPdOx_pre,18.78,5.079
InMnPdOx_pre,18.79,5.08
InMnPdOx_pre,18.8,5.073
InMnPdOx_pre,18.81,5.038
InMnPdOx_pre,18.82,4.802
InMnPdOx_pre,18.83,4.625
InMnPdOx_pre,18.84,4.93
InMnPdOx_pre,18.85,5.252
InMnPdOx_pre,18.86,5.243
InMnPdOx_pre,18.87,5.095
InMnPdOx_pre,18.88,5.013
InMnPdOx_pre,18.89,5.096
InMnPdOx_pre,18.9,5.085
InMnPdOx_pre,18.91,5.032
InMnPdOx_pre,18.92,5.03
InMnPdOx_pre,18.93,5.105
InMnPdOx_pre,18.94,5.082
InMnPdOx_pre,18.95,5.013
InMnPdOx_pre,18.96,4.998
InMnPdOx_pre,18.97,5.089
InMnPdOx_pre,18.98,5.119
InMnPdOx_pre,18.99,5.041
InMnPdOx_pre,19.0,5.104
InMnPdOx_pre,19.01,5.068
InMnPdOx_pre,19.02,5.098
InMnPdOx_pre,19.03,5.007
InMnPdOx_pre,19.04,5.082
InMnPdOx_pre,19.05,5.147
InMnPdOx_pre,19.06,5.197
InMnPdOx_pre,19.07,5.126
InMnPdOx_pre,19.08,4.933
InMnPdOx_pre,19.09,4.844
InMnPdOx_pre,19.1,4.874
InMnPdOx_pre,19.11,4.926
InMnPdOx_pre,19.12,5.036
InMnPdOx_pre,19.13,5.126
InMnPdOx_pre,19.14,5.137
InMnPdOx_pre,19.15,5.081
InMnPdOx_pre,19.16,5.138
InMnPdOx_pre,19.17,5.124
InMnPdOx_pre,19.18,5.133
InMnPdOx_pre,19.19,5.137
InMnPdOx_pre,19.2,5.027
InMnPdOx_pre,19.21,4.89
InMnPdOx_pre,19.22,4.921
InMnPdOx_pre,19.23,5.003
InMnPdOx_pre,19.24,4.96
InMnPdOx_pre,19.25,5.035
InMnPdOx_pre,19.26,5.259
InMnPdOx_pre,19.27,5.458
InMnPdOx_pre,19.28,5.46
InMnPdOx_pre,19.29,5.333
InMnPdOx_pre,19.3,5.26
InMnPdOx_pre,19.31,5.168
InMnPdOx_pre,19.32,5.086
InMnPdOx_pre,19.33,4.95
InMnPdOx_pre,19.34,4.995
InMnPdOx_pre,19.35,5.128
InMnPdOx_pre,19.36,5.149
InMnPdOx_pre,19.37,5.151
InMnPdOx_pre,19.38,5.096
InMnPdOx_pre,19.39,5.148
InMnPdOx_pre,19.4,5.126
InMnPdOx_pre,19.41,5.125
InMnPdOx_pre,19.42,5.078
InMnPdOx_pre,19.43,5.041
InMnPdOx_pre,19.44,5.002
InMnPdOx_pre,19.45,4.972
InMnPdOx_pre,19.46,5.031
InMnPdOx_pre,19.47,5.216
InMnPdOx_pre,19.48,5.197
InMnPdOx_pre,19.49,5.162
InMnPdOx_pre,19.5,5.201
InMnPdOx_pre,19.51,5.295
InMnPdOx_pre,19.52,5.194
InMnPdOx_pre,19.53,5.129
InMnPdOx_pre,19.54,5.115
InMnPdOx_pre,19.55,5.32
InMnPdOx_pre,19.56,5.414
InMnPdOx_pre,19.57,5.334
InMnPdOx_pre,19.58,5.156
InMnPdOx_pre,19.59,5.143
InMnPdOx_pre,19.6,5.183
InMnPdOx_pre,19.61,5.246
InMnPdOx_pre,19.62,5.231
InMnPdOx_pre,19.63,5.2
InMnPdOx_pre,19.64,5.116
InMnPdOx_pre,19.65,5.092
InMnPdOx_pre,19.66,5.134
InMnPdOx_pre,19.67,5.128
InMnPdOx_pre,19.68,5.169
InMnPdOx_pre,19.69,5.311
InMnPdOx_pre,19.7,5.236
InMnPdOx_pre,19.71,5.025
InMnPdOx_pre,19.72,4.993
InMnPdOx_pre,19.73,5.167
InMnPdOx_pre,19.74,5.316
InMnPdOx_pre,19.75,5.235
InMnPdOx_pre,19.76,5.287
InMnPdOx_pre,19.77,5.281
InMnPdOx_pre,19.78,5.199
InMnPdOx_pre,19.79,5.196
InMnPdOx_pre,19.8,5.353
InMnPdOx_pre,19.81,5.372
InMnPdOx_pre,19.82,5.234
InMnPdOx_pre,19.83,5.094
InMnPdOx_pre,19.84,5.156
InMnPdOx_pre,19.85,5.237
InMnPdOx_pre,19.86,5.262
InMnPdOx_pre,19.87,5.225
InMnPdOx_pre,19.88,5.225
InMnPdOx_pre,19.89,5.149
InMnPdOx_pre,19.9,5.178
InMnPdOx_pre,19.91,5.273
InMnPdOx_pre,19.92,5.23
InMnPdOx_pre,19.93,5.089
InMnPdOx_pre,19.94,5.038
InMnPdOx_pre,19.95,5.044
InMnPdOx_pre,19.96,5.039
InMnPdOx_pre,19.97,5.085
InMnPdOx_pre,19.98,5.073
InMnPdOx_pre,19.99,4.979
InMnPdOx_pre,20.0,5.011
InMnPdOx_pre,20.01,5.234
InMnPdOx_pre,20.02,5.476
InMnPdOx_pre,20.03,5.591
InMnPdOx_pre,20.04,5.34
InMnPdOx_pre,20.05,5.11
InMnPdOx_pre,20.06,4.988
InMnPdOx_pre,20.07,4.942
InMnPdOx_pre,20.08,4.95
InMnPdOx_pre,20.09,4.942
InMnPdOx_pre,20.1,4.952
InMnPdOx_pre,20.11,5.017
InMnPdOx_pre,20.12,5.172
InMnPdOx_pre,20.13,5.21
InMnPdOx_pre,20.14,5.089
InMnPdOx_pre,20.15,5.18
InMnPdOx_pre,20.16,5.151
InMnPdOx_pre,20.17,5.174
InMnPdOx_pre,20.18,5.124
InMnPdOx_pre,20.19,5.202
InMnPdOx_pre,20.2,5.119
InMnPdOx_pre,20.21,5.093
InMnPdOx_pre,20.22,5.114
InMnPdOx_pre,20.23,5.195
InMnPdOx_pre,20.24,5.126
InMnPdOx_pre,20.25,5.167
InMnPdOx_pre,20.26,5.256
InMnPdOx_pre,20.27,5.282
InMnPdOx_pre,20.28,5.224
InMnPdOx_pre,20.29,5.136
InMnPdOx_pre,20.3,5.181
InMnPdOx_pre,20.31,5.152
InMnPdOx_pre,20.32,5.165
InMnPdOx_pre,20.33,5.108
InMnPdOx_pre,20.34,5.104
InMnPdOx_pre,20.35,5.151
InMnPdOx_pre,20.36,5.257
InMnPdOx_pre,20.37,5.279
InMnPdOx_pre,20.38,5.255
InMnPdOx_pre,20.39,5.268
InMnPdOx_pre,20.4,5.349
InMnPdOx_pre,20.41,5.38
InMnPdOx_pre,20.42,5.408
InMnPdOx_pre,20.43,5.249
InMnPdOx_pre,20.44,5.169
InMnPdOx_pre,20.45,5.198
InMnPdOx_pre,20.46,5.383
InMnPdOx_pre,20.47,5.343
InMnPdOx_pre,20.48,5.331
InMnPdOx_pre,20.49,5.276
InMnPdOx_pre,20.5,5.346
InMnPdOx_pre,20.51,5.392
InMnPdOx_pre,20.52,5.415
InMnPdOx_pre,20.53,5.219
InMnPdOx_pre,20.54,5.121
InMnPdOx_pre,20.55,5.292
InMnPdOx_pre,20.56,5.282
InMnPdOx_pre,20.57,5.14
InMnPdOx_pre,20.58,5.0
InMnPdOx_pre,20.59,5.088
InMnPdOx_pre,20.6,5.127
InMnPdOx_pre,20.61,5.172
InMnPdOx_pre,20.62,5.271
InMnPdOx_pre,20.63,5.238
InMnPdOx_pre,20.64,5.071
InMnPdOx_pre,20.65,4.915
InMnPdOx_pre,20.66,4.896
InMnPdOx_pre,20.67,4.904
InMnPdOx_pre,20.68,4.938
InMnPdOx_pre,20.69,5.012
InMnPdOx_pre,20.7,5.072
InMnPdOx_pre,20.71,5.023
InMnPdOx_pre,20.72,4.975
InMnPdOx_pre,20.73,5.065
InMnPdOx_pre,20.74,5.147
InMnPdOx_pre,20.75,5.139
InMnPdOx_pre,20.76,5.026
InMnPdOx_pre,20.77,4.865
InMnPdOx_pre,20.78,4.847
InMnPdOx_pre,20.79,4.965
InMnPdOx_pre,20.8,5.037
InMnPdOx_pre,20.81,4.96
InMnPdOx_pre,20.82,4.995
InMnPdOx_pre,20.83,5.087
InMnPdOx_pre,20.84,5.147
InMnPdOx_pre,20.85,5.115
InMnPdOx_pre,20.86,5.106
InMnPdOx_pre,20.87,5.084
InMnPdOx_pre,20.88,5.124
InMnPdOx_pre,20.89,5.118
InMnPdOx_pre,20.9,5.111
InMnPdOx_pre,20.91,5.205
InMnPdOx_pre,20.92,5.23
InMnPdOx_pre,20.93,5.195
InMnPdOx_pre,20.94,5.076
InMnPdOx_pre,20.95,5.222
InMnPdOx_pre,20.96,5.304
InMnPdOx_pre,20.97,5.334
InMnPdOx_pre,20.98,5.159
InMnPdOx_pre,20.99,5.044
InMnPdOx_pre,21.0,5.083
InMnPdOx_pre,21.01,5.242
InMnPdOx_pre,21.02,5.308
InMnPdOx_pre,21.03,5.143
InMnPdOx_pre,21.04,5.022
InMnPdOx_pre,21.05,5.067
InMnPdOx_pre,21.06,5.234
InMnPdOx_pre,21.07,5.329
InMnPdOx_pre,21.08,5.197
InMnPdOx_pre,21.09,5.214
InMnPdOx_pre,21.1,5.096
InMnPdOx_pre,21.11,5.139
InMnPdOx_pre,21.12,5.055
InMnPdOx_pre,21.13,5.137
InMnPdOx_pre,21.14,5.247
InMnPdOx_pre,21.15,5.273
InMnPdOx_pre,21.16,5.175
InMnPdOx_pre,21.17,5.152
InMnPdOx_pre,21.18,5.141
InMnPdOx_pre,21.19,5.071
InMnPdOx_pre,21.2,4.92
InMnPdOx_pre,21.21,5.033
InMnPdOx_pre,21.22,5.103
InMnPdOx_pre,21.23,5.144
InMnPdOx_pre,21.24,5.085
InMnPdOx_pre,21.25,5.134
InMnPdOx_pre,21.26,5.058
InMnPdOx_pre,21.27,4.976
InMnPdOx_pre,21.28,5.056
InMnPdOx_pre,21.29,5.09
InMnPdOx_pre,21.3,5.149
InMnPdOx_pre,21.31,5.094
InMnPdOx_pre,21.32,5.144
InMnPdOx_pre,21.33,5.102
InMnPdOx_pre,21.34,5.011
InMnPdOx_pre,21.35,4.984
InMnPdOx_pre,21.36,4.933
InMnPdOx_pre,21.37,4.922
InMnPdOx_pre,21.38,5.073
InMnPdOx_pre,21.39,5.175
InMnPdOx_pre,21.4,5.258
InMnPdOx_pre,21.41,5.245
InMnPdOx_pre,21.42,5.241
InMnPdOx_pre,21.43,5.165
InMnPdOx_pre,21.44,5.184
InMnPdOx_pre,21.45,5.327
InMnPdOx_pre,21.46,5.193
InMnPdOx_pre,21.47,5.033
InMnPdOx_pre,21.48,4.966
InMnPdOx_pre,21.49,5.01
InMnPdOx_pre,21.5,5.066
InMnPdOx_pre,21.51,5.099
InMnPdOx_pre,21.52,5.131
InMnPdOx_pre,21.53,5.133
InMnPdOx_pre,21.54,5.102
InMnPdOx_pre,21.55,5.149
InMnPdOx_pre,21.56,5.103
InMnPdOx_pre,21.57,5.027
InMnPdOx_pre,21.58,4.899
InMnPdOx_pre,21.59,4.911
InMnPdOx_pre,21.6,4.993
InMnPdOx_pre,21.61,5.106
InMnPdOx_pre,21.62,5.064
InMnPdOx_pre,21.63,5.041
InMnPdOx_pre,21.64,5.043
InMnPdOx_pre,21.65,5.021
InMnPdOx_pre,21.66,5.142
InMnPdOx_pre,21.67,5.209
InMnPdOx_pre,21.68,5.139
InMnPdOx_pre,21.69,4.933
InMnPdOx_pre,21.7,4.952
InMnPdOx_pre,21.71,4.832
InMnPdOx_pre,21.72,4.841
InMnPdOx_pre,21.73,4.751
InMnPdOx_pre,21.74,4.81
InMnPdOx_pre,21.75,4.775
InMnPdOx_pre,21.76,4.849
InMnPdOx_pre,21.77,4.978
InMnPdOx_pre,21.78,5.097
InMnPdOx_pre,21.79,5.108
InMnPdOx_pre,21.8,5.005
InMnPdOx_pre,21.81,4.948
InMnPdOx_pre,21.82,4.945
InMnPdOx_pre,21.83,4.986
InMnPdOx_pre,21.84,4.875
InMnPdOx_pre,21.85,4.816
InMnPdOx_pre,21.86,4.782
InMnPdOx_pre,21.87,4.907
InMnPdOx_pre,21.88,5.008
InMnPdOx_pre,21.89,4.926
InMnPdOx_pre,21.9,4.9
InMnPdOx_pre,21.91,4.797
InMnPdOx_pre,21.92,4.926
InMnPdOx_pre,21.93,4.96
InMnPdOx_pre,21.94,5.144
InMnPdOx_pre,21.95,5.057
InMnPdOx_pre,21.96,5.054
InMnPdOx_pre,21.97,5.02
InMnPdOx_pre,21.98,5.156
InMnPdOx_pre,21.99,5.046
InMnPdOx_pre,22.0,4.866
InMnPdOx_pre,22.01,4.776
InMnPdOx_pre,22.02,4.909
InMnPdOx_pre,22.03,4.971
InMnPdOx_pre,22.04,4.906
InMnPdOx_pre,22.05,4.837
InMnPdOx_pre,22.06,4.71
InMnPdOx_pre,22.07,4.69
InMnPdOx_pre,22.08,4.763
InMnPdOx_pre,22.09,4.886
InMnPdOx_pre,22.1,4.858
InMnPdOx_pre,22.11,4.88
InMnPdOx_pre,22.12,4.986
InMnPdOx_pre,22.13,4.955
InMnPdOx_pre,22.14,4.87
InMnPdOx_pre,22.15,4.833
InMnPdOx_pre,22.16,4.963
InMnPdOx_pre,22.17,5.049
InMnPdOx_pre,22.18,5.03
InMnPdOx_pre,22.19,5.038
InMnPdOx_pre,22.2,5.124
InMnPdOx_pre,22.21,5.103
InMnPdOx_pre,22.22,5.11
InMnPdOx_pre,22.23,5.059
InMnPdOx_pre,22.24,4.929
InMnPdOx_pre,22.25,4.842
InMnPdOx_pre,22.26,4.818
InMnPdOx_pre,22.27,4.803
InMnPdOx_pre,22.28,4.763
InMnPdOx_pre,22.29,4.887
InMnPdOx_pre,22.3,5.046
InMnPdOx_pre,22.31,5.041
InMnPdOx_pre,22.32,4.954
InMnPdOx_pre,22.33,4.976
InMnPdOx_pre,22.34,5.013
InMnPdOx_pre,22.35,5.046
InMnPdOx_pre,22.36,4.962
InMnPdOx_pre,22.37,4.972
InMnPdOx_pre,22.38,5.046
InMnPdOx_pre,22.39,5.115
InMnPdOx_pre,22.4,5.086
InMnPdOx_pre,22.41,4.99
InMnPdOx_pre,22.42,4.936
InMnPdOx_pre,22.43,4.924
InMnPdOx_pre,22.44,4.935
InMnPdOx_pre,22.45,4.88
InMnPdOx_pre,22.46,4.988
InMnPdOx_pre,22.47,5.048
InMnPdOx_pre,22.48,5.098
InMnPdOx_pre,22.49,5.002
InMnPdOx_pre,22.5,4.895
InMnPdOx_pre,22.51,4.933
InMnPdOx_pre,22.52,5.06
InMnPdOx_pre,22.53,5.22
InMnPdOx_pre,22.54,5.065
InMnPdOx_pre,22.55,4.854
InMnPdOx_pre,22.56,4.806
InMnPdOx_pre,22.57,4.826
InMnPdOx_pre,22.58,4.862
InMnPdOx_pre,22.59,4.93
InMnPdOx_pre,22.6,5.078
InMnPdOx_pre,22.61,5.096
InMnPdOx_pre,22.62,5.018
InMnPdOx_pre,22.63,5.037
InMnPdOx_pre,22.64,4.977
InMnPdOx_pre,22.65,4.884
InMnPdOx_pre,22.66,4.818
InMnPdOx_pre,22.67,4.887
InMnPdOx_pre,22.68,4.936
InMnPdOx_pre,22.69,4.986
InMnPdOx_pre,22.7,4.912
InMnPdOx_pre,22.71,4.808
InMnPdOx_pre,22.72,4.727
InMnPdOx_pre,22.73,4.757
InMnPdOx_pre,22.74,4.826
InMnPdOx_pre,22.75,4.851
InMnPdOx_pre,22.76,4.753
InMnPdOx_pre,22.77,4.565
InMnPdOx_pre,22.78,4.59
InMnPdOx_pre,22.79,4.877
InMnPdOx_pre,22.8,5.109
InMnPdOx_pre,22.81,5.025
InMnPdOx_pre,22.82,4.876
InMnPdOx_pre,22.83,4.722
InMnPdOx_pre,22.84,4.698
InMnPdOx_pre,22.85,4.757
InMnPdOx_pre,22.86,4.77
InMnPdOx_pre,22.87,4.655
InMnPdOx_pre,22.88,4.539
InMnPdOx_pre,22.89,4.614
InMnPdOx_pre,22.9,4.776
InMnPdOx_pre,22.91,4.867
InMnPdOx_pre,22.92,4.873
InMnPdOx_pre,22.93,4.806
InMnPdOx_pre,22.94,4.838
InMnPdOx_pre,22.95,4.961
InMnPdOx_pre,22.96,5.083
InMnPdOx_pre,22.97,4.992
InMnPdOx_pre,22.98,4.92
InMnPdOx_pre,22.99,5.032
InMnPdOx_pre,23.0,5.138
InMnPdOx_pre,23.01,5.053
InMnPdOx_pre,23.02,5.004
InMnPdOx_pre,23.03,4.997
InMnPdOx_pre,23.04,5.054
InMnPdOx_pre,23.05,4.943
InMnPdOx_pre,23.06,4.827
InMnPdOx_pre,23.07,4.817
InMnPdOx_pre,23.08,4.974
InMnPdOx_pre,23.09,4.971
InMnPdOx_pre,23.1,4.966
InMnPdOx_pre,23.11,4.842
InMnPdOx_pre,23.12,4.912
InMnPdOx_pre,23.13,4.97
InMnPdOx_pre,23.14,5.104
InMnPdOx_pre,23.15,5.033
InMnPdOx_pre,23.16,4.98
InMnPdOx_pre,23.17,4.951
InMnPdOx_pre,23.18,5.043
InMnPdOx_pre,23.19,5.061
InMnPdOx_pre,23.2,5.049
InMnPdOx_pre,23.21,4.95
InMnPdOx_pre,23.22,4.88
InMnPdOx_pre,23.23,4.736
InMnPdOx_pre,23.24,4.711
InMnPdOx_pre,23.25,4.743
InMnPdOx_pre,23.26,4.818
InMnPdOx_pre,23.27,4.925
InMnPdOx_pre,23.28,4.887
InMnPdOx_pre,23.29,4.912
InMnPdOx_pre,23.3,4.78
InMnPdOx_pre,23.31,4.681
InMnPdOx_pre,23.32,4.65
InMnPdOx_pre,23.33,4.772
InMnPdOx_pre,23.34,4.767
InMnPdOx_pre,23.35,4.752
InMnPdOx_pre,23.36,4.807
InMnPdOx_pre,23.37,4.953
InMnPdOx_pre,23.38,5.048
InMnPdOx_pre,23.39,4.871
InMnPdOx_pre,23.4,4.759
InMnPdOx_pre,23.41,4.58
InMnPdOx_pre,23.42,4.575
InMnPdOx_pre,23.43,4.556
InMnPdOx_pre,23.44,4.615
InMnPdOx_pre,23.45,4.653
InMnPdOx_pre,23.46,4.686
InMnPdOx_pre,23.47,4.742
InMnPdOx_pre,23.48,4.765
InMnPdOx_pre,23.49,4.75
InMnPdOx_pre,23.5,4.682
InMnPdOx_pre,23.51,4.686
InMnPdOx_pre,23.52,4.773
InMnPdOx_pre,23.53,4.795
InMnPdOx_pre,23.54,4.81
InMnPdOx_pre,23.55,4.809
InMnPdOx_pre,23.56,4.835
InMnPdOx_pre,23.57,4.903
InMnPdOx_pre,23.58,4.886
InMnPdOx_pre,23.59,4.923
InMnPdOx_pre,23.6,4.928
InMnPdOx_pre,23.61,5.047
InMnPdOx_pre,23.62,5.064
InMnPdOx_pre,23.63,4.949
InMnPdOx_pre,23.64,4.861
InMnPdOx_pre,23.65,4.828
InMnPdOx_pre,23.66,4.82
InMnPdOx_pre,23.67,4.727
InMnPdOx_pre,23.68,4.639
InMnPdOx_pre,23.69,4.705
InMnPdOx_pre,23.7,4.824
InMnPdOx_pre,23.71,4.865
InMnPdOx_pre,23.72,4.865
InMnPdOx_pre,23.73,4.79
InMnPdOx_pre,23.74,4.671
InMnPdOx_pre,23.75,4.707
InMnPdOx_pre,23.76,4.913
InMnPdOx_pre,23.77,4.974
InMnPdOx_pre,23.78,4.742
InMnPdOx_pre,23.79,4.553
InMnPdOx_pre,23.8,4.591
InMnPdOx_pre,23.81,4.68
InMnPdOx_pre,23.82,4.782
InMnPdOx_pre,23.83,4.852
InMnPdOx_pre,23.84,4.871
InMnPdOx_pre,23.85,4.764
InMnPdOx_pre,23.86,4.8
InMnPdOx_pre,23.87,4.843
InMnPdOx_pre,23.88,4.951
InMnPdOx_pre,23.89,4.917
InMnPdOx_pre,23.9,4.848
InMnPdOx_pre,23.91,4.753
InMnPdOx_pre,23.92,4.798
InMnPdOx_pre,23.93,4.758
InMnPdOx_pre,23.94,4.818
InMnPdOx_pre,23.95,4.756
InMnPdOx_pre,23.96,4.913
InMnPdOx_pre,23.97,4.986
InMnPdOx_pre,23.98,5.021
InMnPdOx_pre,23.99,4.839
InMnPdOx_pre,24.0,4.713
InMnPdOx_pre,24.01,4.663
InMnPdOx_pre,24.02,4.64
InMnPdOx_pre,24.03,4.589
InMnPdOx_pre,24.04,4.615
InMnPdOx_pre,24.05,4.67
InMnPdOx_pre,24.06,4.61
InMnPdOx_pre,24.07,4.564
InMnPdOx_pre,24.08,4.495
InMnPdOx_pre,24.09,4.53
InMnPdOx_pre,24.1,4.551
InMnPdOx_pre,24.11,4.692
InMnPdOx_pre,24.12,4.846
InMnPdOx_pre,24.13,4.967
InMnPdOx_pre,24.14,4.986
InMnPdOx_pre,24.15,4.875
InMnPdOx_pre,24.16,4.753
InMnPdOx_pre,24.17,4.687
InMnPdOx_pre,24.18,4.651
InMnPdOx_pre,24.19,4.64
InMnPdOx_pre,24.2,4.717
InMnPdOx_pre,24.21,4.713
InMnPdOx_pre,24.22,4.761
InMnPdOx_pre,24.23,4.746
InMnPdOx_pre,24.24,4.715
InMnPdOx_pre,24.25,4.605
InMnPdOx_pre,24.26,4.52
InMnPdOx_pre,24.27,4.642
InMnPdOx_pre,24.28,4.807
InMnPdOx_pre,24.29,5.014
InMnPdOx_pre,24.3,4.954
InMnPdOx_pre,24.31,4.784
InMnPdOx_pre,24.32,4.617
InMnPdOx_pre,24.33,4.682
InMnPdOx_pre,24.34,4.847
InMnPdOx_pre,24.35,4.953
InMnPdOx_pre,24.36,4.944
InMnPdOx_pre,24.37,4.854
InMnPdOx_pre,24.38,4.801
InMnPdOx_pre,24.39,4.758
InMnPdOx_pre,24.4,4.784
InMnPdOx_pre,24.41,4.781
InMnPdOx_pre,24.42,4.783
InMnPdOx_pre,24.43,4.651
InMnPdOx_pre,24.44,4.62
InMnPdOx_pre,24.45,4.676
InMnPdOx_pre,24.46,4.704
InMnPdOx_pre,24.47,4.682
InMnPdOx_pre,24.48,4.601
InMnPdOx_pre,24.49,4.69
InMnPdOx_pre,24.5,4.736
InMnPdOx_pre,24.51,4.722
InMnPdOx_pre,24.52,4.692
InMnPdOx_pre,24.53,4.596
InMnPdOx_pre,24.54,4.568
InMnPdOx_pre,24.55,4.617
InMnPdOx_pre,24.56,4.748
InMnPdOx_pre,24.57,4.766
InMnPdOx_pre,24.58,4.768
InMnPdOx_pre,24.59,4.681
InMnPdOx_pre,24.6,4.682
InMnPdOx_pre,24.61,4.632
InMnPdOx_pre,24.62,4.718
InMnPdOx_pre,24.63,4.61
InMnPdOx_pre,24.64,4.521
InMnPdOx_pre,24.65,4.558
InMnPdOx_pre,24.66,4.638
InMnPdOx_pre,24.67,4.819
InMnPdOx_pre,24.68,4.818
InMnPdOx_pre,24.69,4.828
InMnPdOx_pre,24.7,4.633
InMnPdOx_pre,24.71,4.499
InMnPdOx_pre,24.72,4.47
InMnPdOx_pre,24.73,4.555
InMnPdOx_pre,24.74,4.712
InMnPdOx_pre,24.75,4.766
InMnPdOx_pre,24.76,4.782
InMnPdOx_pre,24.77,4.693
InMnPdOx_pre,24.78,4.73
InMnPdOx_pre,24.79,4.639
InMnPdOx_pre,24.8,4.718
InMnPdOx_pre,24.81,4.7
InMnPdOx_pre,24.82,4.692
InMnPdOx_pre,24.83,4.459
InMnPdOx_pre,24.84,4.43
InMnPdOx_pre,24.85,4.548
InMnPdOx_pre,24.86,4.688
InMnPdOx_pre,24.87,4.667
InMnPdOx_pre,24.88,4.689
InMnPdOx_pre,24.89,4.713
InMnPdOx_pre,24.9,4.718
InMnPdOx_pre,24.91,4.608
InMnPdOx_pre,24.92,4.536
InMnPdOx_pre,24.93,4.511
InMnPdOx_pre,24.94,4.602
InMnPdOx_pre,24.95,4.595
InMnPdOx_pre,24.96,4.673
InMnPdOx_pre,24.97,4.623
InMnPdOx_pre,24.98,4.669
InMnPdOx_pre,24.99,4.665
InMnPdOx_pre,25.0,4.669
InMnPdOx_pre,25.01,4.53
InMnPdOx_pre,25.02,4.49
InMnPdOx_pre,25.03,4.638
InMnPdOx_pre,25.04,4.706
InMnPdOx_pre,25.05,4.693
InMnPdOx_pre,25.06,4.668
InMnPdOx_pre,25.07,4.581
InMnPdOx_pre,25.08,4.708
InMnPdOx_pre,25.09,4.869
InMnPdOx_pre,25.1,4.893
InMnPdOx_pre,25.11,4.696
InMnPdOx_pre,25.12,4.506
InMnPdOx_pre,25.13,4.526
InMnPdOx_pre,25.14,4.565
InMnPdOx_pre,25.15,4.59
InMnPdOx_pre,25.16,4.567
InMnPdOx_pre,25.17,4.556
InMnPdOx_pre,25.18,4.512
InMnPdOx_pre,25.19,4.562
InMnPdOx_pre,25.2,4.525
InMnPdOx_pre,25.21,4.477
InMnPdOx_pre,25.22,4.482
InMnPdOx_pre,25.23,4.543
InMnPdOx_pre,25.24,4.58
InMnPdOx_pre,25.25,4.676
InMnPdOx_pre,25.26,4.794
InMnPdOx_pre,25.27,4.62
InMnPdOx_pre,25.28,4.415
InMnPdOx_pre,25.29,4.46
InMnPdOx_pre,25.3,4.656
InMnPdOx_pre,25.31,4.715
InMnPdOx_pre,25.32,4.63
InMnPdOx_pre,25.33,4.725
InMnPdOx_pre,25.34,4.705
InMnPdOx_pre,25.35,4.637
InMnPdOx_pre,25.36,4.423
InMnPdOx_pre,25.37,4.591
InMnPdOx_pre,25.38,4.786
InMnPdOx_pre,25.39,4.799
InMnPdOx_pre,25.4,4.653
InMnPdOx_pre,25.41,4.592
InMnPdOx_pre,25.42,4.63
InMnPdOx_pre,25.43,4.649
InMnPdOx_pre,25.44,4.698
InMnPdOx_pre,25.45,4.716
InMnPdOx_pre,25.46,4.613
InMnPdOx_pre,25.47,4.513
InMnPdOx_pre,25.48,4.49
InMnPdOx_pre,25.49,4.553
InMnPdOx_pre,25.5,4.602
InMnPdOx_pre,25.51,4.566
InMnPdOx_pre,25.52,4.491
InMnPdOx_pre,25.53,4.5
InMnPdOx_pre,25.54,4.549
InMnPdOx_pre,25.55,4.575
InMnPdOx_pre,25.56,4.536
InMnPdOx_pre,25.57,4.552
InMnPdOx_pre,25.58,4.493
InMnPdOx_pre,25.59,4.487
InMnPdOx_pre,25.6,4.587
InMnPdOx_pre,25.61,4.601
InMnPdOx_pre,25.62,4.658
InMnPdOx_pre,25.63,4.56
InMnPdOx_pre,25.64,4.602
InMnPdOx_pre,25.65,4.531
InMnPdOx_pre,25.66,4.529
InMnPdOx_pre,25.67,4.672
InMnPdOx_pre,25.68,4.673
InMnPdOx_pre,25.69,4.694
InMnPdOx_pre,25.7,4.588
InMnPdOx_pre,25.71,4.691
InMnPdOx_pre,25.72,4.691
InMnPdOx_pre,25.73,4.625
InMnPdOx_pre,25.74,4.519
InMnPdOx_pre,25.75,4.432
InMnPdOx_pre,25.76,4.476
InMnPdOx_pre,25.77,4.477
InMnPdOx_pre,25.78,4.544
InMnPdOx_pre,25.79,4.626
InMnPdOx_pre,25.8,4.772
InMnPdOx_pre,25.81,4.838
InMnPdOx_pre,25.82,4.736
InMnPdOx_pre,25.83,4.631
InMnPdOx_pre,25.84,4.614
InMnPdOx_pre,25.85,4.633
InMnPdOx_pre,25.86,4.612
InMnPdOx_pre,25.87,4.521
InMnPdOx_pre,25.88,4.555
InMnPdOx_pre,25.89,4.692
InMnPdOx_pre,25.9,4.785
InMnPdOx_pre,25.91,4.703
InMnPdOx_pre,25.92,4.582
InMnPdOx_pre,25.93,4.634
InMnPdOx_pre,25.94,4.639
InMnPdOx_pre,25.95,4.658
InMnPdOx_pre,25.96,4.599
InMnPdOx_pre,25.97,4.526
InMnPdOx_pre,25.98,4.476
InMnPdOx_pre,25.99,4.43
InMnPdOx_pre,26.0,4.452
InMnPdOx_pre,26.01,4.539
InMnPdOx_pre,26.02,4.563
InMnPdOx_pre,26.03,4.525
InMnPdOx_pre,26.04,4.535
InMnPdOx_pre,26.05,4.623
InMnPdOx_pre,26.06,4.705
InMnPdOx_pre,26.07,4.635
InMnPdOx_pre,26.08,4.509
InMnPdOx_pre,26.09,4.37
InMnPdOx_pre,26.1,4.382
InMnPdOx_pre,26.11,4.493
InMnPdOx_pre,26.12,4.576
InMnPdOx_pre,26.13,4.561
InMnPdOx_pre,26.14,4.486
InMnPdOx_pre,26.15,4.459
InMnPdOx_pre,26.16,4.474
InMnPdOx_pre,26.17,4.493
InMnPdOx_pre,26.18,4.476
InMnPdOx_pre,26.19,4.572
InMnPdOx_pre,26.2,4.682
InMnPdOx_pre,26.21,4.681
InMnPdOx_pre,26.22,4.588
InMnPdOx_pre,26.23,4.521
InMnPdOx_pre,26.24,4.628
InMnPdOx_pre,26.25,4.7
InMnPdOx_pre,26.26,4.619
InMnPdOx_pre,26.27,4.377
InMnPdOx_pre,26.28,4.304
InMnPdOx_pre,26.29,4.281
InMnPdOx_pre,26.3,4.354
InMnPdOx_pre,26.31,4.364
InMnPdOx_pre,26.32,4.461
InMnPdOx_pre,26.33,4.633
InMnPdOx_pre,26.34,4.602
InMnPdOx_pre,26.35,4.628
InMnPdOx_pre,26.36,4.543
InMnPdOx_pre,26.37,4.607
InMnPdOx_pre,26.38,4.552
InMnPdOx_pre,26.39,4.502
InMnPdOx_pre,26.4,4.481
InMnPdOx_pre,26.41,4.541
InMnPdOx_pre,26.42,4.619
InMnPdOx_pre,26.43,4.645
InMnPdOx_pre,26.44,4.625
InMnPdOx_pre,26.45,4.537
InMnPdOx_pre,26.46,4.535
InMnPdOx_pre,26.47,4.507
InMnPdOx_pre,26.48,4.49
InMnPdOx_pre,26.49,4.42
InMnPdOx_pre,26.5,4.505
InMnPdOx_pre,26.51,4.607
InMnPdOx_pre,26.52,4.61
InMnPdOx_pre,26.53,4.54
InMnPdOx_pre,26.54,4.473
InMnPdOx_pre,26.55,4.422
InMnPdOx_pre,26.56,4.504
InMnPdOx_pre,26.57,4.53
InMnPdOx_pre,26.58,4.56
InMnPdOx_pre,26.59,4.532
InMnPdOx_pre,26.6,4.502
InMnPdOx_pre,26.61,4.473
InMnPdOx_pre,26.62,4.469
InMnPdOx_pre,26.63,4.497
InMnPdOx_pre,26.64,4.543
InMnPdOx_pre,26.65,4.583
InMnPdOx_pre,26.66,4.654
InMnPdOx_pre,26.67,4.58
InMnPdOx_pre,26.68,4.536
InMnPdOx_pre,26.69,4.566
InMnPdOx_pre,26.7,4.587
InMnPdOx_pre,26.71,4.616
InMnPdOx_pre,26.72,4.593
InMnPdOx_pre,26.73,4.635
InMnPdOx_pre,26.74,4.631
InMnPdOx_pre,26.75,4.488
InMnPdOx_pre,26.76,4.491
InMnPdOx_pre,26.77,4.533
InMnPdOx_pre,26.78,4.623
InMnPdOx_pre,26.79,4.52
InMnPdOx_pre,26.8,4.531
InMnPdOx_pre,26.81,4.539
InMnPdOx_pre,26.82,4.551
InMnPdOx_pre,26.83,4.383
InMnPdOx_pre,26.84,4.421
InMnPdOx_pre,26.85,4.397
InMnPdOx_pre,26.86,4.392
InMnPdOx_pre,26.87,4.485
InMnPdOx_pre,26.88,4.583
InMnPdOx_pre,26.89,4.681
InMnPdOx_pre,26.9,4.622
InMnPdOx_pre,26.91,4.556
InMnPdOx_pre,26.92,4.419
InMnPdOx_pre,26.93,4.363
InMnPdOx_pre,26.94,4.33
InMnPdOx_pre,26.95,4.322
InMnPdOx_pre,26.96,4.399
InMnPdOx_pre,26.97,4.541
InMnPdOx_pre,26.98,4.602
InMnPdOx_pre,26.99,4.469
InMnPdOx_pre,27.0,4.417
InMnPdOx_pre,27.01,4.424
InMnPdOx_pre,27.02,4.386
InMnPdOx_pre,27.03,4.365
InMnPdOx_pre,27.04,4.456
InMnPdOx_pre,27.05,4.739
InMnPdOx_pre,27.06,4.739
InMnPdOx_pre,27.07,4.681
InMnPdOx_pre,27.08,4.491
InMnPdOx_pre,27.09,4.465
InMnPdOx_pre,27.1,4.448
InMnPdOx_pre,27.11,4.519
InMnPdOx_pre,27.12,4.565
InMnPdOx_pre,27.13,4.5
InMnPdOx_pre,27.14,4.398
InMnPdOx_pre,27.15,4.445
InMnPdOx_pre,27.16,4.494
InMnPdOx_pre,27.17,4.493
InMnPdOx_pre,27.18,4.472
InMnPdOx_pre,27.19,4.556
InMnPdOx_pre,27.2,4.724
InMnPdOx_pre,27.21,4.665
InMnPdOx_pre,27.22,4.577
InMnPdOx_pre,27.23,4.536
InMnPdOx_pre,27.24,4.575
InMnPdOx_pre,27.25,4.599
InMnPdOx_pre,27.26,4.474
InMnPdOx_pre,27.27,4.579
InMnPdOx_pre,27.28,4.584
InMnPdOx_pre,27.29,4.587
InMnPdOx_pre,27.3,4.362
InMnPdOx_pre,27.31,4.311
InMnPdOx_pre,27.32,4.462
InMnPdOx_pre,27.33,4.589
InMnPdOx_pre,27.34,4.578
InMnPdOx_pre,27.35,4.408
InMnPdOx_pre,27.36,4.283
InMnPdOx_pre,27.37,4.395
InMnPdOx_pre,27.38,4.44
InMnPdOx_pre,27.39,4.441
InMnPdOx_pre,27.4,4.396
InMnPdOx_pre,27.41,4.472
InMnPdOx_pre,27.42,4.478
InMnPdOx_pre,27.43,4.415
InMnPdOx_pre,27.44,4.381
InMnPdOx_pre,27.45,4.433
InMnPdOx_pre,27.46,4.629
InMnPdOx_pre,27.47,4.679
InMnPdOx_pre,27.48,4.677
InMnPdOx_pre,27.49,4.58
InMnPdOx_pre,27.5,4.565
InMnPdOx_pre,27.51,4.455
InMnPdOx_pre,27.52,4.442
InMnPdOx_pre,27.53,4.441
InMnPdOx_pre,27.54,4.466
InMnPdOx_pre,27.55,4.414
InMnPdOx_pre,27.56,4.417
InMnPdOx_pre,27.57,4.441
InMnPdOx_pre,27.58,4.412
InMnPdOx_pre,27.59,4.333
InMnPdOx_pre,27.6,4.289
InMnPdOx_pre,27.61,4.406
InMnPdOx_pre,27.62,4.52
InMnPdOx_pre,27.63,4.538
InMnPdOx_pre,27.64,4.394
InMnPdOx_pre,27.65,4.35
InMnPdOx_pre,27.66,4.36
InMnPdOx_pre,27.67,4.473
InMnPdOx_pre,27.68,4.479
InMnPdOx_pre,27.69,4.514
InMnPdOx_pre,27.7,4.499
InMnPdOx_pre,27.71,4.478
InMnPdOx_pre,27.72,4.431
InMnPdOx_pre,27.73,4.468
InMnPdOx_pre,27.74,4.453
InMnPdOx_pre,27.75,4.449
InMnPdOx_pre,27.76,4.402
InMnPdOx_pre,27.77,4.464
InMnPdOx_pre,27.78,4.518
InMnPdOx_pre,27.79,4.54
InMnPdOx_pre,27.8,4.656
InMnPdOx_pre,27.81,4.665
InMnPdOx_pre,27.82,4.598
InMnPdOx_pre,27.83,4.516
InMnPdOx_pre,27.84,4.471
InMnPdOx_pre,27.85,4.484
InMnPdOx_pre,27.86,4.42
InMnPdOx_pre,27.87,4.402
InMnPdOx_pre,27.88,4.382
InMnPdOx_pre,27.89,4.378
InMnPdOx_pre,27.9,4.304
InMnPdOx_pre,27.91,4.254
InMnPdOx_pre,27.92,4.3
InMnPdOx_pre,27.93,4.379
InMnPdOx_pre,27.94,4.407
InMnPdOx_pre,27.95,4.287
InMnPdOx_pre,27.96,4.337
InMnPdOx_pre,27.97,4.377
InMnPdOx_pre,27.98,4.428
InMnPdOx_pre,27.99,4.428
InMnPdOx_pre,28.0,4.392
InMnPdOx_pre,28.01,4.349
InMnPdOx_pre,28.02,4.294
InMnPdOx_pre,28.03,4.324
InMnPdOx_pre,28.04,4.325
InMnPdOx_pre,28.05,4.249
InMnPdOx_pre,28.06,4.265
InMnPdOx_pre,28.07,4.299
InMnPdOx_pre,28.08,4.275
InMnPdOx_pre,28.09,4.242
InMnPdOx_pre,28.1,4.198
InMnPdOx_pre,28.11,4.345
InMnPdOx_pre,28.12,4.441
InMnPdOx_pre,28.13,4.609
InMnPdOx_pre,28.14,4.669
InMnPdOx_pre,28.15,4.61
InMnPdOx_pre,28.16,4.512
InMnPdOx_pre,28.17,4.398
InMnPdOx_pre,28.18,4.401
InMnPdOx_pre,28.19,4.421
InMnPdOx_pre,28.2,4.387
InMnPdOx_pre,28.21,4.344
InMnPdOx_pre,28.22,4.344
InMnPdOx_pre,28.23,4.46
InMnPdOx_pre,28.24,4.544
InMnPdOx_pre,28.25,4.53
InMnPdOx_pre,28.26,4.415
InMnPdOx_pre,28.27,4.363
InMnPdOx_pre,28.28,4.356
InMnPdOx_pre,28.29,4.363
InMnPdOx_pre,28.3,4.279
InMnPdOx_pre,28.31,4.233
InMnPdOx_pre,28.32,4.147
InMnPdOx_pre,28.33,4.184
InMnPdOx_pre,28.34,4.276
InMnPdOx_pre,28.35,4.483
InMnPdOx_pre,28.36,4.575
InMnPdOx_pre,28.37,4.607
InMnPdOx_pre,28.38,4.669
InMnPdOx_pre,28.39,4.547
InMnPdOx_pre,28.4,4.427
InMnPdOx_pre,28.41,4.2
InMnPdOx_pre,28.42,4.254
InMnPdOx_pre,28.43,4.268
InMnPdOx_pre,28.44,4.281
InMnPdOx_pre,28.45,4.257
InMnPdOx_pre,28.46,4.247
InMnPdOx_pre,28.47,4.338
InMnPdOx_pre,28.48,4.331
InMnPdOx_pre,28.49,4.312
InMnPdOx_pre,28.5,4.294
InMnPdOx_pre,28.51,4.365
InMnPdOx_pre,28.52,4.5
InMnPdOx_pre,28.53,4.514
InMnPdOx_pre,28.54,4.466
InMnPdOx_pre,28.55,4.47
InMnPdOx_pre,28.56,4.483
InMnPdOx_pre,28.57,4.524
InMnPdOx_pre,28.58,4.532
InMnPdOx_pre,28.59,4.501
InMnPdOx_pre,28.6,4.512
InMnPdOx_pre,28.61,4.519
InMnPdOx_pre,28.62,4.565
InMnPdOx_pre,28.63,4.518
InMnPdOx_pre,28.64,4.442
InMnPdOx_pre,28.65,4.339
InMnPdOx_pre,28.66,4.311
InMnPdOx_pre,28.67,4.353
InMnPdOx_pre,28.68,4.479
InMnPdOx_pre,28.69,4.541
InMnPdOx_pre,28.7,4.678
InMnPdOx_pre,28.71,4.684
InMnPdOx_pre,28.72,4.643
InMnPdOx_pre,28.73,4.493
InMnPdOx_pre,28.74,4.304
InMnPdOx_pre,28.75,4.225
InMnPdOx_pre,28.76,4.249
InMnPdOx_pre,28.77,4.391
InMnPdOx_pre,28.78,4.429
InMnPdOx_pre,28.79,4.508
InMnPdOx_pre,28.8,4.507
InMnPdOx_pre,28.81,4.594
InMnPdOx_pre,28.82,4.488
InMnPdOx_pre,28.83,4.352
InMnPdOx_pre,28.84,4.176
InMnPdOx_pre,28.85,4.232
InMnPdOx_pre,28.86,4.349
InMnPdOx_pre,28.87,4.462
InMnPdOx_pre,28.88,4.46
InMnPdOx_pre,28.89,4.41
InMnPdOx_pre,28.9,4.352
InMnPdOx_pre,28.91,4.302
InMnPdOx_pre,28.92,4.334
InMnPdOx_pre,28.93,4.381
InMnPdOx_pre,28.94,4.446
InMnPdOx_pre,28.95,4.522
InMnPdOx_pre,28.96,4.442
InMnPdOx_pre,28.97,4.42
InMnPdOx_pre,28.98,4.368
InMnPdOx_pre,28.99,4.455
InMnPdOx_pre,29.0,4.549
InMnPdOx_pre,29.01,4.581
InMnPdOx_pre,29.02,4.509
InMnPdOx_pre,29.03,4.544
InMnPdOx_pre,29.04,4.503
InMnPdOx_pre,29.05,4.487
InMnPdOx_pre,29.06,4.382
InMnPdOx_pre,29.07,4.47
InMnPdOx_pre,29.08,4.524
InMnPdOx_pre,29.09,4.558
InMnPdOx_pre,29.1,4.519
InMnPdOx_pre,29.11,4.544
InMnPdOx_pre,29.12,4.538
InMnPdOx_pre,29.13,4.629
InMnPdOx_pre,29.14,4.538
InMnPdOx_pre,29.15,4.499
InMnPdOx_pre,29.16,4.419
InMnPdOx_pre,29.17,4.344
InMnPdOx_pre,29.18,4.372
InMnPdOx_pre,29.19,4.402
InMnPdOx_pre,29.2,4.419
InMnPdOx_pre,29.21,4.43
InMnPdOx_pre,29.22,4.449
InMnPdOx_pre,29.23,4.436
InMnPdOx_pre,29.24,4.452
InMnPdOx_pre,29.25,4.453
InMnPdOx_pre,29.26,4.41
InMnPdOx_pre,29.27,4.267
InMnPdOx_pre,29.28,4.278
InMnPdOx_pre,29.29,4.35
InMnPdOx_pre,29.3,4.461
InMnPdOx_pre,29.31,4.376
InMnPdOx_pre,29.32,4.366
InMnPdOx_pre,29.33,4.39
InMnPdOx_pre,29.34,4.397
InMnPdOx_pre,29.35,4.37
InMnPdOx_pre,29.36,4.33
InMnPdOx_pre,29.37,4.295
InMnPdOx_pre,29.38,4.363
InMnPdOx_pre,29.39,4.347
InMnPdOx_pre,29.4,4.448
InMnPdOx_pre,29.41,4.452
InMnPdOx_pre,29.42,4.489
InMnPdOx_pre,29.43,4.4
InMnPdOx_pre,29.44,4.362
InMnPdOx_pre,29.45,4.26
InMnPdOx_pre,29.46,4.24
InMnPdOx_pre,29.47,4.204
InMnPdOx_pre,29.48,4.18
InMnPdOx_pre,29.49,4.289
InMnPdOx_pre,29.5,4.479
InMnPdOx_pre,29.51,4.583
InMnPdOx_pre,29.52,4.444
InMnPdOx_pre,29.53,4.478
InMnPdOx_pre,29.54,4.602
InMnPdOx_pre,29.55,4.657
InMnPdOx_pre,29.56,4.627
InMnPdOx_pre,29.57,4.45
InMnPdOx_pre,29.58,4.397
InMnPdOx_pre,29.59,4.378
InMnPdOx_pre,29.6,4.452
InMnPdOx_pre,29.61,4.442
InMnPdOx_pre,29.62,4.387
InMnPdOx_pre,29.63,4.48
InMnPdOx_pre,29.64,4.48
InMnPdOx_pre,29.65,4.304
InMnPdOx_pre,29.66,4.156
InMnPdOx_pre,29.67,4.186
InMnPdOx_pre,29.68,4.262
InMnPdOx_pre,29.69,4.39
InMnPdOx_pre,29.7,4.441
InMnPdOx_pre,29.71,4.416
InMnPdOx_pre,29.72,4.391
InMnPdOx_pre,29.73,4.506
InMnPdOx_pre,29.74,4.573
InMnPdOx_pre,29.75,4.608
InMnPdOx_pre,29.76,4.445
InMnPdOx_pre,29.77,4.483
InMnPdOx_pre,29.78,4.559
InMnPdOx_pre,29.79,4.643
InMnPdOx_pre,29.8,4.587
InMnPdOx_pre,29.81,4.571
InMnPdOx_pre,29.82,4.576
InMnPdOx_pre,29.83,4.549
InMnPdOx_pre,29.84,4.39
InMnPdOx_pre,29.85,4.479
InMnPdOx_pre,29.86,4.492
InMnPdOx_pre,29.87,4.471
InMnPdOx_pre,29.88,4.363
InMnPdOx_pre,29.89,4.297
InMnPdOx_pre,29.9,4.258
InMnPdOx_pre,29.91,4.266
InMnPdOx_pre,29.92,4.361
InMnPdOx_pre,29.93,4.57
InMnPdOx_pre,29.94,4.649
InMnPdOx_pre,29.95,4.554
InMnPdOx_pre,29.96,4.397
InMnPdOx_pre,29.97,4.362
InMnPdOx_pre,29.98,4.367
InMnPdOx_pre,29.99,4.5
InMnPdOx_pre,30.0,4.541
InMnPdOx_pre,30.01,4.539
InMnPdOx_pre,30.02,4.391
InMnPdOx_pre,30.03,4.405
InMnPdOx_pre,30.04,4.452
InMnPdOx_pre,30.05,4.489
InMnPdOx_pre,30.06,4.393
InMnPdOx_pre,30.07,4.277
InMnPdOx_pre,30.08,4.295
InMnPdOx_pre,30.09,4.393
InMnPdOx_pre,30.1,4.447
InMnPdOx_pre,30.11,4.378
InMnPdOx_pre,30.12,4.482
InMnPdOx_pre,30.13,4.62
InMnPdOx_pre,30.14,4.722
InMnPdOx_pre,30.15,4.614
InMnPdOx_pre,30.16,4.445
InMnPdOx_pre,30.17,4.414
InMnPdOx_pre,30.18,4.372
InMnPdOx_pre,30.19,4.387
InMnPdOx_pre,30.2,4.416
InMnPdOx_pre,30.21,4.476
InMnPdOx_pre,30.22,4.388
InMnPdOx_pre,30.23,4.253
InMnPdOx_pre,30.24,4.291
InMnPdOx_pre,30.25,4.372
InMnPdOx_pre,30.26,4.434
InMnPdOx_pre,30.27,4.47
InMnPdOx_pre,30.28,4.522
InMnPdOx_pre,30.29,4.487
InMnPdOx_pre,30.3,4.431
InMnPdOx_pre,30.31,4.462
InMnPdOx_pre,30.32,4.481
InMnPdOx_pre,30.33,4.491
InMnPdOx_pre,30.34,4.448
InMnPdOx_pre,30.35,4.458
InMnPdOx_pre,30.36,4.418
InMnPdOx_pre,30.37,4.505
InMnPdOx_pre,30.38,4.598
InMnPdOx_pre,30.39,4.747
InMnPdOx_pre,30.4,4.697
InMnPdOx_pre,30.41,4.677
InMnPdOx_pre,30.42,4.752
InMnPdOx_pre,30.43,4.807
InMnPdOx_pre,30.44,4.684
InMnPdOx_pre,30.45,4.556
InMnPdOx_pre,30.46,4.523
InMnPdOx_pre,30.47,4.577
InMnPdOx_pre,30.48,4.66
InMnPdOx_pre,30.49,4.635
InMnPdOx_pre,30.5,4.567
InMnPdOx_pre,30.51,4.425
InMnPdOx_pre,30.52,4.44
InMnPdOx_pre,30.53,4.558
InMnPdOx_pre,30.54,4.549
InMnPdOx_pre,30.55,4.437
InMnPdOx_pre,30.56,4.334
InMnPdOx_pre,30.57,4.395
InMnPdOx_pre,30.58,4.442
InMnPdOx_pre,30.59,4.487
InMnPdOx_pre,30.6,4.526
InMnPdOx_pre,30.61,4.574
InMnPdOx_pre,30.62,4.531
InMnPdOx_pre,30.63,4.412
InMnPdOx_pre,30.64,4.265
InMnPdOx_pre,30.65,4.265
InMnPdOx_pre,30.66,4.411
InMnPdOx_pre,30.67,4.483
InMnPdOx_pre,30.68,4.569
InMnPdOx_pre,30.69,4.613
InMnPdOx_pre,30.7,4.787
InMnPdOx_pre,30.71,4.817
InMnPdOx_pre,30.72,4.742
InMnPdOx_pre,30.73,4.557
InMnPdOx_pre,30.74,4.55
InMnPdOx_pre,30.75,4.46
InMnPdOx_pre,30.76,4.39
InMnPdOx_pre,30.77,4.393
InMnPdOx_pre,30.78,4.455
InMnPdOx_pre,30.79,4.526
InMnPdOx_pre,30.8,4.583
InMnPdOx_pre,30.81,4.672
InMnPdOx_pre,30.82,4.596
InMnPdOx_pre,30.83,4.626
InMnPdOx_pre,30.84,4.579
InMnPdOx_pre,30.85,4.634
InMnPdOx_pre,30.86,4.557
InMnPdOx_pre,30.87,4.593
InMnPdOx_pre,30.88,4.624
InMnPdOx_pre,30.89,4.617
InMnPdOx_pre,30.9,4.616
InMnPdOx_pre,30.91,4.551
InMnPdOx_pre,30.92,4.641
InMnPdOx_pre,30.93,4.771
InMnPdOx_pre,30.94,4.86
InMnPdOx_pre,30.95,4.662
InMnPdOx_pre,30.96,4.462
InMnPdOx_pre,30.97,4.535
InMnPdOx_pre,30.98,4.601
InMnPdOx_pre,30.99,4.618
InMnPdOx_pre,31.0,4.537
InMnPdOx_pre,31.01,4.46
InMnPdOx_pre,31.02,4.513
InMnPdOx_pre,31.03,4.483
InMnPdOx_pre,31.04,4.451
InMnPdOx_pre,31.05,4.36
InMnPdOx_pre,31.06,4.521
InMnPdOx_pre,31.07,4.731
InMnPdOx_pre,31.08,4.742
InMnPdOx_pre,31.09,4.75
InMnPdOx_pre,31.1,4.78
InMnPdOx_pre,31.11,4.716
InMnPdOx_pre,31.12,4.571
InMnPdOx_pre,31.13,4.511
InMnPdOx_pre,31.14,4.449
InMnPdOx_pre,31.15,4.448
InMnPdOx_pre,31.16,4.507
InMnPdOx_pre,31.17,4.596
InMnPdOx_pre,31.18,4.546
InMnPdOx_pre,31.19,4.495
InMnPdOx_pre,31.2,4.501
InMnPdOx_pre,31.21,4.497
InMnPdOx_pre,31.22,4.493
InMnPdOx_pre,31.23,4.485
InMnPdOx_pre,31.24,4.487
InMnPdOx_pre,31.25,4.502
InMnPdOx_pre,31.26,4.597
InMnPdOx_pre,31.27,4.781
InMnPdOx_pre,31.28,4.765
InMnPdOx_pre,31.29,4.736
InMnPdOx_pre,31.3,4.662
InMnPdOx_pre,31.31,4.687
InMnPdOx_pre,31.32,4.614
InMnPdOx_pre,31.33,4.626
InMnPdOx_pre,31.34,4.601
InMnPdOx_pre,31.35,4.605
InMnPdOx_pre,31.36,4.522
InMnPdOx_pre,31.37,4.557
InMnPdOx_pre,31.38,4.673
InMnPdOx_pre,31.39,4.795
InMnPdOx_pre,31.4,4.724
InMnPdOx_pre,31.41,4.572
InMnPdOx_pre,31.42,4.492
InMnPdOx_pre,31.43,4.519
InMnPdOx_pre,31.44,4.617
InMnPdOx_pre,31.45,4.736
InMnPdOx_pre,31.46,4.795
InMnPdOx_pre,31.47,4.666
InMnPdOx_pre,31.48,4.653
InMnPdOx_pre,31.49,4.624
InMnPdOx_pre,31.5,4.81
InMnPdOx_pre,31.51,4.844
InMnPdOx_pre,31.52,4.814
InMnPdOx_pre,31.53,4.715
InMnPdOx_pre,31.54,4.629
InMnPdOx_pre,31.55,4.726
InMnPdOx_pre,31.56,4.747
InMnPdOx_pre,31.57,4.73
InMnPdOx_pre,31.58,4.784
InMnPdOx_pre,31.59,4.832
InMnPdOx_pre,31.6,4.827
InMnPdOx_pre,31.61,4.662
InMnPdOx_pre,31.62,4.573
InMnPdOx_pre,31.63,4.67
InMnPdOx_pre,31.64,4.798
InMnPdOx_pre,31.65,4.835
InMnPdOx_pre,31.66,4.84
InMnPdOx_pre,31.67,4.831
InMnPdOx_pre,31.68,4.86
InMnPdOx_pre,31.69,4.794
InMnPdOx_pre,31.7,4.766
InMnPdOx_pre,31.71,4.887
InMnPdOx_pre,31.72,4.897
InMnPdOx_pre,31.73,4.85
InMnPdOx_pre,31.74,4.75
InMnPdOx_pre,31.75,4.707
InMnPdOx_pre,31.76,4.668
InMnPdOx_pre,31.77,4.664
InMnPdOx_pre,31.78,4.741
InMnPdOx_pre,31.79,4.822
InMnPdOx_pre,31.8,4.925
InMnPdOx_pre,31.81,5.036
InMnPdOx_pre,31.82,5.037
InMnPdOx_pre,31.83,5.043
InMnPdOx_pre,31.84,5.11
InMnPdOx_pre,31.85,5.222
InMnPdOx_pre,31.86,5.215
InMnPdOx_pre,31.87,5.057
InMnPdOx_pre,31.88,4.9
InMnPdOx_pre,31.89,4.874
InMnPdOx_pre,31.9,4.931
InMnPdOx_pre,31.91,5.07
InMnPdOx_pre,31.92,5.108
InMnPdOx_pre,31.93,4.986
InMnPdOx_pre,31.94,4.8
InMnPdOx_pre,31.95,4.849
InMnPdOx_pre,31.96,5.008
InMnPdOx_pre,31.97,5.132
InMnPdOx_pre,31.98,5.198
InMnPdOx_pre,31.99,5.235
InMnPdOx_pre,32.0,5.228
InMnPdOx_pre,32.01,5.117
InMnPdOx_pre,32.02,5.006
InMnPdOx_pre,32.03,5.034
InMnPdOx_pre,32.04,5.046
InMnPdOx_pre,32.05,5.056
InMnPdOx_pre,32.06,5.061
InMnPdOx_pre,32.07,5.152
InMnPdOx_pre,32.08,5.102
InMnPdOx_pre,32.09,4.991
InMnPdOx_pre,32.1,5.007
InMnPdOx_pre,32.11,5.198
InMnPdOx_pre,32.12,5.31
InMnPdOx_pre,32.13,5.238
InMnPdOx_pre,32.14,5.134
InMnPdOx_pre,32.15,5.253
InMnPdOx_pre,32.16,5.332
InMnPdOx_pre,32.17,5.347
InMnPdOx_pre,32.18,5.102
InMnPdOx_pre,32.19,5.064
InMnPdOx_pre,32.2,5.062
InMnPdOx_pre,32.21,5.209
InMnPdOx_pre,32.22,5.316
InMnPdOx_pre,32.23,5.328
InMnPdOx_pre,32.24,5.24
InMnPdOx_pre,32.25,5.225
InMnPdOx_pre,32.26,5.222
InMnPdOx_pre,32.27,5.418
InMnPdOx_pre,32.28,5.435
InMnPdOx_pre,32.29,5.309
InMnPdOx_pre,32.3,5.169
InMnPdOx_pre,32.31,5.158
InMnPdOx_pre,32.32,5.175
InMnPdOx_pre,32.33,5.215
InMnPdOx_pre,32.34,5.423
InMnPdOx_pre,32.35,5.513
InMnPdOx_pre,32.36,5.513
InMnPdOx_pre,32.37,5.405
InMnPdOx_pre,32.38,5.482
InMnPdOx_pre,32.39,5.5
InMnPdOx_pre,32.4,5.419
InMnPdOx_pre,32.41,5.377
InMnPdOx_pre,32.42,5.431
InMnPdOx_pre,32.43,5.516
InMnPdOx_pre,32.44,5.533
InMnPdOx_pre,32.45,5.477
InMnPdOx_pre,32.46,5.477
InMnPdOx_pre,32.47,5.654
InMnPdOx_pre,32.48,5.821
InMnPdOx_pre,32.49,5.813
InMnPdOx_pre,32.5,5.698
InMnPdOx_pre,32.51,5.661
InMnPdOx_pre,32.52,5.595
InMnPdOx_pre,32.53,5.581
InMnPdOx_pre,32.54,5.655
InMnPdOx_pre,32.55,5.709
InMnPdOx_pre,32.56,5.618
InMnPdOx_pre,32.57,5.568
InMnPdOx_pre,32.58,5.661
InMnPdOx_pre,32.59,5.83
InMnPdOx_pre,32.6,5.958
InMnPdOx_pre,32.61,5.991
InMnPdOx_pre,32.62,6.012
InMnPdOx_pre,32.63,6.061
InMnPdOx_pre,32.64,6.131
InMnPdOx_pre,32.65,6.137
InMnPdOx_pre,32.66,6.165
InMnPdOx_pre,32.67,6.185
InMnPdOx_pre,32.68,6.151
InMnPdOx_pre,32.69,6.053
InMnPdOx_pre,32.7,6.12
InMnPdOx_pre,32.71,6.256
InMnPdOx_pre,32.72,6.366
InMnPdOx_pre,32.73,6.343
InMnPdOx_pre,32.74,6.355
InMnPdOx_pre,32.75,6.276
InMnPdOx_pre,32.76,6.245
InMnPdOx_pre,32.77,6.226
InMnPdOx_pre,32.78,6.331
InMnPdOx_pre,32.79,6.508
InMnPdOx_pre,32.8,6.602
InMnPdOx_pre,32.81,6.535
InMnPdOx_pre,32.82,6.578
InMnPdOx_pre,32.83,6.585
InMnPdOx_pre,32.84,6.685
InMnPdOx_pre,32.85,6.685
InMnPdOx_pre,32.86,6.785
InMnPdOx_pre,32.87,6.85
InMnPdOx_pre,32.88,7.085
InMnPdOx_pre,32.89,7.104
InMnPdOx_pre,32.9,7.094
InMnPdOx_pre,32.91,7.04
InMnPdOx_pre,32.92,7.096
InMnPdOx_pre,32.93,7.116
InMnPdOx_pre,32.94,7.219
InMnPdOx_pre,32.95,7.311
InMnPdOx_pre,32.96,7.425
InMnPdOx_pre,32.97,7.376
InMnPdOx_pre,32.98,7.595
InMnPdOx_pre,32.99,7.692
InMnPdOx_pre,33.0,7.749
InMnPdOx_pre,33.01,7.664
InMnPdOx_pre,33.02,7.705
InMnPdOx_pre,33.03,7.819
InMnPdOx_pre,33.04,7.908
InMnPdOx_pre,33.05,7.991
InMnPdOx_pre,33.06,8.105
InMnPdOx_pre,33.07,8.158
InMnPdOx_pre,33.08,8.312
InMnPdOx_pre,33.09,8.546
InMnPdOx_pre,33.1,8.652
InMnPdOx_pre,33.11,8.653
InMnPdOx_pre,33.12,8.607
InMnPdOx_pre,33.13,8.801
InMnPdOx_pre,33.14,8.984
InMnPdOx_pre,33.15,9.164
InMnPdOx_pre,33.16,9.336
InMnPdOx_pre,33.17,9.447
InMnPdOx_pre,33.18,9.383
InMnPdOx_pre,33.19,9.257
InMnPdOx_pre,33.2,9.37
InMnPdOx_pre,33.21,9.633
InMnPdOx_pre,33.22,10.203
InMnPdOx_pre,33.23,10.459
InMnPdOx_pre,33.24,10.663
InMnPdOx_pre,33.25,10.592
InMnPdOx_pre,33.26,10.765
InMnPdOx_pre,33.27,10.862
InMnPdOx_pre,33.28,11.085
InMnPdOx_pre,33.29,11.085
InMnPdOx_pre,33.3,11.081
InMnPdOx_pre,33.31,11.254
InMnPdOx_pre,33.32,11.252
InMnPdOx_pre,33.33,11.417
InMnPdOx_pre,33.34,11.374
InMnPdOx_pre,33.35,11.519
InMnPdOx_pre,33.36,11.643
InMnPdOx_pre,33.37,11.846
InMnPdOx_pre,33.38,12.124
InMnPdOx_pre,33.39,12.327
InMnPdOx_pre,33.4,12.578
InMnPdOx_pre,33.41,12.821
InMnPdOx_pre,33.42,13.131
InMnPdOx_pre,33.43,13.358
InMnPdOx_pre,33.44,13.29
InMnPdOx_pre,33.45,13.349
InMnPdOx_pre,33.46,13.386
InMnPdOx_pre,33.47,13.731
InMnPdOx_pre,33.48,14.023
InMnPdOx_pre,33.49,14.17
InMnPdOx_pre,33.5,14.38
InMnPdOx_pre,33.51,14.434
InMnPdOx_pre,33.52,14.749
InMnPdOx_pre,33.53,14.928
InMnPdOx_pre,33.54,15.236
InMnPdOx_pre,33.55,15.269
InMnPdOx_pre,33.56,15.668
InMnPdOx_pre,33.57,15.721
InMnPdOx_pre,33.58,15.926
InMnPdOx_pre,33.59,15.93
InMnPdOx_pre,33.6,15.998
InMnPdOx_pre,33.61,16.203
InMnPdOx_pre,33.62,16.504
InMnPdOx_pre,33.63,16.925
InMnPdOx_pre,33.64,16.958
InMnPdOx_pre,33.65,17.291
InMnPdOx_pre,33.66,17.495
InMnPdOx_pre,33.67,17.795
InMnPdOx_pre,33.68,17.671
InMnPdOx_pre,33.69,17.808
InMnPdOx_pre,33.7,17.853
InMnPdOx_pre,33.71,17.982
InMnPdOx_pre,33.72,18.106
InMnPdOx_pre,33.73,18.6
InMnPdOx_pre,33.74,18.67
InMnPdOx_pre,33.75,18.864
InMnPdOx_pre,33.76,18.973
InMnPdOx_pre,33.77,18.945
InMnPdOx_pre,33.78,18.942
InMnPdOx_pre,33.79,19.165
InMnPdOx_pre,33.8,19.536
InMnPdOx_pre,33.81,20.107
InMnPdOx_pre,33.82,20.166
InMnPdOx_pre,33.83,20.075
InMnPdOx_pre,33.84,19.953
InMnPdOx_pre,33.85,20.207
InMnPdOx_pre,33.86,20.132
InMnPdOx_pre,33.87,19.763
InMnPdOx_pre,33.88,19.778
InMnPdOx_pre,33.89,19.923
InMnPdOx_pre,33.9,20.209
InMnPdOx_pre,33.91,20.215
InMnPdOx_pre,33.92,20.364
InMnPdOx_pre,33.93,20.226
InMnPdOx_pre,33.94,20.057
InMnPdOx_pre,33.95,19.806
InMnPdOx_pre,33.96,19.823
InMnPdOx_pre,33.97,19.945
InMnPdOx_pre,33.98,20.165
InMnPdOx_pre,33.99,20.121
InMnPdOx_pre,34.0,19.844
InMnPdOx_pre,34.01,19.679
InMnPdOx_pre,34.02,19.535
InMnPdOx_pre,34.03,19.388
InMnPdOx_pre,34.04,19.241
InMnPdOx_pre,34.05,19.281
InMnPdOx_pre,34.06,19.492
InMnPdOx_pre,34.07,19.385
InMnPdOx_pre,34.08,19.074
InMnPdOx_pre,34.09,19.045
InMnPdOx_pre,34.1,18.909
InMnPdOx_pre,34.11,18.82
InMnPdOx_pre,34.12,18.468
InMnPdOx_pre,34.13,18.115
InMnPdOx_pre,34.14,17.711
InMnPdOx_pre,34.15,17.477
InMnPdOx_pre,34.16,17.372
InMnPdOx_pre,34.17,17.258
InMnPdOx_pre,34.18,17.062
InMnPdOx_pre,34.19,16.735
InMnPdOx_pre,34.2,16.719
InMnPdOx_pre,34.21,16.825
InMnPdOx_pre,34.22,16.805
InMnPdOx_pre,34.23,16.056
InMnPdOx_pre,34.24,15.572
InMnPdOx_pre,34.25,15.353
InMnPdOx_pre,34.26,15.468
InMnPdOx_pre,34.27,15.291
InMnPdOx_pre,34.28,15.119
InMnPdOx_pre,34.29,14.822
InMnPdOx_pre,34.3,14.6
InMnPdOx_pre,34.31,14.387
InMnPdOx_pre,34.32,14.198
InMnPdOx_pre,34.33,14.054
InMnPdOx_pre,34.34,13.867
InMnPdOx_pre,34.35,13.495
InMnPdOx_pre,34.36,13.143
InMnPdOx_pre,34.37,12.865
InMnPdOx_pre,34.38,12.692
InMnPdOx_pre,34.39,12.558
InMnPdOx_pre,34.4,12.312
InMnPdOx_pre,34.41,12.099
InMnPdOx_pre,34.42,11.827
InMnPdOx_pre,34.43,11.668
InMnPdOx_pre,34.44,11.549
InMnPdOx_pre,34.45,11.552
InMnPdOx_pre,34.46,11.403
InMnPdOx_pre,34.47,11.327
InMnPdOx_pre,34.48,10.943
InMnPdOx_pre,34.49,10.719
InMnPdOx_pre,34.5,10.528
InMnPdOx_pre,34.51,10.595
InMnPdOx_pre,34.52,10.32
InMnPdOx_pre,34.53,10.127
InMnPdOx_pre,34.54,9.919
InMnPdOx_pre,34.55,9.914
InMnPdOx_pre,34.56,9.933
InMnPdOx_pre,34.57,9.836
InMnPdOx_pre,34.58,9.643
InMnPdOx_pre,34.59,9.547
InMnPdOx_pre,34.6,9.388
InMnPdOx_pre,34.61,9.119
InMnPdOx_pre,34.62,8.845
InMnPdOx_pre,34.63,8.846
InMnPdOx_pre,34.64,8.732
InMnPdOx_pre,34.65,8.803
InMnPdOx_pre,34.66,8.659
InMnPdOx_pre,34.67,8.654
InMnPdOx_pre,34.68,8.364
InMnPdOx_pre,34.69,8.352
InMnPdOx_pre,34.7,8.233
InMnPdOx_pre,34.71,8.041
InMnPdOx_pre,34.72,7.785
InMnPdOx_pre,34.73,7.589
InMnPdOx_pre,34.74,7.458
InMnPdOx_pre,34.75,7.363
InMnPdOx_pre,34.76,7.333
InMnPdOx_pre,34.77,7.309
InMnPdOx_pre,34.78,7.304
InMnPdOx_pre,34.79,7.278
InMnPdOx_pre,34.8,7.288
InMnPdOx_pre,34.81,7.156
InMnPdOx_pre,34.82,6.925
InMnPdOx_pre,34.83,6.719
InMnPdOx_pre,34.84,6.705
InMnPdOx_pre,34.85,6.679
InMnPdOx_pre,34.86,6.61
InMnPdOx_pre,34.87,6.576
InMnPdOx_pre,34.88,6.592
InMnPdOx_pre,34.89,6.588
InMnPdOx_pre,34.9,6.687
InMnPdOx_pre,34.91,6.623
InMnPdOx_pre,34.92,6.622
InMnPdOx_pre,34.93,6.44
InMnPdOx_pre,34.94,6.348
InMnPdOx_pre,34.95,6.259
InMnPdOx_pre,34.96,6.244
InMnPdOx_pre,34.97,6.188
InMnPdOx_pre,34.98,6.064
InMnPdOx_pre,34.99,5.875
InMnPdOx_pre,35.0,5.831
InMnPdOx_pre,35.01,5.872
InMnPdOx_pre,35.02,5.931
InMnPdOx_pre,35.03,5.693
InMnPdOx_pre,35.04,5.484
InMnPdOx_pre,35.05,5.572
InMnPdOx_pre,35.06,5.785
InMnPdOx_pre,35.07,5.868
InMnPdOx_pre,35.08,5.762
InMnPdOx_pre,35.09,5.762
InMnPdOx_pre,35.1,5.727
InMnPdOx_pre,35.11,5.703
InMnPdOx_pre,35.12,5.682
InMnPdOx_pre,35.13,5.644
InMnPdOx_pre,35.14,5.635
InMnPdOx_pre,35.15,5.561
InMnPdOx_pre,35.16,5.448
InMnPdOx_pre,35.17,5.297
InMnPdOx_pre,35.18,5.411
InMnPdOx_pre,35.19,5.509
InMnPdOx_pre,35.2,5.517
InMnPdOx_pre,35.21,5.485
InMnPdOx_pre,35.22,5.493
InMnPdOx_pre,35.23,5.474
InMnPdOx_pre,35.24,5.37
InMnPdOx_pre,35.25,5.298
InMnPdOx_pre,35.26,5.304
InMnPdOx_pre,35.27,5.339
InMnPdOx_pre,35.28,5.237
InMnPdOx_pre,35.29,5.207
InMnPdOx_pre,35.3,5.107
InMnPdOx_pre,35.31,5.13
InMnPdOx_pre,35.32,4.985
InMnPdOx_pre,35.33,4.958
InMnPdOx_pre,35.34,4.943
InMnPdOx_pre,35.35,5.016
InMnPdOx_pre,35.36,5.06
InMnPdOx_pre,35.37,4.983
InMnPdOx_pre,35.38,4.997
InMnPdOx_pre,35.39,5.047
InMnPdOx_pre,35.4,5.045
InMnPdOx_pre,35.41,4.937
InMnPdOx_pre,35.42,4.92
InMnPdOx_pre,35.43,4.917
InMnPdOx_pre,35.44,4.931
InMnPdOx_pre,35.45,4.921
InMnPdOx_pre,35.46,5.104
InMnPdOx_pre,35.47,5.153
InMnPdOx_pre,35.48,5.08
InMnPdOx_pre,35.49,5.032
InMnPdOx_pre,35.5,5.056
InMnPdOx_pre,35.51,4.966
InMnPdOx_pre,35.52,4.766
InMnPdOx_pre,35.53,4.676
InMnPdOx_pre,35.54,4.888
InMnPdOx_pre,35.55,5.075
InMnPdOx_pre,35.56,5.058
InMnPdOx_pre,35.57,4.839
InMnPdOx_pre,35.58,4.674
InMnPdOx_pre,35.59,4.813
InMnPdOx_pre,35.6,4.915
InMnPdOx_pre,35.61,4.856
InMnPdOx_pre,35.62,4.721
InMnPdOx_pre,35.63,4.697
InMnPdOx_pre,35.64,4.737
InMnPdOx_pre,35.65,4.716
InMnPdOx_pre,35.66,4.67
InMnPdOx_pre,35.67,4.707
InMnPdOx_pre,35.68,4.711
InMnPdOx_pre,35.69,4.739
InMnPdOx_pre,35.7,4.626
InMnPdOx_pre,35.71,4.625
InMnPdOx_pre,35.72,4.667
InMnPdOx_pre,35.73,4.804
InMnPdOx_pre,35.74,4.825
InMnPdOx_pre,35.75,4.757
InMnPdOx_pre,35.76,4.61
InMnPdOx_pre,35.77,4.499
InMnPdOx_pre,35.78,4.575
InMnPdOx_pre,35.79,4.661
InMnPdOx_pre,35.8,4.769
InMnPdOx_pre,35.81,4.719
InMnPdOx_pre,35.82,4.601
InMnPdOx_pre,35.83,4.56
InMnPdOx_pre,35.84,4.564
InMnPdOx_pre,35.85,4.65
InMnPdOx_pre,35.86,4.672
InMnPdOx_pre,35.87,4.641
InMnPdOx_pre,35.88,4.666
InMnPdOx_pre,35.89,4.424
InMnPdOx_pre,35.9,4.413
InMnPdOx_pre,35.91,4.367
InMnPdOx_pre,35.92,4.485
InMnPdOx_pre,35.93,4.432
InMnPdOx_pre,35.94,4.372
InMnPdOx_pre,35.95,4.362
InMnPdOx_pre,35.96,4.424
InMnPdOx_pre,35.97,4.498
InMnPdOx_pre,35.98,4.579
InMnPdOx_pre,35.99,4.652
InMnPdOx_pre,36.0,4.732
InMnPdOx_pre,36.01,4.67
InMnPdOx_pre,36.02,4.635
InMnPdOx_pre,36.03,4.599
InMnPdOx_pre,36.04,4.605
InMnPdOx_pre,36.05,4.525
InMnPdOx_pre,36.06,4.544
InMnPdOx_pre,36.07,4.339
InMnPdOx_pre,36.08,4.369
InMnPdOx_pre,36.09,4.437
InMnPdOx_pre,36.1,4.539
InMnPdOx_pre,36.11,4.531
InMnPdOx_pre,36.12,4.457
InMnPdOx_pre,36.13,4.447
InMnPdOx_pre,36.14,4.373
InMnPdOx_pre,36.15,4.403
InMnPdOx_pre,36.16,4.427
InMnPdOx_pre,36.17,4.34
InMnPdOx_pre,36.18,4.238
InMnPdOx_pre,36.19,4.316
InMnPdOx_pre,36.2,4.549
InMnPdOx_pre,36.21,4.498
InMnPdOx_pre,36.22,4.389
InMnPdOx_pre,36.23,4.325
InMnPdOx_pre,36.24,4.3
InMnPdOx_pre,36.25,4.347
InMnPdOx_pre,36.26,4.388
InMnPdOx_pre,36.27,4.439
InMnPdOx_pre,36.28,4.473
InMnPdOx_pre,36.29,4.562
InMnPdOx_pre,36.3,4.635
InMnPdOx_pre,36.31,4.474
InMnPdOx_pre,36.32,4.326
InMnPdOx_pre,36.33,4.31
InMnPdOx_pre,36.34,4.394
InMnPdOx_pre,36.35,4.418
InMnPdOx_pre,36.36,4.393
InMnPdOx_pre,36.37,4.333
InMnPdOx_pre,36.38,4.33
InMnPdOx_pre,36.39,4.373
InMnPdOx_pre,36.4,4.316
InMnPdOx_pre,36.41,4.323
InMnPdOx_pre,36.42,4.298
InMnPdOx_pre,36.43,4.318
InMnPdOx_pre,36.44,4.321
InMnPdOx_pre,36.45,4.306
InMnPdOx_pre,36.46,4.437
InMnPdOx_pre,36.47,4.416
InMnPdOx_pre,36.48,4.371
InMnPdOx_pre,36.49,4.253
InMnPdOx_pre,36.5,4.285
InMnPdOx_pre,36.51,4.342
InMnPdOx_pre,36.52,4.307
InMnPdOx_pre,36.53,4.283
InMnPdOx_pre,36.54,4.13
InMnPdOx_pre,36.55,4.086
InMnPdOx_pre,36.56,4.077
InMnPdOx_pre,36.57,4.163
InMnPdOx_pre,36.58,4.276
InMnPdOx_pre,36.59,4.248
InMnPdOx_pre,36.6,4.183
InMnPdOx_pre,36.61,4.106
InMnPdOx_pre,36.62,4.136
InMnPdOx_pre,36.63,4.222
InMnPdOx_pre,36.64,4.246
InMnPdOx_pre,36.65,4.453
InMnPdOx_pre,36.66,4.412
InMnPdOx_pre,36.67,4.32
InMnPdOx_pre,36.68,4.163
InMnPdOx_pre,36.69,4.155
InMnPdOx_pre,36.7,4.075
InMnPdOx_pre,36.71,4.055
InMnPdOx_pre,36.72,4.049
InMnPdOx_pre,36.73,4.158
InMnPdOx_pre,36.74,4.215
InMnPdOx_pre,36.75,4.282
InMnPdOx_pre,36.76,4.262
InMnPdOx_pre,36.77,4.193
InMnPdOx_pre,36.78,4.199
InMnPdOx_pre,36.79,4.268
InMnPdOx_pre,36.8,4.279
InMnPdOx_pre,36.81,4.234
InMnPdOx_pre,36.82,4.223
InMnPdOx_pre,36.83,4.197
InMnPdOx_pre,36.84,4.267
InMnPdOx_pre,36.85,4.218
InMnPdOx_pre,36.86,4.242
InMnPdOx_pre,36.87,4.202
InMnPdOx_pre,36.88,4.23
InMnPdOx_pre,36.89,4.223
InMnPdOx_pre,36.9,4.279
InMnPdOx_pre,36.91,4.29
InMnPdOx_pre,36.92,4.294
InMnPdOx_pre,36.93,4.263
InMnPdOx_pre,36.94,4.259
InMnPdOx_pre,36.95,4.314
InMnPdOx_pre,36.96,4.277
InMnPdOx_pre,36.97,4.241
InMnPdOx_pre,36.98,4.237
InMnPdOx_pre,36.99,4.373
InMnPdOx_pre,37.0,4.41
InMnPdOx_pre,37.01,4.411
InMnPdOx_pre,37.02,4.28
InMnPdOx_pre,37.03,4.248
InMnPdOx_pre,37.04,4.25
InMnPdOx_pre,37.05,4.281
InMnPdOx_pre,37.06,4.28
InMnPdOx_pre,37.07,4.271
InMnPdOx_pre,37.08,4.225
InMnPdOx_pre,37.09,4.21
InMnPdOx_pre,37.1,4.393
InMnPdOx_pre,37.11,4.509
InMnPdOx_pre,37.12,4.521
InMnPdOx_pre,37.13,4.229
InMnPdOx_pre,37.14,4.085
InMnPdOx_pre,37.15,4.11
InMnPdOx_pre,37.16,4.305
InMnPdOx_pre,37.17,4.397
InMnPdOx_pre,37.18,4.303
InMnPdOx_pre,37.19,4.315
InMnPdOx_pre,37.2,4.362
InMnPdOx_pre,37.21,4.453
InMnPdOx_pre,37.22,4.515
InMnPdOx_pre,37.23,4.447
InMnPdOx_pre,37.24,4.441
InMnPdOx_pre,37.25,4.419
InMnPdOx_pre,37.26,4.419
InMnPdOx_pre,37.27,4.431
InMnPdOx_pre,37.28,4.415
InMnPdOx_pre,37.29,4.482
InMnPdOx_pre,37.3,4.609
InMnPdOx_pre,37.31,4.601
InMnPdOx_pre,37.32,4.501
InMnPdOx_pre,37.33,4.325
InMnPdOx_pre,37.34,4.349
InMnPdOx_pre,37.35,4.427
InMnPdOx_pre,37.36,4.5
InMnPdOx_pre,37.37,4.586
InMnPdOx_pre,37.38,4.488
InMnPdOx_pre,37.39,4.354
InMnPdOx_pre,37.4,4.318
InMnPdOx_pre,37.41,4.385
InMnPdOx_pre,37.42,4.509
InMnPdOx_pre,37.43,4.571
InMnPdOx_pre,37.44,4.581
InMnPdOx_pre,37.45,4.468
InMnPdOx_pre,37.46,4.452
InMnPdOx_pre,37.47,4.523
InMnPdOx_pre,37.48,4.76
InMnPdOx_pre,37.49,4.799
InMnPdOx_pre,37.5,4.752
InMnPdOx_pre,37.51,4.662
InMnPdOx_pre,37.52,4.552
InMnPdOx_pre,37.53,4.533
InMnPdOx_pre,37.54,4.663
InMnPdOx_pre,37.55,4.801
InMnPdOx_pre,37.56,4.778
InMnPdOx_pre,37.57,4.672
InMnPdOx_pre,37.58,4.676
InMnPdOx_pre,37.59,4.744
InMnPdOx_pre,37.6,4.846
InMnPdOx_pre,37.61,4.838
InMnPdOx_pre,37.62,4.807
InMnPdOx_pre,37.63,4.789
InMnPdOx_pre,37.64,4.854
InMnPdOx_pre,37.65,5.017
InMnPdOx_pre,37.66,5.03
InMnPdOx_pre,37.67,5.004
InMnPdOx_pre,37.68,5.039
InMnPdOx_pre,37.69,5.08
InMnPdOx_pre,37.7,5.045
InMnPdOx_pre,37.71,4.901
InMnPdOx_pre,37.72,4.89
InMnPdOx_pre,37.73,4.887
InMnPdOx_pre,37.74,4.986
InMnPdOx_pre,37.75,5.041
InMnPdOx_pre,37.76,4.993
InMnPdOx_pre,37.77,4.83
InMnPdOx_pre,37.78,4.803
InMnPdOx_pre,37.79,4.92
InMnPdOx_pre,37.8,5.035
InMnPdOx_pre,37.81,5.046
InMnPdOx_pre,37.82,5.123
InMnPdOx_pre,37.83,5.252
InMnPdOx_pre,37.84,5.362
InMnPdOx_pre,37.85,5.398
InMnPdOx_pre,37.86,5.345
InMnPdOx_pre,37.87,5.285
InMnPdOx_pre,37.88,5.183
InMnPdOx_pre,37.89,5.269
InMnPdOx_pre,37.9,5.473
InMnPdOx_pre,37.91,5.647
InMnPdOx_pre,37.92,5.685
InMnPdOx_pre,37.93,5.633
InMnPdOx_pre,37.94,5.556
InMnPdOx_pre,37.95,5.594
InMnPdOx_pre,37.96,5.794
InMnPdOx_pre,37.97,5.937
InMnPdOx_pre,37.98,5.949
InMnPdOx_pre,37.99,5.933
InMnPdOx_pre,38.0,5.88
InMnPdOx_pre,38.01,5.742
InMnPdOx_pre,38.02,5.666
InMnPdOx_pre,38.03,5.809
InMnPdOx_pre,38.04,6.064
InMnPdOx_pre,38.05,6.226
InMnPdOx_pre,38.06,6.162
InMnPdOx_pre,38.07,6.111
InMnPdOx_pre,38.08,6.075
InMnPdOx_pre,38.09,6.097
InMnPdOx_pre,38.1,6.066
InMnPdOx_pre,38.11,6.096
InMnPdOx_pre,38.12,6.142
InMnPdOx_pre,38.13,6.094
InMnPdOx_pre,38.14,5.989
InMnPdOx_pre,38.15,6.085
InMnPdOx_pre,38.16,6.279
InMnPdOx_pre,38.17,6.357
InMnPdOx_pre,38.18,6.297
InMnPdOx_pre,38.19,6.311
InMnPdOx_pre,38.2,6.376
InMnPdOx_pre,38.21,6.42
InMnPdOx_pre,38.22,6.519
InMnPdOx_pre,38.23,6.664
InMnPdOx_pre,38.24,6.709
InMnPdOx_pre,38.25,6.687
InMnPdOx_pre,38.26,6.745
InMnPdOx_pre,38.27,6.856
InMnPdOx_pre,38.28,6.866
InMnPdOx_pre,38.29,6.823
InMnPdOx_pre,38.3,6.739
InMnPdOx_pre,38.31,6.857
InMnPdOx_pre,38.32,7.156
InMnPdOx_pre,38.33,7.328
InMnPdOx_pre,38.34,7.375
InMnPdOx_pre,38.35,7.357
InMnPdOx_pre,38.36,7.384
InMnPdOx_pre,38.37,7.357
InMnPdOx_pre,38.38,7.43
InMnPdOx_pre,38.39,7.503
InMnPdOx_pre,38.4,7.466
InMnPdOx_pre,38.41,7.697
InMnPdOx_pre,38.42,7.863
InMnPdOx_pre,38.43,8.023
InMnPdOx_pre,38.44,7.953
InMnPdOx_pre,38.45,7.998
InMnPdOx_pre,38.46,8.23
InMnPdOx_pre,38.47,8.352
InMnPdOx_pre,38.48,8.401
InMnPdOx_pre,38.49,8.299
InMnPdOx_pre,38.5,8.34
InMnPdOx_pre,38.51,8.538
InMnPdOx_pre,38.52,8.822
InMnPdOx_pre,38.53,8.867
InMnPdOx_pre,38.54,8.946
InMnPdOx_pre,38.55,8.831
InMnPdOx_pre,38.56,8.843
InMnPdOx_pre,38.57,8.99
InMnPdOx_pre,38.58,9.269
InMnPdOx_pre,38.59,9.485
InMnPdOx_pre,38.6,9.591
InMnPdOx_pre,38.61,9.739
InMnPdOx_pre,38.62,9.964
InMnPdOx_pre,38.63,10.027
InMnPdOx_pre,38.64,10.042
InMnPdOx_pre,38.65,10.172
InMnPdOx_pre,38.66,10.535
InMnPdOx_pre,38.67,10.755
InMnPdOx_pre,38.68,10.932
InMnPdOx_pre,38.69,11.006
InMnPdOx_pre,38.7,11.174
InMnPdOx_pre,38.71,11.326
InMnPdOx_pre,38.72,11.472
InMnPdOx_pre,38.73,11.553
InMnPdOx_pre,38.74,11.724
InMnPdOx_pre,38.75,11.956
InMnPdOx_pre,38.76,12.27
InMnPdOx_pre,38.77,12.661
InMnPdOx_pre,38.78,12.871
InMnPdOx_pre,38.79,13.045
InMnPdOx_pre,38.8,13.173
InMnPdOx_pre,38.81,13.344
InMnPdOx_pre,38.82,13.863
InMnPdOx_pre,38.83,14.17
InMnPdOx_pre,38.84,14.684
InMnPdOx_pre,38.85,15.059
InMnPdOx_pre,38.86,15.144
InMnPdOx_pre,38.87,15.31
InMnPdOx_pre,38.88,15.991
InMnPdOx_pre,38.89,16.413
InMnPdOx_pre,38.9,17.169
InMnPdOx_pre,38.91,17.46
InMnPdOx_pre,38.92,17.715
InMnPdOx_pre,38.93,18.225
InMnPdOx_pre,38.94,18.834
InMnPdOx_pre,38.95,19.389
InMnPdOx_pre,38.96,20.109
InMnPdOx_pre,38.97,20.693
InMnPdOx_pre,38.98,21.419
InMnPdOx_pre,38.99,22.117
InMnPdOx_pre,39.0,22.379
InMnPdOx_pre,39.01,23.3
InMnPdOx_pre,39.02,24.289
InMnPdOx_pre,39.03,24.789
InMnPdOx_pre,39.04,25.678
InMnPdOx_pre,39.05,26.508
InMnPdOx_pre,39.06,27.681
InMnPdOx_pre,39.07,29.393
InMnPdOx_pre,39.08,30.379
InMnPdOx_pre,39.09,31.43
InMnPdOx_pre,39.1,33.43
InMnPdOx_pre,39.11,34.502
InMnPdOx_pre,39.12,36.829
InMnPdOx_pre,39.13,38.732
InMnPdOx_pre,39.14,40.07
InMnPdOx_pre,39.15,42.496
InMnPdOx_pre,39.16,44.908
InMnPdOx_pre,39.17,46.891
InMnPdOx_pre,39.18,50.375
InMnPdOx_pre,39.19,52.367
InMnPdOx_pre,39.2,55.54
InMnPdOx_pre,39.21,60.175
InMnPdOx_pre,39.22,62.289
InMnPdOx_pre,39.23,66.553
InMnPdOx_pre,39.24,71.012
InMnPdOx_pre,39.25,74.257
InMnPdOx_pre,39.26,81.03
InMnPdOx_pre,39.27,86.196
InMnPdOx_pre,39.28,90.399
InMnPdOx_pre,39.29,99.594
InMnPdOx_pre,39.3,104.857
InMnPdOx_pre,39.31,111.609
InMnPdOx_pre,39.32,122.468
InMnPdOx_pre,39.33,128.327
InMnPdOx_pre,39.34,139.733
InMnPdOx_pre,39.35,150.882
InMnPdOx_pre,39.36,157.19
InMnPdOx_pre,39.37,172.627
InMnPdOx_pre,39.38,184.187
InMnPdOx_pre,39.39,194.055
InMnPdOx_pre,39.4,215.109
InMnPdOx_pre,39.41,224.86
InMnPdOx_pre,39.42,236.176
InMnPdOx_pre,39.43,254.784
InMnPdOx_pre,39.44,264.456
InMnPdOx_pre,39.45,281.251
InMnPdOx_pre,39.46,297.854
InMnPdOx_pre,39.47,306.854
InMnPdOx_pre,39.48,324.651
InMnPdOx_pre,39.49,336.239
InMnPdOx_pre,39.5,344.199
InMnPdOx_pre,39.51,360.661
InMnPdOx_pre,39.52,368.575
InMnPdOx_pre,39.53,375.281
InMnPdOx_pre,39.54,385.061
InMnPdOx_pre,39.55,389.049
InMnPdOx_pre,39.56,394.755
InMnPdOx_pre,39.57,398.478
InMnPdOx_pre,39.58,400.347
InMnPdOx_pre,39.59,400.94
InMnPdOx_pre,39.6,400.666
InMnPdOx_pre,39.61,399.332
InMnPdOx_pre,39.62,394.27
InMnPdOx_pre,39.63,390.554
InMnPdOx_pre,39.64,385.304
InMnPdOx_pre,39.65,377.054
InMnPdOx_pre,39.66,372.565
InMnPdOx_pre,39.67,362.215
InMnPdOx_pre,39.68,350.221
InMnPdOx_pre,39.69,345.099
InMnPdOx_pre,39.7,330.618
InMnPdOx_pre,39.71,321.105
InMnPdOx_pre,39.72,313.781
InMnPdOx_pre,39.73,297.594
InMnPdOx_pre,39.74,288.651
InMnPdOx_pre,39.75,278.787
InMnPdOx_pre,39.76,263.756
InMnPdOx_pre,39.77,257.481
InMnPdOx_pre,39.78,246.182
InMnPdOx_pre,39.79,234.897
InMnPdOx_pre,39.8,229.153
InMnPdOx_pre,39.81,216.105
InMnPdOx_pre,39.82,207.249
InMnPdOx_pre,39.83,201.035
InMnPdOx_pre,39.84,187.677
InMnPdOx_pre,39.85,181.042
InMnPdOx_pre,39.86,174.655
InMnPdOx_pre,39.87,164.545
InMnPdOx_pre,39.88,159.331
InMnPdOx_pre,39.89,151.644
InMnPdOx_pre,39.9,144.276
InMnPdOx_pre,39.91,140.509
InMnPdOx_pre,39.92,132.959
InMnPdOx_pre,39.93,128.07
InMnPdOx_pre,39.94,124.488
InMnPdOx_pre,39.95,116.87
InMnPdOx_pre,39.96,113.065
InMnPdOx_pre,39.97,109.163
InMnPdOx_pre,39.98,103.574
InMnPdOx_pre,39.99,100.963
InMnPdOx_pre,40.0,96.625
InMnPdOx_pre,40.01,92.576
InMnPdOx_pre,40.02,90.629
InMnPdOx_pre,40.03,86.625
InMnPdOx_pre,40.04,83.344
InMnPdOx_pre,40.05,81.201
InMnPdOx_pre,40.06,76.754
InMnPdOx_pre,40.07,74.369
InMnPdOx_pre,40.08,72.208
InMnPdOx_pre,40.09,69.22
InMnPdOx_pre,40.1,67.812
InMnPdOx_pre,40.11,65.12
InMnPdOx_pre,40.12,62.708
InMnPdOx_pre,40.13,61.568
InMnPdOx_pre,40.14,58.972
InMnPdOx_pre,40.15,56.971
InMnPdOx_pre,40.16,55.722
InMnPdOx_pre,40.17,53.689
InMnPdOx_pre,40.18,52.674
InMnPdOx_pre,40.19,51.131
InMnPdOx_pre,40.2,49.074
InMnPdOx_pre,40.21,48.081
InMnPdOx_pre,40.22,46.845
InMnPdOx_pre,40.23,45.149
InMnPdOx_pre,40.24,44.349
InMnPdOx_pre,40.25,42.674
InMnPdOx_pre,40.26,41.497
InMnPdOx_pre,40.27,40.575
InMnPdOx_pre,40.28,38.972
InMnPdOx_pre,40.29,38.284
InMnPdOx_pre,40.3,37.405
InMnPdOx_pre,40.31,36.049
InMnPdOx_pre,40.32,35.414
InMnPdOx_pre,40.33,34.57
InMnPdOx_pre,40.34,33.789
InMnPdOx_pre,40.35,33.249
InMnPdOx_pre,40.36,32.289
InMnPdOx_pre,40.37,31.507
InMnPdOx_pre,40.38,30.981
InMnPdOx_pre,40.39,29.797
InMnPdOx_pre,40.4,29.12
InMnPdOx_pre,40.41,28.505
InMnPdOx_pre,40.42,27.877
InMnPdOx_pre,40.43,27.466
InMnPdOx_pre,40.44,26.847
InMnPdOx_pre,40.45,26.188
InMnPdOx_pre,40.46,25.792
InMnPdOx_pre,40.47,24.996
InMnPdOx_pre,40.48,24.37
InMnPdOx_pre,40.49,23.852
InMnPdOx_pre,40.5,22.985
InMnPdOx_pre,40.51,22.545
InMnPdOx_pre,40.52,22.229
InMnPdOx_pre,40.53,21.877
InMnPdOx_pre,40.54,21.585
InMnPdOx_pre,40.55,20.968
InMnPdOx_pre,40.56,20.58
InMnPdOx_pre,40.57,20.519
InMnPdOx_pre,40.58,20.169
InMnPdOx_pre,40.59,19.656
InMnPdOx_pre,40.6,19.393
InMnPdOx_pre,40.61,18.952
InMnPdOx_pre,40.62,18.627
InMnPdOx_pre,40.63,18.126
InMnPdOx_pre,40.64,17.613
InMnPdOx_pre,40.65,17.527
InMnPdOx_pre,40.66,17.156
InMnPdOx_pre,40.67,16.792
InMnPdOx_pre,40.68,16.486
InMnPdOx_pre,40.69,16.043
InMnPdOx_pre,40.7,15.607
InMnPdOx_pre,40.71,15.431
InMnPdOx_pre,40.72,15.155
InMnPdOx_pre,40.73,15.075
InMnPdOx_pre,40.74,14.843
InMnPdOx_pre,40.75,14.654
InMnPdOx_pre,40.76,14.391
InMnPdOx_pre,40.77,14.154
InMnPdOx_pre,40.78,13.768
InMnPdOx_pre,40.79,13.616
InMnPdOx_pre,40.8,13.262
InMnPdOx_pre,40.81,13.008
InMnPdOx_pre,40.82,12.8
InMnPdOx_pre,40.83,12.541
InMnPdOx_pre,40.84,12.369
InMnPdOx_pre,40.85,12.276
InMnPdOx_pre,40.86,12.065
InMnPdOx_pre,40.87,11.949
InMnPdOx_pre,40.88,11.632
InMnPdOx_pre,40.89,11.381
InMnPdOx_pre,40.9,11.212
InMnPdOx_pre,40.91,11.114
InMnPdOx_pre,40.92,10.966
InMnPdOx_pre,40.93,10.886
InMnPdOx_pre,40.94,10.595
InMnPdOx_pre,40.95,10.363
InMnPdOx_pre,40.96,10.132
InMnPdOx_pre,40.97,10.039
InMnPdOx_pre,40.98,9.996
InMnPdOx_pre,40.99,9.968
InMnPdOx_pre,41.0,9.795
InMnPdOx_pre,41.01,9.585
InMnPdOx_pre,41.02,9.35
InMnPdOx_pre,41.03,9.289
InMnPdOx_pre,41.04,9.363
InMnPdOx_pre,41.05,9.194
InMnPdOx_pre,41.06,9.061
InMnPdOx_pre,41.07,8.814
InMnPdOx_pre,41.08,8.649
InMnPdOx_pre,41.09,8.529
InMnPdOx_pre,41.1,8.521
InMnPdOx_pre,41.11,8.509
InMnPdOx_pre,41.12,8.409
InMnPdOx_pre,41.13,8.17
InMnPdOx_pre,41.14,7.928
InMnPdOx_pre,41.15,7.854
InMnPdOx_pre,41.16,7.801
InMnPdOx_pre,41.17,7.796
InMnPdOx_pre,41.18,7.693
InMnPdOx_pre,41.19,7.568
InMnPdOx_pre,41.2,7.555
InMnPdOx_pre,41.21,7.56
InMnPdOx_pre,41.22,7.422
InMnPdOx_pre,41.23,7.265
InMnPdOx_pre,41.24,7.146
InMnPdOx_pre,41.25,6.973
InMnPdOx_pre,41.26,6.909
InMnPdOx_pre,41.27,6.927
InMnPdOx_pre,41.28,6.784
InMnPdOx_pre,41.29,6.622
InMnPdOx_pre,41.3,6.355
InMnPdOx_pre,41.31,6.316
InMnPdOx_pre,41.32,6.383
InMnPdOx_pre,41.33,6.427
InMnPdOx_pre,41.34,6.437
InMnPdOx_pre,41.35,6.368
InMnPdOx_pre,41.36,6.268
InMnPdOx_pre,41.37,6.103
InMnPdOx_pre,41.38,5.926
InMnPdOx_pre,41.39,5.84
InMnPdOx_pre,41.4,5.885
InMnPdOx_pre,41.41,5.886
InMnPdOx_pre,41.42,5.773
InMnPdOx_pre,41.43,5.768
InMnPdOx_pre,41.44,5.832
InMnPdOx_pre,41.45,5.8
InMnPdOx_pre,41.46,5.789
InMnPdOx_pre,41.47,5.692
InMnPdOx_pre,41.48,5.754
InMnPdOx_pre,41.49,5.731
InMnPdOx_pre,41.5,5.571
InMnPdOx_pre,41.51,5.418
InMnPdOx_pre,41.52,5.316
InMnPdOx_pre,41.53,5.39
InMnPdOx_pre,41.54,5.427
InMnPdOx_pre,41.55,5.343
InMnPdOx_pre,41.56,5.288
InMnPdOx_pre,41.57,5.324
InMnPdOx_pre,41.58,5.295
InMnPdOx_pre,41.59,5.084
InMnPdOx_pre,41.6,4.927
InMnPdOx_pre,41.61,4.93
InMnPdOx_pre,41.62,5.035
InMnPdOx_pre,41.63,5.021
InMnPdOx_pre,41.64,4.894
InMnPdOx_pre,41.65,4.863
InMnPdOx_pre,41.66,4.829
InMnPdOx_pre,41.67,4.825
InMnPdOx_pre,41.68,4.739
InMnPdOx_pre,41.69,4.628
InMnPdOx_pre,41.7,4.678
InMnPdOx_pre,41.71,4.75
InMnPdOx_pre,41.72,4.737
InMnPdOx_pre,41.73,4.658
InMnPdOx_pre,41.74,4.651
InMnPdOx_pre,41.75,4.71
InMnPdOx_pre,41.76,4.733
InMnPdOx_pre,41.77,4.606
InMnPdOx_pre,41.78,4.374
InMnPdOx_pre,41.79,4.334
InMnPdOx_pre,41.8,4.459
InMnPdOx_pre,41.81,4.509
InMnPdOx_pre,41.82,4.495
InMnPdOx_pre,41.83,4.434
InMnPdOx_pre,41.84,4.415
InMnPdOx_pre,41.85,4.307
InMnPdOx_pre,41.86,4.201
InMnPdOx_pre,41.87,4.187
InMnPdOx_pre,41.88,4.203
InMnPdOx_pre,41.89,4.244
InMnPdOx_pre,41.9,4.157
InMnPdOx_pre,41.91,4.101
InMnPdOx_pre,41.92,4.125
InMnPdOx_pre,41.93,4.138
InMnPdOx_pre,41.94,4.188
InMnPdOx_pre,41.95,4.165
InMnPdOx_pre,41.96,4.105
InMnPdOx_pre,41.97,3.944
InMnPdOx_pre,41.98,3.965
InMnPdOx_pre,41.99,4.021
InMnPdOx_pre,42.0,4.067
InMnPdOx_pre,42.01,4.039
InMnPdOx_pre,42.02,3.974
InMnPdOx_pre,42.03,3.917
InMnPdOx_pre,42.04,3.939
InMnPdOx_pre,42.05,3.922
InMnPdOx_pre,42.06,3.919
InMnPdOx_pre,42.07,3.889
InMnPdOx_pre,42.08,3.884
InMnPdOx_pre,42.09,3.868
InMnPdOx_pre,42.1,3.915
InMnPdOx_pre,42.11,3.987
InMnPdOx_pre,42.12,4.059
InMnPdOx_pre,42.13,4.022
InMnPdOx_pre,42.14,3.955
InMnPdOx_pre,42.15,3.928
InMnPdOx_pre,42.16,3.813
InMnPdOx_pre,42.17,3.8
InMnPdOx_pre,42.18,3.786
InMnPdOx_pre,42.19,3.732
InMnPdOx_pre,42.2,3.783
InMnPdOx_pre,42.21,3.79
InMnPdOx_pre,42.22,3.728
InMnPdOx_pre,42.23,3.577
InMnPdOx_pre,42.24,3.562
InMnPdOx_pre,42.25,3.567
InMnPdOx_pre,42.26,3.491
InMnPdOx_pre,42.27,3.436
InMnPdOx_pre,42.28,3.483
InMnPdOx_pre,42.29,3.437
InMnPdOx_pre,42.3,3.523
InMnPdOx_pre,42.31,3.555
InMnPdOx_pre,42.32,3.648
InMnPdOx_pre,42.33,3.611
InMnPdOx_pre,42.34,3.423
InMnPdOx_pre,42.35,3.315
InMnPdOx_pre,42.36,3.298
InMnPdOx_pre,42.37,3.43
InMnPdOx_pre,42.38,3.557
InMnPdOx_pre,42.39,3.604
InMnPdOx_pre,42.4,3.524
InMnPdOx_pre,42.41,3.493
InMnPdOx_pre,42.42,3.461
InMnPdOx_pre,42.43,3.484
InMnPdOx_pre,42.44,3.547
InMnPdOx_pre,42.45,3.574
InMnPdOx_pre,42.46,3.529
InMnPdOx_pre,42.47,3.366
InMnPdOx_pre,42.48,3.311
InMnPdOx_pre,42.49,3.338
InMnPdOx_pre,42.5,3.353
InMnPdOx_pre,42.51,3.351
InMnPdOx_pre,42.52,3.273
InMnPdOx_pre,42.53,3.256
InMnPdOx_pre,42.54,3.315
InMnPdOx_pre,42.55,3.372
InMnPdOx_pre,42.56,3.364
InMnPdOx_pre,42.57,3.277
InMnPdOx_pre,42.58,3.271
InMnPdOx_pre,42.59,3.23
InMnPdOx_pre,42.6,3.244
InMnPdOx_pre,42.61,3.223
InMnPdOx_pre,42.62,3.275
InMnPdOx_pre,42.63,3.268
InMnPdOx_pre,42.64,3.244
InMnPdOx_pre,42.65,3.147
InMnPdOx_pre,42.66,3.169
InMnPdOx_pre,42.67,3.189
InMnPdOx_pre,42.68,3.254
InMnPdOx_pre,42.69,3.106
InMnPdOx_pre,42.7,3.142
InMnPdOx_pre,42.71,3.149
InMnPdOx_pre,42.72,3.316
InMnPdOx_pre,42.73,3.229
InMnPdOx_pre,42.74,3.048
InMnPdOx_pre,42.75,3.007
InMnPdOx_pre,42.76,3.114
InMnPdOx_pre,42.77,3.306
InMnPdOx_pre,42.78,3.246
InMnPdOx_pre,42.79,3.213
InMnPdOx_pre,42.8,3.203
InMnPdOx_pre,42.81,3.153
InMnPdOx_pre,42.82,3.106
InMnPdOx_pre,42.83,3.085
InMnPdOx_pre,42.84,3.279
InMnPdOx_pre,42.85,3.306
InMnPdOx_pre,42.86,3.194
InMnPdOx_pre,42.87,3.026
InMnPdOx_pre,42.88,2.98
InMnPdOx_pre,42.89,2.956
InMnPdOx_pre,42.9,3.028
InMnPdOx_pre,42.91,3.079
InMnPdOx_pre,42.92,3.13
InMnPdOx_pre,42.93,3.091
InMnPdOx_pre,42.94,3.025
InMnPdOx_pre,42.95,3.024
InMnPdOx_pre,42.96,3.04
InMnPdOx_pre,42.97,2.982
InMnPdOx_pre,42.98,2.931
InMnPdOx_pre,42.99,2.924
InMnPdOx_pre,43.0,3.059
InMnPdOx_pre,43.01,3.039
InMnPdOx_pre,43.02,2.971
InMnPdOx_pre,43.03,2.867
InMnPdOx_pre,43.04,2.939
InMnPdOx_pre,43.05,3.052
InMnPdOx_pre,43.06,3.05
InMnPdOx_pre,43.07,3.009
InMnPdOx_pre,43.08,3.007
InMnPdOx_pre,43.09,3.08
InMnPdOx_pre,43.1,3.043
InMnPdOx_pre,43.11,3.031
InMnPdOx_pre,43.12,3.003
InMnPdOx_pre,43.13,2.951
InMnPdOx_pre,43.14,2.858
InMnPdOx_pre,43.15,2.901
InMnPdOx_pre,43.16,2.987
InMnPdOx_pre,43.17,3.102
InMnPdOx_pre,43.18,3.063
InMnPdOx_pre,43.19,2.953
InMnPdOx_pre,43.2,2.843
InMnPdOx_pre,43.21,2.812
InMnPdOx_pre,43.22,2.881
InMnPdOx_pre,43.23,2.904
InMnPdOx_pre,43.24,2.97
InMnPdOx_pre,43.25,2.995
InMnPdOx_pre,43.26,2.979
InMnPdOx_pre,43.27,2.905
InMnPdOx_pre,43.28,2.832
InMnPdOx_pre,43.29,2.816
InMnPdOx_pre,43.3,2.781
InMnPdOx_pre,43.31,2.789
InMnPdOx_pre,43.32,2.776
InMnPdOx_pre,43.33,2.762
InMnPdOx_pre,43.34,2.725
InMnPdOx_pre,43.35,2.759
InMnPdOx_pre,43.36,2.764
InMnPdOx_pre,43.37,2.783
InMnPdOx_pre,43.38,2.804
InMnPdOx_pre,43.39,2.941
InMnPdOx_pre,43.4,3.034
InMnPdOx_pre,43.41,3.046
InMnPdOx_pre,43.42,2.869
InMnPdOx_pre,43.43,2.79
InMnPdOx_pre,43.44,2.707
InMnPdOx_pre,43.45,2.724
InMnPdOx_pre,43.46,2.728
InMnPdOx_pre,43.47,2.778
InMnPdOx_pre,43.48,2.764
InMnPdOx_pre,43.49,2.815
InMnPdOx_pre,43.5,2.908
InMnPdOx_pre,43.51,2.912
InMnPdOx_pre,43.52,2.817
InMnPdOx_pre,43.53,2.748
InMnPdOx_pre,43.54,2.775
InMnPdOx_pre,43.55,2.816
InMnPdOx_pre,43.56,2.832
InMnPdOx_pre,43.57,2.759
InMnPdOx_pre,43.58,2.717
InMnPdOx_pre,43.59,2.735
InMnPdOx_pre,43.6,2.7
InMnPdOx_pre,43.61,2.678
InMnPdOx_pre,43.62,2.693
InMnPdOx_pre,43.63,2.716
InMnPdOx_pre,43.64,2.675
InMnPdOx_pre,43.65,2.64
InMnPdOx_pre,43.66,2.67
InMnPdOx_pre,43.67,2.743
InMnPdOx_pre,43.68,2.751
InMnPdOx_pre,43.69,2.697
InMnPdOx_pre,43.7,2.651
InMnPdOx_pre,43.71,2.65
InMnPdOx_pre,43.72,2.686
InMnPdOx_pre,43.73,2.681
InMnPdOx_pre,43.74,2.738
InMnPdOx_pre,43.75,2.785
InMnPdOx_pre,43.76,2.8
InMnPdOx_pre,43.77,2.8
InMnPdOx_pre,43.78,2.718
InMnPdOx_pre,43.79,2.793
InMnPdOx_pre,43.8,2.713
InMnPdOx_pre,43.81,2.707
InMnPdOx_pre,43.82,2.661
InMnPdOx_pre,43.83,2.748
InMnPdOx_pre,43.84,2.743
InMnPdOx_pre,43.85,2.736
InMnPdOx_pre,43.86,2.615
InMnPdOx_pre,43.87,2.48
InMnPdOx_pre,43.88,2.454
InMnPdOx_pre,43.89,2.57
InMnPdOx_pre,43.9,2.659
InMnPdOx_pre,43.91,2.628
InMnPdOx_pre,43.92,2.705
InMnPdOx_pre,43.93,2.707
InMnPdOx_pre,43.94,2.717
InMnPdOx_pre,43.95,2.661
InMnPdOx_pre,43.96,2.648
InMnPdOx_pre,43.97,2.664
InMnPdOx_pre,43.98,2.692
InMnPdOx_pre,43.99,2.706
InMnPdOx_pre,44.0,2.696
InMnPdOx_pre,44.01,2.682
InMnPdOx_pre,44.02,2.699
InMnPdOx_pre,44.03,2.662
InMnPdOx_pre,44.04,2.752
InMnPdOx_pre,44.05,2.802
InMnPdOx_pre,44.06,2.716
InMnPdOx_pre,44.07,2.679
InMnPdOx_pre,44.08,2.688
InMnPdOx_pre,44.09,2.722
InMnPdOx_pre,44.1,2.631
InMnPdOx_pre,44.11,2.595
InMnPdOx_pre,44.12,2.613
InMnPdOx_pre,44.13,2.637
InMnPdOx_pre,44.14,2.652
InMnPdOx_pre,44.15,2.703
InMnPdOx_pre,44.16,2.754
InMnPdOx_pre,44.17,2.768
InMnPdOx_pre,44.18,2.759
InMnPdOx_pre,44.19,2.828
InMnPdOx_pre,44.2,2.873
InMnPdOx_pre,44.21,2.879
InMnPdOx_pre,44.22,2.729
InMnPdOx_pre,44.23,2.727
InMnPdOx_pre,44.24,2.608
InMnPdOx_pre,44.25,2.591
InMnPdOx_pre,44.26,2.459
InMnPdOx_pre,44.27,2.519
InMnPdOx_pre,44.28,2.586
InMnPdOx_pre,44.29,2.619
InMnPdOx_pre,44.3,2.64
InMnPdOx_pre,44.31,2.725
InMnPdOx_pre,44.32,2.791
InMnPdOx_pre,44.33,2.743
InMnPdOx_pre,44.34,2.611
InMnPdOx_pre,44.35,2.566
InMnPdOx_pre,44.36,2.576
InMnPdOx_pre,44.37,2.618
InMnPdOx_pre,44.38,2.668
InMnPdOx_pre,44.39,2.719
InMnPdOx_pre,44.4,2.795
InMnPdOx_pre,44.41,2.733
InMnPdOx_pre,44.42,2.668
InMnPdOx_pre,44.43,2.654
InMnPdOx_pre,44.44,2.719
InMnPdOx_pre,44.45,2.668
InMnPdOx_pre,44.46,2.634
InMnPdOx_pre,44.47,2.669
InMnPdOx_pre,44.48,2.636
InMnPdOx_pre,44.49,2.645
InMnPdOx_pre,44.5,2.678
InMnPdOx_pre,44.51,2.675
InMnPdOx_pre,44.52,2.596
InMnPdOx_pre,44.53,2.636
InMnPdOx_pre,44.54,2.763
InMnPdOx_pre,44.55,2.731
InMnPdOx_pre,44.56,2.71
InMnPdOx_pre,44.57,2.696
InMnPdOx_pre,44.58,2.769
InMnPdOx_pre,44.59,2.699
InMnPdOx_pre,44.6,2.715
InMnPdOx_pre,44.61,2.676
InMnPdOx_pre,44.62,2.679
InMnPdOx_pre,44.63,2.596
InMnPdOx_pre,44.64,2.605
InMnPdOx_pre,44.65,2.643
InMnPdOx_pre,44.66,2.751
InMnPdOx_pre,44.67,2.791
InMnPdOx_pre,44.68,2.763
InMnPdOx_pre,44.69,2.691
InMnPdOx_pre,44.7,2.64
InMnPdOx_pre,44.71,2.589
InMnPdOx_pre,44.72,2.571
InMnPdOx_pre,44.73,2.624
InMnPdOx_pre,44.74,2.664
InMnPdOx_pre,44.75,2.698
InMnPdOx_pre,44.76,2.655
InMnPdOx_pre,44.77,2.695
InMnPdOx_pre,44.78,2.687
InMnPdOx_pre,44.79,2.711
InMnPdOx_pre,44.8,2.714
InMnPdOx_pre,44.81,2.825
InMnPdOx_pre,44.82,2.749
InMnPdOx_pre,44.83,2.641
InMnPdOx_pre,44.84,2.585
InMnPdOx_pre,44.85,2.675
InMnPdOx_pre,44.86,2.698
InMnPdOx_pre,44.87,2.627
InMnPdOx_pre,44.88,2.591
InMnPdOx_pre,44.89,2.635
InMnPdOx_pre,44.9,2.73
InMnPdOx_pre,44.91,2.734
InMnPdOx_pre,44.92,2.681
InMnPdOx_pre,44.93,2.711
InMnPdOx_pre,44.94,2.782
InMnPdOx_pre,44.95,2.818
InMnPdOx_pre,44.96,2.725
InMnPdOx_pre,44.97,2.644
InMnPdOx_pre,44.98,2.612
InMnPdOx_pre,44.99,2.591
InMnPdOx_pre,45.0,2.685
InMnPdOx_pre,45.01,2.671
InMnPdOx_pre,45.02,2.807
InMnPdOx_pre,45.03,2.736
InMnPdOx_pre,45.04,2.702
InMnPdOx_pre,45.05,2.687
InMnPdOx_pre,45.06,2.67
InMnPdOx_pre,45.07,2.674
InMnPdOx_pre,45.08,2.607
InMnPdOx_pre,45.09,2.662
InMnPdOx_pre,45.1,2.629
InMnPdOx_pre,45.11,2.687
InMnPdOx_pre,45.12,2.71
InMnPdOx_pre,45.13,2.766
InMnPdOx_pre,45.14,2.835
InMnPdOx_pre,45.15,2.873
InMnPdOx_pre,45.16,2.797
InMnPdOx_pre,45.17,2.661
InMnPdOx_pre,45.18,2.567
InMnPdOx_pre,45.19,2.582
InMnPdOx_pre,45.2,2.713
InMnPdOx_pre,45.21,2.744
InMnPdOx_pre,45.22,2.576
InMnPdOx_pre,45.23,2.572
InMnPdOx_pre,45.24,2.684
InMnPdOx_pre,45.25,2.775
InMnPdOx_pre,45.26,2.719
InMnPdOx_pre,45.27,2.686
InMnPdOx_pre,45.28,2.64
InMnPdOx_pre,45.29,2.568
InMnPdOx_pre,45.3,2.53
InMnPdOx_pre,45.31,2.589
InMnPdOx_pre,45.32,2.644
InMnPdOx_pre,45.33,2.596
InMnPdOx_pre,45.34,2.567
InMnPdOx_pre,45.35,2.503
InMnPdOx_pre,45.36,2.484
InMnPdOx_pre,45.37,2.54
InMnPdOx_pre,45.38,2.601
InMnPdOx_pre,45.39,2.588
InMnPdOx_pre,45.4,2.588
InMnPdOx_pre,45.41,2.656
InMnPdOx_pre,45.42,2.63
InMnPdOx_pre,45.43,2.62
InMnPdOx_pre,45.44,2.631
InMnPdOx_pre,45.45,2.595
InMnPdOx_pre,45.46,2.57
InMnPdOx_pre,45.47,2.621
InMnPdOx_pre,45.48,2.73
InMnPdOx_pre,45.49,2.719
InMnPdOx_pre,45.5,2.712
InMnPdOx_pre,45.51,2.651
InMnPdOx_pre,45.52,2.62
InMnPdOx_pre,45.53,2.594
InMnPdOx_pre,45.54,2.604
InMnPdOx_pre,45.55,2.512
InMnPdOx_pre,45.56,2.485
InMnPdOx_pre,45.57,2.565
InMnPdOx_pre,45.58,2.632
InMnPdOx_pre,45.59,2.581
InMnPdOx_pre,45.6,2.612
InMnPdOx_pre,45.61,2.644
InMnPdOx_pre,45.62,2.66
InMnPdOx_pre,45.63,2.533
InMnPdOx_pre,45.64,2.613
InMnPdOx_pre,45.65,2.65
InMnPdOx_pre,45.66,2.635
InMnPdOx_pre,45.67,2.533
InMnPdOx_pre,45.68,2.546
InMnPdOx_pre,45.69,2.599
InMnPdOx_pre,45.7,2.683
InMnPdOx_pre,45.71,2.606
InMnPdOx_pre,45.72,2.609
InMnPdOx_pre,45.73,2.535
InMnPdOx_pre,45.74,2.52
InMnPdOx_pre,45.75,2.389
InMnPdOx_pre,45.76,2.432
InMnPdOx_pre,45.77,2.516
InMnPdOx_pre,45.78,2.595
InMnPdOx_pre,45.79,2.497
InMnPdOx_pre,45.8,2.388
InMnPdOx_pre,45.81,2.389
InMnPdOx_pre,45.82,2.443
InMnPdOx_pre,45.83,2.478
InMnPdOx_pre,45.84,2.405
InMnPdOx_pre,45.85,2.432
InMnPdOx_pre,45.86,2.515
InMnPdOx_pre,45.87,2.526
InMnPdOx_pre,45.88,2.47
InMnPdOx_pre,45.89,2.502
InMnPdOx_pre,45.9,2.558
InMnPdOx_pre,45.91,2.537
InMnPdOx_pre,45.92,2.469
InMnPdOx_pre,45.93,2.509
InMnPdOx_pre,45.94,2.627
InMnPdOx_pre,45.95,2.682
InMnPdOx_pre,45.96,2.611
InMnPdOx_pre,45.97,2.518
InMnPdOx_pre,45.98,2.55
InMnPdOx_pre,45.99,2.596
InMnPdOx_pre,46.0,2.541
InMnPdOx_pre,46.01,2.497
InMnPdOx_pre,46.02,2.479
InMnPdOx_pre,46.03,2.518
InMnPdOx_pre,46.04,2.563
InMnPdOx_pre,46.05,2.556
InMnPdOx_pre,46.06,2.464
InMnPdOx_pre,46.07,2.301
InMnPdOx_pre,46.08,2.263
InMnPdOx_pre,46.09,2.312
InMnPdOx_pre,46.1,2.391
InMnPdOx_pre,46.11,2.463
InMnPdOx_pre,46.12,2.496
InMnPdOx_pre,46.13,2.446
InMnPdOx_pre,46.14,2.44
InMnPdOx_pre,46.15,2.402
InMnPdOx_pre,46.16,2.375
InMnPdOx_pre,46.17,2.313
InMnPdOx_pre,46.18,2.317
InMnPdOx_pre,46.19,2.263
InMnPdOx_pre,46.2,2.341
InMnPdOx_pre,46.21,2.371
InMnPdOx_pre,46.22,2.554
InMnPdOx_pre,46.23,2.528
InMnPdOx_pre,46.24,2.508
InMnPdOx_pre,46.25,2.371
InMnPdOx_pre,46.26,2.318
InMnPdOx_pre,46.27,2.298
InMnPdOx_pre,46.28,2.323
InMnPdOx_pre,46.29,2.372
InMnPdOx_pre,46.3,2.349
InMnPdOx_pre,46.31,2.436
InMnPdOx_pre,46.32,2.477
InMnPdOx_pre,46.33,2.488
InMnPdOx_pre,46.34,2.401
InMnPdOx_pre,46.35,2.327
InMnPdOx_pre,46.36,2.31
InMnPdOx_pre,46.37,2.355
InMnPdOx_pre,46.38,2.449
InMnPdOx_pre,46.39,2.46
InMnPdOx_pre,46.4,2.45
InMnPdOx_pre,46.41,2.486
InMnPdOx_pre,46.42,2.511
InMnPdOx_pre,46.43,2.503
InMnPdOx_pre,46.44,2.461
InMnPdOx_pre,46.45,2.441
InMnPdOx_pre,46.46,2.322
InMnPdOx_pre,46.47,2.296
InMnPdOx_pre,46.48,2.256
InMnPdOx_pre,46.49,2.318
InMnPdOx_pre,46.5,2.391
InMnPdOx_pre,46.51,2.456
InMnPdOx_pre,46.52,2.412
InMnPdOx_pre,46.53,2.291
InMnPdOx_pre,46.54,2.277
InMnPdOx_pre,46.55,2.29
InMnPdOx_pre,46.56,2.296
InMnPdOx_pre,46.57,2.275
InMnPdOx_pre,46.58,2.284
InMnPdOx_pre,46.59,2.356
InMnPdOx_pre,46.6,2.364
InMnPdOx_pre,46.61,2.384
InMnPdOx_pre,46.62,2.389
InMnPdOx_pre,46.63,2.356
InMnPdOx_pre,46.64,2.297
InMnPdOx_pre,46.65,2.282
InMnPdOx_pre,46.66,2.408
InMnPdOx_pre,46.67,2.483
InMnPdOx_pre,46.68,2.433
InMnPdOx_pre,46.69,2.404
InMnPdOx_pre,46.7,2.325
InMnPdOx_pre,46.71,2.384
InMnPdOx_pre,46.72,2.385
InMnPdOx_pre,46.73,2.385
InMnPdOx_pre,46.74,2.326
InMnPdOx_pre,46.75,2.297
InMnPdOx_pre,46.76,2.272
InMnPdOx_pre,46.77,2.325
InMnPdOx_pre,46.78,2.371
InMnPdOx_pre,46.79,2.389
InMnPdOx_pre,46.8,2.286
InMnPdOx_pre,46.81,2.262
InMnPdOx_pre,46.82,2.377
InMnPdOx_pre,46.83,2.475
InMnPdOx_pre,46.84,2.495
InMnPdOx_pre,46.85,2.372
InMnPdOx_pre,46.86,2.321
InMnPdOx_pre,46.87,2.239
InMnPdOx_pre,46.88,2.211
InMnPdOx_pre,46.89,2.24
InMnPdOx_pre,46.9,2.338
InMnPdOx_pre,46.91,2.297
InMnPdOx_pre,46.92,2.263
InMnPdOx_pre,46.93,2.314
InMnPdOx_pre,46.94,2.393
InMnPdOx_pre,46.95,2.364
InMnPdOx_pre,46.96,2.303
InMnPdOx_pre,46.97,2.315
InMnPdOx_pre,46.98,2.329
InMnPdOx_pre,46.99,2.28
InMnPdOx_pre,47.0,2.263
InMnPdOx_pre,47.01,2.221
InMnPdOx_pre,47.02,2.287
InMnPdOx_pre,47.03,2.322
InMnPdOx_pre,47.04,2.381
InMnPdOx_pre,47.05,2.377
InMnPdOx_pre,47.06,2.317
InMnPdOx_pre,47.07,2.238
InMnPdOx_pre,47.08,2.243
InMnPdOx_pre,47.09,2.337
InMnPdOx_pre,47.1,2.504
InMnPdOx_pre,47.11,2.535
InMnPdOx_pre,47.12,2.464
InMnPdOx_pre,47.13,2.301
InMnPdOx_pre,47.14,2.21
InMnPdOx_pre,47.15,2.213
InMnPdOx_pre,47.16,2.21
InMnPdOx_pre,47.17,2.309
InMnPdOx_pre,47.18,2.295
InMnPdOx_pre,47.19,2.229
InMnPdOx_pre,47.2,2.156
InMnPdOx_pre,47.21,2.274
InMnPdOx_pre,47.22,2.352
InMnPdOx_pre,47.23,2.37
InMnPdOx_pre,47.24,2.371
InMnPdOx_pre,47.25,2.421
InMnPdOx_pre,47.26,2.407
InMnPdOx_pre,47.27,2.331
InMnPdOx_pre,47.28,2.221
InMnPdOx_pre,47.29,2.16
InMnPdOx_pre,47.3,2.119
InMnPdOx_pre,47.31,2.168
InMnPdOx_pre,47.32,2.175
InMnPdOx_pre,47.33,2.24
InMnPdOx_pre,47.34,2.262
InMnPdOx_pre,47.35,2.256
InMnPdOx_pre,47.36,2.146
InMnPdOx_pre,47.37,2.09
InMnPdOx_pre,47.38,2.082
InMnPdOx_pre,47.39,2.199
InMnPdOx_pre,47.4,2.303
InMnPdOx_pre,47.41,2.317
InMnPdOx_pre,47.42,2.232
InMnPdOx_pre,47.43,2.182
InMnPdOx_pre,47.44,2.268
InMnPdOx_pre,47.45,2.301
InMnPdOx_pre,47.46,2.23
InMnPdOx_pre,47.47,2.149
InMnPdOx_pre,47.48,2.182
InMnPdOx_pre,47.49,2.24
InMnPdOx_pre,47.5,2.243
InMnPdOx_pre,47.51,2.201
InMnPdOx_pre,47.52,2.227
InMnPdOx_pre,47.53,2.301
InMnPdOx_pre,47.54,2.391
InMnPdOx_pre,47.55,2.381
InMnPdOx_pre,47.56,2.352
InMnPdOx_pre,47.57,2.323
InMnPdOx_pre,47.58,2.35
InMnPdOx_pre,47.59,2.383
InMnPdOx_pre,47.6,2.339
InMnPdOx_pre,47.61,2.244
InMnPdOx_pre,47.62,2.184
InMnPdOx_pre,47.63,2.177
InMnPdOx_pre,47.64,2.216
InMnPdOx_pre,47.65,2.209
InMnPdOx_pre,47.66,2.195
InMnPdOx_pre,47.67,2.138
InMnPdOx_pre,47.68,2.146
InMnPdOx_pre,47.69,2.223
InMnPdOx_pre,47.7,2.352
InMnPdOx_pre,47.71,2.377
InMnPdOx_pre,47.72,2.271
InMnPdOx_pre,47.73,2.282
InMnPdOx_pre,47.74,2.282
InMnPdOx_pre,47.75,2.337
InMnPdOx_pre,47.76,2.255
InMnPdOx_pre,47.77,2.282
InMnPdOx_pre,47.78,2.228
InMnPdOx_pre,47.79,2.213
InMnPdOx_pre,47.8,2.171
InMnPdOx_pre,47.81,2.107
InMnPdOx_pre,47.82,2.197
InMnPdOx_pre,47.83,2.199
InMnPdOx_pre,47.84,2.237
InMnPdOx_pre,47.85,2.199
InMnPdOx_pre,47.86,2.259
InMnPdOx_pre,47.87,2.284
InMnPdOx_pre,47.88,2.303
InMnPdOx_pre,47.89,2.327
InMnPdOx_pre,47.9,2.346
InMnPdOx_pre,47.91,2.393
InMnPdOx_pre,47.92,2.366
InMnPdOx_pre,47.93,2.349
InMnPdOx_pre,47.94,2.271
InMnPdOx_pre,47.95,2.228
InMnPdOx_pre,47.96,2.183
InMnPdOx_pre,47.97,2.207
InMnPdOx_pre,47.98,2.147
InMnPdOx_pre,47.99,2.159
InMnPdOx_pre,48.0,2.125
InMnPdOx_pre,48.01,2.238
InMnPdOx_pre,48.02,2.285
InMnPdOx_pre,48.03,2.344
InMnPdOx_pre,48.04,2.26
InMnPdOx_pre,48.05,2.183
InMnPdOx_pre,48.06,2.231
InMnPdOx_pre,48.07,2.286
InMnPdOx_pre,48.08,2.299
InMnPdOx_pre,48.09,2.291
InMnPdOx_pre,48.1,2.337
InMnPdOx_pre,48.11,2.299
InMnPdOx_pre,48.12,2.27
InMnPdOx_pre,48.13,2.238
InMnPdOx_pre,48.14,2.196
InMnPdOx_pre,48.15,2.075
InMnPdOx_pre,48.16,1.994
InMnPdOx_pre,48.17,2.011
InMnPdOx_pre,48.18,2.093
InMnPdOx_pre,48.19,2.144
InMnPdOx_pre,48.2,2.135
InMnPdOx_pre,48.21,2.136
InMnPdOx_pre,48.22,2.213
InMnPdOx_pre,48.23,2.255
InMnPdOx_pre,48.24,2.21
InMnPdOx_pre,48.25,2.216
InMnPdOx_pre,48.26,2.296
InMnPdOx_pre,48.27,2.344
InMnPdOx_pre,48.28,2.299
InMnPdOx_pre,48.29,2.323
InMnPdOx_pre,48.3,2.239
InMnPdOx_pre,48.31,2.18
InMnPdOx_pre,48.32,2.112
InMnPdOx_pre,48.33,2.172
InMnPdOx_pre,48.34,2.222
InMnPdOx_pre,48.35,2.256
InMnPdOx_pre,48.36,2.257
InMnPdOx_pre,48.37,2.239
InMnPdOx_pre,48.38,2.267
InMnPdOx_pre,48.39,2.217
InMnPdOx_pre,48.4,2.216
InMnPdOx_pre,48.41,2.117
InMnPdOx_pre,48.42,2.184
InMnPdOx_pre,48.43,2.251
InMnPdOx_pre,48.44,2.263
InMnPdOx_pre,48.45,2.174
InMnPdOx_pre,48.46,2.09
InMnPdOx_pre,48.47,2.097
InMnPdOx_pre,48.48,2.14
InMnPdOx_pre,48.49,2.276
InMnPdOx_pre,48.5,2.265
InMnPdOx_pre,48.51,2.198
InMnPdOx_pre,48.52,2.031
InMnPdOx_pre,48.53,2.15
InMnPdOx_pre,48.54,2.287
InMnPdOx_pre,48.55,2.394
InMnPdOx_pre,48.56,2.285
InMnPdOx_pre,48.57,2.159
InMnPdOx_pre,48.58,2.081
InMnPdOx_pre,48.59,2.114
InMnPdOx_pre,48.6,2.194
InMnPdOx_pre,48.61,2.201
InMnPdOx_pre,48.62,2.165
InMnPdOx_pre,48.63,2.144
InMnPdOx_pre,48.64,2.172
InMnPdOx_pre,48.65,2.144
InMnPdOx_pre,48.66,2.142
InMnPdOx_pre,48.67,2.165
InMnPdOx_pre,48.68,2.114
InMnPdOx_pre,48.69,2.162
InMnPdOx_pre,48.7,2.188
InMnPdOx_pre,48.71,2.235
InMnPdOx_pre,48.72,2.179
InMnPdOx_pre,48.73,2.207
InMnPdOx_pre,48.74,2.317
InMnPdOx_pre,48.75,2.332
InMnPdOx_pre,48.76,2.281
InMnPdOx_pre,48.77,2.262
InMnPdOx_pre,48.78,2.259
InMnPdOx_pre,48.79,2.236
InMnPdOx_pre,48.8,2.189
InMnPdOx_pre,48.81,2.155
InMnPdOx_pre,48.82,2.222
InMnPdOx_pre,48.83,2.263
InMnPdOx_pre,48.84,2.333
InMnPdOx_pre,48.85,2.284
InMnPdOx_pre,48.86,2.183
InMnPdOx_pre,48.87,2.114
InMnPdOx_pre,48.88,2.147
InMnPdOx_pre,48.89,2.152
InMnPdOx_pre,48.9,2.114
InMnPdOx_pre,48.91,2.038
InMnPdOx_pre,48.92,2.047
InMnPdOx_pre,48.93,2.06
InMnPdOx_pre,48.94,2.093
InMnPdOx_pre,48.95,2.09
InMnPdOx_pre,48.96,2.205
InMnPdOx_pre,48.97,2.368
InMnPdOx_pre,48.98,2.413
InMnPdOx_pre,48.99,2.305
InMnPdOx_pre,49.0,2.159
InMnPdOx_pre,49.01,2.162
InMnPdOx_pre,49.02,2.131
InMnPdOx_pre,49.03,2.182
InMnPdOx_pre,49.04,2.111
InMnPdOx_pre,49.05,2.046
InMnPdOx_pre,49.06,2.034
InMnPdOx_pre,49.07,2.178
InMnPdOx_pre,49.08,2.365
InMnPdOx_pre,49.09,2.418
InMnPdOx_pre,49.1,2.225
InMnPdOx_pre,49.11,2.139
InMnPdOx_pre,49.12,2.15
InMnPdOx_pre,49.13,2.197
InMnPdOx_pre,49.14,2.136
InMnPdOx_pre,49.15,2.048
InMnPdOx_pre,49.16,2.043
InMnPdOx_pre,49.17,2.088
InMnPdOx_pre,49.18,2.115
InMnPdOx_pre,49.19,2.194
InMnPdOx_pre,49.2,2.18
InMnPdOx_pre,49.21,2.17
InMnPdOx_pre,49.22,2.142
InMnPdOx_pre,49.23,2.234
InMnPdOx_pre,49.24,2.24
InMnPdOx_pre,49.25,2.259
InMnPdOx_pre,49.26,2.151
InMnPdOx_pre,49.27,2.183
InMnPdOx_pre,49.28,2.138
InMnPdOx_pre,49.29,2.126
InMnPdOx_pre,49.3,2.065
InMnPdOx_pre,49.31,2.084
InMnPdOx_pre,49.32,2.129
InMnPdOx_pre,49.33,2.175
InMnPdOx_pre,49.34,2.124
InMnPdOx_pre,49.35,2.076
InMnPdOx_pre,49.36,2.078
InMnPdOx_pre,49.37,2.242
InMnPdOx_pre,49.38,2.226
InMnPdOx_pre,49.39,2.187
InMnPdOx_pre,49.4,2.105
InMnPdOx_pre,49.41,2.15
InMnPdOx_pre,49.42,2.191
InMnPdOx_pre,49.43,2.255
InMnPdOx_pre,49.44,2.248
InMnPdOx_pre,49.45,2.194
InMnPdOx_pre,49.46,2.099
InMnPdOx_pre,49.47,2.079
InMnPdOx_pre,49.48,2.189
InMnPdOx_pre,49.49,2.346
InMnPdOx_pre,49.5,2.341
InMnPdOx_pre,49.51,2.273
InMnPdOx_pre,49.52,2.18
InMnPdOx_pre,49.53,2.17
InMnPdOx_pre,49.54,2.136
InMnPdOx_pre,49.55,2.131
InMnPdOx_pre,49.56,2.088
InMnPdOx_pre,49.57,2.064
InMnPdOx_pre,49.58,2.004
InMnPdOx_pre,49.59,2.009
InMnPdOx_pre,49.6,2.058
InMnPdOx_pre,49.61,2.068
InMnPdOx_pre,49.62,2.091
InMnPdOx_pre,49.63,2.083
InMnPdOx_pre,49.64,2.155
InMnPdOx_pre,49.65,2.166
InMnPdOx_pre,49.66,2.143
InMnPdOx_pre,49.67,2.108
InMnPdOx_pre,49.68,2.203
InMnPdOx_pre,49.69,2.251
InMnPdOx_pre,49.7,2.286
InMnPdOx_pre,49.71,2.181
InMnPdOx_pre,49.72,2.167
InMnPdOx_pre,49.73,2.117
InMnPdOx_pre,49.74,2.156
InMnPdOx_pre,49.75,2.141
InMnPdOx_pre,49.76,2.109
InMnPdOx_pre,49.77,2.115
InMnPdOx_pre,49.78,2.145
InMnPdOx_pre,49.79,2.15
InMnPdOx_pre,49.8,2.157
InMnPdOx_pre,49.81,2.153
InMnPdOx_pre,49.82,2.173
InMnPdOx_pre,49.83,2.176
InMnPdOx_pre,49.84,2.201
InMnPdOx_pre,49.85,2.136
InMnPdOx_pre,49.86,2.11
InMnPdOx_pre,49.87,2.132
InMnPdOx_pre,49.88,2.209
InMnPdOx_pre,49.89,2.165
InMnPdOx_pre,49.9,2.109
InMnPdOx_pre,49.91,2.159
InMnPdOx_pre,49.92,2.221
InMnPdOx_pre,49.93,2.305
InMnPdOx_pre,49.94,2.303
InMnPdOx_pre,49.95,2.317
InMnPdOx_pre,49.96,2.282
InMnPdOx_pre,49.97,2.258
InMnPdOx_pre,49.98,2.296
InMnPdOx_pre,49.99,2.297
InMnPdOx_pre,50.0,2.23
InMnPdOx_pre,50.01,2.16
InMnPdOx_pre,50.02,2.051
InMnPdOx_pre,50.03,2.022
InMnPdOx_pre,50.04,2.115
InMnPdOx_pre,50.05,2.257
InMnPdOx_pre,50.06,2.269
InMnPdOx_pre,50.07,2.211
InMnPdOx_pre,50.08,2.218
InMnPdOx_pre,50.09,2.244
InMnPdOx_pre,50.1,2.224
InMnPdOx_pre,50.11,2.202
InMnPdOx_pre,50.12,2.261
InMnPdOx_pre,50.13,2.313
InMnPdOx_pre,50.14,2.303
InMnPdOx_pre,50.15,2.232
InMnPdOx_pre,50.16,2.139
InMnPdOx_pre,50.17,2.081
InMnPdOx_pre,50.18,2.067
InMnPdOx_pre,50.19,2.112
InMnPdOx_pre,50.2,2.16
InMnPdOx_pre,50.21,2.18
InMnPdOx_pre,50.22,2.194
InMnPdOx_pre,50.23,2.229
InMnPdOx_pre,50.24,2.266
InMnPdOx_pre,50.25,2.247
InMnPdOx_pre,50.26,2.208
InMnPdOx_pre,50.27,2.26
InMnPdOx_pre,50.28,2.234
InMnPdOx_pre,50.29,2.252
InMnPdOx_pre,50.3,2.184
InMnPdOx_pre,50.31,2.215
InMnPdOx_pre,50.32,2.18
InMnPdOx_pre,50.33,2.177
InMnPdOx_pre,50.34,2.171
InMnPdOx_pre,50.35,2.115
InMnPdOx_pre,50.36,2.114
InMnPdOx_pre,50.37,2.127
InMnPdOx_pre,50.38,2.2
InMnPdOx_pre,50.39,2.248
InMnPdOx_pre,50.4,2.25
InMnPdOx_pre,50.41,2.197
InMnPdOx_pre,50.42,2.183
InMnPdOx_pre,50.43,2.11
InMnPdOx_pre,50.44,2.191
InMnPdOx_pre,50.45,2.229
InMnPdOx_pre,50.46,2.238
InMnPdOx_pre,50.47,2.116
InMnPdOx_pre,50.48,2.136
InMnPdOx_pre,50.49,2.212
InMnPdOx_pre,50.5,2.306
InMnPdOx_pre,50.51,2.252
InMnPdOx_pre,50.52,2.248
InMnPdOx_pre,50.53,2.226
InMnPdOx_pre,50.54,2.19
InMnPdOx_pre,50.55,2.173
InMnPdOx_pre,50.56,2.121
InMnPdOx_pre,50.57,2.128
InMnPdOx_pre,50.58,2.101
InMnPdOx_pre,50.59,2.147
InMnPdOx_pre,50.6,2.132
InMnPdOx_pre,50.61,2.18
InMnPdOx_pre,50.62,2.182
InMnPdOx_pre,50.63,2.27
InMnPdOx_pre,50.64,2.234
InMnPdOx_pre,50.65,2.171
InMnPdOx_pre,50.66,2.135
InMnPdOx_pre,50.67,2.312
InMnPdOx_pre,50.68,2.435
InMnPdOx_pre,50.69,2.396
InMnPdOx_pre,50.7,2.219
InMnPdOx_pre,50.71,2.163
InMnPdOx_pre,50.72,2.162
InMnPdOx_pre,50.73,2.246
InMnPdOx_pre,50.74,2.296
InMnPdOx_pre,50.75,2.296
InMnPdOx_pre,50.76,2.24
InMnPdOx_pre,50.77,2.207
InMnPdOx_pre,50.78,2.238
InMnPdOx_pre,50.79,2.203
InMnPdOx_pre,50.8,2.272
InMnPdOx_pre,50.81,2.208
InMnPdOx_pre,50.82,2.234
InMnPdOx_pre,50.83,2.257
InMnPdOx_pre,50.84,2.363
InMnPdOx_pre,50.85,2.378
InMnPdOx_pre,50.86,2.338
InMnPdOx_pre,50.87,2.285
InMnPdOx_pre,50.88,2.217
InMnPdOx_pre,50.89,2.181
InMnPdOx_pre,50.9,2.175
InMnPdOx_pre,50.91,2.201
InMnPdOx_pre,50.92,2.218
InMnPdOx_pre,50.93,2.237
InMnPdOx_pre,50.94,2.258
InMnPdOx_pre,50.95,2.268
InMnPdOx_pre,50.96,2.228
InMnPdOx_pre,50.97,2.22
InMnPdOx_pre,50.98,2.207
InMnPdOx_pre,50.99,2.188
InMnPdOx_pre,51.0,2.158
InMnPdOx_pre,51.01,2.128
InMnPdOx_pre,51.02,2.11
InMnPdOx_pre,51.03,2.086
InMnPdOx_pre,51.04,2.109
InMnPdOx_pre,51.05,2.216
InMnPdOx_pre,51.06,2.297
InMnPdOx_pre,51.07,2.273
InMnPdOx_pre,51.08,2.226
InMnPdOx_pre,51.09,2.23
InMnPdOx_pre,51.1,2.299
InMnPdOx_pre,51.11,2.324
InMnPdOx_pre,51.12,2.298
InMnPdOx_pre,51.13,2.239
InMnPdOx_pre,51.14,2.231
InMnPdOx_pre,51.15,2.194
InMnPdOx_pre,51.16,2.177
InMnPdOx_pre,51.17,2.157
InMnPdOx_pre,51.18,2.193
InMnPdOx_pre,51.19,2.204
InMnPdOx_pre,51.2,2.225
InMnPdOx_pre,51.21,2.253
InMnPdOx_pre,51.22,2.322
InMnPdOx_pre,51.23,2.322
InMnPdOx_pre,51.24,2.342
InMnPdOx_pre,51.25,2.302
InMnPdOx_pre,51.26,2.281
InMnPdOx_pre,51.27,2.326
InMnPdOx_pre,51.28,2.326
InMnPdOx_pre,51.29,2.276
InMnPdOx_pre,51.3,2.146
InMnPdOx_pre,51.31,2.161
InMnPdOx_pre,51.32,2.161
InMnPdOx_pre,51.33,2.211
InMnPdOx_pre,51.34,2.203
InMnPdOx_pre,51.35,2.185
InMnPdOx_pre,51.36,2.235
InMnPdOx_pre,51.37,2.257
InMnPdOx_pre,51.38,2.286
InMnPdOx_pre,51.39,2.172
InMnPdOx_pre,51.4,2.13
InMnPdOx_pre,51.41,2.137
InMnPdOx_pre,51.42,2.142
InMnPdOx_pre,51.43,2.183
InMnPdOx_pre,51.44,2.199
InMnPdOx_pre,51.45,2.215
InMnPdOx_pre,51.46,2.194
InMnPdOx_pre,51.47,2.24
InMnPdOx_pre,51.48,2.27
InMnPdOx_pre,51.49,2.221
InMnPdOx_pre,51.5,2.121
InMnPdOx_pre,51.51,2.133
InMnPdOx_pre,51.52,2.143
InMnPdOx_pre,51.53,2.164
InMnPdOx_pre,51.54,2.209
InMnPdOx_pre,51.55,2.288
InMnPdOx_pre,51.56,2.316
InMnPdOx_pre,51.57,2.278
InMnPdOx_pre,51.58,2.271
InMnPdOx_pre,51.59,2.244
InMnPdOx_pre,51.6,2.213
InMnPdOx_pre,51.61,2.247
InMnPdOx_pre,51.62,2.37
InMnPdOx_pre,51.63,2.414
InMnPdOx_pre,51.64,2.405
InMnPdOx_pre,51.65,2.3
InMnPdOx_pre,51.66,2.259
InMnPdOx_pre,51.67,2.23
InMnPdOx_pre,51.68,2.282
InMnPdOx_pre,51.69,2.254
InMnPdOx_pre,51.7,2.166
InMnPdOx_pre,51.71,2.177
InMnPdOx_pre,51.72,2.278
InMnPdOx_pre,51.73,2.399
InMnPdOx_pre,51.74,2.233
InMnPdOx_pre,51.75,2.161
InMnPdOx_pre,51.76,2.165
InMnPdOx_pre,51.77,2.284
InMnPdOx_pre,51.78,2.305
InMnPdOx_pre,51.79,2.231
InMnPdOx_pre,51.8,2.283
InMnPdOx_pre,51.81,2.228
InMnPdOx_pre,51.82,2.256
InMnPdOx_pre,51.83,2.164
InMnPdOx_pre,51.84,2.228
InMnPdOx_pre,51.85,2.277
InMnPdOx_pre,51.86,2.335
InMnPdOx_pre,51.87,2.376
InMnPdOx_pre,51.88,2.358
InMnPdOx_pre,51.89,2.254
InMnPdOx_pre,51.9,2.16
InMnPdOx_pre,51.91,2.166
InMnPdOx_pre,51.92,2.263
InMnPdOx_pre,51.93,2.262
InMnPdOx_pre,51.94,2.299
InMnPdOx_pre,51.95,2.293
InMnPdOx_pre,51.96,2.296
InMnPdOx_pre,51.97,2.306
InMnPdOx_pre,51.98,2.339
InMnPdOx_pre,51.99,2.38
InMnPdOx_pre,52.0,2.415
InMnPdOx_pre,52.01,2.397
InMnPdOx_pre,52.02,2.415
InMnPdOx_pre,52.03,2.358
InMnPdOx_pre,52.04,2.399
InMnPdOx_pre,52.05,2.365
InMnPdOx_pre,52.06,2.285
InMnPdOx_pre,52.07,2.252
InMnPdOx_pre,52.08,2.251
InMnPdOx_pre,52.09,2.291
InMnPdOx_pre,52.1,2.248
InMnPdOx_pre,52.11,2.305
InMnPdOx_pre,52.12,2.376
InMnPdOx_pre,52.13,2.402
InMnPdOx_pre,52.14,2.399
InMnPdOx_pre,52.15,2.359
InMnPdOx_pre,52.16,2.318
InMnPdOx_pre,52.17,2.261
InMnPdOx_pre,52.18,2.358
InMnPdOx_pre,52.19,2.435
InMnPdOx_pre,52.2,2.503
InMnPdOx_pre,52.21,2.415
InMnPdOx_pre,52.22,2.365
InMnPdOx_pre,52.23,2.293
InMnPdOx_pre,52.24,2.32
InMnPdOx_pre,52.25,2.363
InMnPdOx_pre,52.26,2.397
InMnPdOx_pre,52.27,2.397
InMnPdOx_pre,52.28,2.349
InMnPdOx_pre,52.29,2.321
InMnPdOx_pre,52.3,2.351
InMnPdOx_pre,52.31,2.304
InMnPdOx_pre,52.32,2.229
InMnPdOx_pre,52.33,2.192
InMnPdOx_pre,52.34,2.339
InMnPdOx_pre,52.35,2.331
InMnPdOx_pre,52.36,2.284
InMnPdOx_pre,52.37,2.215
InMnPdOx_pre,52.38,2.314
InMnPdOx_pre,52.39,2.362
InMnPdOx_pre,52.4,2.255
InMnPdOx_pre,52.41,2.258
InMnPdOx_pre,52.42,2.301
InMnPdOx_pre,52.43,2.33
InMnPdOx_pre,52.44,2.329
InMnPdOx_pre,52.45,2.339
InMnPdOx_pre,52.46,2.347
InMnPdOx_pre,52.47,2.332
InMnPdOx_pre,52.48,2.362
InMnPdOx_pre,52.49,2.387
InMnPdOx_pre,52.5,2.365
InMnPdOx_pre,52.51,2.374
InMnPdOx_pre,52.52,2.407
InMnPdOx_pre,52.53,2.466
InMnPdOx_pre,52.54,2.442
InMnPdOx_pre,52.55,2.485
InMnPdOx_pre,52.56,2.497
InMnPdOx_pre,52.57,2.596
InMnPdOx_pre,52.58,2.564
InMnPdOx_pre,52.59,2.547
InMnPdOx_pre,52.6,2.587
InMnPdOx_pre,52.61,2.578
InMnPdOx_pre,52.62,2.574
InMnPdOx_pre,52.63,2.549
InMnPdOx_pre,52.64,2.602
InMnPdOx_pre,52.65,2.582
InMnPdOx_pre,52.66,2.513
InMnPdOx_pre,52.67,2.486
InMnPdOx_pre,52.68,2.491
InMnPdOx_pre,52.69,2.579
InMnPdOx_pre,52.7,2.622
InMnPdOx_pre,52.71,2.65
InMnPdOx_pre,52.72,2.59
InMnPdOx_pre,52.73,2.578
InMnPdOx_pre,52.74,2.577
InMnPdOx_pre,52.75,2.656
InMnPdOx_pre,52.76,2.654
InMnPdOx_pre,52.77,2.601
InMnPdOx_pre,52.78,2.545
InMnPdOx_pre,52.79,2.575
InMnPdOx_pre,52.8,2.567
InMnPdOx_pre,52.81,2.59
InMnPdOx_pre,52.82,2.623
InMnPdOx_pre,52.83,2.611
InMnPdOx_pre,52.84,2.559
InMnPdOx_pre,52.85,2.47
InMnPdOx_pre,52.86,2.606
InMnPdOx_pre,52.87,2.63
InMnPdOx_pre,52.88,2.61
InMnPdOx_pre,52.89,2.509
InMnPdOx_pre,52.9,2.544
InMnPdOx_pre,52.91,2.551
InMnPdOx_pre,52.92,2.517
InMnPdOx_pre,52.93,2.537
InMnPdOx_pre,52.94,2.615
InMnPdOx_pre,52.95,2.697
InMnPdOx_pre,52.96,2.634
InMnPdOx_pre,52.97,2.666
InMnPdOx_pre,52.98,2.689
InMnPdOx_pre,52.99,2.728
InMnPdOx_pre,53.0,2.605
InMnPdOx_pre,53.01,2.524
InMnPdOx_pre,53.02,2.606
InMnPdOx_pre,53.03,2.749
InMnPdOx_pre,53.04,2.827
InMnPdOx_pre,53.05,2.829
InMnPdOx_pre,53.06,2.732
InMnPdOx_pre,53.07,2.716
InMnPdOx_pre,53.08,2.808
InMnPdOx_pre,53.09,2.883
InMnPdOx_pre,53.1,2.836
InMnPdOx_pre,53.11,2.771
InMnPdOx_pre,53.12,2.851
InMnPdOx_pre,53.13,2.923
InMnPdOx_pre,53.14,2.934
InMnPdOx_pre,53.15,2.822
InMnPdOx_pre,53.16,2.778
InMnPdOx_pre,53.17,2.776
InMnPdOx_pre,53.18,2.827
InMnPdOx_pre,53.19,2.831
InMnPdOx_pre,53.2,2.837
InMnPdOx_pre,53.21,2.864
InMnPdOx_pre,53.22,2.926
InMnPdOx_pre,53.23,2.929
InMnPdOx_pre,53.24,2.888
InMnPdOx_pre,53.25,3.002
InMnPdOx_pre,53.26,3.136
InMnPdOx_pre,53.27,3.148
InMnPdOx_pre,53.28,3.015
InMnPdOx_pre,53.29,2.938
InMnPdOx_pre,53.3,2.969
InMnPdOx_pre,53.31,3.086
InMnPdOx_pre,53.32,3.104
InMnPdOx_pre,53.33,3.16
InMnPdOx_pre,53.34,3.178
InMnPdOx_pre,53.35,3.247
InMnPdOx_pre,53.36,3.216
InMnPdOx_pre,53.37,3.212
InMnPdOx_pre,53.38,3.201
InMnPdOx_pre,53.39,3.195
InMnPdOx_pre,53.4,3.132
InMnPdOx_pre,53.41,3.102
InMnPdOx_pre,53.42,3.096
InMnPdOx_pre,53.43,3.157
InMnPdOx_pre,53.44,3.205
InMnPdOx_pre,53.45,3.11
InMnPdOx_pre,53.46,3.067
InMnPdOx_pre,53.47,3.171
InMnPdOx_pre,53.48,3.348
InMnPdOx_pre,53.49,3.386
InMnPdOx_pre,53.5,3.417
InMnPdOx_pre,53.51,3.445
InMnPdOx_pre,53.52,3.542
InMnPdOx_pre,53.53,3.581
InMnPdOx_pre,53.54,3.543
InMnPdOx_pre,53.55,3.472
InMnPdOx_pre,53.56,3.414
InMnPdOx_pre,53.57,3.482
InMnPdOx_pre,53.58,3.525
InMnPdOx_pre,53.59,3.653
InMnPdOx_pre,53.6,3.631
InMnPdOx_pre,53.61,3.603
InMnPdOx_pre,53.62,3.482
InMnPdOx_pre,53.63,3.448
InMnPdOx_pre,53.64,3.513
InMnPdOx_pre,53.65,3.55
InMnPdOx_pre,53.66,3.504
InMnPdOx_pre,53.67,3.519
InMnPdOx_pre,53.68,3.66
InMnPdOx_pre,53.69,3.806
InMnPdOx_pre,53.7,3.697
InMnPdOx_pre,53.71,3.536
InMnPdOx_pre,53.72,3.453
InMnPdOx_pre,53.73,3.573
InMnPdOx_pre,53.74,3.628
InMnPdOx_pre,53.75,3.746
InMnPdOx_pre,53.76,3.914
InMnPdOx_pre,53.77,3.991
InMnPdOx_pre,53.78,3.882
InMnPdOx_pre,53.79,3.745
InMnPdOx_pre,53.8,3.793
InMnPdOx_pre,53.81,3.88
InMnPdOx_pre,53.82,4.01
InMnPdOx_pre,53.83,4.022
InMnPdOx_pre,53.84,4.033
InMnPdOx_pre,53.85,3.919
InMnPdOx_pre,53.86,4.049
InMnPdOx_pre,53.87,4.095
InMnPdOx_pre,53.88,4.093
InMnPdOx_pre,53.89,4.106
InMnPdOx_pre,53.9,4.092
InMnPdOx_pre,53.91,4.117
InMnPdOx_pre,53.92,4.112
InMnPdOx_pre,53.93,4.18
InMnPdOx_pre,53.94,4.156
InMnPdOx_pre,53.95,4.172
InMnPdOx_pre,53.96,4.296
InMnPdOx_pre,53.97,4.42
InMnPdOx_pre,53.98,4.503
InMnPdOx_pre,53.99,4.5
InMnPdOx_pre,54.0,4.616
InMnPdOx_pre,54.01,4.705
InMnPdOx_pre,54.02,4.752
InMnPdOx_pre,54.03,4.723
InMnPdOx_pre,54.04,4.722
InMnPdOx_pre,54.05,4.59
InMnPdOx_pre,54.06,4.52
InMnPdOx_pre,54.07,4.542
InMnPdOx_pre,54.08,4.62
InMnPdOx_pre,54.09,4.645
InMnPdOx_pre,54.1,4.746
InMnPdOx_pre,54.11,4.848
InMnPdOx_pre,54.12,4.996
InMnPdOx_pre,54.13,4.98
InMnPdOx_pre,54.14,4.949
InMnPdOx_pre,54.15,4.872
InMnPdOx_pre,54.16,4.925
InMnPdOx_pre,54.17,5.014
InMnPdOx_pre,54.18,5.104
InMnPdOx_pre,54.19,5.136
InMnPdOx_pre,54.2,5.057
InMnPdOx_pre,54.21,5.092
InMnPdOx_pre,54.22,5.174
InMnPdOx_pre,54.23,5.229
InMnPdOx_pre,54.24,5.393
InMnPdOx_pre,54.25,5.386
InMnPdOx_pre,54.26,5.435
InMnPdOx_pre,54.27,5.364
InMnPdOx_pre,54.28,5.452
InMnPdOx_pre,54.29,5.511
InMnPdOx_pre,54.3,5.552
InMnPdOx_pre,54.31,5.506
InMnPdOx_pre,54.32,5.509
InMnPdOx_pre,54.33,5.556
InMnPdOx_pre,54.34,5.633
InMnPdOx_pre,54.35,5.562
InMnPdOx_pre,54.36,5.53
InMnPdOx_pre,54.37,5.52
InMnPdOx_pre,54.38,5.587
InMnPdOx_pre,54.39,5.685
InMnPdOx_pre,54.4,5.826
InMnPdOx_pre,54.41,5.919
InMnPdOx_pre,54.42,5.962
InMnPdOx_pre,54.43,6.051
InMnPdOx_pre,54.44,6.109
InMnPdOx_pre,54.45,6.026
InMnPdOx_pre,54.46,5.875
InMnPdOx_pre,54.47,5.802
InMnPdOx_pre,54.48,5.797
InMnPdOx_pre,54.49,6.069
InMnPdOx_pre,54.5,6.272
InMnPdOx_pre,54.51,6.46
InMnPdOx_pre,54.52,6.252
InMnPdOx_pre,54.53,6.131
InMnPdOx_pre,54.54,6.057
InMnPdOx_pre,54.55,6.075
InMnPdOx_pre,54.56,6.232
InMnPdOx_pre,54.57,6.254
InMnPdOx_pre,54.58,6.211
InMnPdOx_pre,54.59,6.181
InMnPdOx_pre,54.6,6.311
InMnPdOx_pre,54.61,6.455
InMnPdOx_pre,54.62,6.355
InMnPdOx_pre,54.63,6.192
InMnPdOx_pre,54.64,6.236
InMnPdOx_pre,54.65,6.379
InMnPdOx_pre,54.66,6.369
InMnPdOx_pre,54.67,6.335
InMnPdOx_pre,54.68,6.332
InMnPdOx_pre,54.69,6.437
InMnPdOx_pre,54.7,6.412
InMnPdOx_pre,54.71,6.522
InMnPdOx_pre,54.72,6.53
InMnPdOx_pre,54.73,6.623
InMnPdOx_pre,54.74,6.617
InMnPdOx_pre,54.75,6.564
InMnPdOx_pre,54.76,6.512
InMnPdOx_pre,54.77,6.57
InMnPdOx_pre,54.78,6.629
InMnPdOx_pre,54.79,6.669
InMnPdOx_pre,54.8,6.629
InMnPdOx_pre,54.81,6.557
InMnPdOx_pre,54.82,6.635
InMnPdOx_pre,54.83,6.639
InMnPdOx_pre,54.84,6.608
InMnPdOx_pre,54.85,6.327
InMnPdOx_pre,54.86,6.347
InMnPdOx_pre,54.87,6.505
InMnPdOx_pre,54.88,6.66
InMnPdOx_pre,54.89,6.668
InMnPdOx_pre,54.9,6.738
InMnPdOx_pre,54.91,6.759
InMnPdOx_pre,54.92,6.663
InMnPdOx_pre,54.93,6.581
InMnPdOx_pre,54.94,6.716
InMnPdOx_pre,54.95,6.7
InMnPdOx_pre,54.96,6.51
InMnPdOx_pre,54.97,6.345
InMnPdOx_pre,54.98,6.318
InMnPdOx_pre,54.99,6.427
InMnPdOx_pre,55.0,6.552
InMnPdOx_pre,55.01,6.648
InMnPdOx_pre,55.02,6.576
InMnPdOx_pre,55.03,6.558
InMnPdOx_pre,55.04,6.422
InMnPdOx_pre,55.05,6.38
InMnPdOx_pre,55.06,6.258
InMnPdOx_pre,55.07,6.309
InMnPdOx_pre,55.08,6.265
InMnPdOx_pre,55.09,6.346
InMnPdOx_pre,55.1,6.381
InMnPdOx_pre,55.11,6.357
InMnPdOx_pre,55.12,6.312
InMnPdOx_pre,55.13,6.341
InMnPdOx_pre,55.14,6.374
InMnPdOx_pre,55.15,6.423
InMnPdOx_pre,55.16,6.348
InMnPdOx_pre,55.17,6.219
InMnPdOx_pre,55.18,6.155
InMnPdOx_pre,55.19,5.957
InMnPdOx_pre,55.2,5.902
InMnPdOx_pre,55.21,5.99
InMnPdOx_pre,55.22,6.019
InMnPdOx_pre,55.23,5.91
InMnPdOx_pre,55.24,5.839
InMnPdOx_pre,55.25,5.871
InMnPdOx_pre,55.26,5.987
InMnPdOx_pre,55.27,5.784
InMnPdOx_pre,55.28,5.75
InMnPdOx_pre,55.29,5.614
InMnPdOx_pre,55.3,5.746
InMnPdOx_pre,55.31,5.685
InMnPdOx_pre,55.32,5.702
InMnPdOx_pre,55.33,5.598
InMnPdOx_pre,55.34,5.623
InMnPdOx_pre,55.35,5.689
InMnPdOx_pre,55.36,5.737
InMnPdOx_pre,55.37,5.749
InMnPdOx_pre,55.38,5.638
InMnPdOx_pre,55.39,5.409
InMnPdOx_pre,55.4,5.359
InMnPdOx_pre,55.41,5.313
InMnPdOx_pre,55.42,5.319
InMnPdOx_pre,55.43,5.223
InMnPdOx_pre,55.44,5.152
InMnPdOx_pre,55.45,5.122
InMnPdOx_pre,55.46,5.163
InMnPdOx_pre,55.47,5.197
InMnPdOx_pre,55.48,5.109
InMnPdOx_pre,55.49,4.956
InMnPdOx_pre,55.5,4.986
InMnPdOx_pre,55.51,5.051
InMnPdOx_pre,55.52,5.152
InMnPdOx_pre,55.53,5.005
InMnPdOx_pre,55.54,4.922
InMnPdOx_pre,55.55,4.879
InMnPdOx_pre,55.56,4.888
InMnPdOx_pre,55.57,4.959
InMnPdOx_pre,55.58,4.908
InMnPdOx_pre,55.59,4.837
InMnPdOx_pre,55.6,4.819
InMnPdOx_pre,55.61,4.775
InMnPdOx_pre,55.62,4.815
InMnPdOx_pre,55.63,4.66
InMnPdOx_pre,55.64,4.585
InMnPdOx_pre,55.65,4.542
InMnPdOx_pre,55.66,4.54
InMnPdOx_pre,55.67,4.517
InMnPdOx_pre,55.68,4.36
InMnPdOx_pre,55.69,4.272
InMnPdOx_pre,55.7,4.339
InMnPdOx_pre,55.71,4.399
InMnPdOx_pre,55.72,4.42
InMnPdOx_pre,55.73,4.4
InMnPdOx_pre,55.74,4.464
InMnPdOx_pre,55.75,4.362
InMnPdOx_pre,55.76,4.246
InMnPdOx_pre,55.77,4.156
InMnPdOx_pre,55.78,4.138
InMnPdOx_pre,55.79,4.198
InMnPdOx_pre,55.8,4.247
InMnPdOx_pre,55.81,4.212
InMnPdOx_pre,55.82,4.162
InMnPdOx_pre,55.83,4.152
InMnPdOx_pre,55.84,4.085
InMnPdOx_pre,55.85,4.057
InMnPdOx_pre,55.86,4.046
InMnPdOx_pre,55.87,4.118
InMnPdOx_pre,55.88,4.071
InMnPdOx_pre,55.89,3.956
InMnPdOx_pre,55.9,3.818
InMnPdOx_pre,55.91,3.732
InMnPdOx_pre,55.92,3.655
InMnPdOx_pre,55.93,3.72
InMnPdOx_pre,55.94,3.751
InMnPdOx_pre,55.95,3.788
InMnPdOx_pre,55.96,3.668
InMnPdOx_pre,55.97,3.624
InMnPdOx_pre,55.98,3.563
InMnPdOx_pre,55.99,3.534
InMnPdOx_pre,56.0,3.515
InMnPdOx_pre,56.01,3.617
InMnPdOx_pre,56.02,3.657
InMnPdOx_pre,56.03,3.66
InMnPdOx_pre,56.04,3.609
InMnPdOx_pre,56.05,3.565
InMnPdOx_pre,56.06,3.417
InMnPdOx_pre,56.07,3.337
InMnPdOx_pre,56.08,3.349
InMnPdOx_pre,56.09,3.455
InMnPdOx_pre,56.1,3.432
InMnPdOx_pre,56.11,3.354
InMnPdOx_pre,56.12,3.244
InMnPdOx_pre,56.13,3.324
InMnPdOx_pre,56.14,3.432
InMnPdOx_pre,56.15,3.494
InMnPdOx_pre,56.16,3.487
InMnPdOx_pre,56.17,3.389
InMnPdOx_pre,56.18,3.364
InMnPdOx_pre,56.19,3.325
InMnPdOx_pre,56.2,3.222
InMnPdOx_pre,56.21,3.167
InMnPdOx_pre,56.22,3.113
InMnPdOx_pre,56.23,3.098
InMnPdOx_pre,56.24,3.102
InMnPdOx_pre,56.25,3.151
InMnPdOx_pre,56.26,3.097
InMnPdOx_pre,56.27,3.032
InMnPdOx_pre,56.28,3.117
InMnPdOx_pre,56.29,3.09
InMnPdOx_pre,56.3,3.055
InMnPdOx_pre,56.31,2.978
InMnPdOx_pre,56.32,2.977
InMnPdOx_pre,56.33,2.951
InMnPdOx_pre,56.34,3.058
InMnPdOx_pre,56.35,3.11
InMnPdOx_pre,56.36,3.105
InMnPdOx_pre,56.37,3.021
InMnPdOx_pre,56.38,2.992
InMnPdOx_pre,56.39,3.09
InMnPdOx_pre,56.4,3.054
InMnPdOx_pre,56.41,3.048
InMnPdOx_pre,56.42,2.905
InMnPdOx_pre,56.43,2.914
InMnPdOx_pre,56.44,2.872
InMnPdOx_pre,56.45,2.825
InMnPdOx_pre,56.46,2.712
InMnPdOx_pre,56.47,2.698
InMnPdOx_pre,56.48,2.771
InMnPdOx_pre,56.49,2.729
InMnPdOx_pre,56.5,2.747
InMnPdOx_pre,56.51,2.724
InMnPdOx_pre,56.52,2.833
InMnPdOx_pre,56.53,2.88
InMnPdOx_pre,56.54,2.864
InMnPdOx_pre,56.55,2.796
InMnPdOx_pre,56.56,2.76
InMnPdOx_pre,56.57,2.748
InMnPdOx_pre,56.58,2.698
InMnPdOx_pre,56.59,2.603
InMnPdOx_pre,56.6,2.642
InMnPdOx_pre,56.61,2.69
InMnPdOx_pre,56.62,2.726
InMnPdOx_pre,56.63,2.637
InMnPdOx_pre,56.64,2.627
InMnPdOx_pre,56.65,2.636
InMnPdOx_pre,56.66,2.64
InMnPdOx_pre,56.67,2.602
InMnPdOx_pre,56.68,2.557
InMnPdOx_pre,56.69,2.589
InMnPdOx_pre,56.7,2.571
InMnPdOx_pre,56.71,2.507
InMnPdOx_pre,56.72,2.506
InMnPdOx_pre,56.73,2.512
InMnPdOx_pre,56.74,2.519
InMnPdOx_pre,56.75,2.501
InMnPdOx_pre,56.76,2.602
InMnPdOx_pre,56.77,2.543
InMnPdOx_pre,56.78,2.596
InMnPdOx_pre,56.79,2.617
InMnPdOx_pre,56.8,2.639
InMnPdOx_pre,56.81,2.582
InMnPdOx_pre,56.82,2.618
InMnPdOx_pre,56.83,2.715
InMnPdOx_pre,56.84,2.719
InMnPdOx_pre,56.85,2.667
InMnPdOx_pre,56.86,2.596
InMnPdOx_pre,56.87,2.535
InMnPdOx_pre,56.88,2.552
InMnPdOx_pre,56.89,2.483
InMnPdOx_pre,56.9,2.435
InMnPdOx_pre,56.91,2.463
InMnPdOx_pre,56.92,2.499
InMnPdOx_pre,56.93,2.527
InMnPdOx_pre,56.94,2.554
InMnPdOx_pre,56.95,2.554
InMnPdOx_pre,56.96,2.491
InMnPdOx_pre,56.97,2.393
InMnPdOx_pre,56.98,2.455
InMnPdOx_pre,56.99,2.479
InMnPdOx_pre,57.0,2.554
InMnPdOx_pre,57.01,2.518
InMnPdOx_pre,57.02,2.46
InMnPdOx_pre,57.03,2.351
InMnPdOx_pre,57.04,2.348
InMnPdOx_pre,57.05,2.441
InMnPdOx_pre,57.06,2.534
InMnPdOx_pre,57.07,2.46
InMnPdOx_pre,57.08,2.328
InMnPdOx_pre,57.09,2.224
InMnPdOx_pre,57.1,2.32
InMnPdOx_pre,57.11,2.335
InMnPdOx_pre,57.12,2.405
InMnPdOx_pre,57.13,2.407
InMnPdOx_pre,57.14,2.509
InMnPdOx_pre,57.15,2.461
InMnPdOx_pre,57.16,2.457
InMnPdOx_pre,57.17,2.387
InMnPdOx_pre,57.18,2.388
InMnPdOx_pre,57.19,2.358
InMnPdOx_pre,57.2,2.311
InMnPdOx_pre,57.21,2.294
InMnPdOx_pre,57.22,2.333
InMnPdOx_pre,57.23,2.334
InMnPdOx_pre,57.24,2.366
InMnPdOx_pre,57.25,2.338
InMnPdOx_pre,57.26,2.358
InMnPdOx_pre,57.27,2.33
InMnPdOx_pre,57.28,2.338
InMnPdOx_pre,57.29,2.349
InMnPdOx_pre,57.3,2.288
InMnPdOx_pre,57.31,2.205
InMnPdOx_pre,57.32,2.118
InMnPdOx_pre,57.33,2.143
InMnPdOx_pre,57.34,2.201
InMnPdOx_pre,57.35,2.297
InMnPdOx_pre,57.36,2.339
InMnPdOx_pre,57.37,2.298
InMnPdOx_pre,57.38,2.284
InMnPdOx_pre,57.39,2.308
InMnPdOx_pre,57.4,2.396
InMnPdOx_pre,57.41,2.322
InMnPdOx_pre,57.42,2.274
InMnPdOx_pre,57.43,2.266
InMnPdOx_pre,57.44,2.285
InMnPdOx_pre,57.45,2.34
InMnPdOx_pre,57.46,2.295
InMnPdOx_pre,57.47,2.199
InMnPdOx_pre,57.48,2.116
InMnPdOx_pre,57.49,2.094
InMnPdOx_pre,57.5,2.175
InMnPdOx_pre,57.51,2.354
InMnPdOx_pre,57.52,2.39
InMnPdOx_pre,57.53,2.359
InMnPdOx_pre,57.54,2.16
InMnPdOx_pre,57.55,2.209
InMnPdOx_pre,57.56,2.271
InMnPdOx_pre,57.57,2.333
InMnPdOx_pre,57.58,2.336
InMnPdOx_pre,57.59,2.372
InMnPdOx_pre,57.6,2.362
InMnPdOx_pre,57.61,2.298
InMnPdOx_pre,57.62,2.249
InMnPdOx_pre,57.63,2.275
InMnPdOx_pre,57.64,2.31
InMnPdOx_pre,57.65,2.302
InMnPdOx_pre,57.66,2.344
InMnPdOx_pre,57.67,2.352
InMnPdOx_pre,57.68,2.286
InMnPdOx_pre,57.69,2.27
InMnPdOx_pre,57.7,2.22
InMnPdOx_pre,57.71,2.244
InMnPdOx_pre,57.72,2.258
InMnPdOx_pre,57.73,2.234
InMnPdOx_pre,57.74,2.282
InMnPdOx_pre,57.75,2.343
InMnPdOx_pre,57.76,2.346
InMnPdOx_pre,57.77,2.325
InMnPdOx_pre,57.78,2.307
InMnPdOx_pre,57.79,2.305
InMnPdOx_pre,57.8,2.265
InMnPdOx_pre,57.81,2.284
InMnPdOx_pre,57.82,2.27
InMnPdOx_pre,57.83,2.255
InMnPdOx_pre,57.84,2.275
InMnPdOx_pre,57.85,2.3
InMnPdOx_pre,57.86,2.356
InMnPdOx_pre,57.87,2.3
InMnPdOx_pre,57.88,2.283
InMnPdOx_pre,57.89,2.299
InMnPdOx_pre,57.9,2.423
InMnPdOx_pre,57.91,2.451
InMnPdOx_pre,57.92,2.338
InMnPdOx_pre,57.93,2.169
InMnPdOx_pre,57.94,2.121
InMnPdOx_pre,57.95,2.242
InMnPdOx_pre,57.96,2.301
InMnPdOx_pre,57.97,2.344
InMnPdOx_pre,57.98,2.312
InMnPdOx_pre,57.99,2.363
InMnPdOx_pre,58.0,2.36
InMnPdOx_pre,58.01,2.352
InMnPdOx_pre,58.02,2.298
InMnPdOx_pre,58.03,2.331
InMnPdOx_pre,58.04,2.264
InMnPdOx_pre,58.05,2.263
InMnPdOx_pre,58.06,2.271
InMnPdOx_pre,58.07,2.267
InMnPdOx_pre,58.08,2.196
InMnPdOx_pre,58.09,2.246
InMnPdOx_pre,58.1,2.317
InMnPdOx_pre,58.11,2.282
InMnPdOx_pre,58.12,2.26
InMnPdOx_pre,58.13,2.351
InMnPdOx_pre,58.14,2.429
InMnPdOx_pre,58.15,2.407
InMnPdOx_pre,58.16,2.3
InMnPdOx_pre,58.17,2.255
InMnPdOx_pre,58.18,2.271
InMnPdOx_pre,58.19,2.347
InMnPdOx_pre,58.2,2.352
InMnPdOx_pre,58.21,2.281
InMnPdOx_pre,58.22,2.235
InMnPdOx_pre,58.23,2.224
InMnPdOx_pre,58.24,2.306
InMnPdOx_pre,58.25,2.304
InMnPdOx_pre,58.26,2.316
InMnPdOx_pre,58.27,2.307
InMnPdOx_pre,58.28,2.355
InMnPdOx_pre,58.29,2.33
InMnPdOx_pre,58.3,2.293
InMnPdOx_pre,58.31,2.315
InMnPdOx_pre,58.32,2.386
InMnPdOx_pre,58.33,2.332
InMnPdOx_pre,58.34,2.31
InMnPdOx_pre,58.35,2.271
InMnPdOx_pre,58.36,2.325
InMnPdOx_pre,58.37,2.371
InMnPdOx_pre,58.38,2.371
InMnPdOx_pre,58.39,2.419
InMnPdOx_pre,58.4,2.35
InMnPdOx_pre,58.41,2.368
InMnPdOx_pre,58.42,2.392
InMnPdOx_pre,58.43,2.399
InMnPdOx_pre,58.44,2.36
InMnPdOx_pre,58.45,2.31
InMnPdOx_pre,58.46,2.299
InMnPdOx_pre,58.47,2.342
InMnPdOx_pre,58.48,2.361
InMnPdOx_pre,58.49,2.393
InMnPdOx_pre,58.5,2.392
InMnPdOx_pre,58.51,2.461
InMnPdOx_pre,58.52,2.421
InMnPdOx_pre,58.53,2.442
InMnPdOx_pre,58.54,2.314
InMnPdOx_pre,58.55,2.304
InMnPdOx_pre,58.56,2.299
InMnPdOx_pre,58.57,2.434
InMnPdOx_pre,58.58,2.451
InMnPdOx_pre,58.59,2.438
InMnPdOx_pre,58.6,2.456
InMnPdOx_pre,58.61,2.524
InMnPdOx_pre,58.62,2.471
InMnPdOx_pre,58.63,2.419
InMnPdOx_pre,58.64,2.391
InMnPdOx_pre,58.65,2.465
InMnPdOx_pre,58.66,2.582
InMnPdOx_pre,58.67,2.557
InMnPdOx_pre,58.68,2.474
InMnPdOx_pre,58.69,2.425
InMnPdOx_pre,58.7,2.57
InMnPdOx_pre,58.71,2.597
InMnPdOx_pre,58.72,2.567
InMnPdOx_pre,58.73,2.475
InMnPdOx_pre,58.74,2.494
InMnPdOx_pre,58.75,2.554
InMnPdOx_pre,58.76,2.658
InMnPdOx_pre,58.77,2.66
InMnPdOx_pre,58.78,2.568
InMnPdOx_pre,58.79,2.479
InMnPdOx_pre,58.8,2.438
InMnPdOx_pre,58.81,2.505
InMnPdOx_pre,58.82,2.576
InMnPdOx_pre,58.83,2.665
InMnPdOx_pre,58.84,2.63
InMnPdOx_pre,58.85,2.596
InMnPdOx_pre,58.86,2.575
InMnPdOx_pre,58.87,2.58
InMnPdOx_pre,58.88,2.647
InMnPdOx_pre,58.89,2.666
InMnPdOx_pre,58.9,2.664
InMnPdOx_pre,58.91,2.614
InMnPdOx_pre,58.92,2.653
InMnPdOx_pre,58.93,2.705
InMnPdOx_pre,58.94,2.78
InMnPdOx_pre,58.95,2.809
InMnPdOx_pre,58.96,2.872
InMnPdOx_pre,58.97,2.847
InMnPdOx_pre,58.98,2.819
InMnPdOx_pre,58.99,2.848
InMnPdOx_pre,59.0,2.864
InMnPdOx_pre,59.01,2.842
InMnPdOx_pre,59.02,2.8
InMnPdOx_pre,59.03,2.829
InMnPdOx_pre,59.04,2.928
InMnPdOx_pre,59.05,2.915
InMnPdOx_pre,59.06,2.91
InMnPdOx_pre,59.07,2.832
InMnPdOx_pre,59.08,2.849
InMnPdOx_pre,59.09,2.951
InMnPdOx_pre,59.1,3.059
InMnPdOx_pre,59.11,3.037
InMnPdOx_pre,59.12,2.913
InMnPdOx_pre,59.13,2.905
InMnPdOx_pre,59.14,3.029
InMnPdOx_pre,59.15,3.106
InMnPdOx_pre,59.16,3.084
InMnPdOx_pre,59.17,2.98
InMnPdOx_pre,59.18,2.978
InMnPdOx_pre,59.19,2.991
InMnPdOx_pre,59.2,3.091
InMnPdOx_pre,59.21,3.052
InMnPdOx_pre,59.22,3.007
InMnPdOx_pre,59.23,2.949
InMnPdOx_pre,59.24,3.075
InMnPdOx_pre,59.25,3.275
InMnPdOx_pre,59.26,3.32
InMnPdOx_pre,59.27,3.282
InMnPdOx_pre,59.28,3.176
InMnPdOx_pre,59.29,3.195
InMnPdOx_pre,59.3,3.225
InMnPdOx_pre,59.31,3.264
InMnPdOx_pre,59.32,3.204
InMnPdOx_pre,59.33,3.16
InMnPdOx_pre,59.34,3.123
InMnPdOx_pre,59.35,3.185
InMnPdOx_pre,59.36,3.21
InMnPdOx_pre,59.37,3.245
InMnPdOx_pre,59.38,3.199
InMnPdOx_pre,59.39,3.133
InMnPdOx_pre,59.4,3.112
InMnPdOx_pre,59.41,3.177
InMnPdOx_pre,59.42,3.329
InMnPdOx_pre,59.43,3.49
InMnPdOx_pre,59.44,3.592
InMnPdOx_pre,59.45,3.462
InMnPdOx_pre,59.46,3.367
InMnPdOx_pre,59.47,3.359
InMnPdOx_pre,59.48,3.371
InMnPdOx_pre,59.49,3.48
InMnPdOx_pre,59.5,3.597
InMnPdOx_pre,59.51,3.697
InMnPdOx_pre,59.52,3.617
InMnPdOx_pre,59.53,3.534
InMnPdOx_pre,59.54,3.561
InMnPdOx_pre,59.55,3.605
InMnPdOx_pre,59.56,3.589
InMnPdOx_pre,59.57,3.472
InMnPdOx_pre,59.58,3.525
InMnPdOx_pre,59.59,3.605
InMnPdOx_pre,59.6,3.701
InMnPdOx_pre,59.61,3.698
InMnPdOx_pre,59.62,3.784
InMnPdOx_pre,59.63,3.946
InMnPdOx_pre,59.64,4.05
InMnPdOx_pre,59.65,3.941
InMnPdOx_pre,59.66,3.707
InMnPdOx_pre,59.67,3.528
InMnPdOx_pre,59.68,3.591
InMnPdOx_pre,59.69,3.696
InMnPdOx_pre,59.7,3.722
InMnPdOx_pre,59.71,3.691
InMnPdOx_pre,59.72,3.726
InMnPdOx_pre,59.73,3.766
InMnPdOx_pre,59.74,3.787
InMnPdOx_pre,59.75,3.734
InMnPdOx_pre,59.76,3.83
InMnPdOx_pre,59.77,3.999
InMnPdOx_pre,59.78,4.234
InMnPdOx_pre,59.79,4.104
InMnPdOx_pre,59.8,4.036
InMnPdOx_pre,59.81,3.897
InMnPdOx_pre,59.82,4.087
InMnPdOx_pre,59.83,4.09
InMnPdOx_pre,59.84,4.093
InMnPdOx_pre,59.85,4.009
InMnPdOx_pre,59.86,4.141
InMnPdOx_pre,59.87,4.124
InMnPdOx_pre,59.88,4.01
InMnPdOx_pre,59.89,3.958
InMnPdOx_pre,59.9,4.118
InMnPdOx_pre,59.91,4.24
InMnPdOx_pre,59.92,4.198
InMnPdOx_pre,59.93,4.089
InMnPdOx_pre,59.94,4.024
InMnPdOx_pre,59.95,4.041
InMnPdOx_pre,59.96,4.018
InMnPdOx_pre,59.97,3.969
InMnPdOx_pre,59.98,3.967
InMnPdOx_pre,59.99,4.108
InMnPdOx_pre,60.0,4.221
InMnPdOx_pre,60.01,4.289
InMnPdOx_pre,60.02,4.182
InMnPdOx_pre,60.03,4.312
InMnPdOx_pre,60.04,4.268
InMnPdOx_pre,60.05,4.324
InMnPdOx_pre,60.06,4.337
InMnPdOx_pre,60.07,4.302
InMnPdOx_pre,60.08,4.321
InMnPdOx_pre,60.09,4.243
InMnPdOx_pre,60.1,4.331
InMnPdOx_pre,60.11,4.303
InMnPdOx_pre,60.12,4.415
InMnPdOx_pre,60.13,4.424
InMnPdOx_pre,60.14,4.487
InMnPdOx_pre,60.15,4.394
InMnPdOx_pre,60.16,4.36
InMnPdOx_pre,60.17,4.209
InMnPdOx_pre,60.18,4.214
InMnPdOx_pre,60.19,4.142
InMnPdOx_pre,60.2,4.097
InMnPdOx_pre,60.21,4.081
InMnPdOx_pre,60.22,4.204
InMnPdOx_pre,60.23,4.256
InMnPdOx_pre,60.24,4.213
InMnPdOx_pre,60.25,4.054
InMnPdOx_pre,60.26,4.092
InMnPdOx_pre,60.27,3.995
InMnPdOx_pre,60.28,4.051
InMnPdOx_pre,60.29,4.018
InMnPdOx_pre,60.3,4.073
InMnPdOx_pre,60.31,4.032
InMnPdOx_pre,60.32,4.081
InMnPdOx_pre,60.33,4.126
InMnPdOx_pre,60.34,4.241
InMnPdOx_pre,60.35,4.215
InMnPdOx_pre,60.36,4.215
InMnPdOx_pre,60.37,4.102
InMnPdOx_pre,60.38,4.073
InMnPdOx_pre,60.39,4.052
InMnPdOx_pre,60.4,4.041
InMnPdOx_pre,60.41,3.988
InMnPdOx_pre,60.42,4.058
InMnPdOx_pre,60.43,4.176
InMnPdOx_pre,60.44,4.036
InMnPdOx_pre,60.45,3.864
InMnPdOx_pre,60.46,3.832
InMnPdOx_pre,60.47,3.971
InMnPdOx_pre,60.48,3.989
InMnPdOx_pre,60.49,4.073
InMnPdOx_pre,60.5,4.045
InMnPdOx_pre,60.51,3.961
InMnPdOx_pre,60.52,3.935
InMnPdOx_pre,60.53,3.923
InMnPdOx_pre,60.54,3.902
InMnPdOx_pre,60.55,3.872
InMnPdOx_pre,60.56,3.909
InMnPdOx_pre,60.57,3.879
InMnPdOx_pre,60.58,3.87
InMnPdOx_pre,60.59,3.921
InMnPdOx_pre,60.6,3.897
InMnPdOx_pre,60.61,3.876
InMnPdOx_pre,60.62,3.763
InMnPdOx_pre,60.63,3.778
InMnPdOx_pre,60.64,3.844
InMnPdOx_pre,60.65,3.918
InMnPdOx_pre,60.66,3.789
InMnPdOx_pre,60.67,3.693
InMnPdOx_pre,60.68,3.681
InMnPdOx_pre,60.69,3.647
InMnPdOx_pre,60.7,3.49
InMnPdOx_pre,60.71,3.318
InMnPdOx_pre,60.72,3.222
InMnPdOx_pre,60.73,3.208
InMnPdOx_pre,60.74,3.315
InMnPdOx_pre,60.75,3.469
InMnPdOx_pre,60.76,3.591
InMnPdOx_pre,60.77,3.523
InMnPdOx_pre,60.78,3.489
InMnPdOx_pre,60.79,3.47
InMnPdOx_pre,60.8,3.555
InMnPdOx_pre,60.81,3.521
InMnPdOx_pre,60.82,3.454
InMnPdOx_pre,60.83,3.336
InMnPdOx_pre,60.84,3.287
InMnPdOx_pre,60.85,3.304
InMnPdOx_pre,60.86,3.28
InMnPdOx_pre,60.87,3.197
InMnPdOx_pre,60.88,3.185
InMnPdOx_pre,60.89,3.23
InMnPdOx_pre,60.9,3.257
InMnPdOx_pre,60.91,3.163
InMnPdOx_pre,60.92,3.04
InMnPdOx_pre,60.93,3.108
InMnPdOx_pre,60.94,3.171
InMnPdOx_pre,60.95,3.241
InMnPdOx_pre,60.96,3.105
InMnPdOx_pre,60.97,3.11
InMnPdOx_pre,60.98,3.14
InMnPdOx_pre,60.99,3.331
InMnPdOx_pre,61.0,3.301
InMnPdOx_pre,61.01,3.25
InMnPdOx_pre,61.02,3.18
InMnPdOx_pre,61.03,3.149
InMnPdOx_pre,61.04,3.082
InMnPdOx_pre,61.05,3.04
InMnPdOx_pre,61.06,3.176
InMnPdOx_pre,61.07,3.148
InMnPdOx_pre,61.08,3.086
InMnPdOx_pre,61.09,3.04
InMnPdOx_pre,61.1,3.014
InMnPdOx_pre,61.11,3.009
InMnPdOx_pre,61.12,3.009
InMnPdOx_pre,61.13,3.003
InMnPdOx_pre,61.14,2.923
InMnPdOx_pre,61.15,2.892
InMnPdOx_pre,61.16,2.994
InMnPdOx_pre,61.17,2.963
InMnPdOx_pre,61.18,3.001
InMnPdOx_pre,61.19,2.934
InMnPdOx_pre,61.2,2.867
InMnPdOx_pre,61.21,2.808
InMnPdOx_pre,61.22,2.781
InMnPdOx_pre,61.23,2.8
InMnPdOx_pre,61.24,2.72
InMnPdOx_pre,61.25,2.728
InMnPdOx_pre,61.26,2.749
InMnPdOx_pre,61.27,2.755
InMnPdOx_pre,61.28,2.781
InMnPdOx_pre,61.29,2.798
InMnPdOx_pre,61.3,2.761
InMnPdOx_pre,61.31,2.682
InMnPdOx_pre,61.32,2.718
InMnPdOx_pre,61.33,2.742
InMnPdOx_pre,61.34,2.689
InMnPdOx_pre,61.35,2.621
InMnPdOx_pre,61.36,2.62
InMnPdOx_pre,61.37,2.591
InMnPdOx_pre,61.38,2.563
InMnPdOx_pre,61.39,2.563
InMnPdOx_pre,61.4,2.505
InMnPdOx_pre,61.41,2.573
InMnPdOx_pre,61.42,2.646
InMnPdOx_pre,61.43,2.616
InMnPdOx_pre,61.44,2.475
InMnPdOx_pre,61.45,2.519
InMnPdOx_pre,61.46,2.51
InMnPdOx_pre,61.47,2.484
InMnPdOx_pre,61.48,2.435
InMnPdOx_pre,61.49,2.382
InMnPdOx_pre,61.5,2.379
InMnPdOx_pre,61.51,2.411
InMnPdOx_pre,61.52,2.361
InMnPdOx_pre,61.53,2.383
InMnPdOx_pre,61.54,2.486
InMnPdOx_pre,61.55,2.508
InMnPdOx_pre,61.56,2.558
InMnPdOx_pre,61.57,2.515
InMnPdOx_pre,61.58,2.491
InMnPdOx_pre,61.59,2.401
InMnPdOx_pre,61.6,2.391
InMnPdOx_pre,61.61,2.376
InMnPdOx_pre,61.62,2.317
InMnPdOx_pre,61.63,2.29
InMnPdOx_pre,61.64,2.47
InMnPdOx_pre,61.65,2.548
InMnPdOx_pre,61.66,2.588
InMnPdOx_pre,61.67,2.431
InMnPdOx_pre,61.68,2.334
InMnPdOx_pre,61.69,2.26
InMnPdOx_pre,61.7,2.242
InMnPdOx_pre,61.71,2.367
InMnPdOx_pre,61.72,2.415
InMnPdOx_pre,61.73,2.37
InMnPdOx_pre,61.74,2.281
InMnPdOx_pre,61.75,2.302
InMnPdOx_pre,61.76,2.374
InMnPdOx_pre,61.77,2.39
InMnPdOx_pre,61.78,2.343
InMnPdOx_pre,61.79,2.374
InMnPdOx_pre,61.8,2.375
InMnPdOx_pre,61.81,2.353
InMnPdOx_pre,61.82,2.329
InMnPdOx_pre,61.83,2.283
InMnPdOx_pre,61.84,2.281
InMnPdOx_pre,61.85,2.198
InMnPdOx_pre,61.86,2.147
InMnPdOx_pre,61.87,2.188
InMnPdOx_pre,61.88,2.204
InMnPdOx_pre,61.89,2.151
InMnPdOx_pre,61.9,2.176
InMnPdOx_pre,61.91,2.191
InMnPdOx_pre,61.92,2.216
InMnPdOx_pre,61.93,2.183
InMnPdOx_pre,61.94,2.159
InMnPdOx_pre,61.95,2.097
InMnPdOx_pre,61.96,2.034
InMnPdOx_pre,61.97,2.089
InMnPdOx_pre,61.98,2.071
InMnPdOx_pre,61.99,2.058
InMnPdOx_pre,62.0,2.127
InMnPdOx_pre,62.01,2.238
InMnPdOx_pre,62.02,2.247
InMnPdOx_pre,62.03,2.107
InMnPdOx_pre,62.04,2.034
InMnPdOx_pre,62.05,2.065
InMnPdOx_pre,62.06,2.119
InMnPdOx_pre,62.07,2.031
InMnPdOx_pre,62.08,1.994
InMnPdOx_pre,62.09,2.034
InMnPdOx_pre,62.1,2.058
InMnPdOx_pre,62.11,2.051
InMnPdOx_pre,62.12,2.063
InMnPdOx_pre,62.13,2.111
InMnPdOx_pre,62.14,2.119
InMnPdOx_pre,62.15,2.137
InMnPdOx_pre,62.16,2.082
InMnPdOx_pre,62.17,2.112
InMnPdOx_pre,62.18,2.118
InMnPdOx_pre,62.19,2.085
InMnPdOx_pre,62.2,2.047
InMnPdOx_pre,62.21,2.102
InMnPdOx_pre,62.22,2.147
InMnPdOx_pre,62.23,2.093
InMnPdOx_pre,62.24,2.036
InMnPdOx_pre,62.25,2.007
InMnPdOx_pre,62.26,2.051
InMnPdOx_pre,62.27,1.982
InMnPdOx_pre,62.28,1.997
InMnPdOx_pre,62.29,2.069
InMnPdOx_pre,62.3,2.035
InMnPdOx_pre,62.31,1.927
InMnPdOx_pre,62.32,1.889
InMnPdOx_pre,62.33,2.009
InMnPdOx_pre,62.34,2.087
InMnPdOx_pre,62.35,2.109
InMnPdOx_pre,62.36,2.068
InMnPdOx_pre,62.37,1.984
InMnPdOx_pre,62.38,1.909
InMnPdOx_pre,62.39,1.921
InMnPdOx_pre,62.4,1.939
InMnPdOx_pre,62.41,1.962
InMnPdOx_pre,62.42,1.968
InMnPdOx_pre,62.43,1.933
InMnPdOx_pre,62.44,1.949
InMnPdOx_pre,62.45,1.941
InMnPdOx_pre,62.46,1.91
InMnPdOx_pre,62.47,1.963
InMnPdOx_pre,62.48,2.041
InMnPdOx_pre,62.49,2.026
InMnPdOx_pre,62.5,1.941
InMnPdOx_pre,62.51,1.865
InMnPdOx_pre,62.52,1.844
InMnPdOx_pre,62.53,1.885
InMnPdOx_pre,62.54,1.962
InMnPdOx_pre,62.55,1.942
InMnPdOx_pre,62.56,1.931
InMnPdOx_pre,62.57,1.876
InMnPdOx_pre,62.58,1.873
InMnPdOx_pre,62.59,1.862
InMnPdOx_pre,62.6,1.896
InMnPdOx_pre,62.61,1.904
InMnPdOx_pre,62.62,1.912
InMnPdOx_pre,62.63,1.914
InMnPdOx_pre,62.64,1.933
InMnPdOx_pre,62.65,1.861
InMnPdOx_pre,62.66,1.819
InMnPdOx_pre,62.67,1.866
InMnPdOx_pre,62.68,1.928
InMnPdOx_pre,62.69,1.911
InMnPdOx_pre,62.7,1.916
InMnPdOx_pre,62.71,1.876
InMnPdOx_pre,62.72,1.845
InMnPdOx_pre,62.73,1.855
InMnPdOx_pre,62.74,1.852
InMnPdOx_pre,62.75,1.894
InMnPdOx_pre,62.76,1.864
InMnPdOx_pre,62.77,1.869
InMnPdOx_pre,62.78,1.826
InMnPdOx_pre,62.79,1.809
InMnPdOx_pre,62.8,1.817
InMnPdOx_pre,62.81,1.894
InMnPdOx_pre,62.82,1.914
InMnPdOx_pre,62.83,1.913
InMnPdOx_pre,62.84,1.863
InMnPdOx_pre,62.85,1.889
InMnPdOx_pre,62.86,1.895
InMnPdOx_pre,62.87,1.972
InMnPdOx_pre,62.88,1.977
InMnPdOx_pre,62.89,1.907
InMnPdOx_pre,62.9,1.853
InMnPdOx_pre,62.91,1.86
InMnPdOx_pre,62.92,1.909
InMnPdOx_pre,62.93,1.908
InMnPdOx_pre,62.94,1.959
InMnPdOx_pre,62.95,1.994
InMnPdOx_pre,62.96,1.993
InMnPdOx_pre,62.97,1.88
InMnPdOx_pre,62.98,1.839
InMnPdOx_pre,62.99,1.899
InMnPdOx_pre,63.0,1.98
InMnPdOx_pre,63.01,1.976
InMnPdOx_pre,63.02,1.847
InMnPdOx_pre,63.03,1.763
InMnPdOx_pre,63.04,1.702
InMnPdOx_pre,63.05,1.706
InMnPdOx_pre,63.06,1.739
InMnPdOx_pre,63.07,1.7
InMnPdOx_pre,63.08,1.767
InMnPdOx_pre,63.09,1.78
InMnPdOx_pre,63.1,1.911
InMnPdOx_pre,63.11,2.003
InMnPdOx_pre,63.12,1.996
InMnPdOx_pre,63.13,1.864
InMnPdOx_pre,63.14,1.787
InMnPdOx_pre,63.15,1.829
InMnPdOx_pre,63.16,1.899
InMnPdOx_pre,63.17,1.85
InMnPdOx_pre,63.18,1.864
InMnPdOx_pre,63.19,1.839
InMnPdOx_pre,63.2,1.88
InMnPdOx_pre,63.21,1.87
InMnPdOx_pre,63.22,1.838
InMnPdOx_pre,63.23,1.833
InMnPdOx_pre,63.24,1.778
InMnPdOx_pre,63.25,1.734
InMnPdOx_pre,63.26,1.754
InMnPdOx_pre,63.27,1.88
InMnPdOx_pre,63.28,1.963
InMnPdOx_pre,63.29,1.99
InMnPdOx_pre,63.3,1.933
InMnPdOx_pre,63.31,1.907
InMnPdOx_pre,63.32,1.856
InMnPdOx_pre,63.33,1.813
InMnPdOx_pre,63.34,1.697
InMnPdOx_pre,63.35,1.638
InMnPdOx_pre,63.36,1.665
InMnPdOx_pre,63.37,1.815
InMnPdOx_pre,63.38,1.85
InMnPdOx_pre,63.39,1.889
InMnPdOx_pre,63.4,1.872
InMnPdOx_pre,63.41,1.899
InMnPdOx_pre,63.42,1.887
InMnPdOx_pre,63.43,1.811
InMnPdOx_pre,63.44,1.754
InMnPdOx_pre,63.45,1.692
InMnPdOx_pre,63.46,1.776
InMnPdOx_pre,63.47,1.804
InMnPdOx_pre,63.48,1.778
InMnPdOx_pre,63.49,1.792
InMnPdOx_pre,63.5,1.817
InMnPdOx_pre,63.51,1.911
InMnPdOx_pre,63.52,1.893
InMnPdOx_pre,63.53,1.867
InMnPdOx_pre,63.54,1.708
InMnPdOx_pre,63.55,1.702
InMnPdOx_pre,63.56,1.724
InMnPdOx_pre,63.57,1.814
InMnPdOx_pre,63.58,1.819
InMnPdOx_pre,63.59,1.773
InMnPdOx_pre,63.6,1.719
InMnPdOx_pre,63.61,1.754
InMnPdOx_pre,63.62,1.822
InMnPdOx_pre,63.63,1.817
InMnPdOx_pre,63.64,1.838
InMnPdOx_pre,63.65,1.842
InMnPdOx_pre,63.66,1.868
InMnPdOx_pre,63.67,1.876
InMnPdOx_pre,63.68,1.798
InMnPdOx_pre,63.69,1.674
InMnPdOx_pre,63.7,1.681
InMnPdOx_pre,63.71,1.812
InMnPdOx_pre,63.72,1.887
InMnPdOx_pre,63.73,1.858
InMnPdOx_pre,63.74,1.799
InMnPdOx_pre,63.75,1.739
InMnPdOx_pre,63.76,1.643
InMnPdOx_pre,63.77,1.638
InMnPdOx_pre,63.78,1.736
InMnPdOx_pre,63.79,1.872
InMnPdOx_pre,63.8,1.935
InMnPdOx_pre,63.81,1.838
InMnPdOx_pre,63.82,1.768
InMnPdOx_pre,63.83,1.696
InMnPdOx_pre,63.84,1.714
InMnPdOx_pre,63.85,1.811
InMnPdOx_pre,63.86,1.873
InMnPdOx_pre,63.87,1.893
InMnPdOx_pre,63.88,1.809
InMnPdOx_pre,63.89,1.813
InMnPdOx_pre,63.9,1.745
InMnPdOx_pre,63.91,1.856
InMnPdOx_pre,63.92,1.896
InMnPdOx_pre,63.93,1.89
InMnPdOx_pre,63.94,1.855
InMnPdOx_pre,63.95,1.84
InMnPdOx_pre,63.96,1.803
InMnPdOx_pre,63.97,1.671
InMnPdOx_pre,63.98,1.625
InMnPdOx_pre,63.99,1.688
InMnPdOx_pre,64.0,1.84
InMnPdOx_pre,64.01,1.743
InMnPdOx_pre,64.02,1.859
InMnPdOx_pre,64.03,2.102
InMnPdOx_post,16.11,5.108
InMnPdOx_post,16.12,5.193
InMnPdOx_post,16.13,5.245
InMnPdOx_post,16.14,4.874
InMnPdOx_post,16.15,4.601
InMnPdOx_post,16.16,4.468
InMnPdOx_post,16.17,4.869
InMnPdOx_post,16.18,4.885
InMnPdOx_post,16.19,5.035
InMnPdOx_post,16.2,5.222
InMnPdOx_post,16.21,5.429
InMnPdOx_post,16.22,5.293
InMnPdOx_post,16.23,5.19
InMnPdOx_post,16.24,5.156
InMnPdOx_post,16.25,5.174
InMnPdOx_post,16.26,5.18
InMnPdOx_post,16.27,5.14
InMnPdOx_post,16.28,5.465
InMnPdOx_post,16.29,5.422
InMnPdOx_post,16.3,5.41
InMnPdOx_post,16.31,5.269
InMnPdOx_post,16.32,5.259
InMnPdOx_post,16.33,5.195
InMnPdOx_post,16.34,5.133
InMnPdOx_post,16.35,5.036
InMnPdOx_post,16.36,4.997
InMnPdOx_post,16.37,5.063
InMnPdOx_post,16.38,5.415
InMnPdOx_post,16.39,5.446
InMnPdOx_post,16.4,5.413
InMnPdOx_post,16.41,5.34
InMnPdOx_post,16.42,5.372
InMnPdOx_post,16.43,5.341
InMnPdOx_post,16.44,5.226
InMnPdOx_post,16.45,5.133
InMnPdOx_post,16.46,5.156
InMnPdOx_post,16.47,5.203
InMnPdOx_post,16.48,5.247
InMnPdOx_post,16.49,5.232
InMnPdOx_post,16.5,5.345
InMnPdOx_post,16.51,5.311
InMnPdOx_post,16.52,5.295
InMnPdOx_post,16.53,5.322
InMnPdOx_post,16.54,5.129
InMnPdOx_post,16.55,5.004
InMnPdOx_post,16.56,4.833
InMnPdOx_post,16.57,4.806
InMnPdOx_post,16.58,4.91
InMnPdOx_post,16.59,5.143
InMnPdOx_post,16.6,5.239
InMnPdOx_post,16.61,5.141
InMnPdOx_post,16.62,5.152
InMnPdOx_post,16.63,5.184
InMnPdOx_post,16.64,5.135
InMnPdOx_post,16.65,5.077
InMnPdOx_post,16.66,5.075
InMnPdOx_post,16.67,5.203
InMnPdOx_post,16.68,5.213
InMnPdOx_post,16.69,5.194
InMnPdOx_post,16.7,5.088
InMnPdOx_post,16.71,5.002
InMnPdOx_post,16.72,5.135
InMnPdOx_post,16.73,5.212
InMnPdOx_post,16.74,5.309
InMnPdOx_post,16.75,5.359
InMnPdOx_post,16.76,5.473
InMnPdOx_post,16.77,5.428
InMnPdOx_post,16.78,5.173
InMnPdOx_post,16.79,5.147
InMnPdOx_post,16.8,5.246
InMnPdOx_post,16.81,5.167
InMnPdOx_post,16.82,5.044
InMnPdOx_post,16.83,5.04
InMnPdOx_post,16.84,5.078
InMnPdOx_post,16.85,5.018
InMnPdOx_post,16.86,5.065
InMnPdOx_post,16.87,5.207
InMnPdOx_post,16.88,5.181
InMnPdOx_post,16.89,5.152
InMnPdOx_post,16.9,5.044
InMnPdOx_post,16.91,5.116
InMnPdOx_post,16.92,5.13
InMnPdOx_post,16.93,5.163
InMnPdOx_post,16.94,5.313
InMnPdOx_post,16.95,5.382
InMnPdOx_post,16.96,5.302
InMnPdOx_post,16.97,5.096
InMnPdOx_post,16.98,4.963
InMnPdOx_post,16.99,5.026
InMnPdOx_post,17.0,5.219
InMnPdOx_post,17.01,5.162
InMnPdOx_post,17.02,5.201
InMnPdOx_post,17.03,5.112
InMnPdOx_post,17.04,5.14
InMnPdOx_post,17.05,5.148
InMnPdOx_post,17.06,5.283
InMnPdOx_post,17.07,5.15
InMnPdOx_post,17.08,5.192
InMnPdOx_post,17.09,5.338
InMnPdOx_post,17.1,5.419
InMnPdOx_post,17.11,5.188
InMnPdOx_post,17.12,5.09
InMnPdOx_post,17.13,5.133
InMnPdOx_post,17.14,5.168
InMnPdOx_post,17.15,5.14
InMnPdOx_post,17.16,5.248
InMnPdOx_post,17.17,5.231
InMnPdOx_post,17.18,5.148
InMnPdOx_post,17.19,5.016
InMnPdOx_post,17.2,4.839
InMnPdOx_post,17.21,4.701
InMnPdOx_post,17.22,4.759
InMnPdOx_post,17.23,5.123
InMnPdOx_post,17.24,5.272
InMnPdOx_post,17.25,5.251
InMnPdOx_post,17.26,5.039
InMnPdOx_post,17.27,4.974
InMnPdOx_post,17.28,4.962
InMnPdOx_post,17.29,4.881
InMnPdOx_post,17.3,4.877
InMnPdOx_post,17.31,4.908
InMnPdOx_post,17.32,5.098
InMnPdOx_post,17.33,5.138
InMnPdOx_post,17.34,5.125
InMnPdOx_post,17.35,4.966
InMnPdOx_post,17.36,4.879
InMnPdOx_post,17.37,4.855
InMnPdOx_post,17.38,5.015
InMnPdOx_post,17.39,5.125
InMnPdOx_post,17.4,5.116
InMnPdOx_post,17.41,5.128
InMnPdOx_post,17.42,5.248
InMnPdOx_post,17.43,5.389
InMnPdOx_post,17.44,5.214
InMnPdOx_post,17.45,5.087
InMnPdOx_post,17.46,4.977
InMnPdOx_post,17.47,5.25
InMnPdOx_post,17.48,5.37
InMnPdOx_post,17.49,5.203
InMnPdOx_post,17.5,4.926
InMnPdOx_post,17.51,4.889
InMnPdOx_post,17.52,5.064
InMnPdOx_post,17.53,5.2
InMnPdOx_post,17.54,5.277
InMnPdOx_post,17.55,5.177
InMnPdOx_post,17.56,5.075
InMnPdOx_post,17.57,5.092
InMnPdOx_post,17.58,5.214
InMnPdOx_post,17.59,5.089
InMnPdOx_post,17.6,5.088
InMnPdOx_post,17.61,5.057
InMnPdOx_post,17.62,5.143
InMnPdOx_post,17.63,5.097
InMnPdOx_post,17.64,5.016
InMnPdOx_post,17.65,5.132
InMnPdOx_post,17.66,5.163
InMnPdOx_post,17.67,5.307
InMnPdOx_post,17.68,5.181
InMnPdOx_post,17.69,5.093
InMnPdOx_post,17.7,5.058
InMnPdOx_post,17.71,5.125
InMnPdOx_post,17.72,5.156
InMnPdOx_post,17.73,5.221
InMnPdOx_post,17.74,5.164
InMnPdOx_post,17.75,5.096
InMnPdOx_post,17.76,5.038
InMnPdOx_post,17.77,5.185
InMnPdOx_post,17.78,5.153
InMnPdOx_post,17.79,5.07
InMnPdOx_post,17.8,4.878
InMnPdOx_post,17.81,4.961
InMnPdOx_post,17.82,5.112
InMnPdOx_post,17.83,5.281
InMnPdOx_post,17.84,5.262
InMnPdOx_post,17.85,5.197
InMnPdOx_post,17.86,5.236
InMnPdOx_post,17.87,5.311
InMnPdOx_post,17.88,5.25
InMnPdOx_post,17.89,5.186
InMnPdOx_post,17.9,5.148
InMnPdOx_post,17.91,5.211
InMnPdOx_post,17.92,5.235
InMnPdOx_post,17.93,5.243
InMnPdOx_post,17.94,5.164
InMnPdOx_post,17.95,5.13
InMnPdOx_post,17.96,5.109
InMnPdOx_post,17.97,5.127
InMnPdOx_post,17.98,5.199
InMnPdOx_post,17.99,5.182
InMnPdOx_post,18.0,5.228
InMnPdOx_post,18.01,5.26
InMnPdOx_post,18.02,5.23
InMnPdOx_post,18.03,5.173
InMnPdOx_post,18.04,5.168
InMnPdOx_post,18.05,5.224
InMnPdOx_post,18.06,5.214
InMnPdOx_post,18.07,5.19
InMnPdOx_post,18.08,5.202
InMnPdOx_post,18.09,5.239
InMnPdOx_post,18.1,5.28
InMnPdOx_post,18.11,5.216
InMnPdOx_post,18.12,5.265
InMnPdOx_post,18.13,5.241
InMnPdOx_post,18.14,5.226
InMnPdOx_post,18.15,5.242
InMnPdOx_post,18.16,5.365
InMnPdOx_post,18.17,5.471
InMnPdOx_post,18.18,5.392
InMnPdOx_post,18.19,5.172
InMnPdOx_post,18.2,5.019
InMnPdOx_post,18.21,5.072
InMnPdOx_post,18.22,5.187
InMnPdOx_post,18.23,5.172
InMnPdOx_post,18.24,5.088
InMnPdOx_post,18.25,5.096
InMnPdOx_post,18.26,5.189
InMnPdOx_post,18.27,5.181
InMnPdOx_post,18.28,5.188
InMnPdOx_post,18.29,5.151
InMnPdOx_post,18.3,5.167
InMnPdOx_post,18.31,5.056
InMnPdOx_post,18.32,5.132
InMnPdOx_post,18.33,5.185
InMnPdOx_post,18.34,5.362
InMnPdOx_post,18.35,5.367
InMnPdOx_post,18.36,5.42
InMnPdOx_post,18.37,5.321
InMnPdOx_post,18.38,5.256
InMnPdOx_post,18.39,5.312
InMnPdOx_post,18.4,5.388
InMnPdOx_post,18.41,5.33
InMnPdOx_post,18.42,5.179
InMnPdOx_post,18.43,5.114
InMnPdOx_post,18.44,5.179
InMnPdOx_post,18.45,5.264
InMnPdOx_post,18.46,5.192
InMnPdOx_post,18.47,5.047
InMnPdOx_post,18.48,5.152
InMnPdOx_post,18.49,5.394
InMnPdOx_post,18.5,5.381
InMnPdOx_post,18.51,5.294
InMnPdOx_post,18.52,5.28
InMnPdOx_post,18.53,5.344
InMnPdOx_post,18.54,5.204
InMnPdOx_post,18.55,5.192
InMnPdOx_post,18.56,5.176
InMnPdOx_post,18.57,5.243
InMnPdOx_post,18.58,5.247
InMnPdOx_post,18.59,5.264
InMnPdOx_post,18.6,5.274
InMnPdOx_post,18.61,5.416
InMnPdOx_post,18.62,5.336
InMnPdOx_post,18.63,5.173
InMnPdOx_post,18.64,5.059
InMnPdOx_post,18.65,5.184
InMnPdOx_post,18.66,5.229
InMnPdOx_post,18.67,5.128
InMnPdOx_post,18.68,5.145
InMnPdOx_post,18.69,5.162
InMnPdOx_post,18.7,5.258
InMnPdOx_post,18.71,5.296
InMnPdOx_post,18.72,5.268
InMnPdOx_post,18.73,5.137
InMnPdOx_post,18.74,5.04
InMnPdOx_post,18.75,5.052
InMnPdOx_post,18.76,5.113
InMnPdOx_post,18.77,5.238
InMnPdOx_post,18.78,5.218
InMnPdOx_post,18.79,5.264
InMnPdOx_post,18.8,5.316
InMnPdOx_post,18.81,5.263
InMnPdOx_post,18.82,4.999
InMnPdOx_post,18.83,4.89
InMnPdOx_post,18.84,4.876
InMnPdOx_post,18.85,4.996
InMnPdOx_post,18.86,5.139
InMnPdOx_post,18.87,5.078
InMnPdOx_post,18.88,5.081
InMnPdOx_post,18.89,5.21
InMnPdOx_post,18.9,5.357
InMnPdOx_post,18.91,5.286
InMnPdOx_post,18.92,5.212
InMnPdOx_post,18.93,5.295
InMnPdOx_post,18.94,5.325
InMnPdOx_post,18.95,5.248
InMnPdOx_post,18.96,5.105
InMnPdOx_post,18.97,5.17
InMnPdOx_post,18.98,5.271
InMnPdOx_post,18.99,5.281
InMnPdOx_post,19.0,5.116
InMnPdOx_post,19.01,5.09
InMnPdOx_post,19.02,5.257
InMnPdOx_post,19.03,5.385
InMnPdOx_post,19.04,5.265
InMnPdOx_post,19.05,5.194
InMnPdOx_post,19.06,5.187
InMnPdOx_post,19.07,5.06
InMnPdOx_post,19.08,5.036
InMnPdOx_post,19.09,5.038
InMnPdOx_post,19.1,5.21
InMnPdOx_post,19.11,5.235
InMnPdOx_post,19.12,5.214
InMnPdOx_post,19.13,5.204
InMnPdOx_post,19.14,5.18
InMnPdOx_post,19.15,5.256
InMnPdOx_post,19.16,5.325
InMnPdOx_post,19.17,5.345
InMnPdOx_post,19.18,5.273
InMnPdOx_post,19.19,5.204
InMnPdOx_post,19.2,5.131
InMnPdOx_post,19.21,5.068
InMnPdOx_post,19.22,5.164
InMnPdOx_post,19.23,5.202
InMnPdOx_post,19.24,5.292
InMnPdOx_post,19.25,5.291
InMnPdOx_post,19.26,5.149
InMnPdOx_post,19.27,5.153
InMnPdOx_post,19.28,5.032
InMnPdOx_post,19.29,5.098
InMnPdOx_post,19.3,5.103
InMnPdOx_post,19.31,5.262
InMnPdOx_post,19.32,5.193
InMnPdOx_post,19.33,5.038
InMnPdOx_post,19.34,5.011
InMnPdOx_post,19.35,5.153
InMnPdOx_post,19.36,5.29
InMnPdOx_post,19.37,5.25
InMnPdOx_post,19.38,5.23
InMnPdOx_post,19.39,5.384
InMnPdOx_post,19.4,5.458
InMnPdOx_post,19.41,5.322
InMnPdOx_post,19.42,5.15
InMnPdOx_post,19.43,5.21
InMnPdOx_post,19.44,5.266
InMnPdOx_post,19.45,5.365
InMnPdOx_post,19.46,5.418
InMnPdOx_post,19.47,5.43
InMnPdOx_post,19.48,5.363
InMnPdOx_post,19.49,5.252
InMnPdOx_post,19.5,5.277
InMnPdOx_post,19.51,5.233
InMnPdOx_post,19.52,5.148
InMnPdOx_post,19.53,4.998
InMnPdOx_post,19.54,5.097
InMnPdOx_post,19.55,5.2
InMnPdOx_post,19.56,5.213
InMnPdOx_post,19.57,5.017
InMnPdOx_post,19.58,4.955
InMnPdOx_post,19.59,5.15
InMnPdOx_post,19.6,5.355
InMnPdOx_post,19.61,5.4
InMnPdOx_post,19.62,5.275
InMnPdOx_post,19.63,5.139
InMnPdOx_post,19.64,5.032
InMnPdOx_post,19.65,5.14
InMnPdOx_post,19.66,5.298
InMnPdOx_post,19.67,5.332
InMnPdOx_post,19.68,5.24
InMnPdOx_post,19.69,5.089
InMnPdOx_post,19.7,5.005
InMnPdOx_post,19.71,4.983
InMnPdOx_post,19.72,5.002
InMnPdOx_post,19.73,5.076
InMnPdOx_post,19.74,5.186
InMnPdOx_post,19.75,5.265
InMnPdOx_post,19.76,5.176
InMnPdOx_post,19.77,5.009
InMnPdOx_post,19.78,4.953
InMnPdOx_post,19.79,4.965
InMnPdOx_post,19.8,5.064
InMnPdOx_post,19.81,5.108
InMnPdOx_post,19.82,5.064
InMnPdOx_post,19.83,5.045
InMnPdOx_post,19.84,5.128
InMnPdOx_post,19.85,5.075
InMnPdOx_post,19.86,5.019
InMnPdOx_post,19.87,5.032
InMnPdOx_post,19.88,5.206
InMnPdOx_post,19.89,5.255
InMnPdOx_post,19.9,5.229
InMnPdOx_post,19.91,5.206
InMnPdOx_post,19.92,5.227
InMnPdOx_post,19.93,5.18
InMnPdOx_post,19.94,4.963
InMnPdOx_post,19.95,4.768
InMnPdOx_post,19.96,4.763
InMnPdOx_post,19.97,4.926
InMnPdOx_post,19.98,5.197
InMnPdOx_post,19.99,5.273
InMnPdOx_post,20.0,5.221
InMnPdOx_post,20.01,5.176
InMnPdOx_post,20.02,5.187
InMnPdOx_post,20.03,5.203
InMnPdOx_post,20.04,5.136
InMnPdOx_post,20.05,5.089
InMnPdOx_post,20.06,5.116
InMnPdOx_post,20.07,5.097
InMnPdOx_post,20.08,5.154
InMnPdOx_post,20.09,5.124
InMnPdOx_post,20.1,5.213
InMnPdOx_post,20.11,5.17
InMnPdOx_post,20.12,5.142
InMnPdOx_post,20.13,5.033
InMnPdOx_post,20.14,5.08
InMnPdOx_post,20.15,5.139
InMnPdOx_post,20.16,5.218
InMnPdOx_post,20.17,5.38
InMnPdOx_post,20.18,5.34
InMnPdOx_post,20.19,5.076
InMnPdOx_post,20.2,4.947
InMnPdOx_post,20.21,5.067
InMnPdOx_post,20.22,5.055
InMnPdOx_post,20.23,5.117
InMnPdOx_post,20.24,5.164
InMnPdOx_post,20.25,5.152
InMnPdOx_post,20.26,5.152
InMnPdOx_post,20.27,5.189
InMnPdOx_post,20.28,5.195
InMnPdOx_post,20.29,5.147
InMnPdOx_post,20.3,5.118
InMnPdOx_post,20.31,5.025
InMnPdOx_post,20.32,5.073
InMnPdOx_post,20.33,5.175
InMnPdOx_post,20.34,5.239
InMnPdOx_post,20.35,5.139
InMnPdOx_post,20.36,5.063
InMnPdOx_post,20.37,5.161
InMnPdOx_post,20.38,5.297
InMnPdOx_post,20.39,5.349
InMnPdOx_post,20.4,5.097
InMnPdOx_post,20.41,4.963
InMnPdOx_post,20.42,4.881
InMnPdOx_post,20.43,4.919
InMnPdOx_post,20.44,4.848
InMnPdOx_post,20.45,4.923
InMnPdOx_post,20.46,5.077
InMnPdOx_post,20.47,5.133
InMnPdOx_post,20.48,5.13
InMnPdOx_post,20.49,5.065
InMnPdOx_post,20.5,5.087
InMnPdOx_post,20.51,4.967
InMnPdOx_post,20.52,5.0
InMnPdOx_post,20.53,5.112
InMnPdOx_post,20.54,5.247
InMnPdOx_post,20.55,5.272
InMnPdOx_post,20.56,5.19
InMnPdOx_post,20.57,5.124
InMnPdOx_post,20.58,5.1
InMnPdOx_post,20.59,5.099
InMnPdOx_post,20.6,5.085
InMnPdOx_post,20.61,5.052
InMnPdOx_post,20.62,5.06
InMnPdOx_post,20.63,5.167
InMnPdOx_post,20.64,5.136
InMnPdOx_post,20.65,5.028
InMnPdOx_post,20.66,5.03
InMnPdOx_post,20.67,5.108
InMnPdOx_post,20.68,5.192
InMnPdOx_post,20.69,5.217
InMnPdOx_post,20.7,5.232
InMnPdOx_post,20.71,5.17
InMnPdOx_post,20.72,5.188
InMnPdOx_post,20.73,5.325
InMnPdOx_post,20.74,5.348
InMnPdOx_post,20.75,5.197
InMnPdOx_post,20.76,5.087
InMnPdOx_post,20.77,5.123
InMnPdOx_post,20.78,5.235
InMnPdOx_post,20.79,5.168
InMnPdOx_post,20.8,5.091
InMnPdOx_post,20.81,5.05
InMnPdOx_post,20.82,5.154
InMnPdOx_post,20.83,5.23
InMnPdOx_post,20.84,5.24
InMnPdOx_post,20.85,5.136
InMnPdOx_post,20.86,5.09
InMnPdOx_post,20.87,5.047
InMnPdOx_post,20.88,5.131
InMnPdOx_post,20.89,5.103
InMnPdOx_post,20.9,5.074
InMnPdOx_post,20.91,5.049
InMnPdOx_post,20.92,5.065
InMnPdOx_post,20.93,5.009
InMnPdOx_post,20.94,5.042
InMnPdOx_post,20.95,5.151
InMnPdOx_post,20.96,5.14
InMnPdOx_post,20.97,5.125
InMnPdOx_post,20.98,5.226
InMnPdOx_post,20.99,5.336
InMnPdOx_post,21.0,5.25
InMnPdOx_post,21.01,5.149
InMnPdOx_post,21.02,5.124
InMnPdOx_post,21.03,5.207
InMnPdOx_post,21.04,5.247
InMnPdOx_post,21.05,5.088
InMnPdOx_post,21.06,5.079
InMnPdOx_post,21.07,5.006
InMnPdOx_post,21.08,4.988
InMnPdOx_post,21.09,4.932
InMnPdOx_post,21.1,5.005
InMnPdOx_post,21.11,5.143
InMnPdOx_post,21.12,5.137
InMnPdOx_post,21.13,5.215
InMnPdOx_post,21.14,5.114
InMnPdOx_post,21.15,5.087
InMnPdOx_post,21.16,5.059
InMnPdOx_post,21.17,5.185
InMnPdOx_post,21.18,5.225
InMnPdOx_post,21.19,5.201
InMnPdOx_post,21.2,5.09
InMnPdOx_post,21.21,5.098
InMnPdOx_post,21.22,5.087
InMnPdOx_post,21.23,5.088
InMnPdOx_post,21.24,5.016
InMnPdOx_post,21.25,5.074
InMnPdOx_post,21.26,5.092
InMnPdOx_post,21.27,5.109
InMnPdOx_post,21.28,5.081
InMnPdOx_post,21.29,5.012
InMnPdOx_post,21.3,5.111
InMnPdOx_post,21.31,5.156
InMnPdOx_post,21.32,5.245
InMnPdOx_post,21.33,5.151
InMnPdOx_post,21.34,5.086
InMnPdOx_post,21.35,5.017
InMnPdOx_post,21.36,5.142
InMnPdOx_post,21.37,5.153
InMnPdOx_post,21.38,5.103
InMnPdOx_post,21.39,5.083
InMnPdOx_post,21.4,5.205
InMnPdOx_post,21.41,5.237
InMnPdOx_post,21.42,5.152
InMnPdOx_post,21.43,5.166
InMnPdOx_post,21.44,5.17
InMnPdOx_post,21.45,5.09
InMnPdOx_post,21.46,5.087
InMnPdOx_post,21.47,5.101
InMnPdOx_post,21.48,5.107
InMnPdOx_post,21.49,5.066
InMnPdOx_post,21.5,5.106
InMnPdOx_post,21.51,5.121
InMnPdOx_post,21.52,5.263
InMnPdOx_post,21.53,5.406
InMnPdOx_post,21.54,5.451
InMnPdOx_post,21.55,5.294
InMnPdOx_post,21.56,5.164
InMnPdOx_post,21.57,5.098
InMnPdOx_post,21.58,5.2
InMnPdOx_post,21.59,5.281
InMnPdOx_post,21.6,5.38
InMnPdOx_post,21.61,5.282
InMnPdOx_post,21.62,5.111
InMnPdOx_post,21.63,5.084
InMnPdOx_post,21.64,5.1
InMnPdOx_post,21.65,5.207
InMnPdOx_post,21.66,5.146
InMnPdOx_post,21.67,5.113
InMnPdOx_post,21.68,5.133
InMnPdOx_post,21.69,5.218
InMnPdOx_post,21.7,5.168
InMnPdOx_post,21.71,5.213
InMnPdOx_post,21.72,5.413
InMnPdOx_post,21.73,5.504
InMnPdOx_post,21.74,5.234
InMnPdOx_post,21.75,5.062
InMnPdOx_post,21.76,5.041
InMnPdOx_post,21.77,5.014
InMnPdOx_post,21.78,4.974
InMnPdOx_post,21.79,4.972
InMnPdOx_post,21.8,5.008
InMnPdOx_post,21.81,5.126
InMnPdOx_post,21.82,5.142
InMnPdOx_post,21.83,5.11
InMnPdOx_post,21.84,4.949
InMnPdOx_post,21.85,5.022
InMnPdOx_post,21.86,5.137
InMnPdOx_post,21.87,5.198
InMnPdOx_post,21.88,4.979
InMnPdOx_post,21.89,4.953
InMnPdOx_post,21.9,4.993
InMnPdOx_post,21.91,5.165
InMnPdOx_post,21.92,5.061
InMnPdOx_post,21.93,5.123
InMnPdOx_post,21.94,5.087
InMnPdOx_post,21.95,5.156
InMnPdOx_post,21.96,5.067
InMnPdOx_post,21.97,5.158
InMnPdOx_post,21.98,5.184
InMnPdOx_post,21.99,5.176
InMnPdOx_post,22.0,4.97
InMnPdOx_post,22.01,4.854
InMnPdOx_post,22.02,4.916
InMnPdOx_post,22.03,5.022
InMnPdOx_post,22.04,5.157
InMnPdOx_post,22.05,5.256
InMnPdOx_post,22.06,5.284
InMnPdOx_post,22.07,5.18
InMnPdOx_post,22.08,5.16
InMnPdOx_post,22.09,5.084
InMnPdOx_post,22.1,5.102
InMnPdOx_post,22.11,5.113
InMnPdOx_post,22.12,5.137
InMnPdOx_post,22.13,5.261
InMnPdOx_post,22.14,5.311
InMnPdOx_post,22.15,5.298
InMnPdOx_post,22.16,5.139
InMnPdOx_post,22.17,5.122
InMnPdOx_post,22.18,5.195
InMnPdOx_post,22.19,5.182
InMnPdOx_post,22.2,5.131
InMnPdOx_post,22.21,5.138
InMnPdOx_post,22.22,5.139
InMnPdOx_post,22.23,5.115
InMnPdOx_post,22.24,5.031
InMnPdOx_post,22.25,5.084
InMnPdOx_post,22.26,5.111
InMnPdOx_post,22.27,5.178
InMnPdOx_post,22.28,5.085
InMnPdOx_post,22.29,5.057
InMnPdOx_post,22.3,5.113
InMnPdOx_post,22.31,5.274
InMnPdOx_post,22.32,5.293
InMnPdOx_post,22.33,5.169
InMnPdOx_post,22.34,5.211
InMnPdOx_post,22.35,5.242
InMnPdOx_post,22.36,5.332
InMnPdOx_post,22.37,5.247
InMnPdOx_post,22.38,5.143
InMnPdOx_post,22.39,5.06
InMnPdOx_post,22.4,5.025
InMnPdOx_post,22.41,5.026
InMnPdOx_post,22.42,5.032
InMnPdOx_post,22.43,5.069
InMnPdOx_post,22.44,5.189
InMnPdOx_post,22.45,5.278
InMnPdOx_post,22.46,5.322
InMnPdOx_post,22.47,5.258
InMnPdOx_post,22.48,5.208
InMnPdOx_post,22.49,5.111
InMnPdOx_post,22.5,5.038
InMnPdOx_post,22.51,5.052
InMnPdOx_post,22.52,5.145
InMnPdOx_post,22.53,5.106
InMnPdOx_post,22.54,5.018
InMnPdOx_post,22.55,4.913
InMnPdOx_post,22.56,5.006
InMnPdOx_post,22.57,4.915
InMnPdOx_post,22.58,4.914
InMnPdOx_post,22.59,4.929
InMnPdOx_post,22.6,4.981
InMnPdOx_post,22.61,5.091
InMnPdOx_post,22.62,5.09
InMnPdOx_post,22.63,5.272
InMnPdOx_post,22.64,5.123
InMnPdOx_post,22.65,5.171
InMnPdOx_post,22.66,5.062
InMnPdOx_post,22.67,5.074
InMnPdOx_post,22.68,5.064
InMnPdOx_post,22.69,5.031
InMnPdOx_post,22.7,4.971
InMnPdOx_post,22.71,5.015
InMnPdOx_post,22.72,5.148
InMnPdOx_post,22.73,5.121
InMnPdOx_post,22.74,5.068
InMnPdOx_post,22.75,4.973
InMnPdOx_post,22.76,5.104
InMnPdOx_post,22.77,5.198
InMnPdOx_post,22.78,5.175
InMnPdOx_post,22.79,5.126
InMnPdOx_post,22.8,5.169
InMnPdOx_post,22.81,5.153
InMnPdOx_post,22.82,5.022
InMnPdOx_post,22.83,5.008
InMnPdOx_post,22.84,5.022
InMnPdOx_post,22.85,5.053
InMnPdOx_post,22.86,5.073
InMnPdOx_post,22.87,5.201
InMnPdOx_post,22.88,5.239
InMnPdOx_post,22.89,5.262
InMnPdOx_post,22.9,5.26
InMnPdOx_post,22.91,5.281
InMnPdOx_post,22.92,5.265
InMnPdOx_post,22.93,5.041
InMnPdOx_post,22.94,4.889
InMnPdOx_post,22.95,4.84
InMnPdOx_post,22.96,4.864
InMnPdOx_post,22.97,4.881
InMnPdOx_post,22.98,4.979
InMnPdOx_post,22.99,4.986
InMnPdOx_post,23.0,5.023
InMnPdOx_post,23.01,4.979
InMnPdOx_post,23.02,5.039
InMnPdOx_post,23.03,5.108
InMnPdOx_post,23.04,5.141
InMnPdOx_post,23.05,5.08
InMnPdOx_post,23.06,4.955
InMnPdOx_post,23.07,4.971
InMnPdOx_post,23.08,5.012
InMnPdOx_post,23.09,5.125
InMnPdOx_post,23.1,5.049
InMnPdOx_post,23.11,5.089
InMnPdOx_post,23.12,5.09
InMnPdOx_post,23.13,5.184
InMnPdOx_post,23.14,5.137
InMnPdOx_post,23.15,5.106
InMnPdOx_post,23.16,5.107
InMnPdOx_post,23.17,5.012
InMnPdOx_post,23.18,4.923
InMnPdOx_post,23.19,5.05
InMnPdOx_post,23.2,5.314
InMnPdOx_post,23.21,5.471
InMnPdOx_post,23.22,5.367
InMnPdOx_post,23.23,5.234
InMnPdOx_post,23.24,5.027
InMnPdOx_post,23.25,4.974
InMnPdOx_post,23.26,4.927
InMnPdOx_post,23.27,4.993
InMnPdOx_post,23.28,4.997
InMnPdOx_post,23.29,4.956
InMnPdOx_post,23.3,4.899
InMnPdOx_post,23.31,4.906
InMnPdOx_post,23.32,4.958
InMnPdOx_post,23.33,5.013
InMnPdOx_post,23.34,5.071
InMnPdOx_post,23.35,5.001
InMnPdOx_post,23.36,5.027
InMnPdOx_post,23.37,4.969
InMnPdOx_post,23.38,5.008
InMnPdOx_post,23.39,4.931
InMnPdOx_post,23.4,4.972
InMnPdOx_post,23.41,4.922
InMnPdOx_post,23.42,4.94
InMnPdOx_post,23.43,4.954
InMnPdOx_post,23.44,5.151
InMnPdOx_post,23.45,5.172
InMnPdOx_post,23.46,5.093
InMnPdOx_post,23.47,4.966
InMnPdOx_post,23.48,4.993
InMnPdOx_post,23.49,5.158
InMnPdOx_post,23.5,5.202
InMnPdOx_post,23.51,5.134
InMnPdOx_post,23.52,4.947
InMnPdOx_post,23.53,4.733
InMnPdOx_post,23.54,4.716
InMnPdOx_post,23.55,4.781
InMnPdOx_post,23.56,4.918
InMnPdOx_post,23.57,4.969
InMnPdOx_post,23.58,5.079
InMnPdOx_post,23.59,5.111
InMnPdOx_post,23.6,5.118
InMnPdOx_post,23.61,5.105
InMnPdOx_post,23.62,5.17
InMnPdOx_post,23.63,5.112
InMnPdOx_post,23.64,4.987
InMnPdOx_post,23.65,4.917
InMnPdOx_post,23.66,4.892
InMnPdOx_post,23.67,4.908
InMnPdOx_post,23.68,4.997
InMnPdOx_post,23.69,5.079
InMnPdOx_post,23.7,5.203
InMnPdOx_post,23.71,5.183
InMnPdOx_post,23.72,5.069
InMnPdOx_post,23.73,4.985
InMnPdOx_post,23.74,4.978
InMnPdOx_post,23.75,5.021
InMnPdOx_post,23.76,5.024
InMnPdOx_post,23.77,5.042
InMnPdOx_post,23.78,5.014
InMnPdOx_post,23.79,5.07
InMnPdOx_post,23.8,5.074
InMnPdOx_post,23.81,5.013
InMnPdOx_post,23.82,4.902
InMnPdOx_post,23.83,5.044
InMnPdOx_post,23.84,5.111
InMnPdOx_post,23.85,5.083
InMnPdOx_post,23.86,4.933
InMnPdOx_post,23.87,4.928
InMnPdOx_post,23.88,4.852
InMnPdOx_post,23.89,4.757
InMnPdOx_post,23.9,4.796
InMnPdOx_post,23.91,4.945
InMnPdOx_post,23.92,4.917
InMnPdOx_post,23.93,4.883
InMnPdOx_post,23.94,4.912
InMnPdOx_post,23.95,5.024
InMnPdOx_post,23.96,4.976
InMnPdOx_post,23.97,4.949
InMnPdOx_post,23.98,4.91
InMnPdOx_post,23.99,4.872
InMnPdOx_post,24.0,4.798
InMnPdOx_post,24.01,4.878
InMnPdOx_post,24.02,5.012
InMnPdOx_post,24.03,5.013
InMnPdOx_post,24.04,4.951
InMnPdOx_post,24.05,4.942
InMnPdOx_post,24.06,4.882
InMnPdOx_post,24.07,4.856
InMnPdOx_post,24.08,4.747
InMnPdOx_post,24.09,4.758
InMnPdOx_post,24.1,4.906
InMnPdOx_post,24.11,5.043
InMnPdOx_post,24.12,5.071
InMnPdOx_post,24.13,4.927
InMnPdOx_post,24.14,4.851
InMnPdOx_post,24.15,4.84
InMnPdOx_post,24.16,4.866
InMnPdOx_post,24.17,4.878
InMnPdOx_post,24.18,4.747
InMnPdOx_post,24.19,4.728
InMnPdOx_post,24.2,4.744
InMnPdOx_post,24.21,4.898
InMnPdOx_post,24.22,4.921
InMnPdOx_post,24.23,4.921
InMnPdOx_post,24.24,4.906
InMnPdOx_post,24.25,4.772
InMnPdOx_post,24.26,4.599
InMnPdOx_post,24.27,4.433
InMnPdOx_post,24.28,4.48
InMnPdOx_post,24.29,4.523
InMnPdOx_post,24.3,4.588
InMnPdOx_post,24.31,4.611
InMnPdOx_post,24.32,4.767
InMnPdOx_post,24.33,4.789
InMnPdOx_post,24.34,4.797
InMnPdOx_post,24.35,4.73
InMnPdOx_post,24.36,4.738
InMnPdOx_post,24.37,4.771
InMnPdOx_post,24.38,4.772
InMnPdOx_post,24.39,4.781
InMnPdOx_post,24.4,4.653
InMnPdOx_post,24.41,4.606
InMnPdOx_post,24.42,4.739
InMnPdOx_post,24.43,4.926
InMnPdOx_post,24.44,4.901
InMnPdOx_post,24.45,4.744
InMnPdOx_post,24.46,4.689
InMnPdOx_post,24.47,4.892
InMnPdOx_post,24.48,5.018
InMnPdOx_post,24.49,5.081
InMnPdOx_post,24.5,5.008
InMnPdOx_post,24.51,4.995
InMnPdOx_post,24.52,5.062
InMnPdOx_post,24.53,5.093
InMnPdOx_post,24.54,4.953
InMnPdOx_post,24.55,4.679
InMnPdOx_post,24.56,4.554
InMnPdOx_post,24.57,4.679
InMnPdOx_post,24.58,4.884
InMnPdOx_post,24.59,4.989
InMnPdOx_post,24.6,4.967
InMnPdOx_post,24.61,4.913
InMnPdOx_post,24.62,4.8
InMnPdOx_post,24.63,4.723
InMnPdOx_post,24.64,4.683
InMnPdOx_post,24.65,4.714
InMnPdOx_post,24.66,4.731
InMnPdOx_post,24.67,4.744
InMnPdOx_post,24.68,4.741
InMnPdOx_post,24.69,4.721
InMnPdOx_post,24.7,4.837
InMnPdOx_post,24.71,4.835
InMnPdOx_post,24.72,4.837
InMnPdOx_post,24.73,4.784
InMnPdOx_post,24.74,4.826
InMnPdOx_post,24.75,4.65
InMnPdOx_post,24.76,4.512
InMnPdOx_post,24.77,4.469
InMnPdOx_post,24.78,4.636
InMnPdOx_post,24.79,4.786
InMnPdOx_post,24.8,4.884
InMnPdOx_post,24.81,4.897
InMnPdOx_post,24.82,4.914
InMnPdOx_post,24.83,4.918
InMnPdOx_post,24.84,4.812
InMnPdOx_post,24.85,4.863
InMnPdOx_post,24.86,4.885
InMnPdOx_post,24.87,4.974
InMnPdOx_post,24.88,4.83
InMnPdOx_post,24.89,4.674
InMnPdOx_post,24.9,4.646
InMnPdOx_post,24.91,4.755
InMnPdOx_post,24.92,4.874
InMnPdOx_post,24.93,4.815
InMnPdOx_post,24.94,4.668
InMnPdOx_post,24.95,4.525
InMnPdOx_post,24.96,4.463
InMnPdOx_post,24.97,4.504
InMnPdOx_post,24.98,4.602
InMnPdOx_post,24.99,4.714
InMnPdOx_post,25.0,4.77
InMnPdOx_post,25.01,4.792
InMnPdOx_post,25.02,4.788
InMnPdOx_post,25.03,4.839
InMnPdOx_post,25.04,4.826
InMnPdOx_post,25.05,4.789
InMnPdOx_post,25.06,4.828
InMnPdOx_post,25.07,4.866
InMnPdOx_post,25.08,4.821
InMnPdOx_post,25.09,4.689
InMnPdOx_post,25.1,4.645
InMnPdOx_post,25.11,4.741
InMnPdOx_post,25.12,4.811
InMnPdOx_post,25.13,4.951
InMnPdOx_post,25.14,4.827
InMnPdOx_post,25.15,4.803
InMnPdOx_post,25.16,4.716
InMnPdOx_post,25.17,4.885
InMnPdOx_post,25.18,4.972
InMnPdOx_post,25.19,4.982
InMnPdOx_post,25.2,4.914
InMnPdOx_post,25.21,4.687
InMnPdOx_post,25.22,4.701
InMnPdOx_post,25.23,4.641
InMnPdOx_post,25.24,4.683
InMnPdOx_post,25.25,4.7
InMnPdOx_post,25.26,4.718
InMnPdOx_post,25.27,4.719
InMnPdOx_post,25.28,4.624
InMnPdOx_post,25.29,4.68
InMnPdOx_post,25.3,4.634
InMnPdOx_post,25.31,4.631
InMnPdOx_post,25.32,4.652
InMnPdOx_post,25.33,4.717
InMnPdOx_post,25.34,4.814
InMnPdOx_post,25.35,4.875
InMnPdOx_post,25.36,4.834
InMnPdOx_post,25.37,4.785
InMnPdOx_post,25.38,4.695
InMnPdOx_post,25.39,4.673
InMnPdOx_post,25.4,4.733
InMnPdOx_post,25.41,4.816
InMnPdOx_post,25.42,4.668
InMnPdOx_post,25.43,4.492
InMnPdOx_post,25.44,4.498
InMnPdOx_post,25.45,4.569
InMnPdOx_post,25.46,4.628
InMnPdOx_post,25.47,4.69
InMnPdOx_post,25.48,4.806
InMnPdOx_post,25.49,4.802
InMnPdOx_post,25.5,4.743
InMnPdOx_post,25.51,4.729
InMnPdOx_post,25.52,4.761
InMnPdOx_post,25.53,4.778
InMnPdOx_post,25.54,4.712
InMnPdOx_post,25.55,4.667
InMnPdOx_post,25.56,4.638
InMnPdOx_post,25.57,4.648
InMnPdOx_post,25.58,4.687
InMnPdOx_post,25.59,4.779
InMnPdOx_post,25.6,4.79
InMnPdOx_post,25.61,4.722
InMnPdOx_post,25.62,4.768
InMnPdOx_post,25.63,4.784
InMnPdOx_post,25.64,4.824
InMnPdOx_post,25.65,4.679
InMnPdOx_post,25.66,4.673
InMnPdOx_post,25.67,4.669
InMnPdOx_post,25.68,4.87
InMnPdOx_post,25.69,4.843
InMnPdOx_post,25.7,4.694
InMnPdOx_post,25.71,4.526
InMnPdOx_post,25.72,4.558
InMnPdOx_post,25.73,4.507
InMnPdOx_post,25.74,4.457
InMnPdOx_post,25.75,4.61
InMnPdOx_post,25.76,4.696
InMnPdOx_post,25.77,4.738
InMnPdOx_post,25.78,4.637
InMnPdOx_post,25.79,4.714
InMnPdOx_post,25.8,4.667
InMnPdOx_post,25.81,4.592
InMnPdOx_post,25.82,4.51
InMnPdOx_post,25.83,4.511
InMnPdOx_post,25.84,4.617
InMnPdOx_post,25.85,4.644
InMnPdOx_post,25.86,4.809
InMnPdOx_post,25.87,4.599
InMnPdOx_post,25.88,4.538
InMnPdOx_post,25.89,4.601
InMnPdOx_post,25.9,4.839
InMnPdOx_post,25.91,4.93
InMnPdOx_post,25.92,5.019
InMnPdOx_post,25.93,4.954
InMnPdOx_post,25.94,4.878
InMnPdOx_post,25.95,4.612
InMnPdOx_post,25.96,4.547
InMnPdOx_post,25.97,4.491
InMnPdOx_post,25.98,4.48
InMnPdOx_post,25.99,4.552
InMnPdOx_post,26.0,4.641
InMnPdOx_post,26.01,4.761
InMnPdOx_post,26.02,4.658
InMnPdOx_post,26.03,4.589
InMnPdOx_post,26.04,4.508
InMnPdOx_post,26.05,4.588
InMnPdOx_post,26.06,4.566
InMnPdOx_post,26.07,4.654
InMnPdOx_post,26.08,4.662
InMnPdOx_post,26.09,4.615
InMnPdOx_post,26.1,4.471
InMnPdOx_post,26.11,4.415
InMnPdOx_post,26.12,4.471
InMnPdOx_post,26.13,4.429
InMnPdOx_post,26.14,4.403
InMnPdOx_post,26.15,4.402
InMnPdOx_post,26.16,4.529
InMnPdOx_post,26.17,4.605
InMnPdOx_post,26.18,4.706
InMnPdOx_post,26.19,4.745
InMnPdOx_post,26.2,4.785
InMnPdOx_post,26.21,4.699
InMnPdOx_post,26.22,4.636
InMnPdOx_post,26.23,4.592
InMnPdOx_post,26.24,4.743
InMnPdOx_post,26.25,4.768
InMnPdOx_post,26.26,4.663
InMnPdOx_post,26.27,4.435
InMnPdOx_post,26.28,4.425
InMnPdOx_post,26.29,4.463
InMnPdOx_post,26.3,4.611
InMnPdOx_post,26.31,4.706
InMnPdOx_post,26.32,4.8
InMnPdOx_post,26.33,4.801
InMnPdOx_post,26.34,4.783
InMnPdOx_post,26.35,4.691
InMnPdOx_post,26.36,4.572
InMnPdOx_post,26.37,4.538
InMnPdOx_post,26.38,4.508
InMnPdOx_post,26.39,4.552
InMnPdOx_post,26.4,4.52
InMnPdOx_post,26.41,4.681
InMnPdOx_post,26.42,4.618
InMnPdOx_post,26.43,4.658
InMnPdOx_post,26.44,4.587
InMnPdOx_post,26.45,4.566
InMnPdOx_post,26.46,4.535
InMnPdOx_post,26.47,4.457
InMnPdOx_post,26.48,4.377
InMnPdOx_post,26.49,4.319
InMnPdOx_post,26.5,4.47
InMnPdOx_post,26.51,4.535
InMnPdOx_post,26.52,4.528
InMnPdOx_post,26.53,4.417
InMnPdOx_post,26.54,4.418
InMnPdOx_post,26.55,4.346
InMnPdOx_post,26.56,4.403
InMnPdOx_post,26.57,4.416
InMnPdOx_post,26.58,4.552
InMnPdOx_post,26.59,4.582
InMnPdOx_post,26.6,4.65
InMnPdOx_post,26.61,4.607
InMnPdOx_post,26.62,4.534
InMnPdOx_post,26.63,4.504
InMnPdOx_post,26.64,4.472
InMnPdOx_post,26.65,4.473
InMnPdOx_post,26.66,4.507
InMnPdOx_post,26.67,4.534
InMnPdOx_post,26.68,4.581
InMnPdOx_post,26.69,4.577
InMnPdOx_post,26.7,4.662
InMnPdOx_post,26.71,4.715
InMnPdOx_post,26.72,4.678
InMnPdOx_post,26.73,4.731
InMnPdOx_post,26.74,4.665
InMnPdOx_post,26.75,4.693
InMnPdOx_post,26.76,4.543
InMnPdOx_post,26.77,4.535
InMnPdOx_post,26.78,4.515
InMnPdOx_post,26.79,4.543
InMnPdOx_post,26.8,4.484
InMnPdOx_post,26.81,4.528
InMnPdOx_post,26.82,4.605
InMnPdOx_post,26.83,4.59
InMnPdOx_post,26.84,4.614
InMnPdOx_post,26.85,4.62
InMnPdOx_post,26.86,4.659
InMnPdOx_post,26.87,4.572
InMnPdOx_post,26.88,4.481
InMnPdOx_post,26.89,4.43
InMnPdOx_post,26.9,4.503
InMnPdOx_post,26.91,4.534
InMnPdOx_post,26.92,4.592
InMnPdOx_post,26.93,4.612
InMnPdOx_post,26.94,4.622
InMnPdOx_post,26.95,4.427
InMnPdOx_post,26.96,4.35
InMnPdOx_post,26.97,4.445
InMnPdOx_post,26.98,4.523
InMnPdOx_post,26.99,4.517
InMnPdOx_post,27.0,4.399
InMnPdOx_post,27.01,4.421
InMnPdOx_post,27.02,4.407
InMnPdOx_post,27.03,4.437
InMnPdOx_post,27.04,4.443
InMnPdOx_post,27.05,4.487
InMnPdOx_post,27.06,4.405
InMnPdOx_post,27.07,4.371
InMnPdOx_post,27.08,4.37
InMnPdOx_post,27.09,4.443
InMnPdOx_post,27.1,4.428
InMnPdOx_post,27.11,4.351
InMnPdOx_post,27.12,4.252
InMnPdOx_post,27.13,4.324
InMnPdOx_post,27.14,4.452
InMnPdOx_post,27.15,4.524
InMnPdOx_post,27.16,4.444
InMnPdOx_post,27.17,4.441
InMnPdOx_post,27.18,4.503
InMnPdOx_post,27.19,4.635
InMnPdOx_post,27.2,4.632
InMnPdOx_post,27.21,4.548
InMnPdOx_post,27.22,4.408
InMnPdOx_post,27.23,4.459
InMnPdOx_post,27.24,4.602
InMnPdOx_post,27.25,4.67
InMnPdOx_post,27.26,4.574
InMnPdOx_post,27.27,4.523
InMnPdOx_post,27.28,4.515
InMnPdOx_post,27.29,4.433
InMnPdOx_post,27.3,4.3
InMnPdOx_post,27.31,4.2
InMnPdOx_post,27.32,4.164
InMnPdOx_post,27.33,4.215
InMnPdOx_post,27.34,4.349
InMnPdOx_post,27.35,4.436
InMnPdOx_post,27.36,4.407
InMnPdOx_post,27.37,4.405
InMnPdOx_post,27.38,4.503
InMnPdOx_post,27.39,4.588
InMnPdOx_post,27.4,4.599
InMnPdOx_post,27.41,4.539
InMnPdOx_post,27.42,4.451
InMnPdOx_post,27.43,4.346
InMnPdOx_post,27.44,4.418
InMnPdOx_post,27.45,4.539
InMnPdOx_post,27.46,4.588
InMnPdOx_post,27.47,4.655
InMnPdOx_post,27.48,4.688
InMnPdOx_post,27.49,4.703
InMnPdOx_post,27.5,4.648
InMnPdOx_post,27.51,4.668
InMnPdOx_post,27.52,4.548
InMnPdOx_post,27.53,4.343
InMnPdOx_post,27.54,4.353
InMnPdOx_post,27.55,4.279
InMnPdOx_post,27.56,4.285
InMnPdOx_post,27.57,4.289
InMnPdOx_post,27.58,4.478
InMnPdOx_post,27.59,4.461
InMnPdOx_post,27.6,4.45
InMnPdOx_post,27.61,4.362
InMnPdOx_post,27.62,4.361
InMnPdOx_post,27.63,4.381
InMnPdOx_post,27.64,4.365
InMnPdOx_post,27.65,4.307
InMnPdOx_post,27.66,4.31
InMnPdOx_post,27.67,4.422
InMnPdOx_post,27.68,4.372
InMnPdOx_post,27.69,4.23
InMnPdOx_post,27.7,4.189
InMnPdOx_post,27.71,4.291
InMnPdOx_post,27.72,4.373
InMnPdOx_post,27.73,4.317
InMnPdOx_post,27.74,4.292
InMnPdOx_post,27.75,4.131
InMnPdOx_post,27.76,4.085
InMnPdOx_post,27.77,4.273
InMnPdOx_post,27.78,4.628
InMnPdOx_post,27.79,4.767
InMnPdOx_post,27.8,4.648
InMnPdOx_post,27.81,4.539
InMnPdOx_post,27.82,4.447
InMnPdOx_post,27.83,4.308
InMnPdOx_post,27.84,4.192
InMnPdOx_post,27.85,4.279
InMnPdOx_post,27.86,4.456
InMnPdOx_post,27.87,4.497
InMnPdOx_post,27.88,4.419
InMnPdOx_post,27.89,4.377
InMnPdOx_post,27.9,4.499
InMnPdOx_post,27.91,4.569
InMnPdOx_post,27.92,4.573
InMnPdOx_post,27.93,4.463
InMnPdOx_post,27.94,4.407
InMnPdOx_post,27.95,4.401
InMnPdOx_post,27.96,4.348
InMnPdOx_post,27.97,4.25
InMnPdOx_post,27.98,4.286
InMnPdOx_post,27.99,4.441
InMnPdOx_post,28.0,4.53
InMnPdOx_post,28.01,4.6
InMnPdOx_post,28.02,4.482
InMnPdOx_post,28.03,4.528
InMnPdOx_post,28.04,4.402
InMnPdOx_post,28.05,4.446
InMnPdOx_post,28.06,4.418
InMnPdOx_post,28.07,4.451
InMnPdOx_post,28.08,4.447
InMnPdOx_post,28.09,4.398
InMnPdOx_post,28.1,4.39
InMnPdOx_post,28.11,4.309
InMnPdOx_post,28.12,4.266
InMnPdOx_post,28.13,4.18
InMnPdOx_post,28.14,4.132
InMnPdOx_post,28.15,4.105
InMnPdOx_post,28.16,4.236
InMnPdOx_post,28.17,4.369
InMnPdOx_post,28.18,4.486
InMnPdOx_post,28.19,4.461
InMnPdOx_post,28.2,4.454
InMnPdOx_post,28.21,4.41
InMnPdOx_post,28.22,4.345
InMnPdOx_post,28.23,4.224
InMnPdOx_post,28.24,4.247
InMnPdOx_post,28.25,4.214
InMnPdOx_post,28.26,4.278
InMnPdOx_post,28.27,4.338
InMnPdOx_post,28.28,4.368
InMnPdOx_post,28.29,4.31
InMnPdOx_post,28.3,4.248
InMnPdOx_post,28.31,4.343
InMnPdOx_post,28.32,4.38
InMnPdOx_post,28.33,4.391
InMnPdOx_post,28.34,4.308
InMnPdOx_post,28.35,4.348
InMnPdOx_post,28.36,4.321
InMnPdOx_post,28.37,4.383
InMnPdOx_post,28.38,4.379
InMnPdOx_post,28.39,4.477
InMnPdOx_post,28.4,4.514
InMnPdOx_post,28.41,4.548
InMnPdOx_post,28.42,4.453
InMnPdOx_post,28.43,4.434
InMnPdOx_post,28.44,4.327
InMnPdOx_post,28.45,4.319
InMnPdOx_post,28.46,4.301
InMnPdOx_post,28.47,4.197
InMnPdOx_post,28.48,4.241
InMnPdOx_post,28.49,4.13
InMnPdOx_post,28.5,4.194
InMnPdOx_post,28.51,4.188
InMnPdOx_post,28.52,4.316
InMnPdOx_post,28.53,4.277
InMnPdOx_post,28.54,4.338
InMnPdOx_post,28.55,4.32
InMnPdOx_post,28.56,4.534
InMnPdOx_post,28.57,4.597
InMnPdOx_post,28.58,4.677
InMnPdOx_post,28.59,4.581
InMnPdOx_post,28.6,4.491
InMnPdOx_post,28.61,4.358
InMnPdOx_post,28.62,4.326
InMnPdOx_post,28.63,4.324
InMnPdOx_post,28.64,4.292
InMnPdOx_post,28.65,4.341
InMnPdOx_post,28.66,4.423
InMnPdOx_post,28.67,4.461
InMnPdOx_post,28.68,4.363
InMnPdOx_post,28.69,4.258
InMnPdOx_post,28.7,4.147
InMnPdOx_post,28.71,4.154
InMnPdOx_post,28.72,4.152
InMnPdOx_post,28.73,4.184
InMnPdOx_post,28.74,4.106
InMnPdOx_post,28.75,4.097
InMnPdOx_post,28.76,4.119
InMnPdOx_post,28.77,4.13
InMnPdOx_post,28.78,4.203
InMnPdOx_post,28.79,4.305
InMnPdOx_post,28.8,4.422
InMnPdOx_post,28.81,4.443
InMnPdOx_post,28.82,4.371
InMnPdOx_post,28.83,4.333
InMnPdOx_post,28.84,4.333
InMnPdOx_post,28.85,4.443
InMnPdOx_post,28.86,4.535
InMnPdOx_post,28.87,4.465
InMnPdOx_post,28.88,4.485
InMnPdOx_post,28.89,4.45
InMnPdOx_post,28.9,4.31
InMnPdOx_post,28.91,4.129
InMnPdOx_post,28.92,4.178
InMnPdOx_post,28.93,4.308
InMnPdOx_post,28.94,4.408
InMnPdOx_post,28.95,4.407
InMnPdOx_post,28.96,4.377
InMnPdOx_post,28.97,4.241
InMnPdOx_post,28.98,4.161
InMnPdOx_post,28.99,4.239
InMnPdOx_post,29.0,4.345
InMnPdOx_post,29.01,4.443
InMnPdOx_post,29.02,4.418
InMnPdOx_post,29.03,4.374
InMnPdOx_post,29.04,4.305
InMnPdOx_post,29.05,4.324
InMnPdOx_post,29.06,4.386
InMnPdOx_post,29.07,4.325
InMnPdOx_post,29.08,4.269
InMnPdOx_post,29.09,4.225
InMnPdOx_post,29.1,4.25
InMnPdOx_post,29.11,4.245
InMnPdOx_post,29.12,4.372
InMnPdOx_post,29.13,4.483
InMnPdOx_post,29.14,4.513
InMnPdOx_post,29.15,4.467
InMnPdOx_post,29.16,4.487
InMnPdOx_post,29.17,4.448
InMnPdOx_post,29.18,4.314
InMnPdOx_post,29.19,4.282
InMnPdOx_post,29.2,4.231
InMnPdOx_post,29.21,4.257
InMnPdOx_post,29.22,4.208
InMnPdOx_post,29.23,4.259
InMnPdOx_post,29.24,4.299
InMnPdOx_post,29.25,4.24
InMnPdOx_post,29.26,4.146
InMnPdOx_post,29.27,4.167
InMnPdOx_post,29.28,4.261
InMnPdOx_post,29.29,4.15
InMnPdOx_post,29.3,4.077
InMnPdOx_post,29.31,4.098
InMnPdOx_post,29.32,4.157
InMnPdOx_post,29.33,4.253
InMnPdOx_post,29.34,4.23
InMnPdOx_post,29.35,4.223
InMnPdOx_post,29.36,4.178
InMnPdOx_post,29.37,4.209
InMnPdOx_post,29.38,4.262
InMnPdOx_post,29.39,4.309
InMnPdOx_post,29.4,4.315
InMnPdOx_post,29.41,4.286
InMnPdOx_post,29.42,4.213
InMnPdOx_post,29.43,4.27
InMnPdOx_post,29.44,4.336
InMnPdOx_post,29.45,4.318
InMnPdOx_post,29.46,4.086
InMnPdOx_post,29.47,4.012
InMnPdOx_post,29.48,4.111
InMnPdOx_post,29.49,4.195
InMnPdOx_post,29.5,4.175
InMnPdOx_post,29.51,4.31
InMnPdOx_post,29.52,4.391
InMnPdOx_post,29.53,4.566
InMnPdOx_post,29.54,4.539
InMnPdOx_post,29.55,4.51
InMnPdOx_post,29.56,4.296
InMnPdOx_post,29.57,4.213
InMnPdOx_post,29.58,4.12
InMnPdOx_post,29.59,4.143
InMnPdOx_post,29.6,4.187
InMnPdOx_post,29.61,4.313
InMnPdOx_post,29.62,4.274
InMnPdOx_post,29.63,4.179
InMnPdOx_post,29.64,4.042
InMnPdOx_post,29.65,4.139
InMnPdOx_post,29.66,4.211
InMnPdOx_post,29.67,4.335
InMnPdOx_post,29.68,4.308
InMnPdOx_post,29.69,4.251
InMnPdOx_post,29.7,4.176
InMnPdOx_post,29.71,4.211
InMnPdOx_post,29.72,4.252
InMnPdOx_post,29.73,4.258
InMnPdOx_post,29.74,4.114
InMnPdOx_post,29.75,4.028
InMnPdOx_post,29.76,4.077
InMnPdOx_post,29.77,4.152
InMnPdOx_post,29.78,4.182
InMnPdOx_post,29.79,4.26
InMnPdOx_post,29.8,4.269
InMnPdOx_post,29.81,4.247
InMnPdOx_post,29.82,4.274
InMnPdOx_post,29.83,4.396
InMnPdOx_post,29.84,4.445
InMnPdOx_post,29.85,4.352
InMnPdOx_post,29.86,4.35
InMnPdOx_post,29.87,4.366
InMnPdOx_post,29.88,4.249
InMnPdOx_post,29.89,4.17
InMnPdOx_post,29.9,4.269
InMnPdOx_post,29.91,4.427
InMnPdOx_post,29.92,4.418
InMnPdOx_post,29.93,4.271
InMnPdOx_post,29.94,4.251
InMnPdOx_post,29.95,4.171
InMnPdOx_post,29.96,4.203
InMnPdOx_post,29.97,4.167
InMnPdOx_post,29.98,4.26
InMnPdOx_post,29.99,4.201
InMnPdOx_post,30.0,4.23
InMnPdOx_post,30.01,4.233
InMnPdOx_post,30.02,4.282
InMnPdOx_post,30.03,4.322
InMnPdOx_post,30.04,4.311
InMnPdOx_post,30.05,4.222
InMnPdOx_post,30.06,4.122
InMnPdOx_post,30.07,4.152
InMnPdOx_post,30.08,4.1
InMnPdOx_post,30.09,4.14
InMnPdOx_post,30.1,4.238
InMnPdOx_post,30.11,4.293
InMnPdOx_post,30.12,4.283
InMnPdOx_post,30.13,4.214
InMnPdOx_post,30.14,4.178
InMnPdOx_post,30.15,4.16
InMnPdOx_post,30.16,4.201
InMnPdOx_post,30.17,4.203
InMnPdOx_post,30.18,4.181
InMnPdOx_post,30.19,4.145
InMnPdOx_post,30.2,4.134
InMnPdOx_post,30.21,4.166
InMnPdOx_post,30.22,4.245
InMnPdOx_post,30.23,4.25
InMnPdOx_post,30.24,4.262
InMnPdOx_post,30.25,4.27
InMnPdOx_post,30.26,4.362
InMnPdOx_post,30.27,4.401
InMnPdOx_post,30.28,4.314
InMnPdOx_post,30.29,4.186
InMnPdOx_post,30.3,4.094
InMnPdOx_post,30.31,4.112
InMnPdOx_post,30.32,4.11
InMnPdOx_post,30.33,4.177
InMnPdOx_post,30.34,4.248
InMnPdOx_post,30.35,4.321
InMnPdOx_post,30.36,4.396
InMnPdOx_post,30.37,4.349
InMnPdOx_post,30.38,4.303
InMnPdOx_post,30.39,4.348
InMnPdOx_post,30.4,4.461
InMnPdOx_post,30.41,4.442
InMnPdOx_post,30.42,4.359
InMnPdOx_post,30.43,4.314
InMnPdOx_post,30.44,4.346
InMnPdOx_post,30.45,4.347
InMnPdOx_post,30.46,4.321
InMnPdOx_post,30.47,4.342
InMnPdOx_post,30.48,4.312
InMnPdOx_post,30.49,4.307
InMnPdOx_post,30.5,4.254
InMnPdOx_post,30.51,4.25
InMnPdOx_post,30.52,4.247
InMnPdOx_post,30.53,4.295
InMnPdOx_post,30.54,4.357
InMnPdOx_post,30.55,4.285
InMnPdOx_post,30.56,4.191
InMnPdOx_post,30.57,4.068
InMnPdOx_post,30.58,4.075
InMnPdOx_post,30.59,4.059
InMnPdOx_post,30.6,4.196
InMnPdOx_post,30.61,4.32
InMnPdOx_post,30.62,4.372
InMnPdOx_post,30.63,4.342
InMnPdOx_post,30.64,4.224
InMnPdOx_post,30.65,4.227
InMnPdOx_post,30.66,4.169
InMnPdOx_post,30.67,4.152
InMnPdOx_post,30.68,4.099
InMnPdOx_post,30.69,4.19
InMnPdOx_post,30.7,4.317
InMnPdOx_post,30.71,4.418
InMnPdOx_post,30.72,4.31
InMnPdOx_post,30.73,4.172
InMnPdOx_post,30.74,4.145
InMnPdOx_post,30.75,4.097
InMnPdOx_post,30.76,4.107
InMnPdOx_post,30.77,4.122
InMnPdOx_post,30.78,4.31
InMnPdOx_post,30.79,4.331
InMnPdOx_post,30.8,4.371
InMnPdOx_post,30.81,4.284
InMnPdOx_post,30.82,4.196
InMnPdOx_post,30.83,4.086
InMnPdOx_post,30.84,4.102
InMnPdOx_post,30.85,4.077
InMnPdOx_post,30.86,4.131
InMnPdOx_post,30.87,4.162
InMnPdOx_post,30.88,4.188
InMnPdOx_post,30.89,4.105
InMnPdOx_post,30.9,4.106
InMnPdOx_post,30.91,4.198
InMnPdOx_post,30.92,4.255
InMnPdOx_post,30.93,4.202
InMnPdOx_post,30.94,4.13
InMnPdOx_post,30.95,4.108
InMnPdOx_post,30.96,4.089
InMnPdOx_post,30.97,4.088
InMnPdOx_post,30.98,4.184
InMnPdOx_post,30.99,4.269
InMnPdOx_post,31.0,4.311
InMnPdOx_post,31.01,4.272
InMnPdOx_post,31.02,4.286
InMnPdOx_post,31.03,4.172
InMnPdOx_post,31.04,4.128
InMnPdOx_post,31.05,4.152
InMnPdOx_post,31.06,4.188
InMnPdOx_post,31.07,4.143
InMnPdOx_post,31.08,4.047
InMnPdOx_post,31.09,4.102
InMnPdOx_post,31.1,4.169
InMnPdOx_post,31.11,4.25
InMnPdOx_post,31.12,4.237
InMnPdOx_post,31.13,4.201
InMnPdOx_post,31.14,4.251
InMnPdOx_post,31.15,4.274
InMnPdOx_post,31.16,4.244
InMnPdOx_post,31.17,4.221
InMnPdOx_post,31.18,4.211
InMnPdOx_post,31.19,4.212
InMnPdOx_post,31.2,4.258
InMnPdOx_post,31.21,4.198
InMnPdOx_post,31.22,4.27
InMnPdOx_post,31.23,4.332
InMnPdOx_post,31.24,4.347
InMnPdOx_post,31.25,4.291
InMnPdOx_post,31.26,4.198
InMnPdOx_post,31.27,4.2
InMnPdOx_post,31.28,4.213
InMnPdOx_post,31.29,4.266
InMnPdOx_post,31.3,4.282
InMnPdOx_post,31.31,4.187
InMnPdOx_post,31.32,4.154
InMnPdOx_post,31.33,4.123
InMnPdOx_post,31.34,4.066
InMnPdOx_post,31.35,4.044
InMnPdOx_post,31.36,4.027
InMnPdOx_post,31.37,4.089
InMnPdOx_post,31.38,4.106
InMnPdOx_post,31.39,4.123
InMnPdOx_post,31.4,4.038
InMnPdOx_post,31.41,4.112
InMnPdOx_post,31.42,4.147
InMnPdOx_post,31.43,4.266
InMnPdOx_post,31.44,4.213
InMnPdOx_post,31.45,4.18
InMnPdOx_post,31.46,4.116
InMnPdOx_post,31.47,4.201
InMnPdOx_post,31.48,4.307
InMnPdOx_post,31.49,4.402
InMnPdOx_post,31.5,4.348
InMnPdOx_post,31.51,4.273
InMnPdOx_post,31.52,4.23
InMnPdOx_post,31.53,4.239
InMnPdOx_post,31.54,4.244
InMnPdOx_post,31.55,4.213
InMnPdOx_post,31.56,4.232
InMnPdOx_post,31.57,4.297
InMnPdOx_post,31.58,4.323
InMnPdOx_post,31.59,4.363
InMnPdOx_post,31.6,4.276
InMnPdOx_post,31.61,4.18
InMnPdOx_post,31.62,4.208
InMnPdOx_post,31.63,4.158
InMnPdOx_post,31.64,4.205
InMnPdOx_post,31.65,4.227
InMnPdOx_post,31.66,4.356
InMnPdOx_post,31.67,4.312
InMnPdOx_post,31.68,4.268
InMnPdOx_post,31.69,4.25
InMnPdOx_post,31.7,4.29
InMnPdOx_post,31.71,4.298
InMnPdOx_post,31.72,4.251
InMnPdOx_post,31.73,4.191
InMnPdOx_post,31.74,4.189
InMnPdOx_post,31.75,4.313
InMnPdOx_post,31.76,4.411
InMnPdOx_post,31.77,4.519
InMnPdOx_post,31.78,4.418
InMnPdOx_post,31.79,4.379
InMnPdOx_post,31.8,4.294
InMnPdOx_post,31.81,4.353
InMnPdOx_post,31.82,4.4
InMnPdOx_post,31.83,4.363
InMnPdOx_post,31.84,4.342
InMnPdOx_post,31.85,4.316
InMnPdOx_post,31.86,4.384
InMnPdOx_post,31.87,4.384
InMnPdOx_post,31.88,4.272
InMnPdOx_post,31.89,4.18
InMnPdOx_post,31.9,4.232
InMnPdOx_post,31.91,4.384
InMnPdOx_post,31.92,4.459
InMnPdOx_post,31.93,4.432
InMnPdOx_post,31.94,4.455
InMnPdOx_post,31.95,4.471
InMnPdOx_post,31.96,4.415
InMnPdOx_post,31.97,4.418
InMnPdOx_post,31.98,4.366
InMnPdOx_post,31.99,4.436
InMnPdOx_post,32.0,4.404
InMnPdOx_post,32.01,4.467
InMnPdOx_post,32.02,4.466
InMnPdOx_post,32.03,4.463
InMnPdOx_post,32.04,4.426
InMnPdOx_post,32.05,4.419
InMnPdOx_post,32.06,4.475
InMnPdOx_post,32.07,4.433
InMnPdOx_post,32.08,4.417
InMnPdOx_post,32.09,4.372
InMnPdOx_post,32.1,4.304
InMnPdOx_post,32.11,4.364
InMnPdOx_post,32.12,4.387
InMnPdOx_post,32.13,4.525
InMnPdOx_post,32.14,4.493
InMnPdOx_post,32.15,4.589
InMnPdOx_post,32.16,4.513
InMnPdOx_post,32.17,4.525
InMnPdOx_post,32.18,4.302
InMnPdOx_post,32.19,4.304
InMnPdOx_post,32.2,4.263
InMnPdOx_post,32.21,4.361
InMnPdOx_post,32.22,4.347
InMnPdOx_post,32.23,4.317
InMnPdOx_post,32.24,4.344
InMnPdOx_post,32.25,4.441
InMnPdOx_post,32.26,4.493
InMnPdOx_post,32.27,4.485
InMnPdOx_post,32.28,4.339
InMnPdOx_post,32.29,4.24
InMnPdOx_post,32.3,4.16
InMnPdOx_post,32.31,4.298
InMnPdOx_post,32.32,4.432
InMnPdOx_post,32.33,4.418
InMnPdOx_post,32.34,4.378
InMnPdOx_post,32.35,4.231
InMnPdOx_post,32.36,4.402
InMnPdOx_post,32.37,4.473
InMnPdOx_post,32.38,4.644
InMnPdOx_post,32.39,4.53
InMnPdOx_post,32.4,4.429
InMnPdOx_post,32.41,4.329
InMnPdOx_post,32.42,4.271
InMnPdOx_post,32.43,4.354
InMnPdOx_post,32.44,4.438
InMnPdOx_post,32.45,4.587
InMnPdOx_post,32.46,4.598
InMnPdOx_post,32.47,4.536
InMnPdOx_post,32.48,4.386
InMnPdOx_post,32.49,4.409
InMnPdOx_post,32.5,4.326
InMnPdOx_post,32.51,4.293
InMnPdOx_post,32.52,4.387
InMnPdOx_post,32.53,4.523
InMnPdOx_post,32.54,4.596
InMnPdOx_post,32.55,4.553
InMnPdOx_post,32.56,4.566
InMnPdOx_post,32.57,4.501
InMnPdOx_post,32.58,4.389
InMnPdOx_post,32.59,4.367
InMnPdOx_post,32.6,4.374
InMnPdOx_post,32.61,4.425
InMnPdOx_post,32.62,4.461
InMnPdOx_post,32.63,4.517
InMnPdOx_post,32.64,4.489
InMnPdOx_post,32.65,4.524
InMnPdOx_post,32.66,4.55
InMnPdOx_post,32.67,4.523
InMnPdOx_post,32.68,4.443
InMnPdOx_post,32.69,4.402
InMnPdOx_post,32.7,4.478
InMnPdOx_post,32.71,4.532
InMnPdOx_post,32.72,4.58
InMnPdOx_post,32.73,4.619
InMnPdOx_post,32.74,4.634
InMnPdOx_post,32.75,4.571
InMnPdOx_post,32.76,4.493
InMnPdOx_post,32.77,4.519
InMnPdOx_post,32.78,4.642
InMnPdOx_post,32.79,4.715
InMnPdOx_post,32.8,4.711
InMnPdOx_post,32.81,4.68
InMnPdOx_post,32.82,4.655
InMnPdOx_post,32.83,4.654
InMnPdOx_post,32.84,4.617
InMnPdOx_post,32.85,4.618
InMnPdOx_post,32.86,4.666
InMnPdOx_post,32.87,4.694
InMnPdOx_post,32.88,4.706
InMnPdOx_post,32.89,4.689
InMnPdOx_post,32.9,4.722
InMnPdOx_post,32.91,4.631
InMnPdOx_post,32.92,4.55
InMnPdOx_post,32.93,4.562
InMnPdOx_post,32.94,4.75
InMnPdOx_post,32.95,4.832
InMnPdOx_post,32.96,4.88
InMnPdOx_post,32.97,4.747
InMnPdOx_post,32.98,4.746
InMnPdOx_post,32.99,4.646
InMnPdOx_post,33.0,4.714
InMnPdOx_post,33.01,4.784
InMnPdOx_post,33.02,4.841
InMnPdOx_post,33.03,4.781
InMnPdOx_post,33.04,4.802
InMnPdOx_post,33.05,4.936
InMnPdOx_post,33.06,5.046
InMnPdOx_post,33.07,4.939
InMnPdOx_post,33.08,4.978
InMnPdOx_post,33.09,4.928
InMnPdOx_post,33.1,4.856
InMnPdOx_post,33.11,4.667
InMnPdOx_post,33.12,4.678
InMnPdOx_post,33.13,4.849
InMnPdOx_post,33.14,5.005
InMnPdOx_post,33.15,5.0
InMnPdOx_post,33.16,4.976
InMnPdOx_post,33.17,4.963
InMnPdOx_post,33.18,4.967
InMnPdOx_post,33.19,4.916
InMnPdOx_post,33.2,4.974
InMnPdOx_post,33.21,4.946
InMnPdOx_post,33.22,4.958
InMnPdOx_post,33.23,5.003
InMnPdOx_post,33.24,5.097
InMnPdOx_post,33.25,5.194
InMnPdOx_post,33.26,5.118
InMnPdOx_post,33.27,5.216
InMnPdOx_post,33.28,5.179
InMnPdOx_post,33.29,5.238
InMnPdOx_post,33.3,5.227
InMnPdOx_post,33.31,5.23
InMnPdOx_post,33.32,5.169
InMnPdOx_post,33.33,5.138
InMnPdOx_post,33.34,5.216
InMnPdOx_post,33.35,5.386
InMnPdOx_post,33.36,5.427
InMnPdOx_post,33.37,5.518
InMnPdOx_post,33.38,5.455
InMnPdOx_post,33.39,5.574
InMnPdOx_post,33.4,5.633
InMnPdOx_post,33.41,5.732
InMnPdOx_post,33.42,5.749
InMnPdOx_post,33.43,5.771
InMnPdOx_post,33.44,5.683
InMnPdOx_post,33.45,5.699
InMnPdOx_post,33.46,5.634
InMnPdOx_post,33.47,5.691
InMnPdOx_post,33.48,5.631
InMnPdOx_post,33.49,5.7
InMnPdOx_post,33.5,5.626
InMnPdOx_post,33.51,5.723
InMnPdOx_post,33.52,5.769
InMnPdOx_post,33.53,5.846
InMnPdOx_post,33.54,5.83
InMnPdOx_post,33.55,5.832
InMnPdOx_post,33.56,5.749
InMnPdOx_post,33.57,5.679
InMnPdOx_post,33.58,5.838
InMnPdOx_post,33.59,6.044
InMnPdOx_post,33.6,6.251
InMnPdOx_post,33.61,6.135
InMnPdOx_post,33.62,5.995
InMnPdOx_post,33.63,5.949
InMnPdOx_post,33.64,6.029
InMnPdOx_post,33.65,6.125
InMnPdOx_post,33.66,6.149
InMnPdOx_post,33.67,6.215
InMnPdOx_post,33.68,6.312
InMnPdOx_post,33.69,6.56
InMnPdOx_post,33.7,6.482
InMnPdOx_post,33.71,6.425
InMnPdOx_post,33.72,6.371
InMnPdOx_post,33.73,6.622
InMnPdOx_post,33.74,6.706
InMnPdOx_post,33.75,6.816
InMnPdOx_post,33.76,6.898
InMnPdOx_post,33.77,6.876
InMnPdOx_post,33.78,6.803
InMnPdOx_post,33.79,6.865
InMnPdOx_post,33.8,7.028
InMnPdOx_post,33.81,7.211
InMnPdOx_post,33.82,7.111
InMnPdOx_post,33.83,7.15
InMnPdOx_post,33.84,7.172
InMnPdOx_post,33.85,7.376
InMnPdOx_post,33.86,7.285
InMnPdOx_post,33.87,7.387
InMnPdOx_post,33.88,7.496
InMnPdOx_post,33.89,7.673
InMnPdOx_post,33.9,7.672
InMnPdOx_post,33.91,7.78
InMnPdOx_post,33.92,7.885
InMnPdOx_post,33.93,7.858
InMnPdOx_post,33.94,7.868
InMnPdOx_post,33.95,8.025
InMnPdOx_post,33.96,8.071
InMnPdOx_post,33.97,8.12
InMnPdOx_post,33.98,8.09
InMnPdOx_post,33.99,8.287
InMnPdOx_post,34.0,8.402
InMnPdOx_post,34.01,8.58
InMnPdOx_post,34.02,8.583
InMnPdOx_post,34.03,8.747
InMnPdOx_post,34.04,8.767
InMnPdOx_post,34.05,8.921
InMnPdOx_post,34.06,8.74
InMnPdOx_post,34.07,8.629
InMnPdOx_post,34.08,8.516
InMnPdOx_post,34.09,8.645
InMnPdOx_post,34.1,8.977
InMnPdOx_post,34.11,9.237
InMnPdOx_post,34.12,9.263
InMnPdOx_post,34.13,9.09
InMnPdOx_post,34.14,9.033
InMnPdOx_post,34.15,9.081
InMnPdOx_post,34.16,9.36
InMnPdOx_post,34.17,9.32
InMnPdOx_post,34.18,9.397
InMnPdOx_post,34.19,9.295
InMnPdOx_post,34.2,9.295
InMnPdOx_post,34.21,9.132
InMnPdOx_post,34.22,8.956
InMnPdOx_post,34.23,9.003
InMnPdOx_post,34.24,9.124
InMnPdOx_post,34.25,9.263
InMnPdOx_post,34.26,9.233
InMnPdOx_post,34.27,9.213
InMnPdOx_post,34.28,9.163
InMnPdOx_post,34.29,9.048
InMnPdOx_post,34.3,8.928
InMnPdOx_post,34.31,8.752
InMnPdOx_post,34.32,8.657
InMnPdOx_post,34.33,8.659
InMnPdOx_post,34.34,8.625
InMnPdOx_post,34.35,8.59
InMnPdOx_post,34.36,8.401
InMnPdOx_post,34.37,8.402
InMnPdOx_post,34.38,8.402
InMnPdOx_post,34.39,8.437
InMnPdOx_post,34.4,8.249
InMnPdOx_post,34.41,8.104
InMnPdOx_post,34.42,7.955
InMnPdOx_post,34.43,7.946
InMnPdOx_post,34.44,8.026
InMnPdOx_post,34.45,8.139
InMnPdOx_post,34.46,8.131
InMnPdOx_post,34.47,7.973
InMnPdOx_post,34.48,7.928
InMnPdOx_post,34.49,7.787
InMnPdOx_post,34.5,7.511
InMnPdOx_post,34.51,7.558
InMnPdOx_post,34.52,7.69
InMnPdOx_post,34.53,7.806
InMnPdOx_post,34.54,7.71
InMnPdOx_post,34.55,7.712
InMnPdOx_post,34.56,7.738
InMnPdOx_post,34.57,7.645
InMnPdOx_post,34.58,7.602
InMnPdOx_post,34.59,7.438
InMnPdOx_post,34.6,7.427
InMnPdOx_post,34.61,7.251
InMnPdOx_post,34.62,7.32
InMnPdOx_post,34.63,7.355
InMnPdOx_post,34.64,7.368
InMnPdOx_post,34.65,7.238
InMnPdOx_post,34.66,7.14
InMnPdOx_post,34.67,7.203
InMnPdOx_post,34.68,7.262
InMnPdOx_post,34.69,7.253
InMnPdOx_post,34.7,7.22
InMnPdOx_post,34.71,7.247
InMnPdOx_post,34.72,7.1
InMnPdOx_post,34.73,6.842
InMnPdOx_post,34.74,6.719
InMnPdOx_post,34.75,6.802
InMnPdOx_post,34.76,6.765
InMnPdOx_post,34.77,6.846
InMnPdOx_post,34.78,7.061
InMnPdOx_post,34.79,6.938
InMnPdOx_post,34.8,6.833
InMnPdOx_post,34.81,6.662
InMnPdOx_post,34.82,6.776
InMnPdOx_post,34.83,6.613
InMnPdOx_post,34.84,6.579
InMnPdOx_post,34.85,6.594
InMnPdOx_post,34.86,6.645
InMnPdOx_post,34.87,6.725
InMnPdOx_post,34.88,6.814
InMnPdOx_post,34.89,6.782
InMnPdOx_post,34.9,6.739
InMnPdOx_post,34.91,6.562
InMnPdOx_post,34.92,6.475
InMnPdOx_post,34.93,6.267
InMnPdOx_post,34.94,6.306
InMnPdOx_post,34.95,6.304
InMnPdOx_post,34.96,6.429
InMnPdOx_post,34.97,6.438
InMnPdOx_post,34.98,6.377
InMnPdOx_post,34.99,6.377
InMnPdOx_post,35.0,6.307
InMnPdOx_post,35.01,6.463
InMnPdOx_post,35.02,6.48
InMnPdOx_post,35.03,6.517
InMnPdOx_post,35.04,6.342
InMnPdOx_post,35.05,6.19
InMnPdOx_post,35.06,6.106
InMnPdOx_post,35.07,6.178
InMnPdOx_post,35.08,6.162
InMnPdOx_post,35.09,6.088
InMnPdOx_post,35.1,5.997
InMnPdOx_post,35.11,5.989
InMnPdOx_post,35.12,5.962
InMnPdOx_post,35.13,5.871
InMnPdOx_post,35.14,5.845
InMnPdOx_post,35.15,5.737
InMnPdOx_post,35.16,5.656
InMnPdOx_post,35.17,5.684
InMnPdOx_post,35.18,5.862
InMnPdOx_post,35.19,6.04
InMnPdOx_post,35.2,6.029
InMnPdOx_post,35.21,6.038
InMnPdOx_post,35.22,5.896
InMnPdOx_post,35.23,5.796
InMnPdOx_post,35.24,5.692
InMnPdOx_post,35.25,5.709
InMnPdOx_post,35.26,5.648
InMnPdOx_post,35.27,5.669
InMnPdOx_post,35.28,5.633
InMnPdOx_post,35.29,5.771
InMnPdOx_post,35.3,5.797
InMnPdOx_post,35.31,5.825
InMnPdOx_post,35.32,5.798
InMnPdOx_post,35.33,5.666
InMnPdOx_post,35.34,5.513
InMnPdOx_post,35.35,5.433
InMnPdOx_post,35.36,5.547
InMnPdOx_post,35.37,5.532
InMnPdOx_post,35.38,5.452
InMnPdOx_post,35.39,5.372
InMnPdOx_post,35.4,5.498
InMnPdOx_post,35.41,5.579
InMnPdOx_post,35.42,5.538
InMnPdOx_post,35.43,5.517
InMnPdOx_post,35.44,5.623
InMnPdOx_post,35.45,5.63
InMnPdOx_post,35.46,5.506
InMnPdOx_post,35.47,5.375
InMnPdOx_post,35.48,5.304
InMnPdOx_post,35.49,5.339
InMnPdOx_post,35.5,5.3
InMnPdOx_post,35.51,5.396
InMnPdOx_post,35.52,5.428
InMnPdOx_post,35.53,5.449
InMnPdOx_post,35.54,5.37
InMnPdOx_post,35.55,5.324
InMnPdOx_post,35.56,5.303
InMnPdOx_post,35.57,5.242
InMnPdOx_post,35.58,5.19
InMnPdOx_post,35.59,5.223
InMnPdOx_post,35.6,5.254
InMnPdOx_post,35.61,5.141
InMnPdOx_post,35.62,5.157
InMnPdOx_post,35.63,5.227
InMnPdOx_post,35.64,5.331
InMnPdOx_post,35.65,5.348
InMnPdOx_post,35.66,5.428
InMnPdOx_post,35.67,5.35
InMnPdOx_post,35.68,5.234
InMnPdOx_post,35.69,5.199
InMnPdOx_post,35.7,5.181
InMnPdOx_post,35.71,5.062
InMnPdOx_post,35.72,5.053
InMnPdOx_post,35.73,5.179
InMnPdOx_post,35.74,5.311
InMnPdOx_post,35.75,5.216
InMnPdOx_post,35.76,5.208
InMnPdOx_post,35.77,5.192
InMnPdOx_post,35.78,5.185
InMnPdOx_post,35.79,5.181
InMnPdOx_post,35.8,5.207
InMnPdOx_post,35.81,5.151
InMnPdOx_post,35.82,4.914
InMnPdOx_post,35.83,4.959
InMnPdOx_post,35.84,5.048
InMnPdOx_post,35.85,5.113
InMnPdOx_post,35.86,5.062
InMnPdOx_post,35.87,5.097
InMnPdOx_post,35.88,5.088
InMnPdOx_post,35.89,5.066
InMnPdOx_post,35.9,5.134
InMnPdOx_post,35.91,5.113
InMnPdOx_post,35.92,5.036
InMnPdOx_post,35.93,5.016
InMnPdOx_post,35.94,5.067
InMnPdOx_post,35.95,5.103
InMnPdOx_post,35.96,5.079
InMnPdOx_post,35.97,4.967
InMnPdOx_post,35.98,4.868
InMnPdOx_post,35.99,4.899
InMnPdOx_post,36.0,4.961
InMnPdOx_post,36.01,5.078
InMnPdOx_post,36.02,4.973
InMnPdOx_post,36.03,5.032
InMnPdOx_post,36.04,4.983
InMnPdOx_post,36.05,5.142
InMnPdOx_post,36.06,5.162
InMnPdOx_post,36.07,5.166
InMnPdOx_post,36.08,5.062
InMnPdOx_post,36.09,5.103
InMnPdOx_post,36.1,4.93
InMnPdOx_post,36.11,4.711
InMnPdOx_post,36.12,4.747
InMnPdOx_post,36.13,4.848
InMnPdOx_post,36.14,5.03
InMnPdOx_post,36.15,5.038
InMnPdOx_post,36.16,5.085
InMnPdOx_post,36.17,5.048
InMnPdOx_post,36.18,5.055
InMnPdOx_post,36.19,5.032
InMnPdOx_post,36.2,5.052
InMnPdOx_post,36.21,5.1
InMnPdOx_post,36.22,5.142
InMnPdOx_post,36.23,5.079
InMnPdOx_post,36.24,4.995
InMnPdOx_post,36.25,4.947
InMnPdOx_post,36.26,4.874
InMnPdOx_post,36.27,4.957
InMnPdOx_post,36.28,5.033
InMnPdOx_post,36.29,5.046
InMnPdOx_post,36.3,4.966
InMnPdOx_post,36.31,4.806
InMnPdOx_post,36.32,4.931
InMnPdOx_post,36.33,5.088
InMnPdOx_post,36.34,5.107
InMnPdOx_post,36.35,4.903
InMnPdOx_post,36.36,4.77
InMnPdOx_post,36.37,4.936
InMnPdOx_post,36.38,5.054
InMnPdOx_post,36.39,5.17
InMnPdOx_post,36.4,5.06
InMnPdOx_post,36.41,4.909
InMnPdOx_post,36.42,4.853
InMnPdOx_post,36.43,4.935
InMnPdOx_post,36.44,5.0
InMnPdOx_post,36.45,5.042
InMnPdOx_post,36.46,4.915
InMnPdOx_post,36.47,4.812
InMnPdOx_post,36.48,4.781
InMnPdOx_post,36.49,4.933
InMnPdOx_post,36.5,4.904
InMnPdOx_post,36.51,4.877
InMnPdOx_post,36.52,4.885
InMnPdOx_post,36.53,4.959
InMnPdOx_post,36.54,5.018
InMnPdOx_post,36.55,5.068
InMnPdOx_post,36.56,4.973
InMnPdOx_post,36.57,4.907
InMnPdOx_post,36.58,4.77
InMnPdOx_post,36.59,4.849
InMnPdOx_post,36.6,4.894
InMnPdOx_post,36.61,4.91
InMnPdOx_post,36.62,4.811
InMnPdOx_post,36.63,4.822
InMnPdOx_post,36.64,4.784
InMnPdOx_post,36.65,4.887
InMnPdOx_post,36.66,4.835
InMnPdOx_post,36.67,4.821
InMnPdOx_post,36.68,4.778
InMnPdOx_post,36.69,4.963
InMnPdOx_post,36.7,4.981
InMnPdOx_post,36.71,4.955
InMnPdOx_post,36.72,4.806
InMnPdOx_post,36.73,4.717
InMnPdOx_post,36.74,4.71
InMnPdOx_post,36.75,4.855
InMnPdOx_post,36.76,5.047
InMnPdOx_post,36.77,4.945
InMnPdOx_post,36.78,4.831
InMnPdOx_post,36.79,4.796
InMnPdOx_post,36.8,4.869
InMnPdOx_post,36.81,4.9
InMnPdOx_post,36.82,4.912
InMnPdOx_post,36.83,4.958
InMnPdOx_post,36.84,5.092
InMnPdOx_post,36.85,5.009
InMnPdOx_post,36.86,4.93
InMnPdOx_post,36.87,4.736
InMnPdOx_post,36.88,4.755
InMnPdOx_post,36.89,4.813
InMnPdOx_post,36.9,4.992
InMnPdOx_post,36.91,5.042
InMnPdOx_post,36.92,4.958
InMnPdOx_post,36.93,4.969
InMnPdOx_post,36.94,4.885
InMnPdOx_post,36.95,4.986
InMnPdOx_post,36.96,4.982
InMnPdOx_post,36.97,4.993
InMnPdOx_post,36.98,4.921
InMnPdOx_post,36.99,4.849
InMnPdOx_post,37.0,4.755
InMnPdOx_post,37.01,4.684
InMnPdOx_post,37.02,4.798
InMnPdOx_post,37.03,5.094
InMnPdOx_post,37.04,5.222
InMnPdOx_post,37.05,5.302
InMnPdOx_post,37.06,5.195
InMnPdOx_post,37.07,5.095
InMnPdOx_post,37.08,5.004
InMnPdOx_post,37.09,5.077
InMnPdOx_post,37.1,5.099
InMnPdOx_post,37.11,5.07
InMnPdOx_post,37.12,5.062
InMnPdOx_post,37.13,5.07
InMnPdOx_post,37.14,5.046
InMnPdOx_post,37.15,5.111
InMnPdOx_post,37.16,5.069
InMnPdOx_post,37.17,5.083
InMnPdOx_post,37.18,5.05
InMnPdOx_post,37.19,5.09
InMnPdOx_post,37.2,4.939
InMnPdOx_post,37.21,4.991
InMnPdOx_post,37.22,5.039
InMnPdOx_post,37.23,5.085
InMnPdOx_post,37.24,5.172
InMnPdOx_post,37.25,5.18
InMnPdOx_post,37.26,5.091
InMnPdOx_post,37.27,4.998
InMnPdOx_post,37.28,4.971
InMnPdOx_post,37.29,5.024
InMnPdOx_post,37.3,5.13
InMnPdOx_post,37.31,5.2
InMnPdOx_post,37.32,5.229
InMnPdOx_post,37.33,5.162
InMnPdOx_post,37.34,5.071
InMnPdOx_post,37.35,5.027
InMnPdOx_post,37.36,5.067
InMnPdOx_post,37.37,5.188
InMnPdOx_post,37.38,5.285
InMnPdOx_post,37.39,5.348
InMnPdOx_post,37.4,5.279
InMnPdOx_post,37.41,5.257
InMnPdOx_post,37.42,5.255
InMnPdOx_post,37.43,5.259
InMnPdOx_post,37.44,5.271
InMnPdOx_post,37.45,5.332
InMnPdOx_post,37.46,5.372
InMnPdOx_post,37.47,5.409
InMnPdOx_post,37.48,5.439
InMnPdOx_post,37.49,5.466
InMnPdOx_post,37.5,5.494
InMnPdOx_post,37.51,5.347
InMnPdOx_post,37.52,5.397
InMnPdOx_post,37.53,5.485
InMnPdOx_post,37.54,5.648
InMnPdOx_post,37.55,5.661
InMnPdOx_post,37.56,5.576
InMnPdOx_post,37.57,5.546
InMnPdOx_post,37.58,5.493
InMnPdOx_post,37.59,5.505
InMnPdOx_post,37.6,5.532
InMnPdOx_post,37.61,5.702
InMnPdOx_post,37.62,5.735
InMnPdOx_post,37.63,5.549
InMnPdOx_post,37.64,5.555
InMnPdOx_post,37.65,5.754
InMnPdOx_post,37.66,5.86
InMnPdOx_post,37.67,5.797
InMnPdOx_post,37.68,5.677
InMnPdOx_post,37.69,5.652
InMnPdOx_post,37.7,5.673
InMnPdOx_post,37.71,5.693
InMnPdOx_post,37.72,5.671
InMnPdOx_post,37.73,5.768
InMnPdOx_post,37.74,5.803
InMnPdOx_post,37.75,5.928
InMnPdOx_post,37.76,5.98
InMnPdOx_post,37.77,6.113
InMnPdOx_post,37.78,6.076
InMnPdOx_post,37.79,6.034
InMnPdOx_post,37.8,5.997
InMnPdOx_post,37.81,6.088
InMnPdOx_post,37.82,6.1
InMnPdOx_post,37.83,6.146
InMnPdOx_post,37.84,6.178
InMnPdOx_post,37.85,6.266
InMnPdOx_post,37.86,6.135
InMnPdOx_post,37.87,6.21
InMnPdOx_post,37.88,6.264
InMnPdOx_post,37.89,6.397
InMnPdOx_post,37.9,6.366
InMnPdOx_post,37.91,6.363
InMnPdOx_post,37.92,6.369
InMnPdOx_post,37.93,6.425
InMnPdOx_post,37.94,6.532
InMnPdOx_post,37.95,6.525
InMnPdOx_post,37.96,6.505
InMnPdOx_post,37.97,6.545
InMnPdOx_post,37.98,6.588
InMnPdOx_post,37.99,6.527
InMnPdOx_post,38.0,6.5
InMnPdOx_post,38.01,6.575
InMnPdOx_post,38.02,6.804
InMnPdOx_post,38.03,6.953
InMnPdOx_post,38.04,7.007
InMnPdOx_post,38.05,7.133
InMnPdOx_post,38.06,7.124
InMnPdOx_post,38.07,7.014
InMnPdOx_post,38.08,6.809
InMnPdOx_post,38.09,6.725
InMnPdOx_post,38.1,6.762
InMnPdOx_post,38.11,6.99
InMnPdOx_post,38.12,7.216
InMnPdOx_post,38.13,7.201
InMnPdOx_post,38.14,7.172
InMnPdOx_post,38.15,7.138
InMnPdOx_post,38.16,7.202
InMnPdOx_post,38.17,7.324
InMnPdOx_post,38.18,7.431
InMnPdOx_post,38.19,7.76
InMnPdOx_post,38.2,7.876
InMnPdOx_post,38.21,7.801
InMnPdOx_post,38.22,7.839
InMnPdOx_post,38.23,8.01
InMnPdOx_post,38.24,8.203
InMnPdOx_post,38.25,8.101
InMnPdOx_post,38.26,8.107
InMnPdOx_post,38.27,8.063
InMnPdOx_post,38.28,8.186
InMnPdOx_post,38.29,8.062
InMnPdOx_post,38.3,8.293
InMnPdOx_post,38.31,8.38
InMnPdOx_post,38.32,8.636
InMnPdOx_post,38.33,8.653
InMnPdOx_post,38.34,8.692
InMnPdOx_post,38.35,8.637
InMnPdOx_post,38.36,8.747
InMnPdOx_post,38.37,8.887
InMnPdOx_post,38.38,8.989
InMnPdOx_post,38.39,9.07
InMnPdOx_post,38.4,9.088
InMnPdOx_post,38.41,9.121
InMnPdOx_post,38.42,9.134
InMnPdOx_post,38.43,9.089
InMnPdOx_post,38.44,9.279
InMnPdOx_post,38.45,9.413
InMnPdOx_post,38.46,9.568
InMnPdOx_post,38.47,9.584
InMnPdOx_post,38.48,9.598
InMnPdOx_post,38.49,9.541
InMnPdOx_post,38.5,9.834
InMnPdOx_post,38.51,10.018
InMnPdOx_post,38.52,10.261
InMnPdOx_post,38.53,10.284
InMnPdOx_post,38.54,10.288
InMnPdOx_post,38.55,10.39
InMnPdOx_post,38.56,10.398
InMnPdOx_post,38.57,10.47
InMnPdOx_post,38.58,10.687
InMnPdOx_post,38.59,10.878
InMnPdOx_post,38.6,11.089
InMnPdOx_post,38.61,11.366
InMnPdOx_post,38.62,11.441
InMnPdOx_post,38.63,11.525
InMnPdOx_post,38.64,11.648
InMnPdOx_post,38.65,11.889
InMnPdOx_post,38.66,12.218
InMnPdOx_post,38.67,12.485
InMnPdOx_post,38.68,12.652
InMnPdOx_post,38.69,12.776
InMnPdOx_post,38.7,12.959
InMnPdOx_post,38.71,13.047
InMnPdOx_post,38.72,13.258
InMnPdOx_post,38.73,13.443
InMnPdOx_post,38.74,13.626
InMnPdOx_post,38.75,13.872
InMnPdOx_post,38.76,13.887
InMnPdOx_post,38.77,14.061
InMnPdOx_post,38.78,14.365
InMnPdOx_post,38.79,14.785
InMnPdOx_post,38.8,15.133
InMnPdOx_post,38.81,15.324
InMnPdOx_post,38.82,15.518
InMnPdOx_post,38.83,16.04
InMnPdOx_post,38.84,16.461
InMnPdOx_post,38.85,16.706
InMnPdOx_post,38.86,17.121
InMnPdOx_post,38.87,17.45
InMnPdOx_post,38.88,18.0
InMnPdOx_post,38.89,18.419
InMnPdOx_post,38.9,18.716
InMnPdOx_post,38.91,19.04
InMnPdOx_post,38.92,19.687
InMnPdOx_post,38.93,20.074
InMnPdOx_post,38.94,20.974
InMnPdOx_post,38.95,21.472
InMnPdOx_post,38.96,22.074
InMnPdOx_post,38.97,22.915
InMnPdOx_post,38.98,23.438
InMnPdOx_post,38.99,23.777
InMnPdOx_post,39.0,24.646
InMnPdOx_post,39.01,25.414
InMnPdOx_post,39.02,26.346
InMnPdOx_post,39.03,27.607
InMnPdOx_post,39.04,28.424
InMnPdOx_post,39.05,29.568
InMnPdOx_post,39.06,30.618
InMnPdOx_post,39.07,31.558
InMnPdOx_post,39.08,33.221
InMnPdOx_post,39.09,34.436
InMnPdOx_post,39.1,35.763
InMnPdOx_post,39.11,37.872
InMnPdOx_post,39.12,39.083
InMnPdOx_post,39.13,40.674
InMnPdOx_post,39.14,42.888
InMnPdOx_post,39.15,44.359
InMnPdOx_post,39.16,47.48
InMnPdOx_post,39.17,50.309
InMnPdOx_post,39.18,52.019
InMnPdOx_post,39.19,55.272
InMnPdOx_post,39.2,57.889
InMnPdOx_post,39.21,60.771
InMnPdOx_post,39.22,66.604
InMnPdOx_post,39.23,70.024
InMnPdOx_post,39.24,73.305
InMnPdOx_post,39.25,79.28
InMnPdOx_post,39.26,82.964
InMnPdOx_post,39.27,90.103
InMnPdOx_post,39.28,96.637
InMnPdOx_post,39.29,100.804
InMnPdOx_post,39.3,110.442
InMnPdOx_post,39.31,117.83
InMnPdOx_post,39.32,124.009
InMnPdOx_post,39.33,137.725
InMnPdOx_post,39.34,145.739
InMnPdOx_post,39.35,155.862
InMnPdOx_post,39.36,171.49
InMnPdOx_post,39.37,179.212
InMnPdOx_post,39.38,194.496
InMnPdOx_post,39.39,210.592
InMnPdOx_post,39.4,219.487
InMnPdOx_post,39.41,240.835
InMnPdOx_post,39.42,255.579
InMnPdOx_post,39.43,267.247
InMnPdOx_post,39.44,291.717
InMnPdOx_post,39.45,304.909
InMnPdOx_post,39.46,320.457
InMnPdOx_post,39.47,343.336
InMnPdOx_post,39.48,353.947
InMnPdOx_post,39.49,371.126
InMnPdOx_post,39.5,388.798
InMnPdOx_post,39.51,397.342
InMnPdOx_post,39.52,415.589
InMnPdOx_post,39.53,426.637
InMnPdOx_post,39.54,434.006
InMnPdOx_post,39.55,447.673
InMnPdOx_post,39.56,453.8
InMnPdOx_post,39.57,459.581
InMnPdOx_post,39.58,466.925
InMnPdOx_post,39.59,469.554
InMnPdOx_post,39.6,469.406
InMnPdOx_post,39.61,468.814
InMnPdOx_post,39.62,467.852
InMnPdOx_post,39.63,463.439
InMnPdOx_post,39.64,459.447
InMnPdOx_post,39.65,455.511
InMnPdOx_post,39.66,444.854
InMnPdOx_post,39.67,438.211
InMnPdOx_post,39.68,429.84
InMnPdOx_post,39.69,415.749
InMnPdOx_post,39.7,409.544
InMnPdOx_post,39.71,396.634
InMnPdOx_post,39.72,382.584
InMnPdOx_post,39.73,374.887
InMnPdOx_post,39.74,358.068
InMnPdOx_post,39.75,347.131
InMnPdOx_post,39.76,338.661
InMnPdOx_post,39.77,318.701
InMnPdOx_post,39.78,308.598
InMnPdOx_post,39.79,298.58
InMnPdOx_post,39.8,283.185
InMnPdOx_post,39.81,275.564
InMnPdOx_post,39.82,262.511
InMnPdOx_post,39.83,249.15
InMnPdOx_post,39.84,242.618
InMnPdOx_post,39.85,228.174
InMnPdOx_post,39.86,219.366
InMnPdOx_post,39.87,213.618
InMnPdOx_post,39.88,201.283
InMnPdOx_post,39.89,194.776
InMnPdOx_post,39.9,187.197
InMnPdOx_post,39.91,175.9
InMnPdOx_post,39.92,170.678
InMnPdOx_post,39.93,163.416
InMnPdOx_post,39.94,156.016
InMnPdOx_post,39.95,152.313
InMnPdOx_post,39.96,144.144
InMnPdOx_post,39.97,139.051
InMnPdOx_post,39.98,135.294
InMnPdOx_post,39.99,127.284
InMnPdOx_post,40.0,123.577
InMnPdOx_post,40.01,119.982
InMnPdOx_post,40.02,114.395
InMnPdOx_post,40.03,111.436
InMnPdOx_post,40.04,106.809
InMnPdOx_post,40.05,102.294
InMnPdOx_post,40.06,99.779
InMnPdOx_post,40.07,95.209
InMnPdOx_post,40.08,91.946
InMnPdOx_post,40.09,89.837
InMnPdOx_post,40.1,85.938
InMnPdOx_post,40.11,84.158
InMnPdOx_post,40.12,81.982
InMnPdOx_post,40.13,78.548
InMnPdOx_post,40.14,76.506
InMnPdOx_post,40.15,73.594
InMnPdOx_post,40.16,70.891
InMnPdOx_post,40.17,69.719
InMnPdOx_post,40.18,67.236
InMnPdOx_post,40.19,65.588
InMnPdOx_post,40.2,64.197
InMnPdOx_post,40.21,61.822
InMnPdOx_post,40.22,60.586
InMnPdOx_post,40.23,58.771
InMnPdOx_post,40.24,56.172
InMnPdOx_post,40.25,55.305
InMnPdOx_post,40.26,54.167
InMnPdOx_post,40.27,52.637
InMnPdOx_post,40.28,51.444
InMnPdOx_post,40.29,49.891
InMnPdOx_post,40.3,48.947
InMnPdOx_post,40.31,47.901
InMnPdOx_post,40.32,45.833
InMnPdOx_post,40.33,44.837
InMnPdOx_post,40.34,44.059
InMnPdOx_post,40.35,42.511
InMnPdOx_post,40.36,41.577
InMnPdOx_post,40.37,40.543
InMnPdOx_post,40.38,39.603
InMnPdOx_post,40.39,39.014
InMnPdOx_post,40.4,37.755
InMnPdOx_post,40.41,36.805
InMnPdOx_post,40.42,35.999
InMnPdOx_post,40.43,34.855
InMnPdOx_post,40.44,34.366
InMnPdOx_post,40.45,33.892
InMnPdOx_post,40.46,32.942
InMnPdOx_post,40.47,32.437
InMnPdOx_post,40.48,31.559
InMnPdOx_post,40.49,30.86
InMnPdOx_post,40.5,30.317
InMnPdOx_post,40.51,29.641
InMnPdOx_post,40.52,29.041
InMnPdOx_post,40.53,28.627
InMnPdOx_post,40.54,27.763
InMnPdOx_post,40.55,27.069
InMnPdOx_post,40.56,26.305
InMnPdOx_post,40.57,25.639
InMnPdOx_post,40.58,25.317
InMnPdOx_post,40.59,24.785
InMnPdOx_post,40.6,24.209
InMnPdOx_post,40.61,24.052
InMnPdOx_post,40.62,23.6
InMnPdOx_post,40.63,23.012
InMnPdOx_post,40.64,22.484
InMnPdOx_post,40.65,21.762
InMnPdOx_post,40.66,21.461
InMnPdOx_post,40.67,21.065
InMnPdOx_post,40.68,20.588
InMnPdOx_post,40.69,20.116
InMnPdOx_post,40.7,19.832
InMnPdOx_post,40.71,19.455
InMnPdOx_post,40.72,19.219
InMnPdOx_post,40.73,18.665
InMnPdOx_post,40.74,18.351
InMnPdOx_post,40.75,18.11
InMnPdOx_post,40.76,17.507
InMnPdOx_post,40.77,17.294
InMnPdOx_post,40.78,17.017
InMnPdOx_post,40.79,16.788
InMnPdOx_post,40.8,16.459
InMnPdOx_post,40.81,16.181
InMnPdOx_post,40.82,15.892
InMnPdOx_post,40.83,15.742
InMnPdOx_post,40.84,15.419
InMnPdOx_post,40.85,15.186
InMnPdOx_post,40.86,14.863
InMnPdOx_post,40.87,14.523
InMnPdOx_post,40.88,14.305
InMnPdOx_post,40.89,14.299
InMnPdOx_post,40.9,13.881
InMnPdOx_post,40.91,13.633
InMnPdOx_post,40.92,13.315
InMnPdOx_post,40.93,13.156
InMnPdOx_post,40.94,12.968
InMnPdOx_post,40.95,12.648
InMnPdOx_post,40.96,12.364
InMnPdOx_post,40.97,12.24
InMnPdOx_post,40.98,11.895
InMnPdOx_post,40.99,11.703
InMnPdOx_post,41.0,11.699
InMnPdOx_post,41.01,11.855
InMnPdOx_post,41.02,11.773
InMnPdOx_post,41.03,11.463
InMnPdOx_post,41.04,11.098
InMnPdOx_post,41.05,10.809
InMnPdOx_post,41.06,10.694
InMnPdOx_post,41.07,10.482
InMnPdOx_post,41.08,10.465
InMnPdOx_post,41.09,10.301
InMnPdOx_post,41.1,10.276
InMnPdOx_post,41.11,10.043
InMnPdOx_post,41.12,9.895
InMnPdOx_post,41.13,9.764
InMnPdOx_post,41.14,9.643
InMnPdOx_post,41.15,9.476
InMnPdOx_post,41.16,9.398
InMnPdOx_post,41.17,9.271
InMnPdOx_post,41.18,9.042
InMnPdOx_post,41.19,8.891
InMnPdOx_post,41.2,8.664
InMnPdOx_post,41.21,8.52
InMnPdOx_post,41.22,8.422
InMnPdOx_post,41.23,8.384
InMnPdOx_post,41.24,8.417
InMnPdOx_post,41.25,8.464
InMnPdOx_post,41.26,8.464
InMnPdOx_post,41.27,8.321
InMnPdOx_post,41.28,8.137
InMnPdOx_post,41.29,7.938
InMnPdOx_post,41.3,7.795
InMnPdOx_post,41.31,7.694
InMnPdOx_post,41.32,7.723
InMnPdOx_post,41.33,7.665
InMnPdOx_post,41.34,7.569
InMnPdOx_post,41.35,7.448
InMnPdOx_post,41.36,7.416
InMnPdOx_post,41.37,7.285
InMnPdOx_post,41.38,7.166
InMnPdOx_post,41.39,6.99
InMnPdOx_post,41.4,6.944
InMnPdOx_post,41.41,6.903
InMnPdOx_post,41.42,6.887
InMnPdOx_post,41.43,6.861
InMnPdOx_post,41.44,6.848
InMnPdOx_post,41.45,6.634
InMnPdOx_post,41.46,6.428
InMnPdOx_post,41.47,6.358
InMnPdOx_post,41.48,6.449
InMnPdOx_post,41.49,6.411
InMnPdOx_post,41.5,6.393
InMnPdOx_post,41.51,6.29
InMnPdOx_post,41.52,6.333
InMnPdOx_post,41.53,6.317
InMnPdOx_post,41.54,6.281
InMnPdOx_post,41.55,6.128
InMnPdOx_post,41.56,5.955
InMnPdOx_post,41.57,5.974
InMnPdOx_post,41.58,5.973
InMnPdOx_post,41.59,6.099
InMnPdOx_post,41.6,6.031
InMnPdOx_post,41.61,5.923
InMnPdOx_post,41.62,5.784
InMnPdOx_post,41.63,5.647
InMnPdOx_post,41.64,5.528
InMnPdOx_post,41.65,5.338
InMnPdOx_post,41.66,5.426
InMnPdOx_post,41.67,5.496
InMnPdOx_post,41.68,5.558
InMnPdOx_post,41.69,5.699
InMnPdOx_post,41.7,5.749
InMnPdOx_post,41.71,5.692
InMnPdOx_post,41.72,5.482
InMnPdOx_post,41.73,5.408
InMnPdOx_post,41.74,5.295
InMnPdOx_post,41.75,5.282
InMnPdOx_post,41.76,5.175
InMnPdOx_post,41.77,5.206
InMnPdOx_post,41.78,5.188
InMnPdOx_post,41.79,5.154
InMnPdOx_post,41.8,5.043
InMnPdOx_post,41.81,4.868
InMnPdOx_post,41.82,4.881
InMnPdOx_post,41.83,4.916
InMnPdOx_post,41.84,4.919
InMnPdOx_post,41.85,4.806
InMnPdOx_post,41.86,4.785
InMnPdOx_post,41.87,4.734
InMnPdOx_post,41.88,4.759
InMnPdOx_post,41.89,4.812
InMnPdOx_post,41.9,4.904
InMnPdOx_post,41.91,4.888
InMnPdOx_post,41.92,4.833
InMnPdOx_post,41.93,4.744
InMnPdOx_post,41.94,4.657
InMnPdOx_post,41.95,4.542
InMnPdOx_post,41.96,4.482
InMnPdOx_post,41.97,4.495
InMnPdOx_post,41.98,4.618
InMnPdOx_post,41.99,4.676
InMnPdOx_post,42.0,4.563
InMnPdOx_post,42.01,4.334
InMnPdOx_post,42.02,4.258
InMnPdOx_post,42.03,4.339
InMnPdOx_post,42.04,4.408
InMnPdOx_post,42.05,4.365
InMnPdOx_post,42.06,4.331
InMnPdOx_post,42.07,4.444
InMnPdOx_post,42.08,4.433
InMnPdOx_post,42.09,4.361
InMnPdOx_post,42.1,4.31
InMnPdOx_post,42.11,4.405
InMnPdOx_post,42.12,4.34
InMnPdOx_post,42.13,4.326
InMnPdOx_post,42.14,4.344
InMnPdOx_post,42.15,4.284
InMnPdOx_post,42.16,4.17
InMnPdOx_post,42.17,4.215
InMnPdOx_post,42.18,4.232
InMnPdOx_post,42.19,4.204
InMnPdOx_post,42.2,4.069
InMnPdOx_post,42.21,4.097
InMnPdOx_post,42.22,4.154
InMnPdOx_post,42.23,4.159
InMnPdOx_post,42.24,4.205
InMnPdOx_post,42.25,4.158
InMnPdOx_post,42.26,4.173
InMnPdOx_post,42.27,4.208
InMnPdOx_post,42.28,4.303
InMnPdOx_post,42.29,4.285
InMnPdOx_post,42.3,4.152
InMnPdOx_post,42.31,4.028
InMnPdOx_post,42.32,3.9
InMnPdOx_post,42.33,3.878
InMnPdOx_post,42.34,3.882
InMnPdOx_post,42.35,3.937
InMnPdOx_post,42.36,3.989
InMnPdOx_post,42.37,3.933
InMnPdOx_post,42.38,3.881
InMnPdOx_post,42.39,3.816
InMnPdOx_post,42.4,3.824
InMnPdOx_post,42.41,3.758
InMnPdOx_post,42.42,3.773
InMnPdOx_post,42.43,3.801
InMnPdOx_post,42.44,3.85
InMnPdOx_post,42.45,3.787
InMnPdOx_post,42.46,3.766
InMnPdOx_post,42.47,3.842
InMnPdOx_post,42.48,3.907
InMnPdOx_post,42.49,3.828
InMnPdOx_post,42.5,3.732
InMnPdOx_post,42.51,3.729
InMnPdOx_post,42.52,3.79
InMnPdOx_post,42.53,3.807
InMnPdOx_post,42.54,3.697
InMnPdOx_post,42.55,3.631
InMnPdOx_post,42.56,3.681
InMnPdOx_post,42.57,3.663
InMnPdOx_post,42.58,3.604
InMnPdOx_post,42.59,3.605
InMnPdOx_post,42.6,3.661
InMnPdOx_post,42.61,3.65
InMnPdOx_post,42.62,3.655
InMnPdOx_post,42.63,3.678
InMnPdOx_post,42.64,3.579
InMnPdOx_post,42.65,3.532
InMnPdOx_post,42.66,3.578
InMnPdOx_post,42.67,3.682
InMnPdOx_post,42.68,3.624
InMnPdOx_post,42.69,3.502
InMnPdOx_post,42.7,3.559
InMnPdOx_post,42.71,3.572
InMnPdOx_post,42.72,3.593
InMnPdOx_post,42.73,3.533
InMnPdOx_post,42.74,3.559
InMnPdOx_post,42.75,3.524
InMnPdOx_post,42.76,3.517
InMnPdOx_post,42.77,3.51
InMnPdOx_post,42.78,3.59
InMnPdOx_post,42.79,3.65
InMnPdOx_post,42.8,3.666
InMnPdOx_post,42.81,3.537
InMnPdOx_post,42.82,3.454
InMnPdOx_post,42.83,3.358
InMnPdOx_post,42.84,3.341
InMnPdOx_post,42.85,3.368
InMnPdOx_post,42.86,3.518
InMnPdOx_post,42.87,3.589
InMnPdOx_post,42.88,3.552
InMnPdOx_post,42.89,3.457
InMnPdOx_post,42.9,3.509
InMnPdOx_post,42.91,3.519
InMnPdOx_post,42.92,3.457
InMnPdOx_post,42.93,3.431
InMnPdOx_post,42.94,3.548
InMnPdOx_post,42.95,3.515
InMnPdOx_post,42.96,3.463
InMnPdOx_post,42.97,3.399
InMnPdOx_post,42.98,3.431
InMnPdOx_post,42.99,3.481
InMnPdOx_post,43.0,3.555
InMnPdOx_post,43.01,3.561
InMnPdOx_post,43.02,3.409
InMnPdOx_post,43.03,3.28
InMnPdOx_post,43.04,3.277
InMnPdOx_post,43.05,3.371
InMnPdOx_post,43.06,3.382
InMnPdOx_post,43.07,3.339
InMnPdOx_post,43.08,3.352
InMnPdOx_post,43.09,3.405
InMnPdOx_post,43.1,3.383
InMnPdOx_post,43.11,3.375
InMnPdOx_post,43.12,3.332
InMnPdOx_post,43.13,3.323
InMnPdOx_post,43.14,3.294
InMnPdOx_post,43.15,3.255
InMnPdOx_post,43.16,3.272
InMnPdOx_post,43.17,3.307
InMnPdOx_post,43.18,3.262
InMnPdOx_post,43.19,3.212
InMnPdOx_post,43.2,3.22
InMnPdOx_post,43.21,3.346
InMnPdOx_post,43.22,3.318
InMnPdOx_post,43.23,3.282
InMnPdOx_post,43.24,3.201
InMnPdOx_post,43.25,3.174
InMnPdOx_post,43.26,3.144
InMnPdOx_post,43.27,3.233
InMnPdOx_post,43.28,3.24
InMnPdOx_post,43.29,3.237
InMnPdOx_post,43.3,3.249
InMnPdOx_post,43.31,3.371
InMnPdOx_post,43.32,3.397
InMnPdOx_post,43.33,3.33
InMnPdOx_post,43.34,3.205
InMnPdOx_post,43.35,3.169
InMnPdOx_post,43.36,3.102
InMnPdOx_post,43.37,3.083
InMnPdOx_post,43.38,3.066
InMnPdOx_post,43.39,3.068
InMnPdOx_post,43.4,3.205
InMnPdOx_post,43.41,3.28
InMnPdOx_post,43.42,3.286
InMnPdOx_post,43.43,3.127
InMnPdOx_post,43.44,3.154
InMnPdOx_post,43.45,3.151
InMnPdOx_post,43.46,3.095
InMnPdOx_post,43.47,3.136
InMnPdOx_post,43.48,3.212
InMnPdOx_post,43.49,3.293
InMnPdOx_post,43.5,3.239
InMnPdOx_post,43.51,3.174
InMnPdOx_post,43.52,3.196
InMnPdOx_post,43.53,3.142
InMnPdOx_post,43.54,3.256
InMnPdOx_post,43.55,3.246
InMnPdOx_post,43.56,3.229
InMnPdOx_post,43.57,3.138
InMnPdOx_post,43.58,3.242
InMnPdOx_post,43.59,3.275
InMnPdOx_post,43.6,3.322
InMnPdOx_post,43.61,3.199
InMnPdOx_post,43.62,3.136
InMnPdOx_post,43.63,3.1
InMnPdOx_post,43.64,3.137
InMnPdOx_post,43.65,3.038
InMnPdOx_post,43.66,3.043
InMnPdOx_post,43.67,2.981
InMnPdOx_post,43.68,3.07
InMnPdOx_post,43.69,3.078
InMnPdOx_post,43.7,3.178
InMnPdOx_post,43.71,3.058
InMnPdOx_post,43.72,3.044
InMnPdOx_post,43.73,3.077
InMnPdOx_post,43.74,3.153
InMnPdOx_post,43.75,3.096
InMnPdOx_post,43.76,3.055
InMnPdOx_post,43.77,3.184
InMnPdOx_post,43.78,3.153
InMnPdOx_post,43.79,3.226
InMnPdOx_post,43.8,3.118
InMnPdOx_post,43.81,3.111
InMnPdOx_post,43.82,3.049
InMnPdOx_post,43.83,3.046
InMnPdOx_post,43.84,3.015
InMnPdOx_post,43.85,2.934
InMnPdOx_post,43.86,2.942
InMnPdOx_post,43.87,2.979
InMnPdOx_post,43.88,2.996
InMnPdOx_post,43.89,3.052
InMnPdOx_post,43.9,3.073
InMnPdOx_post,43.91,3.143
InMnPdOx_post,43.92,3.089
InMnPdOx_post,43.93,3.076
InMnPdOx_post,43.94,3.033
InMnPdOx_post,43.95,3.068
InMnPdOx_post,43.96,3.116
InMnPdOx_post,43.97,3.162
InMnPdOx_post,43.98,3.216
InMnPdOx_post,43.99,3.166
InMnPdOx_post,44.0,3.142
InMnPdOx_post,44.01,3.066
InMnPdOx_post,44.02,3.091
InMnPdOx_post,44.03,2.993
InMnPdOx_post,44.04,3.013
InMnPdOx_post,44.05,3.092
InMnPdOx_post,44.06,3.149
InMnPdOx_post,44.07,3.102
InMnPdOx_post,44.08,3.005
InMnPdOx_post,44.09,2.986
InMnPdOx_post,44.1,2.943
InMnPdOx_post,44.11,2.908
InMnPdOx_post,44.12,2.879
InMnPdOx_post,44.13,2.982
InMnPdOx_post,44.14,3.084
InMnPdOx_post,44.15,3.051
InMnPdOx_post,44.16,2.992
InMnPdOx_post,44.17,3.027
InMnPdOx_post,44.18,3.102
InMnPdOx_post,44.19,3.02
InMnPdOx_post,44.2,2.982
InMnPdOx_post,44.21,3.014
InMnPdOx_post,44.22,3.021
InMnPdOx_post,44.23,2.98
InMnPdOx_post,44.24,2.982
InMnPdOx_post,44.25,3.06
InMnPdOx_post,44.26,3.089
InMnPdOx_post,44.27,3.121
InMnPdOx_post,44.28,3.138
InMnPdOx_post,44.29,3.06
InMnPdOx_post,44.3,2.925
InMnPdOx_post,44.31,2.805
InMnPdOx_post,44.32,2.823
InMnPdOx_post,44.33,2.979
InMnPdOx_post,44.34,3.132
InMnPdOx_post,44.35,3.108
InMnPdOx_post,44.36,3.005
InMnPdOx_post,44.37,2.961
InMnPdOx_post,44.38,2.872
InMnPdOx_post,44.39,2.8
InMnPdOx_post,44.4,2.742
InMnPdOx_post,44.41,2.836
InMnPdOx_post,44.42,2.985
InMnPdOx_post,44.43,3.069
InMnPdOx_post,44.44,3.055
InMnPdOx_post,44.45,2.99
InMnPdOx_post,44.46,2.939
InMnPdOx_post,44.47,2.908
InMnPdOx_post,44.48,2.842
InMnPdOx_post,44.49,2.856
InMnPdOx_post,44.5,2.829
InMnPdOx_post,44.51,2.871
InMnPdOx_post,44.52,2.933
InMnPdOx_post,44.53,2.933
InMnPdOx_post,44.54,2.851
InMnPdOx_post,44.55,2.899
InMnPdOx_post,44.56,2.96
InMnPdOx_post,44.57,2.943
InMnPdOx_post,44.58,2.873
InMnPdOx_post,44.59,2.844
InMnPdOx_post,44.6,2.892
InMnPdOx_post,44.61,2.888
InMnPdOx_post,44.62,2.946
InMnPdOx_post,44.63,2.961
InMnPdOx_post,44.64,2.976
InMnPdOx_post,44.65,2.944
InMnPdOx_post,44.66,2.895
InMnPdOx_post,44.67,2.77
InMnPdOx_post,44.68,2.776
InMnPdOx_post,44.69,2.84
InMnPdOx_post,44.7,2.922
InMnPdOx_post,44.71,2.93
InMnPdOx_post,44.72,3.038
InMnPdOx_post,44.73,3.079
InMnPdOx_post,44.74,3.057
InMnPdOx_post,44.75,2.948
InMnPdOx_post,44.76,2.871
InMnPdOx_post,44.77,2.825
InMnPdOx_post,44.78,2.883
InMnPdOx_post,44.79,2.972
InMnPdOx_post,44.8,3.099
InMnPdOx_post,44.81,3.065
InMnPdOx_post,44.82,3.007
InMnPdOx_post,44.83,2.976
InMnPdOx_post,44.84,3.009
InMnPdOx_post,44.85,2.957
InMnPdOx_post,44.86,2.888
InMnPdOx_post,44.87,2.806
InMnPdOx_post,44.88,2.809
InMnPdOx_post,44.89,2.82
InMnPdOx_post,44.9,2.886
InMnPdOx_post,44.91,2.874
InMnPdOx_post,44.92,2.895
InMnPdOx_post,44.93,2.866
InMnPdOx_post,44.94,2.875
InMnPdOx_post,44.95,2.933
InMnPdOx_post,44.96,3.037
InMnPdOx_post,44.97,3.048
InMnPdOx_post,44.98,2.895
InMnPdOx_post,44.99,2.787
InMnPdOx_post,45.0,2.799
InMnPdOx_post,45.01,2.778
InMnPdOx_post,45.02,2.889
InMnPdOx_post,45.03,2.938
InMnPdOx_post,45.04,3.012
InMnPdOx_post,45.05,3.013
InMnPdOx_post,45.06,3.073
InMnPdOx_post,45.07,3.086
InMnPdOx_post,45.08,2.933
InMnPdOx_post,45.09,2.91
InMnPdOx_post,45.1,2.884
InMnPdOx_post,45.11,2.866
InMnPdOx_post,45.12,2.83
InMnPdOx_post,45.13,2.909
InMnPdOx_post,45.14,2.933
InMnPdOx_post,45.15,2.9
InMnPdOx_post,45.16,2.864
InMnPdOx_post,45.17,3.017
InMnPdOx_post,45.18,3.044
InMnPdOx_post,45.19,3.06
InMnPdOx_post,45.2,3.022
InMnPdOx_post,45.21,2.985
InMnPdOx_post,45.22,2.91
InMnPdOx_post,45.23,2.887
InMnPdOx_post,45.24,2.989
InMnPdOx_post,45.25,3.056
InMnPdOx_post,45.26,3.049
InMnPdOx_post,45.27,2.997
InMnPdOx_post,45.28,2.961
InMnPdOx_post,45.29,2.925
InMnPdOx_post,45.3,2.908
InMnPdOx_post,45.31,2.93
InMnPdOx_post,45.32,3.012
InMnPdOx_post,45.33,3.001
InMnPdOx_post,45.34,2.954
InMnPdOx_post,45.35,2.881
InMnPdOx_post,45.36,2.998
InMnPdOx_post,45.37,2.984
InMnPdOx_post,45.38,3.004
InMnPdOx_post,45.39,2.94
InMnPdOx_post,45.4,2.931
InMnPdOx_post,45.41,2.833
InMnPdOx_post,45.42,2.801
InMnPdOx_post,45.43,2.765
InMnPdOx_post,45.44,2.814
InMnPdOx_post,45.45,2.936
InMnPdOx_post,45.46,3.136
InMnPdOx_post,45.47,3.204
InMnPdOx_post,45.48,3.085
InMnPdOx_post,45.49,2.947
InMnPdOx_post,45.5,2.89
InMnPdOx_post,45.51,2.926
InMnPdOx_post,45.52,2.972
InMnPdOx_post,45.53,2.951
InMnPdOx_post,45.54,2.977
InMnPdOx_post,45.55,2.989
InMnPdOx_post,45.56,3.122
InMnPdOx_post,45.57,3.139
InMnPdOx_post,45.58,3.064
InMnPdOx_post,45.59,2.981
InMnPdOx_post,45.6,2.931
InMnPdOx_post,45.61,2.9
InMnPdOx_post,45.62,2.863
InMnPdOx_post,45.63,2.932
InMnPdOx_post,45.64,2.95
InMnPdOx_post,45.65,2.936
InMnPdOx_post,45.66,2.998
InMnPdOx_post,45.67,3.04
InMnPdOx_post,45.68,3.044
InMnPdOx_post,45.69,2.944
InMnPdOx_post,45.7,2.894
InMnPdOx_post,45.71,2.845
InMnPdOx_post,45.72,2.884
InMnPdOx_post,45.73,2.996
InMnPdOx_post,45.74,3.059
InMnPdOx_post,45.75,3.092
InMnPdOx_post,45.76,3.109
InMnPdOx_post,45.77,3.054
InMnPdOx_post,45.78,2.948
InMnPdOx_post,45.79,2.873
InMnPdOx_post,45.8,2.907
InMnPdOx_post,45.81,2.97
InMnPdOx_post,45.82,2.959
InMnPdOx_post,45.83,2.986
InMnPdOx_post,45.84,3.005
InMnPdOx_post,45.85,3.095
InMnPdOx_post,45.86,3.088
InMnPdOx_post,45.87,3.091
InMnPdOx_post,45.88,3.052
InMnPdOx_post,45.89,2.99
InMnPdOx_post,45.9,3.001
InMnPdOx_post,45.91,3.07
InMnPdOx_post,45.92,3.075
InMnPdOx_post,45.93,3.035
InMnPdOx_post,45.94,2.944
InMnPdOx_post,45.95,2.988
InMnPdOx_post,45.96,3.097
InMnPdOx_post,45.97,3.177
InMnPdOx_post,45.98,3.123
InMnPdOx_post,45.99,3.058
InMnPdOx_post,46.0,3.058
InMnPdOx_post,46.01,3.235
InMnPdOx_post,46.02,3.326
InMnPdOx_post,46.03,3.255
InMnPdOx_post,46.04,3.085
InMnPdOx_post,46.05,3.09
InMnPdOx_post,46.06,3.175
InMnPdOx_post,46.07,3.181
InMnPdOx_post,46.08,3.193
InMnPdOx_post,46.09,3.144
InMnPdOx_post,46.1,3.121
InMnPdOx_post,46.11,3.117
InMnPdOx_post,46.12,3.207
InMnPdOx_post,46.13,3.261
InMnPdOx_post,46.14,3.259
InMnPdOx_post,46.15,3.257
InMnPdOx_post,46.16,3.232
InMnPdOx_post,46.17,3.255
InMnPdOx_post,46.18,3.326
InMnPdOx_post,46.19,3.31
InMnPdOx_post,46.2,3.244
InMnPdOx_post,46.21,3.173
InMnPdOx_post,46.22,3.229
InMnPdOx_post,46.23,3.224
InMnPdOx_post,46.24,3.187
InMnPdOx_post,46.25,3.195
InMnPdOx_post,46.26,3.121
InMnPdOx_post,46.27,3.146
InMnPdOx_post,46.28,3.192
InMnPdOx_post,46.29,3.308
InMnPdOx_post,46.3,3.257
InMnPdOx_post,46.31,3.22
InMnPdOx_post,46.32,3.132
InMnPdOx_post,46.33,3.169
InMnPdOx_post,46.34,3.197
InMnPdOx_post,46.35,3.221
InMnPdOx_post,46.36,3.218
InMnPdOx_post,46.37,3.228
InMnPdOx_post,46.38,3.303
InMnPdOx_post,46.39,3.248
InMnPdOx_post,46.4,3.164
InMnPdOx_post,46.41,3.09
InMnPdOx_post,46.42,3.181
InMnPdOx_post,46.43,3.22
InMnPdOx_post,46.44,3.266
InMnPdOx_post,46.45,3.296
InMnPdOx_post,46.46,3.395
InMnPdOx_post,46.47,3.453
InMnPdOx_post,46.48,3.48
InMnPdOx_post,46.49,3.378
InMnPdOx_post,46.5,3.288
InMnPdOx_post,46.51,3.276
InMnPdOx_post,46.52,3.364
InMnPdOx_post,46.53,3.304
InMnPdOx_post,46.54,3.328
InMnPdOx_post,46.55,3.325
InMnPdOx_post,46.56,3.36
InMnPdOx_post,46.57,3.361
InMnPdOx_post,46.58,3.376
InMnPdOx_post,46.59,3.323
InMnPdOx_post,46.6,3.319
InMnPdOx_post,46.61,3.376
InMnPdOx_post,46.62,3.435
InMnPdOx_post,46.63,3.379
InMnPdOx_post,46.64,3.349
InMnPdOx_post,46.65,3.413
InMnPdOx_post,46.66,3.609
InMnPdOx_post,46.67,3.608
InMnPdOx_post,46.68,3.555
InMnPdOx_post,46.69,3.432
InMnPdOx_post,46.7,3.385
InMnPdOx_post,46.71,3.37
InMnPdOx_post,46.72,3.356
InMnPdOx_post,46.73,3.431
InMnPdOx_post,46.74,3.379
InMnPdOx_post,46.75,3.34
InMnPdOx_post,46.76,3.286
InMnPdOx_post,46.77,3.294
InMnPdOx_post,46.78,3.409
InMnPdOx_post,46.79,3.46
InMnPdOx_post,46.8,3.406
InMnPdOx_post,46.81,3.279
InMnPdOx_post,46.82,3.188
InMnPdOx_post,46.83,3.207
InMnPdOx_post,46.84,3.252
InMnPdOx_post,46.85,3.288
InMnPdOx_post,46.86,3.261
InMnPdOx_post,46.87,3.232
InMnPdOx_post,46.88,3.231
InMnPdOx_post,46.89,3.2
InMnPdOx_post,46.9,3.201
InMnPdOx_post,46.91,3.22
InMnPdOx_post,46.92,3.264
InMnPdOx_post,46.93,3.291
InMnPdOx_post,46.94,3.197
InMnPdOx_post,46.95,3.216
InMnPdOx_post,46.96,3.184
InMnPdOx_post,46.97,3.265
InMnPdOx_post,46.98,3.204
InMnPdOx_post,46.99,3.237
InMnPdOx_post,47.0,3.205
InMnPdOx_post,47.01,3.214
InMnPdOx_post,47.02,3.247
InMnPdOx_post,47.03,3.211
InMnPdOx_post,47.04,3.132
InMnPdOx_post,47.05,3.004
InMnPdOx_post,47.06,2.996
InMnPdOx_post,47.07,2.939
InMnPdOx_post,47.08,2.947
InMnPdOx_post,47.09,3.007
InMnPdOx_post,47.1,3.051
InMnPdOx_post,47.11,2.936
InMnPdOx_post,47.12,2.823
InMnPdOx_post,47.13,2.857
InMnPdOx_post,47.14,2.938
InMnPdOx_post,47.15,2.92
InMnPdOx_post,47.16,2.868
InMnPdOx_post,47.17,2.967
InMnPdOx_post,47.18,3.01
InMnPdOx_post,47.19,3.052
InMnPdOx_post,47.2,2.99
InMnPdOx_post,47.21,2.989
InMnPdOx_post,47.22,2.973
InMnPdOx_post,47.23,2.936
InMnPdOx_post,47.24,2.99
InMnPdOx_post,47.25,3.042
InMnPdOx_post,47.26,2.995
InMnPdOx_post,47.27,2.882
InMnPdOx_post,47.28,2.768
InMnPdOx_post,47.29,2.808
InMnPdOx_post,47.3,2.906
InMnPdOx_post,47.31,2.928
InMnPdOx_post,47.32,2.919
InMnPdOx_post,47.33,2.87
InMnPdOx_post,47.34,2.979
InMnPdOx_post,47.35,2.983
InMnPdOx_post,47.36,2.985
InMnPdOx_post,47.37,2.869
InMnPdOx_post,47.38,2.856
InMnPdOx_post,47.39,2.877
InMnPdOx_post,47.4,2.955
InMnPdOx_post,47.41,2.877
InMnPdOx_post,47.42,2.782
InMnPdOx_post,47.43,2.738
InMnPdOx_post,47.44,2.803
InMnPdOx_post,47.45,2.888
InMnPdOx_post,47.46,2.883
InMnPdOx_post,47.47,2.834
InMnPdOx_post,47.48,2.799
InMnPdOx_post,47.49,2.781
InMnPdOx_post,47.5,2.759
InMnPdOx_post,47.51,2.752
InMnPdOx_post,47.52,2.78
InMnPdOx_post,47.53,2.815
InMnPdOx_post,47.54,2.909
InMnPdOx_post,47.55,3.011
InMnPdOx_post,47.56,3.016
InMnPdOx_post,47.57,2.985
InMnPdOx_post,47.58,2.896
InMnPdOx_post,47.59,2.78
InMnPdOx_post,47.6,2.693
InMnPdOx_post,47.61,2.644
InMnPdOx_post,47.62,2.686
InMnPdOx_post,47.63,2.679
InMnPdOx_post,47.64,2.696
InMnPdOx_post,47.65,2.662
InMnPdOx_post,47.66,2.69
InMnPdOx_post,47.67,2.673
InMnPdOx_post,47.68,2.647
InMnPdOx_post,47.69,2.65
InMnPdOx_post,47.7,2.647
InMnPdOx_post,47.71,2.642
InMnPdOx_post,47.72,2.599
InMnPdOx_post,47.73,2.607
InMnPdOx_post,47.74,2.635
InMnPdOx_post,47.75,2.575
InMnPdOx_post,47.76,2.536
InMnPdOx_post,47.77,2.541
InMnPdOx_post,47.78,2.505
InMnPdOx_post,47.79,2.397
InMnPdOx_post,47.8,2.366
InMnPdOx_post,47.81,2.456
InMnPdOx_post,47.82,2.632
InMnPdOx_post,47.83,2.692
InMnPdOx_post,47.84,2.608
InMnPdOx_post,47.85,2.485
InMnPdOx_post,47.86,2.484
InMnPdOx_post,47.87,2.541
InMnPdOx_post,47.88,2.644
InMnPdOx_post,47.89,2.675
InMnPdOx_post,47.9,2.623
InMnPdOx_post,47.91,2.569
InMnPdOx_post,47.92,2.568
InMnPdOx_post,47.93,2.58
InMnPdOx_post,47.94,2.577
InMnPdOx_post,47.95,2.568
InMnPdOx_post,47.96,2.576
InMnPdOx_post,47.97,2.587
InMnPdOx_post,47.98,2.598
InMnPdOx_post,47.99,2.629
InMnPdOx_post,48.0,2.607
InMnPdOx_post,48.01,2.537
InMnPdOx_post,48.02,2.462
InMnPdOx_post,48.03,2.411
InMnPdOx_post,48.04,2.559
InMnPdOx_post,48.05,2.619
InMnPdOx_post,48.06,2.582
InMnPdOx_post,48.07,2.477
InMnPdOx_post,48.08,2.473
InMnPdOx_post,48.09,2.522
InMnPdOx_post,48.1,2.534
InMnPdOx_post,48.11,2.548
InMnPdOx_post,48.12,2.516
InMnPdOx_post,48.13,2.514
InMnPdOx_post,48.14,2.566
InMnPdOx_post,48.15,2.641
InMnPdOx_post,48.16,2.641
InMnPdOx_post,48.17,2.49
InMnPdOx_post,48.18,2.419
InMnPdOx_post,48.19,2.418
InMnPdOx_post,48.2,2.456
InMnPdOx_post,48.21,2.512
InMnPdOx_post,48.22,2.522
InMnPdOx_post,48.23,2.587
InMnPdOx_post,48.24,2.497
InMnPdOx_post,48.25,2.454
InMnPdOx_post,48.26,2.402
InMnPdOx_post,48.27,2.33
InMnPdOx_post,48.28,2.34
InMnPdOx_post,48.29,2.438
InMnPdOx_post,48.3,2.527
InMnPdOx_post,48.31,2.531
InMnPdOx_post,48.32,2.498
InMnPdOx_post,48.33,2.553
InMnPdOx_post,48.34,2.521
InMnPdOx_post,48.35,2.478
InMnPdOx_post,48.36,2.51
InMnPdOx_post,48.37,2.602
InMnPdOx_post,48.38,2.605
InMnPdOx_post,48.39,2.52
InMnPdOx_post,48.4,2.361
InMnPdOx_post,48.41,2.36
InMnPdOx_post,48.42,2.352
InMnPdOx_post,48.43,2.431
InMnPdOx_post,48.44,2.454
InMnPdOx_post,48.45,2.482
InMnPdOx_post,48.46,2.462
InMnPdOx_post,48.47,2.431
InMnPdOx_post,48.48,2.379
InMnPdOx_post,48.49,2.416
InMnPdOx_post,48.5,2.501
InMnPdOx_post,48.51,2.465
InMnPdOx_post,48.52,2.436
InMnPdOx_post,48.53,2.395
InMnPdOx_post,48.54,2.442
InMnPdOx_post,48.55,2.41
InMnPdOx_post,48.56,2.414
InMnPdOx_post,48.57,2.379
InMnPdOx_post,48.58,2.45
InMnPdOx_post,48.59,2.466
InMnPdOx_post,48.6,2.532
InMnPdOx_post,48.61,2.52
InMnPdOx_post,48.62,2.46
InMnPdOx_post,48.63,2.466
InMnPdOx_post,48.64,2.455
InMnPdOx_post,48.65,2.479
InMnPdOx_post,48.66,2.464
InMnPdOx_post,48.67,2.507
InMnPdOx_post,48.68,2.582
InMnPdOx_post,48.69,2.529
InMnPdOx_post,48.7,2.362
InMnPdOx_post,48.71,2.266
InMnPdOx_post,48.72,2.333
InMnPdOx_post,48.73,2.407
InMnPdOx_post,48.74,2.41
InMnPdOx_post,48.75,2.399
InMnPdOx_post,48.76,2.358
InMnPdOx_post,48.77,2.285
InMnPdOx_post,48.78,2.247
InMnPdOx_post,48.79,2.277
InMnPdOx_post,48.8,2.42
InMnPdOx_post,48.81,2.525
InMnPdOx_post,48.82,2.47
InMnPdOx_post,48.83,2.396
InMnPdOx_post,48.84,2.289
InMnPdOx_post,48.85,2.262
InMnPdOx_post,48.86,2.235
InMnPdOx_post,48.87,2.25
InMnPdOx_post,48.88,2.199
InMnPdOx_post,48.89,2.251
InMnPdOx_post,48.9,2.301
InMnPdOx_post,48.91,2.384
InMnPdOx_post,48.92,2.336
InMnPdOx_post,48.93,2.338
InMnPdOx_post,48.94,2.357
InMnPdOx_post,48.95,2.408
InMnPdOx_post,48.96,2.404
InMnPdOx_post,48.97,2.383
InMnPdOx_post,48.98,2.322
InMnPdOx_post,48.99,2.316
InMnPdOx_post,49.0,2.351
InMnPdOx_post,49.01,2.394
InMnPdOx_post,49.02,2.426
InMnPdOx_post,49.03,2.352
InMnPdOx_post,49.04,2.391
InMnPdOx_post,49.05,2.392
InMnPdOx_post,49.06,2.351
InMnPdOx_post,49.07,2.291
InMnPdOx_post,49.08,2.314
InMnPdOx_post,49.09,2.447
InMnPdOx_post,49.1,2.519
InMnPdOx_post,49.11,2.481
InMnPdOx_post,49.12,2.398
InMnPdOx_post,49.13,2.384
InMnPdOx_post,49.14,2.371
InMnPdOx_post,49.15,2.275
InMnPdOx_post,49.16,2.253
InMnPdOx_post,49.17,2.288
InMnPdOx_post,49.18,2.291
InMnPdOx_post,49.19,2.282
InMnPdOx_post,49.2,2.261
InMnPdOx_post,49.21,2.289
InMnPdOx_post,49.22,2.358
InMnPdOx_post,49.23,2.359
InMnPdOx_post,49.24,2.292
InMnPdOx_post,49.25,2.204
InMnPdOx_post,49.26,2.293
InMnPdOx_post,49.27,2.37
InMnPdOx_post,49.28,2.348
InMnPdOx_post,49.29,2.329
InMnPdOx_post,49.3,2.301
InMnPdOx_post,49.31,2.3
InMnPdOx_post,49.32,2.259
InMnPdOx_post,49.33,2.227
InMnPdOx_post,49.34,2.274
InMnPdOx_post,49.35,2.265
InMnPdOx_post,49.36,2.265
InMnPdOx_post,49.37,2.163
InMnPdOx_post,49.38,2.206
InMnPdOx_post,49.39,2.196
InMnPdOx_post,49.4,2.255
InMnPdOx_post,49.41,2.286
InMnPdOx_post,49.42,2.219
InMnPdOx_post,49.43,2.127
InMnPdOx_post,49.44,2.092
InMnPdOx_post,49.45,2.214
InMnPdOx_post,49.46,2.347
InMnPdOx_post,49.47,2.387
InMnPdOx_post,49.48,2.416
InMnPdOx_post,49.49,2.363
InMnPdOx_post,49.5,2.337
InMnPdOx_post,49.51,2.352
InMnPdOx_post,49.52,2.423
InMnPdOx_post,49.53,2.413
InMnPdOx_post,49.54,2.413
InMnPdOx_post,49.55,2.345
InMnPdOx_post,49.56,2.331
InMnPdOx_post,49.57,2.289
InMnPdOx_post,49.58,2.278
InMnPdOx_post,49.59,2.275
InMnPdOx_post,49.6,2.315
InMnPdOx_post,49.61,2.439
InMnPdOx_post,49.62,2.425
InMnPdOx_post,49.63,2.361
InMnPdOx_post,49.64,2.304
InMnPdOx_post,49.65,2.309
InMnPdOx_post,49.66,2.307
InMnPdOx_post,49.67,2.291
InMnPdOx_post,49.68,2.301
InMnPdOx_post,49.69,2.322
InMnPdOx_post,49.7,2.279
InMnPdOx_post,49.71,2.199
InMnPdOx_post,49.72,2.195
InMnPdOx_post,49.73,2.202
InMnPdOx_post,49.74,2.37
InMnPdOx_post,49.75,2.435
InMnPdOx_post,49.76,2.392
InMnPdOx_post,49.77,2.266
InMnPdOx_post,49.78,2.261
InMnPdOx_post,49.79,2.287
InMnPdOx_post,49.8,2.277
InMnPdOx_post,49.81,2.243
InMnPdOx_post,49.82,2.242
InMnPdOx_post,49.83,2.219
InMnPdOx_post,49.84,2.177
InMnPdOx_post,49.85,2.138
InMnPdOx_post,49.86,2.191
InMnPdOx_post,49.87,2.259
InMnPdOx_post,49.88,2.309
InMnPdOx_post,49.89,2.294
InMnPdOx_post,49.9,2.232
InMnPdOx_post,49.91,2.189
InMnPdOx_post,49.92,2.163
InMnPdOx_post,49.93,2.221
InMnPdOx_post,49.94,2.181
InMnPdOx_post,49.95,2.191
InMnPdOx_post,49.96,2.21
InMnPdOx_post,49.97,2.251
InMnPdOx_post,49.98,2.23
InMnPdOx_post,49.99,2.251
InMnPdOx_post,50.0,2.235
InMnPdOx_post,50.01,2.229
InMnPdOx_post,50.02,2.217
InMnPdOx_post,50.03,2.312
InMnPdOx_post,50.04,2.306
InMnPdOx_post,50.05,2.323
InMnPdOx_post,50.06,2.314
InMnPdOx_post,50.07,2.293
InMnPdOx_post,50.08,2.205
InMnPdOx_post,50.09,2.121
InMnPdOx_post,50.1,2.094
InMnPdOx_post,50.11,2.143
InMnPdOx_post,50.12,2.203
InMnPdOx_post,50.13,2.292
InMnPdOx_post,50.14,2.235
InMnPdOx_post,50.15,2.231
InMnPdOx_post,50.16,2.187
InMnPdOx_post,50.17,2.293
InMnPdOx_post,50.18,2.342
InMnPdOx_post,50.19,2.395
InMnPdOx_post,50.2,2.406
InMnPdOx_post,50.21,2.357
InMnPdOx_post,50.22,2.301
InMnPdOx_post,50.23,2.234
InMnPdOx_post,50.24,2.244
InMnPdOx_post,50.25,2.291
InMnPdOx_post,50.26,2.305
InMnPdOx_post,50.27,2.219
InMnPdOx_post,50.28,2.201
InMnPdOx_post,50.29,2.282
InMnPdOx_post,50.3,2.383
InMnPdOx_post,50.31,2.339
InMnPdOx_post,50.32,2.264
InMnPdOx_post,50.33,2.214
InMnPdOx_post,50.34,2.301
InMnPdOx_post,50.35,2.34
InMnPdOx_post,50.36,2.351
InMnPdOx_post,50.37,2.332
InMnPdOx_post,50.38,2.387
InMnPdOx_post,50.39,2.449
InMnPdOx_post,50.4,2.407
InMnPdOx_post,50.41,2.323
InMnPdOx_post,50.42,2.275
InMnPdOx_post,50.43,2.322
InMnPdOx_post,50.44,2.287
InMnPdOx_post,50.45,2.337
InMnPdOx_post,50.46,2.303
InMnPdOx_post,50.47,2.264
InMnPdOx_post,50.48,2.236
InMnPdOx_post,50.49,2.26
InMnPdOx_post,50.5,2.32
InMnPdOx_post,50.51,2.268
InMnPdOx_post,50.52,2.213
InMnPdOx_post,50.53,2.156
InMnPdOx_post,50.54,2.104
InMnPdOx_post,50.55,2.163
InMnPdOx_post,50.56,2.203
InMnPdOx_post,50.57,2.319
InMnPdOx_post,50.58,2.286
InMnPdOx_post,50.59,2.261
InMnPdOx_post,50.6,2.214
InMnPdOx_post,50.61,2.198
InMnPdOx_post,50.62,2.265
InMnPdOx_post,50.63,2.147
InMnPdOx_post,50.64,2.111
InMnPdOx_post,50.65,2.069
InMnPdOx_post,50.66,2.219
InMnPdOx_post,50.67,2.289
InMnPdOx_post,50.68,2.325
InMnPdOx_post,50.69,2.184
InMnPdOx_post,50.7,2.094
InMnPdOx_post,50.71,2.072
InMnPdOx_post,50.72,2.146
InMnPdOx_post,50.73,2.194
InMnPdOx_post,50.74,2.194
InMnPdOx_post,50.75,2.15
InMnPdOx_post,50.76,2.136
InMnPdOx_post,50.77,2.168
InMnPdOx_post,50.78,2.325
InMnPdOx_post,50.79,2.339
InMnPdOx_post,50.8,2.349
InMnPdOx_post,50.81,2.311
InMnPdOx_post,50.82,2.314
InMnPdOx_post,50.83,2.307
InMnPdOx_post,50.84,2.276
InMnPdOx_post,50.85,2.26
InMnPdOx_post,50.86,2.232
InMnPdOx_post,50.87,2.219
InMnPdOx_post,50.88,2.3
InMnPdOx_post,50.89,2.306
InMnPdOx_post,50.9,2.313
InMnPdOx_post,50.91,2.233
InMnPdOx_post,50.92,2.189
InMnPdOx_post,50.93,2.167
InMnPdOx_post,50.94,2.187
InMnPdOx_post,50.95,2.261
InMnPdOx_post,50.96,2.331
InMnPdOx_post,50.97,2.278
InMnPdOx_post,50.98,2.229
InMnPdOx_post,50.99,2.13
InMnPdOx_post,51.0,2.25
InMnPdOx_post,51.01,2.257
InMnPdOx_post,51.02,2.32
InMnPdOx_post,51.03,2.236
InMnPdOx_post,51.04,2.303
InMnPdOx_post,51.05,2.331
InMnPdOx_post,51.06,2.342
InMnPdOx_post,51.07,2.277
InMnPdOx_post,51.08,2.181
InMnPdOx_post,51.09,2.075
InMnPdOx_post,51.1,2.062
InMnPdOx_post,51.11,2.126
InMnPdOx_post,51.12,2.234
InMnPdOx_post,51.13,2.233
InMnPdOx_post,51.14,2.228
InMnPdOx_post,51.15,2.228
InMnPdOx_post,51.16,2.219
InMnPdOx_post,51.17,2.197
InMnPdOx_post,51.18,2.121
InMnPdOx_post,51.19,2.14
InMnPdOx_post,51.2,2.195
InMnPdOx_post,51.21,2.248
InMnPdOx_post,51.22,2.285
InMnPdOx_post,51.23,2.271
InMnPdOx_post,51.24,2.304
InMnPdOx_post,51.25,2.247
InMnPdOx_post,51.26,2.241
InMnPdOx_post,51.27,2.217
InMnPdOx_post,51.28,2.282
InMnPdOx_post,51.29,2.296
InMnPdOx_post,51.3,2.26
InMnPdOx_post,51.31,2.16
InMnPdOx_post,51.32,2.157
InMnPdOx_post,51.33,2.217
InMnPdOx_post,51.34,2.239
InMnPdOx_post,51.35,2.283
InMnPdOx_post,51.36,2.319
InMnPdOx_post,51.37,2.326
InMnPdOx_post,51.38,2.186
InMnPdOx_post,51.39,2.12
InMnPdOx_post,51.4,2.132
InMnPdOx_post,51.41,2.205
InMnPdOx_post,51.42,2.259
InMnPdOx_post,51.43,2.285
InMnPdOx_post,51.44,2.239
InMnPdOx_post,51.45,2.218
InMnPdOx_post,51.46,2.182
InMnPdOx_post,51.47,2.178
InMnPdOx_post,51.48,2.153
InMnPdOx_post,51.49,2.211
InMnPdOx_post,51.5,2.177
InMnPdOx_post,51.51,2.163
InMnPdOx_post,51.52,2.137
InMnPdOx_post,51.53,2.232
InMnPdOx_post,51.54,2.282
InMnPdOx_post,51.55,2.3
InMnPdOx_post,51.56,2.274
InMnPdOx_post,51.57,2.293
InMnPdOx_post,51.58,2.248
InMnPdOx_post,51.59,2.202
InMnPdOx_post,51.6,2.204
InMnPdOx_post,51.61,2.307
InMnPdOx_post,51.62,2.303
InMnPdOx_post,51.63,2.247
InMnPdOx_post,51.64,2.221
InMnPdOx_post,51.65,2.233
InMnPdOx_post,51.66,2.248
InMnPdOx_post,51.67,2.238
InMnPdOx_post,51.68,2.256
InMnPdOx_post,51.69,2.215
InMnPdOx_post,51.7,2.223
InMnPdOx_post,51.71,2.232
InMnPdOx_post,51.72,2.285
InMnPdOx_post,51.73,2.273
InMnPdOx_post,51.74,2.209
InMnPdOx_post,51.75,2.169
InMnPdOx_post,51.76,2.171
InMnPdOx_post,51.77,2.21
InMnPdOx_post,51.78,2.268
InMnPdOx_post,51.79,2.274
InMnPdOx_post,51.8,2.238
InMnPdOx_post,51.81,2.153
InMnPdOx_post,51.82,2.178
InMnPdOx_post,51.83,2.182
InMnPdOx_post,51.84,2.218
InMnPdOx_post,51.85,2.176
InMnPdOx_post,51.86,2.151
InMnPdOx_post,51.87,2.1
InMnPdOx_post,51.88,2.168
InMnPdOx_post,51.89,2.249
InMnPdOx_post,51.9,2.235
InMnPdOx_post,51.91,2.246
InMnPdOx_post,51.92,2.21
InMnPdOx_post,51.93,2.134
InMnPdOx_post,51.94,2.091
InMnPdOx_post,51.95,2.124
InMnPdOx_post,51.96,2.271
InMnPdOx_post,51.97,2.289
InMnPdOx_post,51.98,2.256
InMnPdOx_post,51.99,2.174
InMnPdOx_post,52.0,2.155
InMnPdOx_post,52.01,2.166
InMnPdOx_post,52.02,2.238
InMnPdOx_post,52.03,2.223
InMnPdOx_post,52.04,2.142
InMnPdOx_post,52.05,2.037
InMnPdOx_post,52.06,2.124
InMnPdOx_post,52.07,2.102
InMnPdOx_post,52.08,2.14
InMnPdOx_post,52.09,2.102
InMnPdOx_post,52.1,2.093
InMnPdOx_post,52.11,2.067
InMnPdOx_post,52.12,2.083
InMnPdOx_post,52.13,2.204
InMnPdOx_post,52.14,2.28
InMnPdOx_post,52.15,2.335
InMnPdOx_post,52.16,2.264
InMnPdOx_post,52.17,2.223
InMnPdOx_post,52.18,2.209
InMnPdOx_post,52.19,2.245
InMnPdOx_post,52.2,2.219
InMnPdOx_post,52.21,2.142
InMnPdOx_post,52.22,2.08
InMnPdOx_post,52.23,2.11
InMnPdOx_post,52.24,2.161
InMnPdOx_post,52.25,2.195
InMnPdOx_post,52.26,2.185
InMnPdOx_post,52.27,2.231
InMnPdOx_post,52.28,2.186
InMnPdOx_post,52.29,2.231
InMnPdOx_post,52.3,2.23
InMnPdOx_post,52.31,2.238
InMnPdOx_post,52.32,2.19
InMnPdOx_post,52.33,2.195
InMnPdOx_post,52.34,2.284
InMnPdOx_post,52.35,2.311
InMnPdOx_post,52.36,2.334
InMnPdOx_post,52.37,2.332
InMnPdOx_post,52.38,2.37
InMnPdOx_post,52.39,2.356
InMnPdOx_post,52.4,2.297
InMnPdOx_post,52.41,2.22
InMnPdOx_post,52.42,2.139
InMnPdOx_post,52.43,2.137
InMnPdOx_post,52.44,2.222
InMnPdOx_post,52.45,2.348
InMnPdOx_post,52.46,2.37
InMnPdOx_post,52.47,2.294
InMnPdOx_post,52.48,2.17
InMnPdOx_post,52.49,2.176
InMnPdOx_post,52.5,2.18
InMnPdOx_post,52.51,2.249
InMnPdOx_post,52.52,2.235
InMnPdOx_post,52.53,2.231
InMnPdOx_post,52.54,2.16
InMnPdOx_post,52.55,2.146
InMnPdOx_post,52.56,2.138
InMnPdOx_post,52.57,2.15
InMnPdOx_post,52.58,2.162
InMnPdOx_post,52.59,2.191
InMnPdOx_post,52.6,2.176
InMnPdOx_post,52.61,2.143
InMnPdOx_post,52.62,2.102
InMnPdOx_post,52.63,2.122
InMnPdOx_post,52.64,2.247
InMnPdOx_post,52.65,2.289
InMnPdOx_post,52.66,2.239
InMnPdOx_post,52.67,2.167
InMnPdOx_post,52.68,2.142
InMnPdOx_post,52.69,2.168
InMnPdOx_post,52.7,2.218
InMnPdOx_post,52.71,2.236
InMnPdOx_post,52.72,2.22
InMnPdOx_post,52.73,2.175
InMnPdOx_post,52.74,2.204
InMnPdOx_post,52.75,2.22
InMnPdOx_post,52.76,2.197
InMnPdOx_post,52.77,2.167
InMnPdOx_post,52.78,2.119
InMnPdOx_post,52.79,2.15
InMnPdOx_post,52.8,2.161
InMnPdOx_post,52.81,2.125
InMnPdOx_post,52.82,2.088
InMnPdOx_post,52.83,2.083
InMnPdOx_post,52.84,2.114
InMnPdOx_post,52.85,2.14
InMnPdOx_post,52.86,2.108
InMnPdOx_post,52.87,2.129
InMnPdOx_post,52.88,2.147
InMnPdOx_post,52.89,2.254
InMnPdOx_post,52.9,2.185
InMnPdOx_post,52.91,2.089
InMnPdOx_post,52.92,2.094
InMnPdOx_post,52.93,2.161
InMnPdOx_post,52.94,2.184
InMnPdOx_post,52.95,2.207
InMnPdOx_post,52.96,2.287
InMnPdOx_post,52.97,2.356
InMnPdOx_post,52.98,2.256
InMnPdOx_post,52.99,2.163
InMnPdOx_post,53.0,2.114
InMnPdOx_post,53.01,2.156
InMnPdOx_post,53.02,2.21
InMnPdOx_post,53.03,2.262
InMnPdOx_post,53.04,2.186
InMnPdOx_post,53.05,2.114
InMnPdOx_post,53.06,2.048
InMnPdOx_post,53.07,2.102
InMnPdOx_post,53.08,2.16
InMnPdOx_post,53.09,2.271
InMnPdOx_post,53.1,2.276
InMnPdOx_post,53.11,2.189
InMnPdOx_post,53.12,2.172
InMnPdOx_post,53.13,2.16
InMnPdOx_post,53.14,2.274
InMnPdOx_post,53.15,2.226
InMnPdOx_post,53.16,2.286
InMnPdOx_post,53.17,2.173
InMnPdOx_post,53.18,2.114
InMnPdOx_post,53.19,2.15
InMnPdOx_post,53.2,2.243
InMnPdOx_post,53.21,2.201
InMnPdOx_post,53.22,2.109
InMnPdOx_post,53.23,2.103
InMnPdOx_post,53.24,2.193
InMnPdOx_post,53.25,2.226
InMnPdOx_post,53.26,2.183
InMnPdOx_post,53.27,2.223
InMnPdOx_post,53.28,2.255
InMnPdOx_post,53.29,2.301
InMnPdOx_post,53.3,2.31
InMnPdOx_post,53.31,2.329
InMnPdOx_post,53.32,2.298
InMnPdOx_post,53.33,2.24
InMnPdOx_post,53.34,2.221
InMnPdOx_post,53.35,2.231
InMnPdOx_post,53.36,2.182
InMnPdOx_post,53.37,2.191
InMnPdOx_post,53.38,2.253
InMnPdOx_post,53.39,2.332
InMnPdOx_post,53.4,2.256
InMnPdOx_post,53.41,2.266
InMnPdOx_post,53.42,2.304
InMnPdOx_post,53.43,2.342
InMnPdOx_post,53.44,2.286
InMnPdOx_post,53.45,2.268
InMnPdOx_post,53.46,2.196
InMnPdOx_post,53.47,2.115
InMnPdOx_post,53.48,2.1
InMnPdOx_post,53.49,2.199
InMnPdOx_post,53.5,2.218
InMnPdOx_post,53.51,2.25
InMnPdOx_post,53.52,2.174
InMnPdOx_post,53.53,2.256
InMnPdOx_post,53.54,2.19
InMnPdOx_post,53.55,2.298
InMnPdOx_post,53.56,2.233
InMnPdOx_post,53.57,2.246
InMnPdOx_post,53.58,2.217
InMnPdOx_post,53.59,2.23
InMnPdOx_post,53.6,2.18
InMnPdOx_post,53.61,2.17
InMnPdOx_post,53.62,2.225
InMnPdOx_post,53.63,2.308
InMnPdOx_post,53.64,2.381
InMnPdOx_post,53.65,2.346
InMnPdOx_post,53.66,2.349
InMnPdOx_post,53.67,2.271
InMnPdOx_post,53.68,2.267
InMnPdOx_post,53.69,2.313
InMnPdOx_post,53.7,2.347
InMnPdOx_post,53.71,2.285
InMnPdOx_post,53.72,2.25
InMnPdOx_post,53.73,2.304
InMnPdOx_post,53.74,2.331
InMnPdOx_post,53.75,2.349
InMnPdOx_post,53.76,2.419
InMnPdOx_post,53.77,2.52
InMnPdOx_post,53.78,2.477
InMnPdOx_post,53.79,2.398
InMnPdOx_post,53.8,2.383
InMnPdOx_post,53.81,2.35
InMnPdOx_post,53.82,2.329
InMnPdOx_post,53.83,2.368
InMnPdOx_post,53.84,2.399
InMnPdOx_post,53.85,2.437
InMnPdOx_post,53.86,2.428
InMnPdOx_post,53.87,2.401
InMnPdOx_post,53.88,2.392
InMnPdOx_post,53.89,2.402
InMnPdOx_post,53.9,2.376
InMnPdOx_post,53.91,2.294
InMnPdOx_post,53.92,2.246
InMnPdOx_post,53.93,2.303
InMnPdOx_post,53.94,2.323
InMnPdOx_post,53.95,2.38
InMnPdOx_post,53.96,2.408
InMnPdOx_post,53.97,2.488
InMnPdOx_post,53.98,2.445
InMnPdOx_post,53.99,2.407
InMnPdOx_post,54.0,2.283
InMnPdOx_post,54.01,2.283
InMnPdOx_post,54.02,2.281
InMnPdOx_post,54.03,2.311
InMnPdOx_post,54.04,2.331
InMnPdOx_post,54.05,2.316
InMnPdOx_post,54.06,2.349
InMnPdOx_post,54.07,2.387
InMnPdOx_post,54.08,2.484
InMnPdOx_post,54.09,2.51
InMnPdOx_post,54.1,2.503
InMnPdOx_post,54.11,2.513
InMnPdOx_post,54.12,2.52
InMnPdOx_post,54.13,2.452
InMnPdOx_post,54.14,2.375
InMnPdOx_post,54.15,2.327
InMnPdOx_post,54.16,2.387
InMnPdOx_post,54.17,2.392
InMnPdOx_post,54.18,2.348
InMnPdOx_post,54.19,2.357
InMnPdOx_post,54.2,2.433
InMnPdOx_post,54.21,2.464
InMnPdOx_post,54.22,2.423
InMnPdOx_post,54.23,2.513
InMnPdOx_post,54.24,2.604
InMnPdOx_post,54.25,2.618
InMnPdOx_post,54.26,2.589
InMnPdOx_post,54.27,2.512
InMnPdOx_post,54.28,2.469
InMnPdOx_post,54.29,2.381
InMnPdOx_post,54.3,2.463
InMnPdOx_post,54.31,2.543
InMnPdOx_post,54.32,2.601
InMnPdOx_post,54.33,2.628
InMnPdOx_post,54.34,2.564
InMnPdOx_post,54.35,2.573
InMnPdOx_post,54.36,2.485
InMnPdOx_post,54.37,2.52
InMnPdOx_post,54.38,2.478
InMnPdOx_post,54.39,2.515
InMnPdOx_post,54.4,2.499
InMnPdOx_post,54.41,2.524
InMnPdOx_post,54.42,2.53
InMnPdOx_post,54.43,2.543
InMnPdOx_post,54.44,2.568
InMnPdOx_post,54.45,2.561
InMnPdOx_post,54.46,2.579
InMnPdOx_post,54.47,2.502
InMnPdOx_post,54.48,2.601
InMnPdOx_post,54.49,2.582
InMnPdOx_post,54.5,2.643
InMnPdOx_post,54.51,2.578
InMnPdOx_post,54.52,2.706
InMnPdOx_post,54.53,2.68
InMnPdOx_post,54.54,2.682
InMnPdOx_post,54.55,2.587
InMnPdOx_post,54.56,2.673
InMnPdOx_post,54.57,2.667
InMnPdOx_post,54.58,2.729
InMnPdOx_post,54.59,2.742
InMnPdOx_post,54.6,2.716
InMnPdOx_post,54.61,2.709
InMnPdOx_post,54.62,2.71
InMnPdOx_post,54.63,2.728
InMnPdOx_post,54.64,2.66
InMnPdOx_post,54.65,2.595
InMnPdOx_post,54.66,2.632
InMnPdOx_post,54.67,2.658
InMnPdOx_post,54.68,2.669
InMnPdOx_post,54.69,2.714
InMnPdOx_post,54.7,2.714
InMnPdOx_post,54.71,2.69
InMnPdOx_post,54.72,2.614
InMnPdOx_post,54.73,2.581
InMnPdOx_post,54.74,2.672
InMnPdOx_post,54.75,2.75
InMnPdOx_post,54.76,2.804
InMnPdOx_post,54.77,2.833
InMnPdOx_post,54.78,2.849
InMnPdOx_post,54.79,2.921
InMnPdOx_post,54.8,2.982
InMnPdOx_post,54.81,2.922
InMnPdOx_post,54.82,2.806
InMnPdOx_post,54.83,2.719
InMnPdOx_post,54.84,2.765
InMnPdOx_post,54.85,2.798
InMnPdOx_post,54.86,2.731
InMnPdOx_post,54.87,2.743
InMnPdOx_post,54.88,2.808
InMnPdOx_post,54.89,2.938
InMnPdOx_post,54.9,3.018
InMnPdOx_post,54.91,2.965
InMnPdOx_post,54.92,2.847
InMnPdOx_post,54.93,2.836
InMnPdOx_post,54.94,2.874
InMnPdOx_post,54.95,2.976
InMnPdOx_post,54.96,2.937
InMnPdOx_post,54.97,2.936
InMnPdOx_post,54.98,2.91
InMnPdOx_post,54.99,2.911
InMnPdOx_post,55.0,2.974
InMnPdOx_post,55.01,2.916
InMnPdOx_post,55.02,2.907
InMnPdOx_post,55.03,2.809
InMnPdOx_post,55.04,2.854
InMnPdOx_post,55.05,2.855
InMnPdOx_post,55.06,2.925
InMnPdOx_post,55.07,2.895
InMnPdOx_post,55.08,2.828
InMnPdOx_post,55.09,2.864
InMnPdOx_post,55.1,2.951
InMnPdOx_post,55.11,3.03
InMnPdOx_post,55.12,2.899
InMnPdOx_post,55.13,2.888
InMnPdOx_post,55.14,2.964
InMnPdOx_post,55.15,3.018
InMnPdOx_post,55.16,3.025
InMnPdOx_post,55.17,2.964
InMnPdOx_post,55.18,2.989
InMnPdOx_post,55.19,2.961
InMnPdOx_post,55.2,3.019
InMnPdOx_post,55.21,2.988
InMnPdOx_post,55.22,2.901
InMnPdOx_post,55.23,2.786
InMnPdOx_post,55.24,2.784
InMnPdOx_post,55.25,2.844
InMnPdOx_post,55.26,2.807
InMnPdOx_post,55.27,2.892
InMnPdOx_post,55.28,2.916
InMnPdOx_post,55.29,3.1
InMnPdOx_post,55.3,3.051
InMnPdOx_post,55.31,2.986
InMnPdOx_post,55.32,2.895
InMnPdOx_post,55.33,2.835
InMnPdOx_post,55.34,2.838
InMnPdOx_post,55.35,2.776
InMnPdOx_post,55.36,2.892
InMnPdOx_post,55.37,2.895
InMnPdOx_post,55.38,2.971
InMnPdOx_post,55.39,2.899
InMnPdOx_post,55.4,2.758
InMnPdOx_post,55.41,2.689
InMnPdOx_post,55.42,2.748
InMnPdOx_post,55.43,2.872
InMnPdOx_post,55.44,2.883
InMnPdOx_post,55.45,2.89
InMnPdOx_post,55.46,2.912
InMnPdOx_post,55.47,2.907
InMnPdOx_post,55.48,2.889
InMnPdOx_post,55.49,2.851
InMnPdOx_post,55.5,2.864
InMnPdOx_post,55.51,2.931
InMnPdOx_post,55.52,2.873
InMnPdOx_post,55.53,2.889
InMnPdOx_post,55.54,2.827
InMnPdOx_post,55.55,2.917
InMnPdOx_post,55.56,2.809
InMnPdOx_post,55.57,2.791
InMnPdOx_post,55.58,2.716
InMnPdOx_post,55.59,2.773
InMnPdOx_post,55.6,2.797
InMnPdOx_post,55.61,2.841
InMnPdOx_post,55.62,2.836
InMnPdOx_post,55.63,2.837
InMnPdOx_post,55.64,2.825
InMnPdOx_post,55.65,2.749
InMnPdOx_post,55.66,2.712
InMnPdOx_post,55.67,2.689
InMnPdOx_post,55.68,2.69
InMnPdOx_post,55.69,2.704
InMnPdOx_post,55.7,2.704
InMnPdOx_post,55.71,2.683
InMnPdOx_post,55.72,2.604
InMnPdOx_post,55.73,2.617
InMnPdOx_post,55.74,2.687
InMnPdOx_post,55.75,2.781
InMnPdOx_post,55.76,2.766
InMnPdOx_post,55.77,2.628
InMnPdOx_post,55.78,2.592
InMnPdOx_post,55.79,2.633
InMnPdOx_post,55.8,2.688
InMnPdOx_post,55.81,2.68
InMnPdOx_post,55.82,2.587
InMnPdOx_post,55.83,2.566
InMnPdOx_post,55.84,2.576
InMnPdOx_post,55.85,2.591
InMnPdOx_post,55.86,2.518
InMnPdOx_post,55.87,2.492
InMnPdOx_post,55.88,2.46
InMnPdOx_post,55.89,2.501
InMnPdOx_post,55.9,2.488
InMnPdOx_post,55.91,2.457
InMnPdOx_post,55.92,2.413
InMnPdOx_post,55.93,2.349
InMnPdOx_post,55.94,2.355
InMnPdOx_post,55.95,2.33
InMnPdOx_post,55.96,2.393
InMnPdOx_post,55.97,2.492
InMnPdOx_post,55.98,2.557
InMnPdOx_post,55.99,2.462
InMnPdOx_post,56.0,2.415
InMnPdOx_post,56.01,2.436
InMnPdOx_post,56.02,2.506
InMnPdOx_post,56.03,2.554
InMnPdOx_post,56.04,2.57
InMnPdOx_post,56.05,2.52
InMnPdOx_post,56.06,2.406
InMnPdOx_post,56.07,2.327
InMnPdOx_post,56.08,2.294
InMnPdOx_post,56.09,2.365
InMnPdOx_post,56.1,2.377
InMnPdOx_post,56.11,2.328
InMnPdOx_post,56.12,2.274
InMnPdOx_post,56.13,2.341
InMnPdOx_post,56.14,2.337
InMnPdOx_post,56.15,2.28
InMnPdOx_post,56.16,2.25
InMnPdOx_post,56.17,2.331
InMnPdOx_post,56.18,2.408
InMnPdOx_post,56.19,2.429
InMnPdOx_post,56.2,2.424
InMnPdOx_post,56.21,2.39
InMnPdOx_post,56.22,2.333
InMnPdOx_post,56.23,2.271
InMnPdOx_post,56.24,2.309
InMnPdOx_post,56.25,2.32
InMnPdOx_post,56.26,2.303
InMnPdOx_post,56.27,2.202
InMnPdOx_post,56.28,2.256
InMnPdOx_post,56.29,2.315
InMnPdOx_post,56.3,2.329
InMnPdOx_post,56.31,2.282
InMnPdOx_post,56.32,2.223
InMnPdOx_post,56.33,2.141
InMnPdOx_post,56.34,2.164
InMnPdOx_post,56.35,2.277
InMnPdOx_post,56.36,2.27
InMnPdOx_post,56.37,2.192
InMnPdOx_post,56.38,2.105
InMnPdOx_post,56.39,2.17
InMnPdOx_post,56.4,2.202
InMnPdOx_post,56.41,2.229
InMnPdOx_post,56.42,2.234
InMnPdOx_post,56.43,2.248
InMnPdOx_post,56.44,2.239
InMnPdOx_post,56.45,2.205
InMnPdOx_post,56.46,2.123
InMnPdOx_post,56.47,2.131
InMnPdOx_post,56.48,2.114
InMnPdOx_post,56.49,2.157
InMnPdOx_post,56.5,2.143
InMnPdOx_post,56.51,2.235
InMnPdOx_post,56.52,2.246
InMnPdOx_post,56.53,2.283
InMnPdOx_post,56.54,2.249
InMnPdOx_post,56.55,2.269
InMnPdOx_post,56.56,2.208
InMnPdOx_post,56.57,2.116
InMnPdOx_post,56.58,2.104
InMnPdOx_post,56.59,2.141
InMnPdOx_post,56.6,2.221
InMnPdOx_post,56.61,2.151
InMnPdOx_post,56.62,2.131
InMnPdOx_post,56.63,2.114
InMnPdOx_post,56.64,2.155
InMnPdOx_post,56.65,2.114
InMnPdOx_post,56.66,2.065
InMnPdOx_post,56.67,2.151
InMnPdOx_post,56.68,2.181
InMnPdOx_post,56.69,2.113
InMnPdOx_post,56.7,2.086
InMnPdOx_post,56.71,2.152
InMnPdOx_post,56.72,2.228
InMnPdOx_post,56.73,2.194
InMnPdOx_post,56.74,2.092
InMnPdOx_post,56.75,2.102
InMnPdOx_post,56.76,2.085
InMnPdOx_post,56.77,2.099
InMnPdOx_post,56.78,2.086
InMnPdOx_post,56.79,2.112
InMnPdOx_post,56.8,2.126
InMnPdOx_post,56.81,2.08
InMnPdOx_post,56.82,2.176
InMnPdOx_post,56.83,2.278
InMnPdOx_post,56.84,2.32
InMnPdOx_post,56.85,2.191
InMnPdOx_post,56.86,2.099
InMnPdOx_post,56.87,2.043
InMnPdOx_post,56.88,2.09
InMnPdOx_post,56.89,2.111
InMnPdOx_post,56.9,2.126
InMnPdOx_post,56.91,2.032
InMnPdOx_post,56.92,2.023
InMnPdOx_post,56.93,2.105
InMnPdOx_post,56.94,2.121
InMnPdOx_post,56.95,2.121
InMnPdOx_post,56.96,2.115
InMnPdOx_post,56.97,2.095
InMnPdOx_post,56.98,2.048
InMnPdOx_post,56.99,2.046
InMnPdOx_post,57.0,2.064
InMnPdOx_post,57.01,2.147
InMnPdOx_post,57.02,2.097
InMnPdOx_post,57.03,2.085
InMnPdOx_post,57.04,2.035
InMnPdOx_post,57.05,2.143
InMnPdOx_post,57.06,2.101
InMnPdOx_post,57.07,2.088
InMnPdOx_post,57.08,2.016
InMnPdOx_post,57.09,2.128
InMnPdOx_post,57.1,2.221
InMnPdOx_post,57.11,2.223
InMnPdOx_post,57.12,2.158
InMnPdOx_post,57.13,2.1
InMnPdOx_post,57.14,2.079
InMnPdOx_post,57.15,2.017
InMnPdOx_post,57.16,1.964
InMnPdOx_post,57.17,2.021
InMnPdOx_post,57.18,2.092
InMnPdOx_post,57.19,2.121
InMnPdOx_post,57.2,2.153
InMnPdOx_post,57.21,2.116
InMnPdOx_post,57.22,2.122
InMnPdOx_post,57.23,2.174
InMnPdOx_post,57.24,2.213
InMnPdOx_post,57.25,2.129
InMnPdOx_post,57.26,2.074
InMnPdOx_post,57.27,2.059
InMnPdOx_post,57.28,2.15
InMnPdOx_post,57.29,2.108
InMnPdOx_post,57.3,2.079
InMnPdOx_post,57.31,2.022
InMnPdOx_post,57.32,1.972
InMnPdOx_post,57.33,1.974
InMnPdOx_post,57.34,2.018
InMnPdOx_post,57.35,2.111
InMnPdOx_post,57.36,2.037
InMnPdOx_post,57.37,1.927
InMnPdOx_post,57.38,1.936
InMnPdOx_post,57.39,2.129
InMnPdOx_post,57.4,2.242
InMnPdOx_post,57.41,2.161
InMnPdOx_post,57.42,1.966
InMnPdOx_post,57.43,1.96
InMnPdOx_post,57.44,2.042
InMnPdOx_post,57.45,2.206
InMnPdOx_post,57.46,2.172
InMnPdOx_post,57.47,2.13
InMnPdOx_post,57.48,2.047
InMnPdOx_post,57.49,2.038
InMnPdOx_post,57.5,1.997
InMnPdOx_post,57.51,2.018
InMnPdOx_post,57.52,2.035
InMnPdOx_post,57.53,2.056
InMnPdOx_post,57.54,2.033
InMnPdOx_post,57.55,2.059
InMnPdOx_post,57.56,2.064
InMnPdOx_post,57.57,2.13
InMnPdOx_post,57.58,2.191
InMnPdOx_post,57.59,2.197
InMnPdOx_post,57.6,2.211
InMnPdOx_post,57.61,2.207
InMnPdOx_post,57.62,2.184
InMnPdOx_post,57.63,2.103
InMnPdOx_post,57.64,2.087
InMnPdOx_post,57.65,2.043
InMnPdOx_post,57.66,2.114
InMnPdOx_post,57.67,2.073
InMnPdOx_post,57.68,2.083
InMnPdOx_post,57.69,2.07
InMnPdOx_post,57.7,2.12
InMnPdOx_post,57.71,2.11
InMnPdOx_post,57.72,2.107
InMnPdOx_post,57.73,2.046
InMnPdOx_post,57.74,2.041
InMnPdOx_post,57.75,1.936
InMnPdOx_post,57.76,1.933
InMnPdOx_post,57.77,2.02
InMnPdOx_post,57.78,2.166
InMnPdOx_post,57.79,2.207
InMnPdOx_post,57.8,2.163
InMnPdOx_post,57.81,2.114
InMnPdOx_post,57.82,2.111
InMnPdOx_post,57.83,2.122
InMnPdOx_post,57.84,2.1
InMnPdOx_post,57.85,2.021
InMnPdOx_post,57.86,1.981
InMnPdOx_post,57.87,1.998
InMnPdOx_post,57.88,2.082
InMnPdOx_post,57.89,2.139
InMnPdOx_post,57.9,2.168
InMnPdOx_post,57.91,2.197
InMnPdOx_post,57.92,2.078
InMnPdOx_post,57.93,2.045
InMnPdOx_post,57.94,2.085
InMnPdOx_post,57.95,2.132
InMnPdOx_post,57.96,2.108
InMnPdOx_post,57.97,2.169
InMnPdOx_post,57.98,2.158
InMnPdOx_post,57.99,2.097
InMnPdOx_post,58.0,2.1
InMnPdOx_post,58.01,2.16
InMnPdOx_post,58.02,2.202
InMnPdOx_post,58.03,2.282
InMnPdOx_post,58.04,2.224
InMnPdOx_post,58.05,2.112
InMnPdOx_post,58.06,2.015
InMnPdOx_post,58.07,2.062
InMnPdOx_post,58.08,2.081
InMnPdOx_post,58.09,2.118
InMnPdOx_post,58.1,2.059
InMnPdOx_post,58.11,2.059
InMnPdOx_post,58.12,2.054
InMnPdOx_post,58.13,2.074
InMnPdOx_post,58.14,2.116
InMnPdOx_post,58.15,2.132
InMnPdOx_post,58.16,2.102
InMnPdOx_post,58.17,2.062
InMnPdOx_post,58.18,2.109
InMnPdOx_post,58.19,2.163
InMnPdOx_post,58.2,2.125
InMnPdOx_post,58.21,2.027
InMnPdOx_post,58.22,1.928
InMnPdOx_post,58.23,1.909
InMnPdOx_post,58.24,1.963
InMnPdOx_post,58.25,1.99
InMnPdOx_post,58.26,1.949
InMnPdOx_post,58.27,1.943
InMnPdOx_post,58.28,1.949
InMnPdOx_post,58.29,1.97
InMnPdOx_post,58.3,1.972
InMnPdOx_post,58.31,1.938
InMnPdOx_post,58.32,1.943
InMnPdOx_post,58.33,1.992
InMnPdOx_post,58.34,2.002
InMnPdOx_post,58.35,2.113
InMnPdOx_post,58.36,2.075
InMnPdOx_post,58.37,2.062
InMnPdOx_post,58.38,1.997
InMnPdOx_post,58.39,2.015
InMnPdOx_post,58.4,2.07
InMnPdOx_post,58.41,2.153
InMnPdOx_post,58.42,2.19
InMnPdOx_post,58.43,2.142
InMnPdOx_post,58.44,2.078
InMnPdOx_post,58.45,2.084
InMnPdOx_post,58.46,2.134
InMnPdOx_post,58.47,2.188
InMnPdOx_post,58.48,2.21
InMnPdOx_post,58.49,2.133
InMnPdOx_post,58.5,2.071
InMnPdOx_post,58.51,2.015
InMnPdOx_post,58.52,2.038
InMnPdOx_post,58.53,2.033
InMnPdOx_post,58.54,2.043
InMnPdOx_post,58.55,1.993
InMnPdOx_post,58.56,1.994
InMnPdOx_post,58.57,2.043
InMnPdOx_post,58.58,2.091
InMnPdOx_post,58.59,1.975
InMnPdOx_post,58.6,1.973
InMnPdOx_post,58.61,2.076
InMnPdOx_post,58.62,2.179
InMnPdOx_post,58.63,2.135
InMnPdOx_post,58.64,2.145
InMnPdOx_post,58.65,2.151
InMnPdOx_post,58.66,2.258
InMnPdOx_post,58.67,2.268
InMnPdOx_post,58.68,2.261
InMnPdOx_post,58.69,2.12
InMnPdOx_post,58.7,2.078
InMnPdOx_post,58.71,2.041
InMnPdOx_post,58.72,2.081
InMnPdOx_post,58.73,2.08
InMnPdOx_post,58.74,2.13
InMnPdOx_post,58.75,2.118
InMnPdOx_post,58.76,2.035
InMnPdOx_post,58.77,2.02
InMnPdOx_post,58.78,2.012
InMnPdOx_post,58.79,2.045
InMnPdOx_post,58.8,2.022
InMnPdOx_post,58.81,2.04
InMnPdOx_post,58.82,2.109
InMnPdOx_post,58.83,2.093
InMnPdOx_post,58.84,1.988
InMnPdOx_post,58.85,1.929
InMnPdOx_post,58.86,2.004
InMnPdOx_post,58.87,2.073
InMnPdOx_post,58.88,2.053
InMnPdOx_post,58.89,2.037
InMnPdOx_post,58.9,2.041
InMnPdOx_post,58.91,2.141
InMnPdOx_post,58.92,2.086
InMnPdOx_post,58.93,2.093
InMnPdOx_post,58.94,2.144
InMnPdOx_post,58.95,2.231
InMnPdOx_post,58.96,2.24
InMnPdOx_post,58.97,2.174
InMnPdOx_post,58.98,2.082
InMnPdOx_post,58.99,2.074
InMnPdOx_post,59.0,2.103
InMnPdOx_post,59.01,2.168
InMnPdOx_post,59.02,2.196
InMnPdOx_post,59.03,2.254
InMnPdOx_post,59.04,2.227
InMnPdOx_post,59.05,2.25
InMnPdOx_post,59.06,2.255
InMnPdOx_post,59.07,2.218
InMnPdOx_post,59.08,2.092
InMnPdOx_post,59.09,2.001
InMnPdOx_post,59.1,2.019
InMnPdOx_post,59.11,2.099
InMnPdOx_post,59.12,2.114
InMnPdOx_post,59.13,2.141
InMnPdOx_post,59.14,2.12
InMnPdOx_post,59.15,2.104
InMnPdOx_post,59.16,2.026
InMnPdOx_post,59.17,2.088
InMnPdOx_post,59.18,2.106
InMnPdOx_post,59.19,2.116
InMnPdOx_post,59.2,2.146
InMnPdOx_post,59.21,2.177
InMnPdOx_post,59.22,2.087
InMnPdOx_post,59.23,2.121
InMnPdOx_post,59.24,2.217
InMnPdOx_post,59.25,2.211
InMnPdOx_post,59.26,2.159
InMnPdOx_post,59.27,2.072
InMnPdOx_post,59.28,2.107
InMnPdOx_post,59.29,2.081
InMnPdOx_post,59.3,2.221
InMnPdOx_post,59.31,2.298
InMnPdOx_post,59.32,2.318
InMnPdOx_post,59.33,2.219
InMnPdOx_post,59.34,2.163
InMnPdOx_post,59.35,2.089
InMnPdOx_post,59.36,2.055
InMnPdOx_post,59.37,2.053
InMnPdOx_post,59.38,2.12
InMnPdOx_post,59.39,2.266
InMnPdOx_post,59.4,2.312
InMnPdOx_post,59.41,2.219
InMnPdOx_post,59.42,2.058
InMnPdOx_post,59.43,1.919
InMnPdOx_post,59.44,1.871
InMnPdOx_post,59.45,2.031
InMnPdOx_post,59.46,2.206
InMnPdOx_post,59.47,2.324
InMnPdOx_post,59.48,2.307
InMnPdOx_post,59.49,2.303
InMnPdOx_post,59.5,2.247
InMnPdOx_post,59.51,2.197
InMnPdOx_post,59.52,2.214
InMnPdOx_post,59.53,2.279
InMnPdOx_post,59.54,2.357
InMnPdOx_post,59.55,2.37
InMnPdOx_post,59.56,2.3
InMnPdOx_post,59.57,2.15
InMnPdOx_post,59.58,2.139
InMnPdOx_post,59.59,2.226
InMnPdOx_post,59.6,2.269
InMnPdOx_post,59.61,2.316
InMnPdOx_post,59.62,2.283
InMnPdOx_post,59.63,2.241
InMnPdOx_post,59.64,2.126
InMnPdOx_post,59.65,2.138
InMnPdOx_post,59.66,2.173
InMnPdOx_post,59.67,2.202
InMnPdOx_post,59.68,2.215
InMnPdOx_post,59.69,2.235
InMnPdOx_post,59.7,2.272
InMnPdOx_post,59.71,2.286
InMnPdOx_post,59.72,2.258
InMnPdOx_post,59.73,2.186
InMnPdOx_post,59.74,2.149
InMnPdOx_post,59.75,2.186
InMnPdOx_post,59.76,2.229
InMnPdOx_post,59.77,2.345
InMnPdOx_post,59.78,2.369
InMnPdOx_post,59.79,2.312
InMnPdOx_post,59.8,2.281
InMnPdOx_post,59.81,2.317
InMnPdOx_post,59.82,2.452
InMnPdOx_post,59.83,2.488
InMnPdOx_post,59.84,2.424
InMnPdOx_post,59.85,2.325
InMnPdOx_post,59.86,2.354
InMnPdOx_post,59.87,2.346
InMnPdOx_post,59.88,2.418
InMnPdOx_post,59.89,2.426
InMnPdOx_post,59.9,2.449
InMnPdOx_post,59.91,2.41
InMnPdOx_post,59.92,2.361
InMnPdOx_post,59.93,2.397
InMnPdOx_post,59.94,2.437
InMnPdOx_post,59.95,2.495
InMnPdOx_post,59.96,2.656
InMnPdOx_post,59.97,2.707
InMnPdOx_post,59.98,2.625
InMnPdOx_post,59.99,2.541
InMnPdOx_post,60.0,2.494
InMnPdOx_post,60.01,2.512
InMnPdOx_post,60.02,2.468
InMnPdOx_post,60.03,2.563
InMnPdOx_post,60.04,2.527
InMnPdOx_post,60.05,2.58
InMnPdOx_post,60.06,2.523
InMnPdOx_post,60.07,2.554
InMnPdOx_post,60.08,2.568
InMnPdOx_post,60.09,2.624
InMnPdOx_post,60.1,2.606
InMnPdOx_post,60.11,2.522
InMnPdOx_post,60.12,2.509
InMnPdOx_post,60.13,2.52
InMnPdOx_post,60.14,2.53
InMnPdOx_post,60.15,2.453
InMnPdOx_post,60.16,2.422
InMnPdOx_post,60.17,2.509
InMnPdOx_post,60.18,2.637
InMnPdOx_post,60.19,2.634
InMnPdOx_post,60.2,2.593
InMnPdOx_post,60.21,2.524
InMnPdOx_post,60.22,2.592
InMnPdOx_post,60.23,2.675
InMnPdOx_post,60.24,2.73
InMnPdOx_post,60.25,2.631
InMnPdOx_post,60.26,2.511
InMnPdOx_post,60.27,2.569
InMnPdOx_post,60.28,2.682
InMnPdOx_post,60.29,2.665
InMnPdOx_post,60.3,2.587
InMnPdOx_post,60.31,2.503
InMnPdOx_post,60.32,2.472
InMnPdOx_post,60.33,2.464
InMnPdOx_post,60.34,2.642
InMnPdOx_post,60.35,2.804
InMnPdOx_post,60.36,2.867
InMnPdOx_post,60.37,2.756
InMnPdOx_post,60.38,2.678
InMnPdOx_post,60.39,2.637
InMnPdOx_post,60.4,2.629
InMnPdOx_post,60.41,2.638
InMnPdOx_post,60.42,2.571
InMnPdOx_post,60.43,2.565
InMnPdOx_post,60.44,2.56
InMnPdOx_post,60.45,2.596
InMnPdOx_post,60.46,2.604
InMnPdOx_post,60.47,2.662
InMnPdOx_post,60.48,2.724
InMnPdOx_post,60.49,2.723
InMnPdOx_post,60.5,2.737
InMnPdOx_post,60.51,2.742
InMnPdOx_post,60.52,2.744
InMnPdOx_post,60.53,2.685
InMnPdOx_post,60.54,2.65
InMnPdOx_post,60.55,2.681
InMnPdOx_post,60.56,2.748
InMnPdOx_post,60.57,2.767
InMnPdOx_post,60.58,2.658
InMnPdOx_post,60.59,2.575
InMnPdOx_post,60.6,2.609
InMnPdOx_post,60.61,2.775
InMnPdOx_post,60.62,2.724
InMnPdOx_post,60.63,2.662
InMnPdOx_post,60.64,2.648
InMnPdOx_post,60.65,2.661
InMnPdOx_post,60.66,2.621
InMnPdOx_post,60.67,2.64
InMnPdOx_post,60.68,2.769
InMnPdOx_post,60.69,2.766
InMnPdOx_post,60.7,2.642
InMnPdOx_post,60.71,2.548
InMnPdOx_post,60.72,2.611
InMnPdOx_post,60.73,2.618
InMnPdOx_post,60.74,2.602
InMnPdOx_post,60.75,2.586
InMnPdOx_post,60.76,2.609
InMnPdOx_post,60.77,2.668
InMnPdOx_post,60.78,2.624
InMnPdOx_post,60.79,2.585
InMnPdOx_post,60.8,2.605
InMnPdOx_post,60.81,2.632
InMnPdOx_post,60.82,2.614
InMnPdOx_post,60.83,2.613
InMnPdOx_post,60.84,2.583
InMnPdOx_post,60.85,2.573
InMnPdOx_post,60.86,2.6
InMnPdOx_post,60.87,2.651
InMnPdOx_post,60.88,2.625
InMnPdOx_post,60.89,2.561
InMnPdOx_post,60.9,2.677
InMnPdOx_post,60.91,2.768
InMnPdOx_post,60.92,2.707
InMnPdOx_post,60.93,2.598
InMnPdOx_post,60.94,2.556
InMnPdOx_post,60.95,2.575
InMnPdOx_post,60.96,2.584
InMnPdOx_post,60.97,2.67
InMnPdOx_post,60.98,2.653
InMnPdOx_post,60.99,2.558
InMnPdOx_post,61.0,2.626
InMnPdOx_post,61.01,2.677
InMnPdOx_post,61.02,2.717
InMnPdOx_post,61.03,2.604
InMnPdOx_post,61.04,2.629
InMnPdOx_post,61.05,2.546
InMnPdOx_post,61.06,2.604
InMnPdOx_post,61.07,2.693
InMnPdOx_post,61.08,2.768
InMnPdOx_post,61.09,2.696
InMnPdOx_post,61.1,2.594
InMnPdOx_post,61.11,2.674
InMnPdOx_post,61.12,2.779
InMnPdOx_post,61.13,2.812
InMnPdOx_post,61.14,2.732
InMnPdOx_post,61.15,2.719
InMnPdOx_post,61.16,2.711
InMnPdOx_post,61.17,2.66
InMnPdOx_post,61.18,2.549
InMnPdOx_post,61.19,2.505
InMnPdOx_post,61.2,2.545
InMnPdOx_post,61.21,2.529
InMnPdOx_post,61.22,2.569
InMnPdOx_post,61.23,2.575
InMnPdOx_post,61.24,2.645
InMnPdOx_post,61.25,2.638
InMnPdOx_post,61.26,2.641
InMnPdOx_post,61.27,2.511
InMnPdOx_post,61.28,2.548
InMnPdOx_post,61.29,2.448
InMnPdOx_post,61.3,2.451
InMnPdOx_post,61.31,2.402
InMnPdOx_post,61.32,2.466
InMnPdOx_post,61.33,2.526
InMnPdOx_post,61.34,2.543
InMnPdOx_post,61.35,2.653
InMnPdOx_post,61.36,2.704
InMnPdOx_post,61.37,2.756
InMnPdOx_post,61.38,2.691
InMnPdOx_post,61.39,2.614
InMnPdOx_post,61.4,2.53
InMnPdOx_post,61.41,2.561
InMnPdOx_post,61.42,2.625
InMnPdOx_post,61.43,2.639
InMnPdOx_post,61.44,2.594
InMnPdOx_post,61.45,2.531
InMnPdOx_post,61.46,2.58
InMnPdOx_post,61.47,2.611
InMnPdOx_post,61.48,2.632
InMnPdOx_post,61.49,2.54
InMnPdOx_post,61.5,2.523
InMnPdOx_post,61.51,2.514
InMnPdOx_post,61.52,2.618
InMnPdOx_post,61.53,2.524
InMnPdOx_post,61.54,2.447
InMnPdOx_post,61.55,2.34
InMnPdOx_post,61.56,2.381
InMnPdOx_post,61.57,2.445
InMnPdOx_post,61.58,2.569
InMnPdOx_post,61.59,2.668
InMnPdOx_post,61.6,2.759
InMnPdOx_post,61.61,2.787
InMnPdOx_post,61.62,2.699
InMnPdOx_post,61.63,2.706
InMnPdOx_post,61.64,2.629
InMnPdOx_post,61.65,2.567
InMnPdOx_post,61.66,2.444
InMnPdOx_post,61.67,2.467
InMnPdOx_post,61.68,2.448
InMnPdOx_post,61.69,2.519
InMnPdOx_post,61.7,2.553
InMnPdOx_post,61.71,2.611
InMnPdOx_post,61.72,2.479
InMnPdOx_post,61.73,2.426
InMnPdOx_post,61.74,2.479
InMnPdOx_post,61.75,2.53
InMnPdOx_post,61.76,2.594
InMnPdOx_post,61.77,2.581
InMnPdOx_post,61.78,2.613
InMnPdOx_post,61.79,2.526
InMnPdOx_post,61.8,2.555
InMnPdOx_post,61.81,2.564
InMnPdOx_post,61.82,2.642
InMnPdOx_post,61.83,2.627
InMnPdOx_post,61.84,2.603
InMnPdOx_post,61.85,2.56
InMnPdOx_post,61.86,2.611
InMnPdOx_post,61.87,2.571
InMnPdOx_post,61.88,2.541
InMnPdOx_post,61.89,2.422
InMnPdOx_post,61.9,2.464
InMnPdOx_post,61.91,2.511
InMnPdOx_post,61.92,2.577
InMnPdOx_post,61.93,2.564
InMnPdOx_post,61.94,2.599
InMnPdOx_post,61.95,2.566
InMnPdOx_post,61.96,2.523
InMnPdOx_post,61.97,2.332
InMnPdOx_post,61.98,2.25
InMnPdOx_post,61.99,2.324
InMnPdOx_post,62.0,2.405
InMnPdOx_post,62.01,2.512
InMnPdOx_post,62.02,2.425
InMnPdOx_post,62.03,2.421
InMnPdOx_post,62.04,2.323
InMnPdOx_post,62.05,2.383
InMnPdOx_post,62.06,2.434
InMnPdOx_post,62.07,2.44
InMnPdOx_post,62.08,2.397
InMnPdOx_post,62.09,2.314
InMnPdOx_post,62.1,2.273
InMnPdOx_post,62.11,2.346
InMnPdOx_post,62.12,2.474
InMnPdOx_post,62.13,2.584
InMnPdOx_post,62.14,2.507
InMnPdOx_post,62.15,2.37
InMnPdOx_post,62.16,2.26
InMnPdOx_post,62.17,2.277
InMnPdOx_post,62.18,2.386
InMnPdOx_post,62.19,2.485
InMnPdOx_post,62.2,2.543
InMnPdOx_post,62.21,2.564
InMnPdOx_post,62.22,2.57
InMnPdOx_post,62.23,2.535
InMnPdOx_post,62.24,2.509
InMnPdOx_post,62.25,2.39
InMnPdOx_post,62.26,2.388
InMnPdOx_post,62.27,2.37
InMnPdOx_post,62.28,2.308
InMnPdOx_post,62.29,2.226
InMnPdOx_post,62.3,2.19
InMnPdOx_post,62.31,2.295
InMnPdOx_post,62.32,2.4
InMnPdOx_post,62.33,2.43
InMnPdOx_post,62.34,2.336
InMnPdOx_post,62.35,2.269
InMnPdOx_post,62.36,2.338
InMnPdOx_post,62.37,2.365
InMnPdOx_post,62.38,2.38
InMnPdOx_post,62.39,2.284
InMnPdOx_post,62.4,2.237
InMnPdOx_post,62.41,2.271
InMnPdOx_post,62.42,2.192
InMnPdOx_post,62.43,2.19
InMnPdOx_post,62.44,2.266
InMnPdOx_post,62.45,2.491
InMnPdOx_post,62.46,2.48
InMnPdOx_post,62.47,2.493
InMnPdOx_post,62.48,2.48
InMnPdOx_post,62.49,2.476
InMnPdOx_post,62.5,2.404
InMnPdOx_post,62.51,2.337
InMnPdOx_post,62.52,2.374
InMnPdOx_post,62.53,2.345
InMnPdOx_post,62.54,2.406
InMnPdOx_post,62.55,2.395
InMnPdOx_post,62.56,2.458
InMnPdOx_post,62.57,2.407
InMnPdOx_post,62.58,2.386
InMnPdOx_post,62.59,2.307
InMnPdOx_post,62.6,2.277
InMnPdOx_post,62.61,2.306
InMnPdOx_post,62.62,2.397
InMnPdOx_post,62.63,2.332
InMnPdOx_post,62.64,2.205
InMnPdOx_post,62.65,2.142
InMnPdOx_post,62.66,2.241
InMnPdOx_post,62.67,2.39
InMnPdOx_post,62.68,2.327
InMnPdOx_post,62.69,2.318
InMnPdOx_post,62.7,2.256
InMnPdOx_post,62.71,2.326
InMnPdOx_post,62.72,2.28
InMnPdOx_post,62.73,2.258
InMnPdOx_post,62.74,2.186
InMnPdOx_post,62.75,2.169
InMnPdOx_post,62.76,2.272
InMnPdOx_post,62.77,2.366
InMnPdOx_post,62.78,2.318
InMnPdOx_post,62.79,2.237
InMnPdOx_post,62.8,2.211
InMnPdOx_post,62.81,2.247
InMnPdOx_post,62.82,2.279
InMnPdOx_post,62.83,2.318
InMnPdOx_post,62.84,2.312
InMnPdOx_post,62.85,2.287
InMnPdOx_post,62.86,2.24
InMnPdOx_post,62.87,2.183
InMnPdOx_post,62.88,2.1
InMnPdOx_post,62.89,2.115
InMnPdOx_post,62.9,2.134
InMnPdOx_post,62.91,2.143
InMnPdOx_post,62.92,2.157
InMnPdOx_post,62.93,2.302
InMnPdOx_post,62.94,2.383
InMnPdOx_post,62.95,2.374
InMnPdOx_post,62.96,2.33
InMnPdOx_post,62.97,2.332
InMnPdOx_post,62.98,2.294
InMnPdOx_post,62.99,2.195
InMnPdOx_post,63.0,2.103
InMnPdOx_post,63.01,2.146
InMnPdOx_post,63.02,2.162
InMnPdOx_post,63.03,2.207
InMnPdOx_post,63.04,2.198
InMnPdOx_post,63.05,2.218
InMnPdOx_post,63.06,2.193
InMnPdOx_post,63.07,2.21
InMnPdOx_post,63.08,2.286
InMnPdOx_post,63.09,2.24
InMnPdOx_post,63.1,2.23
InMnPdOx_post,63.11,2.182
InMnPdOx_post,63.12,2.157
InMnPdOx_post,63.13,2.158
InMnPdOx_post,63.14,2.143
InMnPdOx_post,63.15,2.109
InMnPdOx_post,63.16,2.024
InMnPdOx_post,63.17,2.037
InMnPdOx_post,63.18,1.989
InMnPdOx_post,63.19,1.984
InMnPdOx_post,63.2,2.136
InMnPdOx_post,63.21,2.179
InMnPdOx_post,63.22,2.162
InMnPdOx_post,63.23,2.021
InMnPdOx_post,63.24,2.024
InMnPdOx_post,63.25,2.066
InMnPdOx_post,63.26,2.13
InMnPdOx_post,63.27,2.126
InMnPdOx_post,63.28,2.142
InMnPdOx_post,63.29,2.163
InMnPdOx_post,63.3,2.193
InMnPdOx_post,63.31,2.163
InMnPdOx_post,63.32,2.216
InMnPdOx_post,63.33,2.154
InMnPdOx_post,63.34,2.149
InMnPdOx_post,63.35,2.114
InMnPdOx_post,63.36,2.12
InMnPdOx_post,63.37,2.107
InMnPdOx_post,63.38,2.044
InMnPdOx_post,63.39,1.969
InMnPdOx_post,63.4,1.938
InMnPdOx_post,63.41,2.004
InMnPdOx_post,63.42,2.069
InMnPdOx_post,63.43,2.086
InMnPdOx_post,63.44,2.109
InMnPdOx_post,63.45,2.041
InMnPdOx_post,63.46,2.06
InMnPdOx_post,63.47,2.188
InMnPdOx_post,63.48,2.225
InMnPdOx_post,63.49,2.101
InMnPdOx_post,63.5,1.978
InMnPdOx_post,63.51,2.116
InMnPdOx_post,63.52,2.152
InMnPdOx_post,63.53,2.164
InMnPdOx_post,63.54,2.099
InMnPdOx_post,63.55,2.102
InMnPdOx_post,63.56,2.081
InMnPdOx_post,63.57,1.98
InMnPdOx_post,63.58,1.957
InMnPdOx_post,63.59,1.999
InMnPdOx_post,63.6,2.067
InMnPdOx_post,63.61,1.989
InMnPdOx_post,63.62,2.021
InMnPdOx_post,63.63,2.094
InMnPdOx_post,63.64,2.105
InMnPdOx_post,63.65,2.065
InMnPdOx_post,63.66,2.093
InMnPdOx_post,63.67,2.103
InMnPdOx_post,63.68,2.019
InMnPdOx_post,63.69,1.972
InMnPdOx_post,63.7,1.959
InMnPdOx_post,63.71,1.964
InMnPdOx_post,63.72,1.998
InMnPdOx_post,63.73,2.03
InMnPdOx_post,63.74,2.031
InMnPdOx_post,63.75,2.008
InMnPdOx_post,63.76,1.995
InMnPdOx_post,63.77,1.978
InMnPdOx_post,63.78,2.05
InMnPdOx_post,63.79,2.037
InMnPdOx_post,63.8,2.021
InMnPdOx_post,63.81,2.058
InMnPdOx_post,63.82,2.03
InMnPdOx_post,63.83,1.934
InMnPdOx_post,63.84,1.939
InMnPdOx_post,63.85,2.058
InMnPdOx_post,63.86,2.087
InMnPdOx_post,63.87,1.987
InMnPdOx_post,63.88,1.986
InMnPdOx_post,63.89,2.019
InMnPdOx_post,63.9,2.095
InMnPdOx_post,63.91,2.026
InMnPdOx_post,63.92,1.906
InMnPdOx_post,63.93,1.864
InMnPdOx_post,63.94,1.933
InMnPdOx_post,63.95,2.077
InMnPdOx_post,63.96,2.162
InMnPdOx_post,63.97,2.098
InMnPdOx_post,63.98,2.093
InMnPdOx_post,63.99,2.107
InMnPdOx_post,64.0,2.187
InMnPdOx_post,64.01,2.117
InMnPdOx_post,64.02,2.06
InMnPdOx_post,64.03,1.98
InMnPdOx_post,64.04,2.048
InMnPdOx_post,64.05,2.199
InMnPdOx_post,64.06,2.325
InMnPdOx_post,64.07,2.037
NiPdTaOx_pre,16.23,6.854
NiPdTaOx_pre,16.24,7.023
NiPdTaOx_pre,16.25,7.184
NiPdTaOx_pre,16.26,6.834
NiPdTaOx_pre,16.27,6.68
NiPdTaOx_pre,16.28,6.575
NiPdTaOx_pre,16.29,6.54
NiPdTaOx_pre,16.3,6.212
NiPdTaOx_pre,16.31,6.102
NiPdTaOx_pre,16.32,6.162
NiPdTaOx_pre,16.33,6.278
NiPdTaOx_pre,16.34,6.063
NiPdTaOx_pre,16.35,5.906
NiPdTaOx_pre,16.36,5.739
NiPdTaOx_pre,16.37,5.584
NiPdTaOx_pre,16.38,5.661
NiPdTaOx_pre,16.39,5.648
NiPdTaOx_pre,16.4,6.035
NiPdTaOx_pre,16.41,5.754
NiPdTaOx_pre,16.42,5.655
NiPdTaOx_pre,16.43,5.407
NiPdTaOx_pre,16.44,5.636
NiPdTaOx_pre,16.45,5.836
NiPdTaOx_pre,16.46,5.937
NiPdTaOx_pre,16.47,5.844
NiPdTaOx_pre,16.48,5.725
NiPdTaOx_pre,16.49,5.634
NiPdTaOx_pre,16.5,5.556
NiPdTaOx_pre,16.51,5.464
NiPdTaOx_pre,16.52,5.472
NiPdTaOx_pre,16.53,5.561
NiPdTaOx_pre,16.54,5.61
NiPdTaOx_pre,16.55,5.647
NiPdTaOx_pre,16.56,5.511
NiPdTaOx_pre,16.57,5.369
NiPdTaOx_pre,16.58,5.46
NiPdTaOx_pre,16.59,5.603
NiPdTaOx_pre,16.6,5.66
NiPdTaOx_pre,16.61,5.629
NiPdTaOx_pre,16.62,5.474
NiPdTaOx_pre,16.63,5.378
NiPdTaOx_pre,16.64,5.439
NiPdTaOx_pre,16.65,5.637
NiPdTaOx_pre,16.66,5.795
NiPdTaOx_pre,16.67,5.451
NiPdTaOx_pre,16.68,5.238
NiPdTaOx_pre,16.69,5.257
NiPdTaOx_pre,16.7,5.493
NiPdTaOx_pre,16.71,5.423
NiPdTaOx_pre,16.72,5.267
NiPdTaOx_pre,16.73,5.348
NiPdTaOx_pre,16.74,5.541
NiPdTaOx_pre,16.75,5.626
NiPdTaOx_pre,16.76,5.435
NiPdTaOx_pre,16.77,5.455
NiPdTaOx_pre,16.78,5.398
NiPdTaOx_pre,16.79,5.294
NiPdTaOx_pre,16.8,5.292
NiPdTaOx_pre,16.81,5.394
NiPdTaOx_pre,16.82,5.555
NiPdTaOx_pre,16.83,5.665
NiPdTaOx_pre,16.84,5.722
NiPdTaOx_pre,16.85,5.752
NiPdTaOx_pre,16.86,5.514
NiPdTaOx_pre,16.87,5.491
NiPdTaOx_pre,16.88,5.452
NiPdTaOx_pre,16.89,5.382
NiPdTaOx_pre,16.9,5.245
NiPdTaOx_pre,16.91,5.39
NiPdTaOx_pre,16.92,5.568
NiPdTaOx_pre,16.93,5.595
NiPdTaOx_pre,16.94,5.41
NiPdTaOx_pre,16.95,5.358
NiPdTaOx_pre,16.96,5.257
NiPdTaOx_pre,16.97,5.221
NiPdTaOx_pre,16.98,5.22
NiPdTaOx_pre,16.99,5.292
NiPdTaOx_pre,17.0,5.45
NiPdTaOx_pre,17.01,5.488
NiPdTaOx_pre,17.02,5.326
NiPdTaOx_pre,17.03,5.205
NiPdTaOx_pre,17.04,5.219
NiPdTaOx_pre,17.05,5.443
NiPdTaOx_pre,17.06,5.443
NiPdTaOx_pre,17.07,5.443
NiPdTaOx_pre,17.08,5.372
NiPdTaOx_pre,17.09,5.269
NiPdTaOx_pre,17.1,5.286
NiPdTaOx_pre,17.11,5.198
NiPdTaOx_pre,17.12,5.345
NiPdTaOx_pre,17.13,5.291
NiPdTaOx_pre,17.14,5.234
NiPdTaOx_pre,17.15,5.195
NiPdTaOx_pre,17.16,5.378
NiPdTaOx_pre,17.17,5.467
NiPdTaOx_pre,17.18,5.401
NiPdTaOx_pre,17.19,5.362
NiPdTaOx_pre,17.2,5.259
NiPdTaOx_pre,17.21,5.191
NiPdTaOx_pre,17.22,5.169
NiPdTaOx_pre,17.23,5.308
NiPdTaOx_pre,17.24,5.343
NiPdTaOx_pre,17.25,5.323
NiPdTaOx_pre,17.26,5.227
NiPdTaOx_pre,17.27,5.201
NiPdTaOx_pre,17.28,5.252
NiPdTaOx_pre,17.29,5.237
NiPdTaOx_pre,17.3,5.227
NiPdTaOx_pre,17.31,5.196
NiPdTaOx_pre,17.32,5.28
NiPdTaOx_pre,17.33,5.362
NiPdTaOx_pre,17.34,5.414
NiPdTaOx_pre,17.35,5.422
NiPdTaOx_pre,17.36,5.374
NiPdTaOx_pre,17.37,5.374
NiPdTaOx_pre,17.38,5.373
NiPdTaOx_pre,17.39,5.437
NiPdTaOx_pre,17.4,5.363
NiPdTaOx_pre,17.41,5.269
NiPdTaOx_pre,17.42,5.299
NiPdTaOx_pre,17.43,5.276
NiPdTaOx_pre,17.44,5.21
NiPdTaOx_pre,17.45,5.095
NiPdTaOx_pre,17.46,5.04
NiPdTaOx_pre,17.47,5.078
NiPdTaOx_pre,17.48,5.145
NiPdTaOx_pre,17.49,5.191
NiPdTaOx_pre,17.5,5.224
NiPdTaOx_pre,17.51,5.18
NiPdTaOx_pre,17.52,5.162
NiPdTaOx_pre,17.53,5.167
NiPdTaOx_pre,17.54,5.239
NiPdTaOx_pre,17.55,5.294
NiPdTaOx_pre,17.56,5.441
NiPdTaOx_pre,17.57,5.47
NiPdTaOx_pre,17.58,5.39
NiPdTaOx_pre,17.59,5.238
NiPdTaOx_pre,17.6,5.249
NiPdTaOx_pre,17.61,5.37
NiPdTaOx_pre,17.62,5.383
NiPdTaOx_pre,17.63,5.197
NiPdTaOx_pre,17.64,5.095
NiPdTaOx_pre,17.65,5.24
NiPdTaOx_pre,17.66,5.36
NiPdTaOx_pre,17.67,5.242
NiPdTaOx_pre,17.68,5.072
NiPdTaOx_pre,17.69,5.088
NiPdTaOx_pre,17.7,5.145
NiPdTaOx_pre,17.71,5.19
NiPdTaOx_pre,17.72,5.276
NiPdTaOx_pre,17.73,5.377
NiPdTaOx_pre,17.74,5.328
NiPdTaOx_pre,17.75,5.084
NiPdTaOx_pre,17.76,4.967
NiPdTaOx_pre,17.77,5.11
NiPdTaOx_pre,17.78,5.213
NiPdTaOx_pre,17.79,5.193
NiPdTaOx_pre,17.8,5.105
NiPdTaOx_pre,17.81,5.126
NiPdTaOx_pre,17.82,5.297
NiPdTaOx_pre,17.83,5.265
NiPdTaOx_pre,17.84,5.203
NiPdTaOx_pre,17.85,5.197
NiPdTaOx_pre,17.86,5.316
NiPdTaOx_pre,17.87,5.335
NiPdTaOx_pre,17.88,5.286
NiPdTaOx_pre,17.89,5.177
NiPdTaOx_pre,17.9,5.191
NiPdTaOx_pre,17.91,5.209
NiPdTaOx_pre,17.92,5.242
NiPdTaOx_pre,17.93,5.136
NiPdTaOx_pre,17.94,5.086
NiPdTaOx_pre,17.95,5.095
NiPdTaOx_pre,17.96,5.157
NiPdTaOx_pre,17.97,5.179
NiPdTaOx_pre,17.98,5.229
NiPdTaOx_pre,17.99,5.148
NiPdTaOx_pre,18.0,5.145
NiPdTaOx_pre,18.01,5.006
NiPdTaOx_pre,18.02,4.921
NiPdTaOx_pre,18.03,4.88
NiPdTaOx_pre,18.04,4.98
NiPdTaOx_pre,18.05,5.173
NiPdTaOx_pre,18.06,5.29
NiPdTaOx_pre,18.07,5.436
NiPdTaOx_pre,18.08,5.355
NiPdTaOx_pre,18.09,5.353
NiPdTaOx_pre,18.1,5.35
NiPdTaOx_pre,18.11,5.334
NiPdTaOx_pre,18.12,5.125
NiPdTaOx_pre,18.13,5.03
NiPdTaOx_pre,18.14,5.0
NiPdTaOx_pre,18.15,5.01
NiPdTaOx_pre,18.16,5.005
NiPdTaOx_pre,18.17,5.016
NiPdTaOx_pre,18.18,5.227
NiPdTaOx_pre,18.19,5.234
NiPdTaOx_pre,18.2,5.369
NiPdTaOx_pre,18.21,5.315
NiPdTaOx_pre,18.22,5.261
NiPdTaOx_pre,18.23,5.169
NiPdTaOx_pre,18.24,5.274
NiPdTaOx_pre,18.25,5.251
NiPdTaOx_pre,18.26,5.28
NiPdTaOx_pre,18.27,5.212
NiPdTaOx_pre,18.28,5.235
NiPdTaOx_pre,18.29,5.223
NiPdTaOx_pre,18.3,5.206
NiPdTaOx_pre,18.31,5.107
NiPdTaOx_pre,18.32,5.144
NiPdTaOx_pre,18.33,5.173
NiPdTaOx_pre,18.34,5.21
NiPdTaOx_pre,18.35,5.138
NiPdTaOx_pre,18.36,5.147
NiPdTaOx_pre,18.37,5.078
NiPdTaOx_pre,18.38,5.143
NiPdTaOx_pre,18.39,5.085
NiPdTaOx_pre,18.4,5.111
NiPdTaOx_pre,18.41,5.161
NiPdTaOx_pre,18.42,5.358
NiPdTaOx_pre,18.43,5.24
NiPdTaOx_pre,18.44,5.174
NiPdTaOx_pre,18.45,5.176
NiPdTaOx_pre,18.46,5.197
NiPdTaOx_pre,18.47,5.083
NiPdTaOx_pre,18.48,5.018
NiPdTaOx_pre,18.49,5.089
NiPdTaOx_pre,18.5,5.198
NiPdTaOx_pre,18.51,5.143
NiPdTaOx_pre,18.52,5.03
NiPdTaOx_pre,18.53,5.049
NiPdTaOx_pre,18.54,5.14
NiPdTaOx_pre,18.55,5.145
NiPdTaOx_pre,18.56,5.19
NiPdTaOx_pre,18.57,5.2
NiPdTaOx_pre,18.58,5.189
NiPdTaOx_pre,18.59,5.048
NiPdTaOx_pre,18.6,4.955
NiPdTaOx_pre,18.61,4.897
NiPdTaOx_pre,18.62,5.02
NiPdTaOx_pre,18.63,5.154
NiPdTaOx_pre,18.64,5.157
NiPdTaOx_pre,18.65,5.113
NiPdTaOx_pre,18.66,4.912
NiPdTaOx_pre,18.67,4.868
NiPdTaOx_pre,18.68,5.023
NiPdTaOx_pre,18.69,5.146
NiPdTaOx_pre,18.7,5.028
NiPdTaOx_pre,18.71,5.053
NiPdTaOx_pre,18.72,5.141
NiPdTaOx_pre,18.73,5.221
NiPdTaOx_pre,18.74,5.035
NiPdTaOx_pre,18.75,5.014
NiPdTaOx_pre,18.76,5.01
NiPdTaOx_pre,18.77,5.028
NiPdTaOx_pre,18.78,4.88
NiPdTaOx_pre,18.79,4.878
NiPdTaOx_pre,18.8,5.021
NiPdTaOx_pre,18.81,5.268
NiPdTaOx_pre,18.82,5.353
NiPdTaOx_pre,18.83,5.251
NiPdTaOx_pre,18.84,5.101
NiPdTaOx_pre,18.85,5.16
NiPdTaOx_pre,18.86,5.204
NiPdTaOx_pre,18.87,5.144
NiPdTaOx_pre,18.88,5.052
NiPdTaOx_pre,18.89,4.984
NiPdTaOx_pre,18.9,4.917
NiPdTaOx_pre,18.91,4.924
NiPdTaOx_pre,18.92,4.962
NiPdTaOx_pre,18.93,4.995
NiPdTaOx_pre,18.94,4.92
NiPdTaOx_pre,18.95,4.883
NiPdTaOx_pre,18.96,5.061
NiPdTaOx_pre,18.97,5.287
NiPdTaOx_pre,18.98,5.343
NiPdTaOx_pre,18.99,5.132
NiPdTaOx_pre,19.0,5.088
NiPdTaOx_pre,19.01,5.124
NiPdTaOx_pre,19.02,5.115
NiPdTaOx_pre,19.03,4.955
NiPdTaOx_pre,19.04,4.952
NiPdTaOx_pre,19.05,4.998
NiPdTaOx_pre,19.06,5.024
NiPdTaOx_pre,19.07,5.155
NiPdTaOx_pre,19.08,5.161
NiPdTaOx_pre,19.09,5.106
NiPdTaOx_pre,19.1,4.941
NiPdTaOx_pre,19.11,4.838
NiPdTaOx_pre,19.12,4.871
NiPdTaOx_pre,19.13,5.03
NiPdTaOx_pre,19.14,5.17
NiPdTaOx_pre,19.15,5.188
NiPdTaOx_pre,19.16,5.186
NiPdTaOx_pre,19.17,5.192
NiPdTaOx_pre,19.18,5.271
NiPdTaOx_pre,19.19,5.184
NiPdTaOx_pre,19.2,5.032
NiPdTaOx_pre,19.21,5.054
NiPdTaOx_pre,19.22,5.105
NiPdTaOx_pre,19.23,5.086
NiPdTaOx_pre,19.24,4.959
NiPdTaOx_pre,19.25,4.986
NiPdTaOx_pre,19.26,5.013
NiPdTaOx_pre,19.27,5.111
NiPdTaOx_pre,19.28,5.057
NiPdTaOx_pre,19.29,5.026
NiPdTaOx_pre,19.3,4.872
NiPdTaOx_pre,19.31,4.844
NiPdTaOx_pre,19.32,4.831
NiPdTaOx_pre,19.33,4.748
NiPdTaOx_pre,19.34,4.718
NiPdTaOx_pre,19.35,4.903
NiPdTaOx_pre,19.36,5.186
NiPdTaOx_pre,19.37,5.468
NiPdTaOx_pre,19.38,5.531
NiPdTaOx_pre,19.39,5.518
NiPdTaOx_pre,19.4,5.261
NiPdTaOx_pre,19.41,5.021
NiPdTaOx_pre,19.42,4.965
NiPdTaOx_pre,19.43,4.963
NiPdTaOx_pre,19.44,4.928
NiPdTaOx_pre,19.45,4.949
NiPdTaOx_pre,19.46,5.025
NiPdTaOx_pre,19.47,5.049
NiPdTaOx_pre,19.48,4.994
NiPdTaOx_pre,19.49,5.021
NiPdTaOx_pre,19.5,5.047
NiPdTaOx_pre,19.51,5.046
NiPdTaOx_pre,19.52,4.99
NiPdTaOx_pre,19.53,5.021
NiPdTaOx_pre,19.54,4.956
NiPdTaOx_pre,19.55,4.905
NiPdTaOx_pre,19.56,4.832
NiPdTaOx_pre,19.57,4.818
NiPdTaOx_pre,19.58,4.758
NiPdTaOx_pre,19.59,4.798
NiPdTaOx_pre,19.6,4.931
NiPdTaOx_pre,19.61,5.02
NiPdTaOx_pre,19.62,5.1
NiPdTaOx_pre,19.63,5.099
NiPdTaOx_pre,19.64,5.054
NiPdTaOx_pre,19.65,4.935
NiPdTaOx_pre,19.66,4.889
NiPdTaOx_pre,19.67,4.95
NiPdTaOx_pre,19.68,5.076
NiPdTaOx_pre,19.69,5.093
NiPdTaOx_pre,19.7,5.043
NiPdTaOx_pre,19.71,5.026
NiPdTaOx_pre,19.72,5.136
NiPdTaOx_pre,19.73,5.215
NiPdTaOx_pre,19.74,5.156
NiPdTaOx_pre,19.75,5.033
NiPdTaOx_pre,19.76,4.959
NiPdTaOx_pre,19.77,4.943
NiPdTaOx_pre,19.78,4.948
NiPdTaOx_pre,19.79,5.01
NiPdTaOx_pre,19.8,5.036
NiPdTaOx_pre,19.81,4.974
NiPdTaOx_pre,19.82,4.896
NiPdTaOx_pre,19.83,4.913
NiPdTaOx_pre,19.84,4.818
NiPdTaOx_pre,19.85,4.817
NiPdTaOx_pre,19.86,4.839
NiPdTaOx_pre,19.87,4.903
NiPdTaOx_pre,19.88,4.843
NiPdTaOx_pre,19.89,4.77
NiPdTaOx_pre,19.9,4.822
NiPdTaOx_pre,19.91,4.942
NiPdTaOx_pre,19.92,5.061
NiPdTaOx_pre,19.93,5.062
NiPdTaOx_pre,19.94,5.013
NiPdTaOx_pre,19.95,4.901
NiPdTaOx_pre,19.96,4.953
NiPdTaOx_pre,19.97,4.988
NiPdTaOx_pre,19.98,5.018
NiPdTaOx_pre,19.99,5.124
NiPdTaOx_pre,20.0,5.134
NiPdTaOx_pre,20.01,5.174
NiPdTaOx_pre,20.02,5.139
NiPdTaOx_pre,20.03,5.018
NiPdTaOx_pre,20.04,4.973
NiPdTaOx_pre,20.05,5.086
NiPdTaOx_pre,20.06,5.234
NiPdTaOx_pre,20.07,5.216
NiPdTaOx_pre,20.08,5.066
NiPdTaOx_pre,20.09,4.978
NiPdTaOx_pre,20.1,4.981
NiPdTaOx_pre,20.11,5.079
NiPdTaOx_pre,20.12,4.96
NiPdTaOx_pre,20.13,4.943
NiPdTaOx_pre,20.14,4.891
NiPdTaOx_pre,20.15,4.961
NiPdTaOx_pre,20.16,5.018
NiPdTaOx_pre,20.17,5.148
NiPdTaOx_pre,20.18,5.096
NiPdTaOx_pre,20.19,4.94
NiPdTaOx_pre,20.2,4.893
NiPdTaOx_pre,20.21,4.983
NiPdTaOx_pre,20.22,5.0
NiPdTaOx_pre,20.23,5.036
NiPdTaOx_pre,20.24,5.008
NiPdTaOx_pre,20.25,4.931
NiPdTaOx_pre,20.26,4.856
NiPdTaOx_pre,20.27,4.852
NiPdTaOx_pre,20.28,4.943
NiPdTaOx_pre,20.29,4.951
NiPdTaOx_pre,20.3,5.052
NiPdTaOx_pre,20.31,5.022
NiPdTaOx_pre,20.32,4.999
NiPdTaOx_pre,20.33,4.842
NiPdTaOx_pre,20.34,4.889
NiPdTaOx_pre,20.35,4.907
NiPdTaOx_pre,20.36,4.951
NiPdTaOx_pre,20.37,4.911
NiPdTaOx_pre,20.38,5.054
NiPdTaOx_pre,20.39,5.108
NiPdTaOx_pre,20.4,5.075
NiPdTaOx_pre,20.41,5.039
NiPdTaOx_pre,20.42,5.146
NiPdTaOx_pre,20.43,5.121
NiPdTaOx_pre,20.44,4.917
NiPdTaOx_pre,20.45,4.865
NiPdTaOx_pre,20.46,5.014
NiPdTaOx_pre,20.47,5.088
NiPdTaOx_pre,20.48,4.977
NiPdTaOx_pre,20.49,5.015
NiPdTaOx_pre,20.5,5.045
NiPdTaOx_pre,20.51,4.984
NiPdTaOx_pre,20.52,4.874
NiPdTaOx_pre,20.53,4.839
NiPdTaOx_pre,20.54,4.923
NiPdTaOx_pre,20.55,5.073
NiPdTaOx_pre,20.56,5.106
NiPdTaOx_pre,20.57,5.06
NiPdTaOx_pre,20.58,5.113
NiPdTaOx_pre,20.59,5.163
NiPdTaOx_pre,20.6,5.105
NiPdTaOx_pre,20.61,5.044
NiPdTaOx_pre,20.62,5.01
NiPdTaOx_pre,20.63,5.119
NiPdTaOx_pre,20.64,5.081
NiPdTaOx_pre,20.65,5.147
NiPdTaOx_pre,20.66,5.111
NiPdTaOx_pre,20.67,5.145
NiPdTaOx_pre,20.68,4.994
NiPdTaOx_pre,20.69,4.939
NiPdTaOx_pre,20.7,5.056
NiPdTaOx_pre,20.71,5.074
NiPdTaOx_pre,20.72,5.036
NiPdTaOx_pre,20.73,4.969
NiPdTaOx_pre,20.74,4.945
NiPdTaOx_pre,20.75,4.875
NiPdTaOx_pre,20.76,4.848
NiPdTaOx_pre,20.77,4.788
NiPdTaOx_pre,20.78,4.822
NiPdTaOx_pre,20.79,4.835
NiPdTaOx_pre,20.8,4.908
NiPdTaOx_pre,20.81,4.912
NiPdTaOx_pre,20.82,4.886
NiPdTaOx_pre,20.83,4.762
NiPdTaOx_pre,20.84,4.693
NiPdTaOx_pre,20.85,4.674
NiPdTaOx_pre,20.86,4.805
NiPdTaOx_pre,20.87,4.825
NiPdTaOx_pre,20.88,4.893
NiPdTaOx_pre,20.89,4.921
NiPdTaOx_pre,20.9,4.998
NiPdTaOx_pre,20.91,4.99
NiPdTaOx_pre,20.92,4.931
NiPdTaOx_pre,20.93,4.924
NiPdTaOx_pre,20.94,5.053
NiPdTaOx_pre,20.95,5.212
NiPdTaOx_pre,20.96,5.207
NiPdTaOx_pre,20.97,5.054
NiPdTaOx_pre,20.98,4.917
NiPdTaOx_pre,20.99,4.942
NiPdTaOx_pre,21.0,4.927
NiPdTaOx_pre,21.01,5.0
NiPdTaOx_pre,21.02,4.909
NiPdTaOx_pre,21.03,4.772
NiPdTaOx_pre,21.04,4.789
NiPdTaOx_pre,21.05,4.812
NiPdTaOx_pre,21.06,4.911
NiPdTaOx_pre,21.07,5.032
NiPdTaOx_pre,21.08,5.085
NiPdTaOx_pre,21.09,5.094
NiPdTaOx_pre,21.1,4.981
NiPdTaOx_pre,21.11,4.876
NiPdTaOx_pre,21.12,4.812
NiPdTaOx_pre,21.13,4.822
NiPdTaOx_pre,21.14,4.88
NiPdTaOx_pre,21.15,4.865
NiPdTaOx_pre,21.16,4.793
NiPdTaOx_pre,21.17,4.705
NiPdTaOx_pre,21.18,4.715
NiPdTaOx_pre,21.19,4.924
NiPdTaOx_pre,21.2,4.964
NiPdTaOx_pre,21.21,4.893
NiPdTaOx_pre,21.22,4.768
NiPdTaOx_pre,21.23,4.848
NiPdTaOx_pre,21.24,4.921
NiPdTaOx_pre,21.25,4.84
NiPdTaOx_pre,21.26,4.779
NiPdTaOx_pre,21.27,4.811
NiPdTaOx_pre,21.28,4.832
NiPdTaOx_pre,21.29,4.823
NiPdTaOx_pre,21.3,4.861
NiPdTaOx_pre,21.31,4.993
NiPdTaOx_pre,21.32,5.06
NiPdTaOx_pre,21.33,5.05
NiPdTaOx_pre,21.34,4.983
NiPdTaOx_pre,21.35,5.078
NiPdTaOx_pre,21.36,4.99
NiPdTaOx_pre,21.37,4.854
NiPdTaOx_pre,21.38,4.763
NiPdTaOx_pre,21.39,4.949
NiPdTaOx_pre,21.4,5.12
NiPdTaOx_pre,21.41,5.185
NiPdTaOx_pre,21.42,5.117
NiPdTaOx_pre,21.43,5.0
NiPdTaOx_pre,21.44,5.009
NiPdTaOx_pre,21.45,4.94
NiPdTaOx_pre,21.46,5.028
NiPdTaOx_pre,21.47,5.063
NiPdTaOx_pre,21.48,5.169
NiPdTaOx_pre,21.49,4.951
NiPdTaOx_pre,21.5,4.793
NiPdTaOx_pre,21.51,4.739
NiPdTaOx_pre,21.52,4.884
NiPdTaOx_pre,21.53,5.02
NiPdTaOx_pre,21.54,5.072
NiPdTaOx_pre,21.55,5.017
NiPdTaOx_pre,21.56,4.901
NiPdTaOx_pre,21.57,4.821
NiPdTaOx_pre,21.58,4.784
NiPdTaOx_pre,21.59,4.824
NiPdTaOx_pre,21.6,4.942
NiPdTaOx_pre,21.61,5.067
NiPdTaOx_pre,21.62,5.044
NiPdTaOx_pre,21.63,4.988
NiPdTaOx_pre,21.64,4.981
NiPdTaOx_pre,21.65,4.887
NiPdTaOx_pre,21.66,4.774
NiPdTaOx_pre,21.67,4.632
NiPdTaOx_pre,21.68,4.699
NiPdTaOx_pre,21.69,4.742
NiPdTaOx_pre,21.7,4.76
NiPdTaOx_pre,21.71,4.694
NiPdTaOx_pre,21.72,4.778
NiPdTaOx_pre,21.73,4.886
NiPdTaOx_pre,21.74,4.955
NiPdTaOx_pre,21.75,5.082
NiPdTaOx_pre,21.76,5.155
NiPdTaOx_pre,21.77,5.106
NiPdTaOx_pre,21.78,5.072
NiPdTaOx_pre,21.79,5.013
NiPdTaOx_pre,21.8,4.898
NiPdTaOx_pre,21.81,4.676
NiPdTaOx_pre,21.82,4.662
NiPdTaOx_pre,21.83,4.866
NiPdTaOx_pre,21.84,4.97
NiPdTaOx_pre,21.85,4.983
NiPdTaOx_pre,21.86,4.901
NiPdTaOx_pre,21.87,4.958
NiPdTaOx_pre,21.88,4.935
NiPdTaOx_pre,21.89,4.889
NiPdTaOx_pre,21.9,4.843
NiPdTaOx_pre,21.91,4.88
NiPdTaOx_pre,21.92,4.884
NiPdTaOx_pre,21.93,4.937
NiPdTaOx_pre,21.94,4.919
NiPdTaOx_pre,21.95,5.075
NiPdTaOx_pre,21.96,5.107
NiPdTaOx_pre,21.97,5.065
NiPdTaOx_pre,21.98,4.953
NiPdTaOx_pre,21.99,4.908
NiPdTaOx_pre,22.0,4.912
NiPdTaOx_pre,22.01,4.898
NiPdTaOx_pre,22.02,4.848
NiPdTaOx_pre,22.03,4.922
NiPdTaOx_pre,22.04,5.064
NiPdTaOx_pre,22.05,5.054
NiPdTaOx_pre,22.06,4.935
NiPdTaOx_pre,22.07,4.789
NiPdTaOx_pre,22.08,4.729
NiPdTaOx_pre,22.09,4.754
NiPdTaOx_pre,22.1,4.865
NiPdTaOx_pre,22.11,4.878
NiPdTaOx_pre,22.12,4.743
NiPdTaOx_pre,22.13,4.783
NiPdTaOx_pre,22.14,4.873
NiPdTaOx_pre,22.15,4.975
NiPdTaOx_pre,22.16,5.008
NiPdTaOx_pre,22.17,4.903
NiPdTaOx_pre,22.18,4.829
NiPdTaOx_pre,22.19,4.797
NiPdTaOx_pre,22.2,4.84
NiPdTaOx_pre,22.21,4.804
NiPdTaOx_pre,22.22,4.809
NiPdTaOx_pre,22.23,4.791
NiPdTaOx_pre,22.24,4.899
NiPdTaOx_pre,22.25,4.933
NiPdTaOx_pre,22.26,4.936
NiPdTaOx_pre,22.27,4.822
NiPdTaOx_pre,22.28,4.755
NiPdTaOx_pre,22.29,4.782
NiPdTaOx_pre,22.3,4.87
NiPdTaOx_pre,22.31,4.86
NiPdTaOx_pre,22.32,4.856
NiPdTaOx_pre,22.33,5.048
NiPdTaOx_pre,22.34,5.096
NiPdTaOx_pre,22.35,5.044
NiPdTaOx_pre,22.36,4.886
NiPdTaOx_pre,22.37,4.753
NiPdTaOx_pre,22.38,4.812
NiPdTaOx_pre,22.39,4.899
NiPdTaOx_pre,22.4,4.995
NiPdTaOx_pre,22.41,4.882
NiPdTaOx_pre,22.42,4.876
NiPdTaOx_pre,22.43,4.711
NiPdTaOx_pre,22.44,4.657
NiPdTaOx_pre,22.45,4.699
NiPdTaOx_pre,22.46,4.893
NiPdTaOx_pre,22.47,4.842
NiPdTaOx_pre,22.48,4.751
NiPdTaOx_pre,22.49,4.682
NiPdTaOx_pre,22.5,4.824
NiPdTaOx_pre,22.51,4.825
NiPdTaOx_pre,22.52,4.802
NiPdTaOx_pre,22.53,4.684
NiPdTaOx_pre,22.54,4.638
NiPdTaOx_pre,22.55,4.688
NiPdTaOx_pre,22.56,4.784
NiPdTaOx_pre,22.57,4.975
NiPdTaOx_pre,22.58,4.956
NiPdTaOx_pre,22.59,4.972
NiPdTaOx_pre,22.6,4.897
NiPdTaOx_pre,22.61,4.893
NiPdTaOx_pre,22.62,4.805
NiPdTaOx_pre,22.63,4.74
NiPdTaOx_pre,22.64,4.838
NiPdTaOx_pre,22.65,4.902
NiPdTaOx_pre,22.66,4.853
NiPdTaOx_pre,22.67,4.684
NiPdTaOx_pre,22.68,4.714
NiPdTaOx_pre,22.69,4.945
NiPdTaOx_pre,22.7,5.071
NiPdTaOx_pre,22.71,4.96
NiPdTaOx_pre,22.72,4.835
NiPdTaOx_pre,22.73,4.73
NiPdTaOx_pre,22.74,4.872
NiPdTaOx_pre,22.75,4.955
NiPdTaOx_pre,22.76,4.997
NiPdTaOx_pre,22.77,4.874
NiPdTaOx_pre,22.78,4.877
NiPdTaOx_pre,22.79,4.811
NiPdTaOx_pre,22.8,4.879
NiPdTaOx_pre,22.81,4.98
NiPdTaOx_pre,22.82,4.976
NiPdTaOx_pre,22.83,4.803
NiPdTaOx_pre,22.84,4.795
NiPdTaOx_pre,22.85,4.918
NiPdTaOx_pre,22.86,4.907
NiPdTaOx_pre,22.87,4.84
NiPdTaOx_pre,22.88,4.744
NiPdTaOx_pre,22.89,4.686
NiPdTaOx_pre,22.9,4.601
NiPdTaOx_pre,22.91,4.63
NiPdTaOx_pre,22.92,4.715
NiPdTaOx_pre,22.93,4.834
NiPdTaOx_pre,22.94,4.802
NiPdTaOx_pre,22.95,4.772
NiPdTaOx_pre,22.96,4.676
NiPdTaOx_pre,22.97,4.797
NiPdTaOx_pre,22.98,4.895
NiPdTaOx_pre,22.99,4.9
NiPdTaOx_pre,23.0,4.858
NiPdTaOx_pre,23.01,4.849
NiPdTaOx_pre,23.02,4.78
NiPdTaOx_pre,23.03,4.798
NiPdTaOx_pre,23.04,4.773
NiPdTaOx_pre,23.05,4.746
NiPdTaOx_pre,23.06,4.808
NiPdTaOx_pre,23.07,4.895
NiPdTaOx_pre,23.08,5.043
NiPdTaOx_pre,23.09,5.093
NiPdTaOx_pre,23.1,5.16
NiPdTaOx_pre,23.11,4.993
NiPdTaOx_pre,23.12,4.946
NiPdTaOx_pre,23.13,4.906
NiPdTaOx_pre,23.14,5.023
NiPdTaOx_pre,23.15,4.88
NiPdTaOx_pre,23.16,4.813
NiPdTaOx_pre,23.17,4.764
NiPdTaOx_pre,23.18,4.851
NiPdTaOx_pre,23.19,4.916
NiPdTaOx_pre,23.2,4.858
NiPdTaOx_pre,23.21,4.756
NiPdTaOx_pre,23.22,4.733
NiPdTaOx_pre,23.23,4.918
NiPdTaOx_pre,23.24,5.006
NiPdTaOx_pre,23.25,4.993
NiPdTaOx_pre,23.26,4.884
NiPdTaOx_pre,23.27,4.858
NiPdTaOx_pre,23.28,4.87
NiPdTaOx_pre,23.29,4.865
NiPdTaOx_pre,23.3,4.927
NiPdTaOx_pre,23.31,4.982
NiPdTaOx_pre,23.32,4.99
NiPdTaOx_pre,23.33,4.972
NiPdTaOx_pre,23.34,4.908
NiPdTaOx_pre,23.35,4.868
NiPdTaOx_pre,23.36,4.807
NiPdTaOx_pre,23.37,4.768
NiPdTaOx_pre,23.38,4.751
NiPdTaOx_pre,23.39,4.745
NiPdTaOx_pre,23.4,4.835
NiPdTaOx_pre,23.41,4.933
NiPdTaOx_pre,23.42,4.846
NiPdTaOx_pre,23.43,4.702
NiPdTaOx_pre,23.44,4.577
NiPdTaOx_pre,23.45,4.679
NiPdTaOx_pre,23.46,4.762
NiPdTaOx_pre,23.47,4.843
NiPdTaOx_pre,23.48,4.852
NiPdTaOx_pre,23.49,4.88
NiPdTaOx_pre,23.5,4.982
NiPdTaOx_pre,23.51,4.934
NiPdTaOx_pre,23.52,4.982
NiPdTaOx_pre,23.53,4.856
NiPdTaOx_pre,23.54,4.822
NiPdTaOx_pre,23.55,4.856
NiPdTaOx_pre,23.56,4.961
NiPdTaOx_pre,23.57,4.918
NiPdTaOx_pre,23.58,4.886
NiPdTaOx_pre,23.59,4.788
NiPdTaOx_pre,23.6,4.811
NiPdTaOx_pre,23.61,4.765
NiPdTaOx_pre,23.62,4.839
NiPdTaOx_pre,23.63,4.891
NiPdTaOx_pre,23.64,4.884
NiPdTaOx_pre,23.65,4.863
NiPdTaOx_pre,23.66,4.84
NiPdTaOx_pre,23.67,4.831
NiPdTaOx_pre,23.68,4.799
NiPdTaOx_pre,23.69,4.819
NiPdTaOx_pre,23.7,4.782
NiPdTaOx_pre,23.71,4.629
NiPdTaOx_pre,23.72,4.607
NiPdTaOx_pre,23.73,4.761
NiPdTaOx_pre,23.74,4.97
NiPdTaOx_pre,23.75,4.894
NiPdTaOx_pre,23.76,4.715
NiPdTaOx_pre,23.77,4.646
NiPdTaOx_pre,23.78,4.65
NiPdTaOx_pre,23.79,4.737
NiPdTaOx_pre,23.8,4.659
NiPdTaOx_pre,23.81,4.703
NiPdTaOx_pre,23.82,4.651
NiPdTaOx_pre,23.83,4.666
NiPdTaOx_pre,23.84,4.659
NiPdTaOx_pre,23.85,4.751
NiPdTaOx_pre,23.86,4.801
NiPdTaOx_pre,23.87,4.727
NiPdTaOx_pre,23.88,4.655
NiPdTaOx_pre,23.89,4.802
NiPdTaOx_pre,23.9,4.922
NiPdTaOx_pre,23.91,4.923
NiPdTaOx_pre,23.92,4.736
NiPdTaOx_pre,23.93,4.7
NiPdTaOx_pre,23.94,4.71
NiPdTaOx_pre,23.95,4.745
NiPdTaOx_pre,23.96,4.734
NiPdTaOx_pre,23.97,4.722
NiPdTaOx_pre,23.98,4.758
NiPdTaOx_pre,23.99,4.845
NiPdTaOx_pre,24.0,4.847
NiPdTaOx_pre,24.01,4.735
NiPdTaOx_pre,24.02,4.729
NiPdTaOx_pre,24.03,4.678
NiPdTaOx_pre,24.04,4.709
NiPdTaOx_pre,24.05,4.786
NiPdTaOx_pre,24.06,4.864
NiPdTaOx_pre,24.07,4.826
NiPdTaOx_pre,24.08,4.746
NiPdTaOx_pre,24.09,4.776
NiPdTaOx_pre,24.1,4.829
NiPdTaOx_pre,24.11,4.798
NiPdTaOx_pre,24.12,4.827
NiPdTaOx_pre,24.13,4.898
NiPdTaOx_pre,24.14,4.936
NiPdTaOx_pre,24.15,4.832
NiPdTaOx_pre,24.16,4.679
NiPdTaOx_pre,24.17,4.652
NiPdTaOx_pre,24.18,4.772
NiPdTaOx_pre,24.19,4.917
NiPdTaOx_pre,24.2,4.897
NiPdTaOx_pre,24.21,4.897
NiPdTaOx_pre,24.22,4.88
NiPdTaOx_pre,24.23,4.96
NiPdTaOx_pre,24.24,4.898
NiPdTaOx_pre,24.25,4.87
NiPdTaOx_pre,24.26,4.923
NiPdTaOx_pre,24.27,4.929
NiPdTaOx_pre,24.28,4.944
NiPdTaOx_pre,24.29,4.9
NiPdTaOx_pre,24.3,4.954
NiPdTaOx_pre,24.31,4.912
NiPdTaOx_pre,24.32,4.864
NiPdTaOx_pre,24.33,4.755
NiPdTaOx_pre,24.34,4.673
NiPdTaOx_pre,24.35,4.65
NiPdTaOx_pre,24.36,4.724
NiPdTaOx_pre,24.37,4.747
NiPdTaOx_pre,24.38,4.689
NiPdTaOx_pre,24.39,4.638
NiPdTaOx_pre,24.4,4.727
NiPdTaOx_pre,24.41,4.816
NiPdTaOx_pre,24.42,4.741
NiPdTaOx_pre,24.43,4.757
NiPdTaOx_pre,24.44,4.86
NiPdTaOx_pre,24.45,4.896
NiPdTaOx_pre,24.46,4.853
NiPdTaOx_pre,24.47,4.83
NiPdTaOx_pre,24.48,4.737
NiPdTaOx_pre,24.49,4.662
NiPdTaOx_pre,24.5,4.652
NiPdTaOx_pre,24.51,4.602
NiPdTaOx_pre,24.52,4.583
NiPdTaOx_pre,24.53,4.613
NiPdTaOx_pre,24.54,4.738
NiPdTaOx_pre,24.55,4.737
NiPdTaOx_pre,24.56,4.712
NiPdTaOx_pre,24.57,4.683
NiPdTaOx_pre,24.58,4.634
NiPdTaOx_pre,24.59,4.706
NiPdTaOx_pre,24.6,4.719
NiPdTaOx_pre,24.61,4.682
NiPdTaOx_pre,24.62,4.644
NiPdTaOx_pre,24.63,4.858
NiPdTaOx_pre,24.64,5.002
NiPdTaOx_pre,24.65,4.874
NiPdTaOx_pre,24.66,4.825
NiPdTaOx_pre,24.67,4.698
NiPdTaOx_pre,24.68,4.706
NiPdTaOx_pre,24.69,4.637
NiPdTaOx_pre,24.7,4.707
NiPdTaOx_pre,24.71,4.718
NiPdTaOx_pre,24.72,4.635
NiPdTaOx_pre,24.73,4.611
NiPdTaOx_pre,24.74,4.624
NiPdTaOx_pre,24.75,4.648
NiPdTaOx_pre,24.76,4.579
NiPdTaOx_pre,24.77,4.579
NiPdTaOx_pre,24.78,4.6
NiPdTaOx_pre,24.79,4.625
NiPdTaOx_pre,24.8,4.586
NiPdTaOx_pre,24.81,4.656
NiPdTaOx_pre,24.82,4.692
NiPdTaOx_pre,24.83,4.664
NiPdTaOx_pre,24.84,4.562
NiPdTaOx_pre,24.85,4.516
NiPdTaOx_pre,24.86,4.635
NiPdTaOx_pre,24.87,4.743
NiPdTaOx_pre,24.88,4.818
NiPdTaOx_pre,24.89,4.677
NiPdTaOx_pre,24.9,4.583
NiPdTaOx_pre,24.91,4.494
NiPdTaOx_pre,24.92,4.457
NiPdTaOx_pre,24.93,4.503
NiPdTaOx_pre,24.94,4.593
NiPdTaOx_pre,24.95,4.715
NiPdTaOx_pre,24.96,4.83
NiPdTaOx_pre,24.97,4.925
NiPdTaOx_pre,24.98,4.828
NiPdTaOx_pre,24.99,4.679
NiPdTaOx_pre,25.0,4.528
NiPdTaOx_pre,25.01,4.613
NiPdTaOx_pre,25.02,4.688
NiPdTaOx_pre,25.03,4.613
NiPdTaOx_pre,25.04,4.497
NiPdTaOx_pre,25.05,4.513
NiPdTaOx_pre,25.06,4.735
NiPdTaOx_pre,25.07,4.669
NiPdTaOx_pre,25.08,4.612
NiPdTaOx_pre,25.09,4.466
NiPdTaOx_pre,25.1,4.575
NiPdTaOx_pre,25.11,4.617
NiPdTaOx_pre,25.12,4.682
NiPdTaOx_pre,25.13,4.67
NiPdTaOx_pre,25.14,4.676
NiPdTaOx_pre,25.15,4.721
NiPdTaOx_pre,25.16,4.737
NiPdTaOx_pre,25.17,4.7
NiPdTaOx_pre,25.18,4.706
NiPdTaOx_pre,25.19,4.723
NiPdTaOx_pre,25.2,4.762
NiPdTaOx_pre,25.21,4.753
NiPdTaOx_pre,25.22,4.609
NiPdTaOx_pre,25.23,4.628
NiPdTaOx_pre,25.24,4.64
NiPdTaOx_pre,25.25,4.697
NiPdTaOx_pre,25.26,4.758
NiPdTaOx_pre,25.27,4.875
NiPdTaOx_pre,25.28,4.9
NiPdTaOx_pre,25.29,4.929
NiPdTaOx_pre,25.3,4.859
NiPdTaOx_pre,25.31,4.848
NiPdTaOx_pre,25.32,4.674
NiPdTaOx_pre,25.33,4.674
NiPdTaOx_pre,25.34,4.712
NiPdTaOx_pre,25.35,4.757
NiPdTaOx_pre,25.36,4.818
NiPdTaOx_pre,25.37,4.824
NiPdTaOx_pre,25.38,4.634
NiPdTaOx_pre,25.39,4.558
NiPdTaOx_pre,25.4,4.592
NiPdTaOx_pre,25.41,4.712
NiPdTaOx_pre,25.42,4.63
NiPdTaOx_pre,25.43,4.513
NiPdTaOx_pre,25.44,4.441
NiPdTaOx_pre,25.45,4.436
NiPdTaOx_pre,25.46,4.587
NiPdTaOx_pre,25.47,4.822
NiPdTaOx_pre,25.48,4.89
NiPdTaOx_pre,25.49,4.828
NiPdTaOx_pre,25.5,4.741
NiPdTaOx_pre,25.51,4.724
NiPdTaOx_pre,25.52,4.588
NiPdTaOx_pre,25.53,4.448
NiPdTaOx_pre,25.54,4.474
NiPdTaOx_pre,25.55,4.479
NiPdTaOx_pre,25.56,4.541
NiPdTaOx_pre,25.57,4.529
NiPdTaOx_pre,25.58,4.574
NiPdTaOx_pre,25.59,4.582
NiPdTaOx_pre,25.6,4.715
NiPdTaOx_pre,25.61,4.695
NiPdTaOx_pre,25.62,4.546
NiPdTaOx_pre,25.63,4.479
NiPdTaOx_pre,25.64,4.517
NiPdTaOx_pre,25.65,4.537
NiPdTaOx_pre,25.66,4.529
NiPdTaOx_pre,25.67,4.552
NiPdTaOx_pre,25.68,4.677
NiPdTaOx_pre,25.69,4.705
NiPdTaOx_pre,25.7,4.679
NiPdTaOx_pre,25.71,4.525
NiPdTaOx_pre,25.72,4.451
NiPdTaOx_pre,25.73,4.495
NiPdTaOx_pre,25.74,4.575
NiPdTaOx_pre,25.75,4.703
NiPdTaOx_pre,25.76,4.65
NiPdTaOx_pre,25.77,4.509
NiPdTaOx_pre,25.78,4.494
NiPdTaOx_pre,25.79,4.563
NiPdTaOx_pre,25.8,4.613
NiPdTaOx_pre,25.81,4.628
NiPdTaOx_pre,25.82,4.762
NiPdTaOx_pre,25.83,4.896
NiPdTaOx_pre,25.84,4.818
NiPdTaOx_pre,25.85,4.654
NiPdTaOx_pre,25.86,4.651
NiPdTaOx_pre,25.87,4.651
NiPdTaOx_pre,25.88,4.667
NiPdTaOx_pre,25.89,4.623
NiPdTaOx_pre,25.9,4.526
NiPdTaOx_pre,25.91,4.367
NiPdTaOx_pre,25.92,4.336
NiPdTaOx_pre,25.93,4.476
NiPdTaOx_pre,25.94,4.573
NiPdTaOx_pre,25.95,4.601
NiPdTaOx_pre,25.96,4.577
NiPdTaOx_pre,25.97,4.5
NiPdTaOx_pre,25.98,4.574
NiPdTaOx_pre,25.99,4.659
NiPdTaOx_pre,26.0,4.694
NiPdTaOx_pre,26.01,4.612
NiPdTaOx_pre,26.02,4.633
NiPdTaOx_pre,26.03,4.634
NiPdTaOx_pre,26.04,4.655
NiPdTaOx_pre,26.05,4.745
NiPdTaOx_pre,26.06,4.661
NiPdTaOx_pre,26.07,4.526
NiPdTaOx_pre,26.08,4.367
NiPdTaOx_pre,26.09,4.373
NiPdTaOx_pre,26.1,4.484
NiPdTaOx_pre,26.11,4.74
NiPdTaOx_pre,26.12,4.839
NiPdTaOx_pre,26.13,4.709
NiPdTaOx_pre,26.14,4.572
NiPdTaOx_pre,26.15,4.566
NiPdTaOx_pre,26.16,4.692
NiPdTaOx_pre,26.17,4.64
NiPdTaOx_pre,26.18,4.619
NiPdTaOx_pre,26.19,4.597
NiPdTaOx_pre,26.2,4.607
NiPdTaOx_pre,26.21,4.531
NiPdTaOx_pre,26.22,4.45
NiPdTaOx_pre,26.23,4.465
NiPdTaOx_pre,26.24,4.599
NiPdTaOx_pre,26.25,4.639
NiPdTaOx_pre,26.26,4.671
NiPdTaOx_pre,26.27,4.646
NiPdTaOx_pre,26.28,4.522
NiPdTaOx_pre,26.29,4.461
NiPdTaOx_pre,26.3,4.474
NiPdTaOx_pre,26.31,4.589
NiPdTaOx_pre,26.32,4.684
NiPdTaOx_pre,26.33,4.731
NiPdTaOx_pre,26.34,4.707
NiPdTaOx_pre,26.35,4.689
NiPdTaOx_pre,26.36,4.642
NiPdTaOx_pre,26.37,4.588
NiPdTaOx_pre,26.38,4.532
NiPdTaOx_pre,26.39,4.623
NiPdTaOx_pre,26.4,4.667
NiPdTaOx_pre,26.41,4.663
NiPdTaOx_pre,26.42,4.488
NiPdTaOx_pre,26.43,4.491
NiPdTaOx_pre,26.44,4.573
NiPdTaOx_pre,26.45,4.663
NiPdTaOx_pre,26.46,4.633
NiPdTaOx_pre,26.47,4.7
NiPdTaOx_pre,26.48,4.724
NiPdTaOx_pre,26.49,4.754
NiPdTaOx_pre,26.5,4.696
NiPdTaOx_pre,26.51,4.653
NiPdTaOx_pre,26.52,4.569
NiPdTaOx_pre,26.53,4.471
NiPdTaOx_pre,26.54,4.613
NiPdTaOx_pre,26.55,4.515
NiPdTaOx_pre,26.56,4.541
NiPdTaOx_pre,26.57,4.545
NiPdTaOx_pre,26.58,4.703
NiPdTaOx_pre,26.59,4.612
NiPdTaOx_pre,26.6,4.463
NiPdTaOx_pre,26.61,4.332
NiPdTaOx_pre,26.62,4.315
NiPdTaOx_pre,26.63,4.288
NiPdTaOx_pre,26.64,4.391
NiPdTaOx_pre,26.65,4.505
NiPdTaOx_pre,26.66,4.473
NiPdTaOx_pre,26.67,4.371
NiPdTaOx_pre,26.68,4.341
NiPdTaOx_pre,26.69,4.533
NiPdTaOx_pre,26.7,4.655
NiPdTaOx_pre,26.71,4.685
NiPdTaOx_pre,26.72,4.624
NiPdTaOx_pre,26.73,4.672
NiPdTaOx_pre,26.74,4.757
NiPdTaOx_pre,26.75,4.644
NiPdTaOx_pre,26.76,4.491
NiPdTaOx_pre,26.77,4.514
NiPdTaOx_pre,26.78,4.614
NiPdTaOx_pre,26.79,4.651
NiPdTaOx_pre,26.8,4.567
NiPdTaOx_pre,26.81,4.474
NiPdTaOx_pre,26.82,4.396
NiPdTaOx_pre,26.83,4.469
NiPdTaOx_pre,26.84,4.575
NiPdTaOx_pre,26.85,4.607
NiPdTaOx_pre,26.86,4.578
NiPdTaOx_pre,26.87,4.545
NiPdTaOx_pre,26.88,4.528
NiPdTaOx_pre,26.89,4.434
NiPdTaOx_pre,26.9,4.403
NiPdTaOx_pre,26.91,4.341
NiPdTaOx_pre,26.92,4.454
NiPdTaOx_pre,26.93,4.405
NiPdTaOx_pre,26.94,4.371
NiPdTaOx_pre,26.95,4.383
NiPdTaOx_pre,26.96,4.558
NiPdTaOx_pre,26.97,4.635
NiPdTaOx_pre,26.98,4.595
NiPdTaOx_pre,26.99,4.535
NiPdTaOx_pre,27.0,4.521
NiPdTaOx_pre,27.01,4.534
NiPdTaOx_pre,27.02,4.51
NiPdTaOx_pre,27.03,4.54
NiPdTaOx_pre,27.04,4.531
NiPdTaOx_pre,27.05,4.526
NiPdTaOx_pre,27.06,4.46
NiPdTaOx_pre,27.07,4.568
NiPdTaOx_pre,27.08,4.683
NiPdTaOx_pre,27.09,4.836
NiPdTaOx_pre,27.1,4.805
NiPdTaOx_pre,27.11,4.679
NiPdTaOx_pre,27.12,4.726
NiPdTaOx_pre,27.13,4.717
NiPdTaOx_pre,27.14,4.759
NiPdTaOx_pre,27.15,4.696
NiPdTaOx_pre,27.16,4.654
NiPdTaOx_pre,27.17,4.545
NiPdTaOx_pre,27.18,4.539
NiPdTaOx_pre,27.19,4.569
NiPdTaOx_pre,27.2,4.582
NiPdTaOx_pre,27.21,4.523
NiPdTaOx_pre,27.22,4.536
NiPdTaOx_pre,27.23,4.568
NiPdTaOx_pre,27.24,4.584
NiPdTaOx_pre,27.25,4.598
NiPdTaOx_pre,27.26,4.599
NiPdTaOx_pre,27.27,4.567
NiPdTaOx_pre,27.28,4.61
NiPdTaOx_pre,27.29,4.575
NiPdTaOx_pre,27.3,4.472
NiPdTaOx_pre,27.31,4.342
NiPdTaOx_pre,27.32,4.472
NiPdTaOx_pre,27.33,4.452
NiPdTaOx_pre,27.34,4.493
NiPdTaOx_pre,27.35,4.399
NiPdTaOx_pre,27.36,4.451
NiPdTaOx_pre,27.37,4.396
NiPdTaOx_pre,27.38,4.38
NiPdTaOx_pre,27.39,4.436
NiPdTaOx_pre,27.4,4.627
NiPdTaOx_pre,27.41,4.783
NiPdTaOx_pre,27.42,4.723
NiPdTaOx_pre,27.43,4.606
NiPdTaOx_pre,27.44,4.609
NiPdTaOx_pre,27.45,4.69
NiPdTaOx_pre,27.46,4.613
NiPdTaOx_pre,27.47,4.58
NiPdTaOx_pre,27.48,4.599
NiPdTaOx_pre,27.49,4.636
NiPdTaOx_pre,27.5,4.673
NiPdTaOx_pre,27.51,4.631
NiPdTaOx_pre,27.52,4.571
NiPdTaOx_pre,27.53,4.527
NiPdTaOx_pre,27.54,4.567
NiPdTaOx_pre,27.55,4.593
NiPdTaOx_pre,27.56,4.571
NiPdTaOx_pre,27.57,4.454
NiPdTaOx_pre,27.58,4.51
NiPdTaOx_pre,27.59,4.595
NiPdTaOx_pre,27.6,4.634
NiPdTaOx_pre,27.61,4.66
NiPdTaOx_pre,27.62,4.605
NiPdTaOx_pre,27.63,4.706
NiPdTaOx_pre,27.64,4.544
NiPdTaOx_pre,27.65,4.541
NiPdTaOx_pre,27.66,4.331
NiPdTaOx_pre,27.67,4.372
NiPdTaOx_pre,27.68,4.382
NiPdTaOx_pre,27.69,4.437
NiPdTaOx_pre,27.7,4.437
NiPdTaOx_pre,27.71,4.518
NiPdTaOx_pre,27.72,4.579
NiPdTaOx_pre,27.73,4.528
NiPdTaOx_pre,27.74,4.527
NiPdTaOx_pre,27.75,4.528
NiPdTaOx_pre,27.76,4.572
NiPdTaOx_pre,27.77,4.455
NiPdTaOx_pre,27.78,4.322
NiPdTaOx_pre,27.79,4.233
NiPdTaOx_pre,27.8,4.332
NiPdTaOx_pre,27.81,4.424
NiPdTaOx_pre,27.82,4.431
NiPdTaOx_pre,27.83,4.43
NiPdTaOx_pre,27.84,4.553
NiPdTaOx_pre,27.85,4.668
NiPdTaOx_pre,27.86,4.635
NiPdTaOx_pre,27.87,4.568
NiPdTaOx_pre,27.88,4.456
NiPdTaOx_pre,27.89,4.453
NiPdTaOx_pre,27.9,4.493
NiPdTaOx_pre,27.91,4.638
NiPdTaOx_pre,27.92,4.673
NiPdTaOx_pre,27.93,4.509
NiPdTaOx_pre,27.94,4.387
NiPdTaOx_pre,27.95,4.478
NiPdTaOx_pre,27.96,4.538
NiPdTaOx_pre,27.97,4.504
NiPdTaOx_pre,27.98,4.487
NiPdTaOx_pre,27.99,4.709
NiPdTaOx_pre,28.0,4.765
NiPdTaOx_pre,28.01,4.72
NiPdTaOx_pre,28.02,4.692
NiPdTaOx_pre,28.03,4.61
NiPdTaOx_pre,28.04,4.575
NiPdTaOx_pre,28.05,4.585
NiPdTaOx_pre,28.06,4.589
NiPdTaOx_pre,28.07,4.474
NiPdTaOx_pre,28.08,4.385
NiPdTaOx_pre,28.09,4.374
NiPdTaOx_pre,28.1,4.421
NiPdTaOx_pre,28.11,4.549
NiPdTaOx_pre,28.12,4.606
NiPdTaOx_pre,28.13,4.563
NiPdTaOx_pre,28.14,4.481
NiPdTaOx_pre,28.15,4.434
NiPdTaOx_pre,28.16,4.472
NiPdTaOx_pre,28.17,4.546
NiPdTaOx_pre,28.18,4.502
NiPdTaOx_pre,28.19,4.461
NiPdTaOx_pre,28.2,4.601
NiPdTaOx_pre,28.21,4.697
NiPdTaOx_pre,28.22,4.651
NiPdTaOx_pre,28.23,4.61
NiPdTaOx_pre,28.24,4.615
NiPdTaOx_pre,28.25,4.616
NiPdTaOx_pre,28.26,4.516
NiPdTaOx_pre,28.27,4.668
NiPdTaOx_pre,28.28,4.721
NiPdTaOx_pre,28.29,4.673
NiPdTaOx_pre,28.3,4.471
NiPdTaOx_pre,28.31,4.403
NiPdTaOx_pre,28.32,4.41
NiPdTaOx_pre,28.33,4.403
NiPdTaOx_pre,28.34,4.489
NiPdTaOx_pre,28.35,4.561
NiPdTaOx_pre,28.36,4.634
NiPdTaOx_pre,28.37,4.64
NiPdTaOx_pre,28.38,4.626
NiPdTaOx_pre,28.39,4.486
NiPdTaOx_pre,28.4,4.41
NiPdTaOx_pre,28.41,4.365
NiPdTaOx_pre,28.42,4.526
NiPdTaOx_pre,28.43,4.525
NiPdTaOx_pre,28.44,4.597
NiPdTaOx_pre,28.45,4.659
NiPdTaOx_pre,28.46,4.666
NiPdTaOx_pre,28.47,4.601
NiPdTaOx_pre,28.48,4.51
NiPdTaOx_pre,28.49,4.452
NiPdTaOx_pre,28.5,4.505
NiPdTaOx_pre,28.51,4.688
NiPdTaOx_pre,28.52,4.726
NiPdTaOx_pre,28.53,4.648
NiPdTaOx_pre,28.54,4.506
NiPdTaOx_pre,28.55,4.52
NiPdTaOx_pre,28.56,4.56
NiPdTaOx_pre,28.57,4.655
NiPdTaOx_pre,28.58,4.597
NiPdTaOx_pre,28.59,4.621
NiPdTaOx_pre,28.6,4.571
NiPdTaOx_pre,28.61,4.706
NiPdTaOx_pre,28.62,4.633
NiPdTaOx_pre,28.63,4.577
NiPdTaOx_pre,28.64,4.414
NiPdTaOx_pre,28.65,4.337
NiPdTaOx_pre,28.66,4.454
NiPdTaOx_pre,28.67,4.466
NiPdTaOx_pre,28.68,4.452
NiPdTaOx_pre,28.69,4.309
NiPdTaOx_pre,28.7,4.415
NiPdTaOx_pre,28.71,4.484
NiPdTaOx_pre,28.72,4.582
NiPdTaOx_pre,28.73,4.565
NiPdTaOx_pre,28.74,4.5
NiPdTaOx_pre,28.75,4.418
NiPdTaOx_pre,28.76,4.488
NiPdTaOx_pre,28.77,4.576
NiPdTaOx_pre,28.78,4.722
NiPdTaOx_pre,28.79,4.579
NiPdTaOx_pre,28.8,4.513
NiPdTaOx_pre,28.81,4.334
NiPdTaOx_pre,28.82,4.336
NiPdTaOx_pre,28.83,4.316
NiPdTaOx_pre,28.84,4.355
NiPdTaOx_pre,28.85,4.43
NiPdTaOx_pre,28.86,4.513
NiPdTaOx_pre,28.87,4.623
NiPdTaOx_pre,28.88,4.7
NiPdTaOx_pre,28.89,4.657
NiPdTaOx_pre,28.9,4.591
NiPdTaOx_pre,28.91,4.529
NiPdTaOx_pre,28.92,4.511
NiPdTaOx_pre,28.93,4.462
NiPdTaOx_pre,28.94,4.431
NiPdTaOx_pre,28.95,4.365
NiPdTaOx_pre,28.96,4.32
NiPdTaOx_pre,28.97,4.334
NiPdTaOx_pre,28.98,4.434
NiPdTaOx_pre,28.99,4.48
NiPdTaOx_pre,29.0,4.425
NiPdTaOx_pre,29.01,4.425
NiPdTaOx_pre,29.02,4.472
NiPdTaOx_pre,29.03,4.425
NiPdTaOx_pre,29.04,4.502
NiPdTaOx_pre,29.05,4.493
NiPdTaOx_pre,29.06,4.596
NiPdTaOx_pre,29.07,4.518
NiPdTaOx_pre,29.08,4.555
NiPdTaOx_pre,29.09,4.489
NiPdTaOx_pre,29.1,4.539
NiPdTaOx_pre,29.11,4.508
NiPdTaOx_pre,29.12,4.474
NiPdTaOx_pre,29.13,4.494
NiPdTaOx_pre,29.14,4.649
NiPdTaOx_pre,29.15,4.691
NiPdTaOx_pre,29.16,4.505
NiPdTaOx_pre,29.17,4.373
NiPdTaOx_pre,29.18,4.321
NiPdTaOx_pre,29.19,4.423
NiPdTaOx_pre,29.2,4.474
NiPdTaOx_pre,29.21,4.488
NiPdTaOx_pre,29.22,4.502
NiPdTaOx_pre,29.23,4.597
NiPdTaOx_pre,29.24,4.563
NiPdTaOx_pre,29.25,4.471
NiPdTaOx_pre,29.26,4.386
NiPdTaOx_pre,29.27,4.467
NiPdTaOx_pre,29.28,4.497
NiPdTaOx_pre,29.29,4.503
NiPdTaOx_pre,29.3,4.513
NiPdTaOx_pre,29.31,4.53
NiPdTaOx_pre,29.32,4.57
NiPdTaOx_pre,29.33,4.499
NiPdTaOx_pre,29.34,4.519
NiPdTaOx_pre,29.35,4.47
NiPdTaOx_pre,29.36,4.506
NiPdTaOx_pre,29.37,4.423
NiPdTaOx_pre,29.38,4.49
NiPdTaOx_pre,29.39,4.477
NiPdTaOx_pre,29.4,4.584
NiPdTaOx_pre,29.41,4.495
NiPdTaOx_pre,29.42,4.561
NiPdTaOx_pre,29.43,4.545
NiPdTaOx_pre,29.44,4.576
NiPdTaOx_pre,29.45,4.561
NiPdTaOx_pre,29.46,4.47
NiPdTaOx_pre,29.47,4.605
NiPdTaOx_pre,29.48,4.661
NiPdTaOx_pre,29.49,4.682
NiPdTaOx_pre,29.5,4.565
NiPdTaOx_pre,29.51,4.527
NiPdTaOx_pre,29.52,4.538
NiPdTaOx_pre,29.53,4.323
NiPdTaOx_pre,29.54,4.363
NiPdTaOx_pre,29.55,4.435
NiPdTaOx_pre,29.56,4.583
NiPdTaOx_pre,29.57,4.551
NiPdTaOx_pre,29.58,4.514
NiPdTaOx_pre,29.59,4.562
NiPdTaOx_pre,29.6,4.585
NiPdTaOx_pre,29.61,4.644
NiPdTaOx_pre,29.62,4.651
NiPdTaOx_pre,29.63,4.644
NiPdTaOx_pre,29.64,4.659
NiPdTaOx_pre,29.65,4.617
NiPdTaOx_pre,29.66,4.49
NiPdTaOx_pre,29.67,4.433
NiPdTaOx_pre,29.68,4.427
NiPdTaOx_pre,29.69,4.519
NiPdTaOx_pre,29.7,4.468
NiPdTaOx_pre,29.71,4.455
NiPdTaOx_pre,29.72,4.513
NiPdTaOx_pre,29.73,4.575
NiPdTaOx_pre,29.74,4.646
NiPdTaOx_pre,29.75,4.698
NiPdTaOx_pre,29.76,4.674
NiPdTaOx_pre,29.77,4.65
NiPdTaOx_pre,29.78,4.619
NiPdTaOx_pre,29.79,4.598
NiPdTaOx_pre,29.8,4.482
NiPdTaOx_pre,29.81,4.426
NiPdTaOx_pre,29.82,4.511
NiPdTaOx_pre,29.83,4.618
NiPdTaOx_pre,29.84,4.731
NiPdTaOx_pre,29.85,4.615
NiPdTaOx_pre,29.86,4.483
NiPdTaOx_pre,29.87,4.4
NiPdTaOx_pre,29.88,4.407
NiPdTaOx_pre,29.89,4.356
NiPdTaOx_pre,29.9,4.428
NiPdTaOx_pre,29.91,4.493
NiPdTaOx_pre,29.92,4.447
NiPdTaOx_pre,29.93,4.382
NiPdTaOx_pre,29.94,4.446
NiPdTaOx_pre,29.95,4.647
NiPdTaOx_pre,29.96,4.735
NiPdTaOx_pre,29.97,4.745
NiPdTaOx_pre,29.98,4.618
NiPdTaOx_pre,29.99,4.531
NiPdTaOx_pre,30.0,4.565
NiPdTaOx_pre,30.01,4.692
NiPdTaOx_pre,30.02,4.746
NiPdTaOx_pre,30.03,4.72
NiPdTaOx_pre,30.04,4.685
NiPdTaOx_pre,30.05,4.655
NiPdTaOx_pre,30.06,4.523
NiPdTaOx_pre,30.07,4.465
NiPdTaOx_pre,30.08,4.506
NiPdTaOx_pre,30.09,4.573
NiPdTaOx_pre,30.1,4.593
NiPdTaOx_pre,30.11,4.655
NiPdTaOx_pre,30.12,4.714
NiPdTaOx_pre,30.13,4.732
NiPdTaOx_pre,30.14,4.792
NiPdTaOx_pre,30.15,4.751
NiPdTaOx_pre,30.16,4.672
NiPdTaOx_pre,30.17,4.526
NiPdTaOx_pre,30.18,4.627
NiPdTaOx_pre,30.19,4.828
NiPdTaOx_pre,30.2,4.815
NiPdTaOx_pre,30.21,4.714
NiPdTaOx_pre,30.22,4.691
NiPdTaOx_pre,30.23,4.818
NiPdTaOx_pre,30.24,4.72
NiPdTaOx_pre,30.25,4.692
NiPdTaOx_pre,30.26,4.767
NiPdTaOx_pre,30.27,4.876
NiPdTaOx_pre,30.28,4.654
NiPdTaOx_pre,30.29,4.431
NiPdTaOx_pre,30.3,4.314
NiPdTaOx_pre,30.31,4.547
NiPdTaOx_pre,30.32,4.666
NiPdTaOx_pre,30.33,4.731
NiPdTaOx_pre,30.34,4.738
NiPdTaOx_pre,30.35,4.834
NiPdTaOx_pre,30.36,4.832
NiPdTaOx_pre,30.37,4.62
NiPdTaOx_pre,30.38,4.516
NiPdTaOx_pre,30.39,4.554
NiPdTaOx_pre,30.4,4.701
NiPdTaOx_pre,30.41,4.679
NiPdTaOx_pre,30.42,4.59
NiPdTaOx_pre,30.43,4.557
NiPdTaOx_pre,30.44,4.581
NiPdTaOx_pre,30.45,4.542
NiPdTaOx_pre,30.46,4.635
NiPdTaOx_pre,30.47,4.737
NiPdTaOx_pre,30.48,4.856
NiPdTaOx_pre,30.49,4.835
NiPdTaOx_pre,30.5,4.812
NiPdTaOx_pre,30.51,4.71
NiPdTaOx_pre,30.52,4.81
NiPdTaOx_pre,30.53,4.855
NiPdTaOx_pre,30.54,4.993
NiPdTaOx_pre,30.55,4.851
NiPdTaOx_pre,30.56,4.764
NiPdTaOx_pre,30.57,4.645
NiPdTaOx_pre,30.58,4.659
NiPdTaOx_pre,30.59,4.678
NiPdTaOx_pre,30.6,4.672
NiPdTaOx_pre,30.61,4.689
NiPdTaOx_pre,30.62,4.715
NiPdTaOx_pre,30.63,4.771
NiPdTaOx_pre,30.64,4.76
NiPdTaOx_pre,30.65,4.675
NiPdTaOx_pre,30.66,4.611
NiPdTaOx_pre,30.67,4.573
NiPdTaOx_pre,30.68,4.66
NiPdTaOx_pre,30.69,4.702
NiPdTaOx_pre,30.7,4.736
NiPdTaOx_pre,30.71,4.759
NiPdTaOx_pre,30.72,4.68
NiPdTaOx_pre,30.73,4.661
NiPdTaOx_pre,30.74,4.702
NiPdTaOx_pre,30.75,4.719
NiPdTaOx_pre,30.76,4.729
NiPdTaOx_pre,30.77,4.776
NiPdTaOx_pre,30.78,4.879
NiPdTaOx_pre,30.79,4.867
NiPdTaOx_pre,30.8,4.82
NiPdTaOx_pre,30.81,4.856
NiPdTaOx_pre,30.82,4.888
NiPdTaOx_pre,30.83,4.916
NiPdTaOx_pre,30.84,4.922
NiPdTaOx_pre,30.85,4.81
NiPdTaOx_pre,30.86,4.863
NiPdTaOx_pre,30.87,4.949
NiPdTaOx_pre,30.88,4.944
NiPdTaOx_pre,30.89,4.814
NiPdTaOx_pre,30.9,4.793
NiPdTaOx_pre,30.91,4.822
NiPdTaOx_pre,30.92,4.863
NiPdTaOx_pre,30.93,4.864
NiPdTaOx_pre,30.94,4.785
NiPdTaOx_pre,30.95,4.677
NiPdTaOx_pre,30.96,4.65
NiPdTaOx_pre,30.97,4.738
NiPdTaOx_pre,30.98,4.855
NiPdTaOx_pre,30.99,4.898
NiPdTaOx_pre,31.0,4.858
NiPdTaOx_pre,31.01,4.899
NiPdTaOx_pre,31.02,5.008
NiPdTaOx_pre,31.03,5.023
NiPdTaOx_pre,31.04,5.022
NiPdTaOx_pre,31.05,4.963
NiPdTaOx_pre,31.06,4.978
NiPdTaOx_pre,31.07,4.904
NiPdTaOx_pre,31.08,4.843
NiPdTaOx_pre,31.09,4.862
NiPdTaOx_pre,31.1,4.761
NiPdTaOx_pre,31.11,4.652
NiPdTaOx_pre,31.12,4.638
NiPdTaOx_pre,31.13,4.76
NiPdTaOx_pre,31.14,4.884
NiPdTaOx_pre,31.15,4.773
NiPdTaOx_pre,31.16,4.621
NiPdTaOx_pre,31.17,4.545
NiPdTaOx_pre,31.18,4.72
NiPdTaOx_pre,31.19,4.833
NiPdTaOx_pre,31.2,4.853
NiPdTaOx_pre,31.21,4.793
NiPdTaOx_pre,31.22,4.788
NiPdTaOx_pre,31.23,4.883
NiPdTaOx_pre,31.24,4.945
NiPdTaOx_pre,31.25,5.032
NiPdTaOx_pre,31.26,4.97
NiPdTaOx_pre,31.27,4.937
NiPdTaOx_pre,31.28,4.844
NiPdTaOx_pre,31.29,4.848
NiPdTaOx_pre,31.3,4.896
NiPdTaOx_pre,31.31,4.99
NiPdTaOx_pre,31.32,4.957
NiPdTaOx_pre,31.33,4.805
NiPdTaOx_pre,31.34,4.872
NiPdTaOx_pre,31.35,5.017
NiPdTaOx_pre,31.36,5.113
NiPdTaOx_pre,31.37,4.968
NiPdTaOx_pre,31.38,4.833
NiPdTaOx_pre,31.39,4.76
NiPdTaOx_pre,31.4,4.744
NiPdTaOx_pre,31.41,4.858
NiPdTaOx_pre,31.42,4.91
NiPdTaOx_pre,31.43,4.932
NiPdTaOx_pre,31.44,4.98
NiPdTaOx_pre,31.45,4.96
NiPdTaOx_pre,31.46,4.95
NiPdTaOx_pre,31.47,4.923
NiPdTaOx_pre,31.48,4.94
NiPdTaOx_pre,31.49,4.959
NiPdTaOx_pre,31.5,4.902
NiPdTaOx_pre,31.51,4.931
NiPdTaOx_pre,31.52,4.889
NiPdTaOx_pre,31.53,4.906
NiPdTaOx_pre,31.54,4.786
NiPdTaOx_pre,31.55,4.776
NiPdTaOx_pre,31.56,4.854
NiPdTaOx_pre,31.57,4.949
NiPdTaOx_pre,31.58,4.786
NiPdTaOx_pre,31.59,4.797
NiPdTaOx_pre,31.6,4.816
NiPdTaOx_pre,31.61,4.85
NiPdTaOx_pre,31.62,4.74
NiPdTaOx_pre,31.63,4.76
NiPdTaOx_pre,31.64,4.859
NiPdTaOx_pre,31.65,4.826
NiPdTaOx_pre,31.66,4.894
NiPdTaOx_pre,31.67,4.951
NiPdTaOx_pre,31.68,5.161
NiPdTaOx_pre,31.69,5.15
NiPdTaOx_pre,31.7,5.13
NiPdTaOx_pre,31.71,4.999
NiPdTaOx_pre,31.72,5.012
NiPdTaOx_pre,31.73,4.95
NiPdTaOx_pre,31.74,4.875
NiPdTaOx_pre,31.75,4.933
NiPdTaOx_pre,31.76,5.11
NiPdTaOx_pre,31.77,5.154
NiPdTaOx_pre,31.78,5.043
NiPdTaOx_pre,31.79,4.953
NiPdTaOx_pre,31.8,5.012
NiPdTaOx_pre,31.81,4.94
NiPdTaOx_pre,31.82,4.841
NiPdTaOx_pre,31.83,4.726
NiPdTaOx_pre,31.84,4.802
NiPdTaOx_pre,31.85,4.89
NiPdTaOx_pre,31.86,4.888
NiPdTaOx_pre,31.87,4.85
NiPdTaOx_pre,31.88,4.892
NiPdTaOx_pre,31.89,5.002
NiPdTaOx_pre,31.9,5.055
NiPdTaOx_pre,31.91,5.004
NiPdTaOx_pre,31.92,4.925
NiPdTaOx_pre,31.93,4.935
NiPdTaOx_pre,31.94,4.918
NiPdTaOx_pre,31.95,4.982
NiPdTaOx_pre,31.96,5.056
NiPdTaOx_pre,31.97,5.08
NiPdTaOx_pre,31.98,4.974
NiPdTaOx_pre,31.99,4.918
NiPdTaOx_pre,32.0,4.956
NiPdTaOx_pre,32.01,4.935
NiPdTaOx_pre,32.02,4.927
NiPdTaOx_pre,32.03,4.825
NiPdTaOx_pre,32.04,4.857
NiPdTaOx_pre,32.05,4.929
NiPdTaOx_pre,32.06,5.085
NiPdTaOx_pre,32.07,4.972
NiPdTaOx_pre,32.08,4.931
NiPdTaOx_pre,32.09,5.033
NiPdTaOx_pre,32.1,5.239
NiPdTaOx_pre,32.11,5.208
NiPdTaOx_pre,32.12,5.142
NiPdTaOx_pre,32.13,5.117
NiPdTaOx_pre,32.14,5.171
NiPdTaOx_pre,32.15,5.148
NiPdTaOx_pre,32.16,5.169
NiPdTaOx_pre,32.17,5.088
NiPdTaOx_pre,32.18,5.155
NiPdTaOx_pre,32.19,5.136
NiPdTaOx_pre,32.2,5.138
NiPdTaOx_pre,32.21,5.004
NiPdTaOx_pre,32.22,5.02
NiPdTaOx_pre,32.23,4.997
NiPdTaOx_pre,32.24,4.96
NiPdTaOx_pre,32.25,4.848
NiPdTaOx_pre,32.26,4.835
NiPdTaOx_pre,32.27,4.881
NiPdTaOx_pre,32.28,4.982
NiPdTaOx_pre,32.29,5.004
NiPdTaOx_pre,32.3,5.015
NiPdTaOx_pre,32.31,4.987
NiPdTaOx_pre,32.32,5.032
NiPdTaOx_pre,32.33,5.141
NiPdTaOx_pre,32.34,5.129
NiPdTaOx_pre,32.35,5.087
NiPdTaOx_pre,32.36,5.008
NiPdTaOx_pre,32.37,5.054
NiPdTaOx_pre,32.38,4.928
NiPdTaOx_pre,32.39,4.847
NiPdTaOx_pre,32.4,4.797
NiPdTaOx_pre,32.41,4.919
NiPdTaOx_pre,32.42,5.048
NiPdTaOx_pre,32.43,5.088
NiPdTaOx_pre,32.44,5.109
NiPdTaOx_pre,32.45,5.149
NiPdTaOx_pre,32.46,5.14
NiPdTaOx_pre,32.47,5.131
NiPdTaOx_pre,32.48,5.059
NiPdTaOx_pre,32.49,5.034
NiPdTaOx_pre,32.5,4.975
NiPdTaOx_pre,32.51,4.86
NiPdTaOx_pre,32.52,4.78
NiPdTaOx_pre,32.53,4.807
NiPdTaOx_pre,32.54,4.905
NiPdTaOx_pre,32.55,4.96
NiPdTaOx_pre,32.56,5.063
NiPdTaOx_pre,32.57,5.155
NiPdTaOx_pre,32.58,5.216
NiPdTaOx_pre,32.59,5.178
NiPdTaOx_pre,32.6,5.147
NiPdTaOx_pre,32.61,5.159
NiPdTaOx_pre,32.62,5.281
NiPdTaOx_pre,32.63,5.221
NiPdTaOx_pre,32.64,5.224
NiPdTaOx_pre,32.65,5.202
NiPdTaOx_pre,32.66,5.223
NiPdTaOx_pre,32.67,5.153
NiPdTaOx_pre,32.68,5.002
NiPdTaOx_pre,32.69,4.984
NiPdTaOx_pre,32.7,4.974
NiPdTaOx_pre,32.71,4.965
NiPdTaOx_pre,32.72,4.931
NiPdTaOx_pre,32.73,5.084
NiPdTaOx_pre,32.74,5.023
NiPdTaOx_pre,32.75,4.79
NiPdTaOx_pre,32.76,4.659
NiPdTaOx_pre,32.77,4.899
NiPdTaOx_pre,32.78,5.103
NiPdTaOx_pre,32.79,5.155
NiPdTaOx_pre,32.8,4.947
NiPdTaOx_pre,32.81,4.959
NiPdTaOx_pre,32.82,5.011
NiPdTaOx_pre,32.83,5.142
NiPdTaOx_pre,32.84,4.998
NiPdTaOx_pre,32.85,4.869
NiPdTaOx_pre,32.86,4.787
NiPdTaOx_pre,32.87,4.929
NiPdTaOx_pre,32.88,4.966
NiPdTaOx_pre,32.89,4.959
NiPdTaOx_pre,32.9,4.915
NiPdTaOx_pre,32.91,4.938
NiPdTaOx_pre,32.92,5.031
NiPdTaOx_pre,32.93,5.054
NiPdTaOx_pre,32.94,5.062
NiPdTaOx_pre,32.95,5.045
NiPdTaOx_pre,32.96,5.082
NiPdTaOx_pre,32.97,4.963
NiPdTaOx_pre,32.98,4.884
NiPdTaOx_pre,32.99,4.982
NiPdTaOx_pre,33.0,5.089
NiPdTaOx_pre,33.01,5.111
NiPdTaOx_pre,33.02,5.053
NiPdTaOx_pre,33.03,5.13
NiPdTaOx_pre,33.04,5.27
NiPdTaOx_pre,33.05,5.27
NiPdTaOx_pre,33.06,5.126
NiPdTaOx_pre,33.07,4.947
NiPdTaOx_pre,33.08,4.923
NiPdTaOx_pre,33.09,5.106
NiPdTaOx_pre,33.1,5.198
NiPdTaOx_pre,33.11,5.105
NiPdTaOx_pre,33.12,4.974
NiPdTaOx_pre,33.13,4.912
NiPdTaOx_pre,33.14,4.958
NiPdTaOx_pre,33.15,5.138
NiPdTaOx_pre,33.16,5.134
NiPdTaOx_pre,33.17,5.083
NiPdTaOx_pre,33.18,4.97
NiPdTaOx_pre,33.19,4.899
NiPdTaOx_pre,33.2,4.839
NiPdTaOx_pre,33.21,4.792
NiPdTaOx_pre,33.22,4.936
NiPdTaOx_pre,33.23,5.118
NiPdTaOx_pre,33.24,5.225
NiPdTaOx_pre,33.25,5.384
NiPdTaOx_pre,33.26,5.283
NiPdTaOx_pre,33.27,5.212
NiPdTaOx_pre,33.28,5.104
NiPdTaOx_pre,33.29,5.106
NiPdTaOx_pre,33.3,5.228
NiPdTaOx_pre,33.31,5.177
NiPdTaOx_pre,33.32,5.237
NiPdTaOx_pre,33.33,5.142
NiPdTaOx_pre,33.34,5.163
NiPdTaOx_pre,33.35,5.104
NiPdTaOx_pre,33.36,5.105
NiPdTaOx_pre,33.37,5.091
NiPdTaOx_pre,33.38,4.995
NiPdTaOx_pre,33.39,4.88
NiPdTaOx_pre,33.4,4.922
NiPdTaOx_pre,33.41,5.037
NiPdTaOx_pre,33.42,5.05
NiPdTaOx_pre,33.43,5.034
NiPdTaOx_pre,33.44,5.114
NiPdTaOx_pre,33.45,5.155
NiPdTaOx_pre,33.46,4.975
NiPdTaOx_pre,33.47,5.095
NiPdTaOx_pre,33.48,5.306
NiPdTaOx_pre,33.49,5.514
NiPdTaOx_pre,33.5,5.319
NiPdTaOx_pre,33.51,5.049
NiPdTaOx_pre,33.52,4.999
NiPdTaOx_pre,33.53,4.994
NiPdTaOx_pre,33.54,4.998
NiPdTaOx_pre,33.55,4.937
NiPdTaOx_pre,33.56,5.074
NiPdTaOx_pre,33.57,5.03
NiPdTaOx_pre,33.58,5.064
NiPdTaOx_pre,33.59,5.047
NiPdTaOx_pre,33.6,5.031
NiPdTaOx_pre,33.61,5.051
NiPdTaOx_pre,33.62,5.106
NiPdTaOx_pre,33.63,5.125
NiPdTaOx_pre,33.64,5.011
NiPdTaOx_pre,33.65,4.956
NiPdTaOx_pre,33.66,4.938
NiPdTaOx_pre,33.67,4.941
NiPdTaOx_pre,33.68,4.852
NiPdTaOx_pre,33.69,4.947
NiPdTaOx_pre,33.7,5.038
NiPdTaOx_pre,33.71,5.124
NiPdTaOx_pre,33.72,5.04
NiPdTaOx_pre,33.73,4.889
NiPdTaOx_pre,33.74,4.915
NiPdTaOx_pre,33.75,4.976
NiPdTaOx_pre,33.76,5.076
NiPdTaOx_pre,33.77,5.131
NiPdTaOx_pre,33.78,5.127
NiPdTaOx_pre,33.79,5.144
NiPdTaOx_pre,33.8,5.057
NiPdTaOx_pre,33.81,5.042
NiPdTaOx_pre,33.82,4.945
NiPdTaOx_pre,33.83,4.984
NiPdTaOx_pre,33.84,4.948
NiPdTaOx_pre,33.85,5.054
NiPdTaOx_pre,33.86,5.037
NiPdTaOx_pre,33.87,5.024
NiPdTaOx_pre,33.88,4.86
NiPdTaOx_pre,33.89,4.862
NiPdTaOx_pre,33.9,4.969
NiPdTaOx_pre,33.91,4.981
NiPdTaOx_pre,33.92,5.056
NiPdTaOx_pre,33.93,5.111
NiPdTaOx_pre,33.94,5.191
NiPdTaOx_pre,33.95,5.094
NiPdTaOx_pre,33.96,5.067
NiPdTaOx_pre,33.97,5.017
NiPdTaOx_pre,33.98,4.989
NiPdTaOx_pre,33.99,4.909
NiPdTaOx_pre,34.0,4.847
NiPdTaOx_pre,34.01,4.787
NiPdTaOx_pre,34.02,4.763
NiPdTaOx_pre,34.03,5.022
NiPdTaOx_pre,34.04,5.179
NiPdTaOx_pre,34.05,5.109
NiPdTaOx_pre,34.06,4.93
NiPdTaOx_pre,34.07,4.829
NiPdTaOx_pre,34.08,5.002
NiPdTaOx_pre,34.09,5.127
NiPdTaOx_pre,34.1,5.161
NiPdTaOx_pre,34.11,5.091
NiPdTaOx_pre,34.12,5.026
NiPdTaOx_pre,34.13,5.033
NiPdTaOx_pre,34.14,5.086
NiPdTaOx_pre,34.15,5.165
NiPdTaOx_pre,34.16,5.303
NiPdTaOx_pre,34.17,5.24
NiPdTaOx_pre,34.18,5.147
NiPdTaOx_pre,34.19,4.877
NiPdTaOx_pre,34.2,4.732
NiPdTaOx_pre,34.21,4.618
NiPdTaOx_pre,34.22,4.755
NiPdTaOx_pre,34.23,4.769
NiPdTaOx_pre,34.24,4.891
NiPdTaOx_pre,34.25,5.056
NiPdTaOx_pre,34.26,5.19
NiPdTaOx_pre,34.27,5.232
NiPdTaOx_pre,34.28,5.108
NiPdTaOx_pre,34.29,5.081
NiPdTaOx_pre,34.3,5.068
NiPdTaOx_pre,34.31,4.984
NiPdTaOx_pre,34.32,4.835
NiPdTaOx_pre,34.33,4.671
NiPdTaOx_pre,34.34,4.64
NiPdTaOx_pre,34.35,4.677
NiPdTaOx_pre,34.36,4.749
NiPdTaOx_pre,34.37,4.608
NiPdTaOx_pre,34.38,4.632
NiPdTaOx_pre,34.39,4.737
NiPdTaOx_pre,34.4,4.958
NiPdTaOx_pre,34.41,5.007
NiPdTaOx_pre,34.42,4.993
NiPdTaOx_pre,34.43,5.023
NiPdTaOx_pre,34.44,4.968
NiPdTaOx_pre,34.45,5.009
NiPdTaOx_pre,34.46,4.94
NiPdTaOx_pre,34.47,4.953
NiPdTaOx_pre,34.48,4.872
NiPdTaOx_pre,34.49,4.855
NiPdTaOx_pre,34.5,4.89
NiPdTaOx_pre,34.51,4.916
NiPdTaOx_pre,34.52,5.016
NiPdTaOx_pre,34.53,4.913
NiPdTaOx_pre,34.54,4.846
NiPdTaOx_pre,34.55,4.641
NiPdTaOx_pre,34.56,4.616
NiPdTaOx_pre,34.57,4.701
NiPdTaOx_pre,34.58,4.845
NiPdTaOx_pre,34.59,4.891
NiPdTaOx_pre,34.6,4.769
NiPdTaOx_pre,34.61,4.747
NiPdTaOx_pre,34.62,4.789
NiPdTaOx_pre,34.63,4.871
NiPdTaOx_pre,34.64,4.85
NiPdTaOx_pre,34.65,4.817
NiPdTaOx_pre,34.66,4.681
NiPdTaOx_pre,34.67,4.581
NiPdTaOx_pre,34.68,4.614
NiPdTaOx_pre,34.69,4.717
NiPdTaOx_pre,34.7,4.751
NiPdTaOx_pre,34.71,4.801
NiPdTaOx_pre,34.72,4.767
NiPdTaOx_pre,34.73,4.87
NiPdTaOx_pre,34.74,4.81
NiPdTaOx_pre,34.75,4.757
NiPdTaOx_pre,34.76,4.668
NiPdTaOx_pre,34.77,4.685
NiPdTaOx_pre,34.78,4.701
NiPdTaOx_pre,34.79,4.563
NiPdTaOx_pre,34.8,4.678
NiPdTaOx_pre,34.81,4.778
NiPdTaOx_pre,34.82,4.919
NiPdTaOx_pre,34.83,4.832
NiPdTaOx_pre,34.84,4.803
NiPdTaOx_pre,34.85,4.741
NiPdTaOx_pre,34.86,4.735
NiPdTaOx_pre,34.87,4.809
NiPdTaOx_pre,34.88,4.876
NiPdTaOx_pre,34.89,4.843
NiPdTaOx_pre,34.9,4.8
NiPdTaOx_pre,34.91,4.777
NiPdTaOx_pre,34.92,4.819
NiPdTaOx_pre,34.93,4.756
NiPdTaOx_pre,34.94,4.642
NiPdTaOx_pre,34.95,4.594
NiPdTaOx_pre,34.96,4.649
NiPdTaOx_pre,34.97,4.727
NiPdTaOx_pre,34.98,4.715
NiPdTaOx_pre,34.99,4.684
NiPdTaOx_pre,35.0,4.783
NiPdTaOx_pre,35.01,4.851
NiPdTaOx_pre,35.02,4.825
NiPdTaOx_pre,35.03,4.664
NiPdTaOx_pre,35.04,4.555
NiPdTaOx_pre,35.05,4.583
NiPdTaOx_pre,35.06,4.623
NiPdTaOx_pre,35.07,4.665
NiPdTaOx_pre,35.08,4.636
NiPdTaOx_pre,35.09,4.714
NiPdTaOx_pre,35.1,4.78
NiPdTaOx_pre,35.11,4.862
NiPdTaOx_pre,35.12,4.826
NiPdTaOx_pre,35.13,4.759
NiPdTaOx_pre,35.14,4.735
NiPdTaOx_pre,35.15,4.688
NiPdTaOx_pre,35.16,4.703
NiPdTaOx_pre,35.17,4.722
NiPdTaOx_pre,35.18,4.872
NiPdTaOx_pre,35.19,4.899
NiPdTaOx_pre,35.2,4.732
NiPdTaOx_pre,35.21,4.661
NiPdTaOx_pre,35.22,4.633
NiPdTaOx_pre,35.23,4.791
NiPdTaOx_pre,35.24,4.796
NiPdTaOx_pre,35.25,4.795
NiPdTaOx_pre,35.26,4.835
NiPdTaOx_pre,35.27,4.976
NiPdTaOx_pre,35.28,4.934
NiPdTaOx_pre,35.29,4.769
NiPdTaOx_pre,35.3,4.506
NiPdTaOx_pre,35.31,4.543
NiPdTaOx_pre,35.32,4.679
NiPdTaOx_pre,35.33,4.848
NiPdTaOx_pre,35.34,4.798
NiPdTaOx_pre,35.35,4.72
NiPdTaOx_pre,35.36,4.754
NiPdTaOx_pre,35.37,4.84
NiPdTaOx_pre,35.38,4.794
NiPdTaOx_pre,35.39,4.737
NiPdTaOx_pre,35.4,4.599
NiPdTaOx_pre,35.41,4.564
NiPdTaOx_pre,35.42,4.415
NiPdTaOx_pre,35.43,4.425
NiPdTaOx_pre,35.44,4.406
NiPdTaOx_pre,35.45,4.468
NiPdTaOx_pre,35.46,4.61
NiPdTaOx_pre,35.47,4.711
NiPdTaOx_pre,35.48,4.8
NiPdTaOx_pre,35.49,4.904
NiPdTaOx_pre,35.5,4.815
NiPdTaOx_pre,35.51,4.657
NiPdTaOx_pre,35.52,4.496
NiPdTaOx_pre,35.53,4.631
NiPdTaOx_pre,35.54,4.668
NiPdTaOx_pre,35.55,4.718
NiPdTaOx_pre,35.56,4.646
NiPdTaOx_pre,35.57,4.622
NiPdTaOx_pre,35.58,4.563
NiPdTaOx_pre,35.59,4.625
NiPdTaOx_pre,35.6,4.669
NiPdTaOx_pre,35.61,4.648
NiPdTaOx_pre,35.62,4.596
NiPdTaOx_pre,35.63,4.573
NiPdTaOx_pre,35.64,4.539
NiPdTaOx_pre,35.65,4.551
NiPdTaOx_pre,35.66,4.694
NiPdTaOx_pre,35.67,4.75
NiPdTaOx_pre,35.68,4.752
NiPdTaOx_pre,35.69,4.676
NiPdTaOx_pre,35.7,4.729
NiPdTaOx_pre,35.71,4.778
NiPdTaOx_pre,35.72,4.747
NiPdTaOx_pre,35.73,4.541
NiPdTaOx_pre,35.74,4.403
NiPdTaOx_pre,35.75,4.445
NiPdTaOx_pre,35.76,4.625
NiPdTaOx_pre,35.77,4.634
NiPdTaOx_pre,35.78,4.665
NiPdTaOx_pre,35.79,4.532
NiPdTaOx_pre,35.8,4.535
NiPdTaOx_pre,35.81,4.492
NiPdTaOx_pre,35.82,4.476
NiPdTaOx_pre,35.83,4.435
NiPdTaOx_pre,35.84,4.443
NiPdTaOx_pre,35.85,4.522
NiPdTaOx_pre,35.86,4.636
NiPdTaOx_pre,35.87,4.652
NiPdTaOx_pre,35.88,4.633
NiPdTaOx_pre,35.89,4.649
NiPdTaOx_pre,35.9,4.623
NiPdTaOx_pre,35.91,4.61
NiPdTaOx_pre,35.92,4.524
NiPdTaOx_pre,35.93,4.535
NiPdTaOx_pre,35.94,4.466
NiPdTaOx_pre,35.95,4.452
NiPdTaOx_pre,35.96,4.48
NiPdTaOx_pre,35.97,4.533
NiPdTaOx_pre,35.98,4.604
NiPdTaOx_pre,35.99,4.588
NiPdTaOx_pre,36.0,4.531
NiPdTaOx_pre,36.01,4.467
NiPdTaOx_pre,36.02,4.458
NiPdTaOx_pre,36.03,4.516
NiPdTaOx_pre,36.04,4.551
NiPdTaOx_pre,36.05,4.779
NiPdTaOx_pre,36.06,4.79
NiPdTaOx_pre,36.07,4.699
NiPdTaOx_pre,36.08,4.517
NiPdTaOx_pre,36.09,4.43
NiPdTaOx_pre,36.1,4.5
NiPdTaOx_pre,36.11,4.511
NiPdTaOx_pre,36.12,4.549
NiPdTaOx_pre,36.13,4.518
NiPdTaOx_pre,36.14,4.568
NiPdTaOx_pre,36.15,4.549
NiPdTaOx_pre,36.16,4.573
NiPdTaOx_pre,36.17,4.667
NiPdTaOx_pre,36.18,4.692
NiPdTaOx_pre,36.19,4.675
NiPdTaOx_pre,36.2,4.571
NiPdTaOx_pre,36.21,4.544
NiPdTaOx_pre,36.22,4.371
NiPdTaOx_pre,36.23,4.358
NiPdTaOx_pre,36.24,4.357
NiPdTaOx_pre,36.25,4.485
NiPdTaOx_pre,36.26,4.525
NiPdTaOx_pre,36.27,4.52
NiPdTaOx_pre,36.28,4.531
NiPdTaOx_pre,36.29,4.528
NiPdTaOx_pre,36.3,4.702
NiPdTaOx_pre,36.31,4.648
NiPdTaOx_pre,36.32,4.716
NiPdTaOx_pre,36.33,4.726
NiPdTaOx_pre,36.34,4.89
NiPdTaOx_pre,36.35,4.757
NiPdTaOx_pre,36.36,4.539
NiPdTaOx_pre,36.37,4.44
NiPdTaOx_pre,36.38,4.554
NiPdTaOx_pre,36.39,4.775
NiPdTaOx_pre,36.4,4.844
NiPdTaOx_pre,36.41,4.758
NiPdTaOx_pre,36.42,4.658
NiPdTaOx_pre,36.43,4.616
NiPdTaOx_pre,36.44,4.614
NiPdTaOx_pre,36.45,4.642
NiPdTaOx_pre,36.46,4.702
NiPdTaOx_pre,36.47,4.683
NiPdTaOx_pre,36.48,4.705
NiPdTaOx_pre,36.49,4.686
NiPdTaOx_pre,36.5,4.656
NiPdTaOx_pre,36.51,4.555
NiPdTaOx_pre,36.52,4.489
NiPdTaOx_pre,36.53,4.573
NiPdTaOx_pre,36.54,4.583
NiPdTaOx_pre,36.55,4.642
NiPdTaOx_pre,36.56,4.595
NiPdTaOx_pre,36.57,4.705
NiPdTaOx_pre,36.58,4.638
NiPdTaOx_pre,36.59,4.478
NiPdTaOx_pre,36.6,4.37
NiPdTaOx_pre,36.61,4.417
NiPdTaOx_pre,36.62,4.546
NiPdTaOx_pre,36.63,4.621
NiPdTaOx_pre,36.64,4.674
NiPdTaOx_pre,36.65,4.771
NiPdTaOx_pre,36.66,4.786
NiPdTaOx_pre,36.67,4.651
NiPdTaOx_pre,36.68,4.623
NiPdTaOx_pre,36.69,4.707
NiPdTaOx_pre,36.7,4.677
NiPdTaOx_pre,36.71,4.594
NiPdTaOx_pre,36.72,4.738
NiPdTaOx_pre,36.73,4.784
NiPdTaOx_pre,36.74,4.693
NiPdTaOx_pre,36.75,4.532
NiPdTaOx_pre,36.76,4.58
NiPdTaOx_pre,36.77,4.531
NiPdTaOx_pre,36.78,4.519
NiPdTaOx_pre,36.79,4.587
NiPdTaOx_pre,36.8,4.74
NiPdTaOx_pre,36.81,4.772
NiPdTaOx_pre,36.82,4.721
NiPdTaOx_pre,36.83,4.56
NiPdTaOx_pre,36.84,4.632
NiPdTaOx_pre,36.85,4.855
NiPdTaOx_pre,36.86,5.037
NiPdTaOx_pre,36.87,4.955
NiPdTaOx_pre,36.88,4.679
NiPdTaOx_pre,36.89,4.632
NiPdTaOx_pre,36.9,4.621
NiPdTaOx_pre,36.91,4.628
NiPdTaOx_pre,36.92,4.588
NiPdTaOx_pre,36.93,4.645
NiPdTaOx_pre,36.94,4.778
NiPdTaOx_pre,36.95,4.85
NiPdTaOx_pre,36.96,4.789
NiPdTaOx_pre,36.97,4.794
NiPdTaOx_pre,36.98,4.657
NiPdTaOx_pre,36.99,4.813
NiPdTaOx_pre,37.0,4.856
NiPdTaOx_pre,37.01,4.972
NiPdTaOx_pre,37.02,4.752
NiPdTaOx_pre,37.03,4.651
NiPdTaOx_pre,37.04,4.699
NiPdTaOx_pre,37.05,4.776
NiPdTaOx_pre,37.06,4.896
NiPdTaOx_pre,37.07,4.874
NiPdTaOx_pre,37.08,4.904
NiPdTaOx_pre,37.09,4.863
NiPdTaOx_pre,37.1,4.884
NiPdTaOx_pre,37.11,4.855
NiPdTaOx_pre,37.12,4.864
NiPdTaOx_pre,37.13,4.898
NiPdTaOx_pre,37.14,4.957
NiPdTaOx_pre,37.15,4.79
NiPdTaOx_pre,37.16,4.657
NiPdTaOx_pre,37.17,4.647
NiPdTaOx_pre,37.18,4.843
NiPdTaOx_pre,37.19,4.923
NiPdTaOx_pre,37.2,4.917
NiPdTaOx_pre,37.21,4.854
NiPdTaOx_pre,37.22,4.886
NiPdTaOx_pre,37.23,5.0
NiPdTaOx_pre,37.24,5.09
NiPdTaOx_pre,37.25,4.986
NiPdTaOx_pre,37.26,4.963
NiPdTaOx_pre,37.27,5.074
NiPdTaOx_pre,37.28,5.163
NiPdTaOx_pre,37.29,5.179
NiPdTaOx_pre,37.3,5.071
NiPdTaOx_pre,37.31,5.219
NiPdTaOx_pre,37.32,5.278
NiPdTaOx_pre,37.33,5.364
NiPdTaOx_pre,37.34,5.309
NiPdTaOx_pre,37.35,5.195
NiPdTaOx_pre,37.36,5.137
NiPdTaOx_pre,37.37,5.189
NiPdTaOx_pre,37.38,5.315
NiPdTaOx_pre,37.39,5.227
NiPdTaOx_pre,37.4,5.14
NiPdTaOx_pre,37.41,5.186
NiPdTaOx_pre,37.42,5.277
NiPdTaOx_pre,37.43,5.296
NiPdTaOx_pre,37.44,5.401
NiPdTaOx_pre,37.45,5.557
NiPdTaOx_pre,37.46,5.646
NiPdTaOx_pre,37.47,5.612
NiPdTaOx_pre,37.48,5.663
NiPdTaOx_pre,37.49,5.693
NiPdTaOx_pre,37.5,5.836
NiPdTaOx_pre,37.51,6.007
NiPdTaOx_pre,37.52,6.037
NiPdTaOx_pre,37.53,5.883
NiPdTaOx_pre,37.54,5.789
NiPdTaOx_pre,37.55,5.721
NiPdTaOx_pre,37.56,5.837
NiPdTaOx_pre,37.57,5.928
NiPdTaOx_pre,37.58,5.967
NiPdTaOx_pre,37.59,5.951
NiPdTaOx_pre,37.6,5.956
NiPdTaOx_pre,37.61,5.936
NiPdTaOx_pre,37.62,5.824
NiPdTaOx_pre,37.63,5.771
NiPdTaOx_pre,37.64,6.008
NiPdTaOx_pre,37.65,6.151
NiPdTaOx_pre,37.66,6.072
NiPdTaOx_pre,37.67,5.98
NiPdTaOx_pre,37.68,6.127
NiPdTaOx_pre,37.69,6.259
NiPdTaOx_pre,37.7,6.253
NiPdTaOx_pre,37.71,6.155
NiPdTaOx_pre,37.72,6.249
NiPdTaOx_pre,37.73,6.475
NiPdTaOx_pre,37.74,6.553
NiPdTaOx_pre,37.75,6.534
NiPdTaOx_pre,37.76,6.478
NiPdTaOx_pre,37.77,6.507
NiPdTaOx_pre,37.78,6.594
NiPdTaOx_pre,37.79,6.62
NiPdTaOx_pre,37.8,6.59
NiPdTaOx_pre,37.81,6.623
NiPdTaOx_pre,37.82,6.849
NiPdTaOx_pre,37.83,6.915
NiPdTaOx_pre,37.84,7.044
NiPdTaOx_pre,37.85,6.926
NiPdTaOx_pre,37.86,6.966
NiPdTaOx_pre,37.87,7.1
NiPdTaOx_pre,37.88,7.262
NiPdTaOx_pre,37.89,7.283
NiPdTaOx_pre,37.9,7.169
NiPdTaOx_pre,37.91,7.232
NiPdTaOx_pre,37.92,7.423
NiPdTaOx_pre,37.93,7.516
NiPdTaOx_pre,37.94,7.501
NiPdTaOx_pre,37.95,7.617
NiPdTaOx_pre,37.96,7.836
NiPdTaOx_pre,37.97,7.842
NiPdTaOx_pre,37.98,7.863
NiPdTaOx_pre,37.99,7.92
NiPdTaOx_pre,38.0,7.971
NiPdTaOx_pre,38.01,7.982
NiPdTaOx_pre,38.02,7.93
NiPdTaOx_pre,38.03,7.947
NiPdTaOx_pre,38.04,7.988
NiPdTaOx_pre,38.05,8.053
NiPdTaOx_pre,38.06,8.371
NiPdTaOx_pre,38.07,8.508
NiPdTaOx_pre,38.08,8.597
NiPdTaOx_pre,38.09,8.624
NiPdTaOx_pre,38.1,8.747
NiPdTaOx_pre,38.11,8.686
NiPdTaOx_pre,38.12,8.799
NiPdTaOx_pre,38.13,8.797
NiPdTaOx_pre,38.14,8.908
NiPdTaOx_pre,38.15,8.973
NiPdTaOx_pre,38.16,9.092
NiPdTaOx_pre,38.17,9.432
NiPdTaOx_pre,38.18,9.47
NiPdTaOx_pre,38.19,9.537
NiPdTaOx_pre,38.2,9.597
NiPdTaOx_pre,38.21,9.837
NiPdTaOx_pre,38.22,9.875
NiPdTaOx_pre,38.23,10.021
NiPdTaOx_pre,38.24,10.124
NiPdTaOx_pre,38.25,10.183
NiPdTaOx_pre,38.26,10.266
NiPdTaOx_pre,38.27,10.293
NiPdTaOx_pre,38.28,10.474
NiPdTaOx_pre,38.29,10.58
NiPdTaOx_pre,38.3,10.614
NiPdTaOx_pre,38.31,10.77
NiPdTaOx_pre,38.32,10.92
NiPdTaOx_pre,38.33,11.132
NiPdTaOx_pre,38.34,11.315
NiPdTaOx_pre,38.35,11.536
NiPdTaOx_pre,38.36,11.565
NiPdTaOx_pre,38.37,11.651
NiPdTaOx_pre,38.38,11.689
NiPdTaOx_pre,38.39,11.839
NiPdTaOx_pre,38.4,11.963
NiPdTaOx_pre,38.41,11.926
NiPdTaOx_pre,38.42,12.06
NiPdTaOx_pre,38.43,12.415
NiPdTaOx_pre,38.44,12.486
NiPdTaOx_pre,38.45,12.724
NiPdTaOx_pre,38.46,12.888
NiPdTaOx_pre,38.47,13.099
NiPdTaOx_pre,38.48,13.372
NiPdTaOx_pre,38.49,13.466
NiPdTaOx_pre,38.5,13.541
NiPdTaOx_pre,38.51,13.375
NiPdTaOx_pre,38.52,13.5
NiPdTaOx_pre,38.53,13.972
NiPdTaOx_pre,38.54,14.545
NiPdTaOx_pre,38.55,14.692
NiPdTaOx_pre,38.56,14.943
NiPdTaOx_pre,38.57,15.061
NiPdTaOx_pre,38.58,15.316
NiPdTaOx_pre,38.59,15.54
NiPdTaOx_pre,38.6,15.698
NiPdTaOx_pre,38.61,15.898
NiPdTaOx_pre,38.62,16.46
NiPdTaOx_pre,38.63,16.574
NiPdTaOx_pre,38.64,16.679
NiPdTaOx_pre,38.65,16.927
NiPdTaOx_pre,38.66,17.102
NiPdTaOx_pre,38.67,17.481
NiPdTaOx_pre,38.68,17.769
NiPdTaOx_pre,38.69,18.115
NiPdTaOx_pre,38.7,18.5
NiPdTaOx_pre,38.71,19.012
NiPdTaOx_pre,38.72,19.547
NiPdTaOx_pre,38.73,20.294
NiPdTaOx_pre,38.74,20.437
NiPdTaOx_pre,38.75,20.655
NiPdTaOx_pre,38.76,21.07
NiPdTaOx_pre,38.77,21.59
NiPdTaOx_pre,38.78,21.883
NiPdTaOx_pre,38.79,22.383
NiPdTaOx_pre,38.8,22.754
NiPdTaOx_pre,38.81,23.436
NiPdTaOx_pre,38.82,24.029
NiPdTaOx_pre,38.83,24.267
NiPdTaOx_pre,38.84,25.056
NiPdTaOx_pre,38.85,25.686
NiPdTaOx_pre,38.86,26.495
NiPdTaOx_pre,38.87,27.161
NiPdTaOx_pre,38.88,27.549
NiPdTaOx_pre,38.89,28.365
NiPdTaOx_pre,38.9,29.153
NiPdTaOx_pre,38.91,29.497
NiPdTaOx_pre,38.92,30.495
NiPdTaOx_pre,38.93,31.606
NiPdTaOx_pre,38.94,32.523
NiPdTaOx_pre,38.95,33.789
NiPdTaOx_pre,38.96,34.717
NiPdTaOx_pre,38.97,35.54
NiPdTaOx_pre,38.98,37.37
NiPdTaOx_pre,38.99,38.773
NiPdTaOx_pre,39.0,39.84
NiPdTaOx_pre,39.01,41.006
NiPdTaOx_pre,39.02,41.79
NiPdTaOx_pre,39.03,43.818
NiPdTaOx_pre,39.04,46.105
NiPdTaOx_pre,39.05,47.243
NiPdTaOx_pre,39.06,49.846
NiPdTaOx_pre,39.07,51.894
NiPdTaOx_pre,39.08,53.394
NiPdTaOx_pre,39.09,56.472
NiPdTaOx_pre,39.1,58.809
NiPdTaOx_pre,39.11,61.362
NiPdTaOx_pre,39.12,65.579
NiPdTaOx_pre,39.13,67.63
NiPdTaOx_pre,39.14,71.087
NiPdTaOx_pre,39.15,75.315
NiPdTaOx_pre,39.16,77.748
NiPdTaOx_pre,39.17,83.527
NiPdTaOx_pre,39.18,88.677
NiPdTaOx_pre,39.19,91.957
NiPdTaOx_pre,39.2,99.564
NiPdTaOx_pre,39.21,104.694
NiPdTaOx_pre,39.22,109.467
NiPdTaOx_pre,39.23,119.761
NiPdTaOx_pre,39.24,125.488
NiPdTaOx_pre,39.25,134.578
NiPdTaOx_pre,39.26,147.048
NiPdTaOx_pre,39.27,152.401
NiPdTaOx_pre,39.28,166.156
NiPdTaOx_pre,39.29,179.532
NiPdTaOx_pre,39.3,187.232
NiPdTaOx_pre,39.31,209.032
NiPdTaOx_pre,39.32,224.011
NiPdTaOx_pre,39.33,236.825
NiPdTaOx_pre,39.34,266.934
NiPdTaOx_pre,39.35,281.044
NiPdTaOx_pre,39.36,303.307
NiPdTaOx_pre,39.37,337.875
NiPdTaOx_pre,39.38,351.508
NiPdTaOx_pre,39.39,385.354
NiPdTaOx_pre,39.4,418.094
NiPdTaOx_pre,39.41,434.769
NiPdTaOx_pre,39.42,483.29
NiPdTaOx_pre,39.43,512.323
NiPdTaOx_pre,39.44,532.911
NiPdTaOx_pre,39.45,583.282
NiPdTaOx_pre,39.46,604.923
NiPdTaOx_pre,39.47,633.642
NiPdTaOx_pre,39.48,679.816
NiPdTaOx_pre,39.49,696.159
NiPdTaOx_pre,39.5,731.809
NiPdTaOx_pre,39.51,760.875
NiPdTaOx_pre,39.52,771.874
NiPdTaOx_pre,39.53,802.586
NiPdTaOx_pre,39.54,820.488
NiPdTaOx_pre,39.55,830.246
NiPdTaOx_pre,39.56,847.28
NiPdTaOx_pre,39.57,852.174
NiPdTaOx_pre,39.58,854.348
NiPdTaOx_pre,39.59,855.053
NiPdTaOx_pre,39.6,854.385
NiPdTaOx_pre,39.61,847.538
NiPdTaOx_pre,39.62,837.938
NiPdTaOx_pre,39.63,833.45
NiPdTaOx_pre,39.64,810.598
NiPdTaOx_pre,39.65,796.341
NiPdTaOx_pre,39.66,784.574
NiPdTaOx_pre,39.67,750.451
NiPdTaOx_pre,39.68,736.568
NiPdTaOx_pre,39.69,717.792
NiPdTaOx_pre,39.7,683.225
NiPdTaOx_pre,39.71,670.396
NiPdTaOx_pre,39.72,641.817
NiPdTaOx_pre,39.73,612.461
NiPdTaOx_pre,39.74,599.784
NiPdTaOx_pre,39.75,561.049
NiPdTaOx_pre,39.76,540.529
NiPdTaOx_pre,39.77,526.883
NiPdTaOx_pre,39.78,489.102
NiPdTaOx_pre,39.79,474.181
NiPdTaOx_pre,39.8,456.619
NiPdTaOx_pre,39.81,426.641
NiPdTaOx_pre,39.82,415.374
NiPdTaOx_pre,39.83,392.192
NiPdTaOx_pre,39.84,369.731
NiPdTaOx_pre,39.85,361.053
NiPdTaOx_pre,39.86,336.403
NiPdTaOx_pre,39.87,322.459
NiPdTaOx_pre,39.88,314.161
NiPdTaOx_pre,39.89,291.215
NiPdTaOx_pre,39.9,282.243
NiPdTaOx_pre,39.91,271.855
NiPdTaOx_pre,39.92,254.976
NiPdTaOx_pre,39.93,248.026
NiPdTaOx_pre,39.94,235.18
NiPdTaOx_pre,39.95,223.357
NiPdTaOx_pre,39.96,218.796
NiPdTaOx_pre,39.97,205.534
NiPdTaOx_pre,39.98,197.918
NiPdTaOx_pre,39.99,193.036
NiPdTaOx_pre,40.0,180.969
NiPdTaOx_pre,40.01,175.634
NiPdTaOx_pre,40.02,170.291
NiPdTaOx_pre,40.03,160.749
NiPdTaOx_pre,40.04,156.843
NiPdTaOx_pre,40.05,149.778
NiPdTaOx_pre,40.06,143.483
NiPdTaOx_pre,40.07,140.955
NiPdTaOx_pre,40.08,133.286
NiPdTaOx_pre,40.09,128.749
NiPdTaOx_pre,40.1,125.866
NiPdTaOx_pre,40.11,119.549
NiPdTaOx_pre,40.12,116.541
NiPdTaOx_pre,40.13,113.468
NiPdTaOx_pre,40.14,108.59
NiPdTaOx_pre,40.15,106.408
NiPdTaOx_pre,40.16,102.077
NiPdTaOx_pre,40.17,97.85
NiPdTaOx_pre,40.18,96.297
NiPdTaOx_pre,40.19,92.098
NiPdTaOx_pre,40.2,89.099
NiPdTaOx_pre,40.21,87.14
NiPdTaOx_pre,40.22,83.029
NiPdTaOx_pre,40.23,81.678
NiPdTaOx_pre,40.24,79.602
NiPdTaOx_pre,40.25,76.659
NiPdTaOx_pre,40.26,75.281
NiPdTaOx_pre,40.27,72.79
NiPdTaOx_pre,40.28,70.036
NiPdTaOx_pre,40.29,69.058
NiPdTaOx_pre,40.3,66.275
NiPdTaOx_pre,40.31,64.796
NiPdTaOx_pre,40.32,63.431
NiPdTaOx_pre,40.33,60.877
NiPdTaOx_pre,40.34,59.27
NiPdTaOx_pre,40.35,57.94
NiPdTaOx_pre,40.36,56.048
NiPdTaOx_pre,40.37,55.519
NiPdTaOx_pre,40.38,53.989
NiPdTaOx_pre,40.39,52.251
NiPdTaOx_pre,40.4,51.387
NiPdTaOx_pre,40.41,49.624
NiPdTaOx_pre,40.42,48.55
NiPdTaOx_pre,40.43,47.632
NiPdTaOx_pre,40.44,45.68
NiPdTaOx_pre,40.45,44.92
NiPdTaOx_pre,40.46,44.01
NiPdTaOx_pre,40.47,42.764
NiPdTaOx_pre,40.48,42.027
NiPdTaOx_pre,40.49,40.672
NiPdTaOx_pre,40.5,39.436
NiPdTaOx_pre,40.51,39.161
NiPdTaOx_pre,40.52,38.348
NiPdTaOx_pre,40.53,37.587
NiPdTaOx_pre,40.54,36.93
NiPdTaOx_pre,40.55,35.546
NiPdTaOx_pre,40.56,34.814
NiPdTaOx_pre,40.57,34.0
NiPdTaOx_pre,40.58,32.827
NiPdTaOx_pre,40.59,32.387
NiPdTaOx_pre,40.6,31.683
NiPdTaOx_pre,40.61,31.005
NiPdTaOx_pre,40.62,30.587
NiPdTaOx_pre,40.63,29.746
NiPdTaOx_pre,40.64,29.109
NiPdTaOx_pre,40.65,28.656
NiPdTaOx_pre,40.66,27.834
NiPdTaOx_pre,40.67,27.483
NiPdTaOx_pre,40.68,26.922
NiPdTaOx_pre,40.69,25.911
NiPdTaOx_pre,40.7,25.714
NiPdTaOx_pre,40.71,25.401
NiPdTaOx_pre,40.72,24.933
NiPdTaOx_pre,40.73,24.515
NiPdTaOx_pre,40.74,23.726
NiPdTaOx_pre,40.75,23.281
NiPdTaOx_pre,40.76,22.893
NiPdTaOx_pre,40.77,22.246
NiPdTaOx_pre,40.78,21.71
NiPdTaOx_pre,40.79,21.422
NiPdTaOx_pre,40.8,20.859
NiPdTaOx_pre,40.81,20.576
NiPdTaOx_pre,40.82,20.034
NiPdTaOx_pre,40.83,19.547
NiPdTaOx_pre,40.84,19.466
NiPdTaOx_pre,40.85,19.155
NiPdTaOx_pre,40.86,18.837
NiPdTaOx_pre,40.87,18.549
NiPdTaOx_pre,40.88,17.991
NiPdTaOx_pre,40.89,17.833
NiPdTaOx_pre,40.9,17.545
NiPdTaOx_pre,40.91,17.133
NiPdTaOx_pre,40.92,16.743
NiPdTaOx_pre,40.93,16.339
NiPdTaOx_pre,40.94,16.023
NiPdTaOx_pre,40.95,15.964
NiPdTaOx_pre,40.96,15.744
NiPdTaOx_pre,40.97,15.44
NiPdTaOx_pre,40.98,15.078
NiPdTaOx_pre,40.99,14.757
NiPdTaOx_pre,41.0,14.632
NiPdTaOx_pre,41.01,14.499
NiPdTaOx_pre,41.02,14.259
NiPdTaOx_pre,41.03,14.11
NiPdTaOx_pre,41.04,13.655
NiPdTaOx_pre,41.05,13.196
NiPdTaOx_pre,41.06,12.973
NiPdTaOx_pre,41.07,13.008
NiPdTaOx_pre,41.08,12.955
NiPdTaOx_pre,41.09,12.742
NiPdTaOx_pre,41.1,12.224
NiPdTaOx_pre,41.11,11.95
NiPdTaOx_pre,41.12,11.922
NiPdTaOx_pre,41.13,11.785
NiPdTaOx_pre,41.14,11.695
NiPdTaOx_pre,41.15,11.319
NiPdTaOx_pre,41.16,10.93
NiPdTaOx_pre,41.17,10.728
NiPdTaOx_pre,41.18,10.607
NiPdTaOx_pre,41.19,10.541
NiPdTaOx_pre,41.2,10.571
NiPdTaOx_pre,41.21,10.406
NiPdTaOx_pre,41.22,10.171
NiPdTaOx_pre,41.23,10.022
NiPdTaOx_pre,41.24,9.851
NiPdTaOx_pre,41.25,9.708
NiPdTaOx_pre,41.26,9.564
NiPdTaOx_pre,41.27,9.421
NiPdTaOx_pre,41.28,9.371
NiPdTaOx_pre,41.29,9.228
NiPdTaOx_pre,41.3,9.106
NiPdTaOx_pre,41.31,8.898
NiPdTaOx_pre,41.32,8.66
NiPdTaOx_pre,41.33,8.602
NiPdTaOx_pre,41.34,8.659
NiPdTaOx_pre,41.35,8.591
NiPdTaOx_pre,41.36,8.371
NiPdTaOx_pre,41.37,8.246
NiPdTaOx_pre,41.38,8.137
NiPdTaOx_pre,41.39,8.039
NiPdTaOx_pre,41.4,7.94
NiPdTaOx_pre,41.41,7.863
NiPdTaOx_pre,41.42,7.742
NiPdTaOx_pre,41.43,7.623
NiPdTaOx_pre,41.44,7.46
NiPdTaOx_pre,41.45,7.468
NiPdTaOx_pre,41.46,7.33
NiPdTaOx_pre,41.47,7.226
NiPdTaOx_pre,41.48,7.071
NiPdTaOx_pre,41.49,7.044
NiPdTaOx_pre,41.5,7.029
NiPdTaOx_pre,41.51,7.109
NiPdTaOx_pre,41.52,6.97
NiPdTaOx_pre,41.53,6.837
NiPdTaOx_pre,41.54,6.622
NiPdTaOx_pre,41.55,6.627
NiPdTaOx_pre,41.56,6.667
NiPdTaOx_pre,41.57,6.711
NiPdTaOx_pre,41.58,6.647
NiPdTaOx_pre,41.59,6.512
NiPdTaOx_pre,41.6,6.254
NiPdTaOx_pre,41.61,6.151
NiPdTaOx_pre,41.62,6.174
NiPdTaOx_pre,41.63,6.173
NiPdTaOx_pre,41.64,6.141
NiPdTaOx_pre,41.65,6.053
NiPdTaOx_pre,41.66,6.066
NiPdTaOx_pre,41.67,6.035
NiPdTaOx_pre,41.68,6.103
NiPdTaOx_pre,41.69,6.052
NiPdTaOx_pre,41.7,5.977
NiPdTaOx_pre,41.71,5.806
NiPdTaOx_pre,41.72,5.67
NiPdTaOx_pre,41.73,5.638
NiPdTaOx_pre,41.74,5.684
NiPdTaOx_pre,41.75,5.599
NiPdTaOx_pre,41.76,5.538
NiPdTaOx_pre,41.77,5.389
NiPdTaOx_pre,41.78,5.44
NiPdTaOx_pre,41.79,5.48
NiPdTaOx_pre,41.8,5.451
NiPdTaOx_pre,41.81,5.284
NiPdTaOx_pre,41.82,5.178
NiPdTaOx_pre,41.83,5.121
NiPdTaOx_pre,41.84,5.116
NiPdTaOx_pre,41.85,5.092
NiPdTaOx_pre,41.86,5.126
NiPdTaOx_pre,41.87,5.047
NiPdTaOx_pre,41.88,4.874
NiPdTaOx_pre,41.89,4.766
NiPdTaOx_pre,41.9,4.778
NiPdTaOx_pre,41.91,4.777
NiPdTaOx_pre,41.92,4.829
NiPdTaOx_pre,41.93,4.898
NiPdTaOx_pre,41.94,4.933
NiPdTaOx_pre,41.95,4.909
NiPdTaOx_pre,41.96,4.66
NiPdTaOx_pre,41.97,4.633
NiPdTaOx_pre,41.98,4.697
NiPdTaOx_pre,41.99,4.769
NiPdTaOx_pre,42.0,4.696
NiPdTaOx_pre,42.01,4.578
NiPdTaOx_pre,42.02,4.569
NiPdTaOx_pre,42.03,4.631
NiPdTaOx_pre,42.04,4.705
NiPdTaOx_pre,42.05,4.643
NiPdTaOx_pre,42.06,4.661
NiPdTaOx_pre,42.07,4.599
NiPdTaOx_pre,42.08,4.463
NiPdTaOx_pre,42.09,4.257
NiPdTaOx_pre,42.1,4.209
NiPdTaOx_pre,42.11,4.216
NiPdTaOx_pre,42.12,4.255
NiPdTaOx_pre,42.13,4.191
NiPdTaOx_pre,42.14,4.226
NiPdTaOx_pre,42.15,4.214
NiPdTaOx_pre,42.16,4.238
NiPdTaOx_pre,42.17,4.146
NiPdTaOx_pre,42.18,4.056
NiPdTaOx_pre,42.19,3.997
NiPdTaOx_pre,42.2,4.064
NiPdTaOx_pre,42.21,4.115
NiPdTaOx_pre,42.22,4.193
NiPdTaOx_pre,42.23,4.195
NiPdTaOx_pre,42.24,4.071
NiPdTaOx_pre,42.25,3.937
NiPdTaOx_pre,42.26,3.922
NiPdTaOx_pre,42.27,3.936
NiPdTaOx_pre,42.28,3.89
NiPdTaOx_pre,42.29,3.846
NiPdTaOx_pre,42.3,3.815
NiPdTaOx_pre,42.31,3.877
NiPdTaOx_pre,42.32,3.812
NiPdTaOx_pre,42.33,3.768
NiPdTaOx_pre,42.34,3.716
NiPdTaOx_pre,42.35,3.706
NiPdTaOx_pre,42.36,3.695
NiPdTaOx_pre,42.37,3.763
NiPdTaOx_pre,42.38,3.915
NiPdTaOx_pre,42.39,3.942
NiPdTaOx_pre,42.4,3.814
NiPdTaOx_pre,42.41,3.691
NiPdTaOx_pre,42.42,3.736
NiPdTaOx_pre,42.43,3.839
NiPdTaOx_pre,42.44,3.764
NiPdTaOx_pre,42.45,3.679
NiPdTaOx_pre,42.46,3.588
NiPdTaOx_pre,42.47,3.61
NiPdTaOx_pre,42.48,3.671
NiPdTaOx_pre,42.49,3.698
NiPdTaOx_pre,42.5,3.68
NiPdTaOx_pre,42.51,3.656
NiPdTaOx_pre,42.52,3.716
NiPdTaOx_pre,42.53,3.73
NiPdTaOx_pre,42.54,3.671
NiPdTaOx_pre,42.55,3.585
NiPdTaOx_pre,42.56,3.569
NiPdTaOx_pre,42.57,3.543
NiPdTaOx_pre,42.58,3.45
NiPdTaOx_pre,42.59,3.435
NiPdTaOx_pre,42.6,3.392
NiPdTaOx_pre,42.61,3.371
NiPdTaOx_pre,42.62,3.33
NiPdTaOx_pre,42.63,3.376
NiPdTaOx_pre,42.64,3.365
NiPdTaOx_pre,42.65,3.388
NiPdTaOx_pre,42.66,3.437
NiPdTaOx_pre,42.67,3.514
NiPdTaOx_pre,42.68,3.398
NiPdTaOx_pre,42.69,3.315
NiPdTaOx_pre,42.7,3.301
NiPdTaOx_pre,42.71,3.289
NiPdTaOx_pre,42.72,3.28
NiPdTaOx_pre,42.73,3.241
NiPdTaOx_pre,42.74,3.224
NiPdTaOx_pre,42.75,3.267
NiPdTaOx_pre,42.76,3.37
NiPdTaOx_pre,42.77,3.462
NiPdTaOx_pre,42.78,3.472
NiPdTaOx_pre,42.79,3.491
NiPdTaOx_pre,42.8,3.478
NiPdTaOx_pre,42.81,3.429
NiPdTaOx_pre,42.82,3.346
NiPdTaOx_pre,42.83,3.31
NiPdTaOx_pre,42.84,3.296
NiPdTaOx_pre,42.85,3.356
NiPdTaOx_pre,42.86,3.363
NiPdTaOx_pre,42.87,3.293
NiPdTaOx_pre,42.88,3.228
NiPdTaOx_pre,42.89,3.202
NiPdTaOx_pre,42.9,3.261
NiPdTaOx_pre,42.91,3.32
NiPdTaOx_pre,42.92,3.331
NiPdTaOx_pre,42.93,3.298
NiPdTaOx_pre,42.94,3.252
NiPdTaOx_pre,42.95,3.3
NiPdTaOx_pre,42.96,3.212
NiPdTaOx_pre,42.97,3.062
NiPdTaOx_pre,42.98,2.928
NiPdTaOx_pre,42.99,2.931
NiPdTaOx_pre,43.0,3.071
NiPdTaOx_pre,43.01,3.187
NiPdTaOx_pre,43.02,3.303
NiPdTaOx_pre,43.03,3.272
NiPdTaOx_pre,43.04,3.197
NiPdTaOx_pre,43.05,3.093
NiPdTaOx_pre,43.06,3.072
NiPdTaOx_pre,43.07,3.027
NiPdTaOx_pre,43.08,2.977
NiPdTaOx_pre,43.09,3.109
NiPdTaOx_pre,43.1,3.216
NiPdTaOx_pre,43.11,3.182
NiPdTaOx_pre,43.12,3.053
NiPdTaOx_pre,43.13,3.084
NiPdTaOx_pre,43.14,3.088
NiPdTaOx_pre,43.15,3.02
NiPdTaOx_pre,43.16,2.975
NiPdTaOx_pre,43.17,2.929
NiPdTaOx_pre,43.18,2.979
NiPdTaOx_pre,43.19,3.057
NiPdTaOx_pre,43.2,3.084
NiPdTaOx_pre,43.21,3.022
NiPdTaOx_pre,43.22,2.951
NiPdTaOx_pre,43.23,3.032
NiPdTaOx_pre,43.24,3.061
NiPdTaOx_pre,43.25,3.065
NiPdTaOx_pre,43.26,3.06
NiPdTaOx_pre,43.27,3.123
NiPdTaOx_pre,43.28,3.175
NiPdTaOx_pre,43.29,3.18
NiPdTaOx_pre,43.3,3.204
NiPdTaOx_pre,43.31,3.224
NiPdTaOx_pre,43.32,3.231
NiPdTaOx_pre,43.33,3.114
NiPdTaOx_pre,43.34,3.039
NiPdTaOx_pre,43.35,2.939
NiPdTaOx_pre,43.36,2.891
NiPdTaOx_pre,43.37,2.796
NiPdTaOx_pre,43.38,2.787
NiPdTaOx_pre,43.39,2.861
NiPdTaOx_pre,43.4,3.001
NiPdTaOx_pre,43.41,3.007
NiPdTaOx_pre,43.42,2.974
NiPdTaOx_pre,43.43,2.985
NiPdTaOx_pre,43.44,3.039
NiPdTaOx_pre,43.45,2.929
NiPdTaOx_pre,43.46,2.789
NiPdTaOx_pre,43.47,2.792
NiPdTaOx_pre,43.48,2.894
NiPdTaOx_pre,43.49,2.99
NiPdTaOx_pre,43.5,3.0
NiPdTaOx_pre,43.51,3.049
NiPdTaOx_pre,43.52,3.085
NiPdTaOx_pre,43.53,3.079
NiPdTaOx_pre,43.54,3.02
NiPdTaOx_pre,43.55,2.957
NiPdTaOx_pre,43.56,2.981
NiPdTaOx_pre,43.57,3.066
NiPdTaOx_pre,43.58,3.059
NiPdTaOx_pre,43.59,2.953
NiPdTaOx_pre,43.6,2.792
NiPdTaOx_pre,43.61,2.783
NiPdTaOx_pre,43.62,2.84
NiPdTaOx_pre,43.63,2.861
NiPdTaOx_pre,43.64,2.803
NiPdTaOx_pre,43.65,2.819
NiPdTaOx_pre,43.66,2.964
NiPdTaOx_pre,43.67,2.946
NiPdTaOx_pre,43.68,2.873
NiPdTaOx_pre,43.69,2.774
NiPdTaOx_pre,43.7,2.78
NiPdTaOx_pre,43.71,2.752
NiPdTaOx_pre,43.72,2.731
NiPdTaOx_pre,43.73,2.71
NiPdTaOx_pre,43.74,2.712
NiPdTaOx_pre,43.75,2.744
NiPdTaOx_pre,43.76,2.805
NiPdTaOx_pre,43.77,2.776
NiPdTaOx_pre,43.78,2.858
NiPdTaOx_pre,43.79,2.785
NiPdTaOx_pre,43.8,2.712
NiPdTaOx_pre,43.81,2.685
NiPdTaOx_pre,43.82,2.752
NiPdTaOx_pre,43.83,2.872
NiPdTaOx_pre,43.84,2.823
NiPdTaOx_pre,43.85,2.795
NiPdTaOx_pre,43.86,2.694
NiPdTaOx_pre,43.87,2.709
NiPdTaOx_pre,43.88,2.717
NiPdTaOx_pre,43.89,2.708
NiPdTaOx_pre,43.9,2.627
NiPdTaOx_pre,43.91,2.705
NiPdTaOx_pre,43.92,2.73
NiPdTaOx_pre,43.93,2.672
NiPdTaOx_pre,43.94,2.701
NiPdTaOx_pre,43.95,2.736
NiPdTaOx_pre,43.96,2.846
NiPdTaOx_pre,43.97,2.859
NiPdTaOx_pre,43.98,2.875
NiPdTaOx_pre,43.99,2.781
NiPdTaOx_pre,44.0,2.723
NiPdTaOx_pre,44.01,2.642
NiPdTaOx_pre,44.02,2.677
NiPdTaOx_pre,44.03,2.789
NiPdTaOx_pre,44.04,2.857
NiPdTaOx_pre,44.05,2.748
NiPdTaOx_pre,44.06,2.606
NiPdTaOx_pre,44.07,2.582
NiPdTaOx_pre,44.08,2.58
NiPdTaOx_pre,44.09,2.712
NiPdTaOx_pre,44.1,2.867
NiPdTaOx_pre,44.11,2.837
NiPdTaOx_pre,44.12,2.702
NiPdTaOx_pre,44.13,2.618
NiPdTaOx_pre,44.14,2.678
NiPdTaOx_pre,44.15,2.755
NiPdTaOx_pre,44.16,2.809
NiPdTaOx_pre,44.17,2.877
NiPdTaOx_pre,44.18,2.782
NiPdTaOx_pre,44.19,2.836
NiPdTaOx_pre,44.2,2.889
NiPdTaOx_pre,44.21,2.974
NiPdTaOx_pre,44.22,2.811
NiPdTaOx_pre,44.23,2.755
NiPdTaOx_pre,44.24,2.752
NiPdTaOx_pre,44.25,2.828
NiPdTaOx_pre,44.26,2.798
NiPdTaOx_pre,44.27,2.748
NiPdTaOx_pre,44.28,2.658
NiPdTaOx_pre,44.29,2.598
NiPdTaOx_pre,44.3,2.622
NiPdTaOx_pre,44.31,2.677
NiPdTaOx_pre,44.32,2.691
NiPdTaOx_pre,44.33,2.687
NiPdTaOx_pre,44.34,2.643
NiPdTaOx_pre,44.35,2.687
NiPdTaOx_pre,44.36,2.659
NiPdTaOx_pre,44.37,2.725
NiPdTaOx_pre,44.38,2.633
NiPdTaOx_pre,44.39,2.593
NiPdTaOx_pre,44.4,2.7
NiPdTaOx_pre,44.41,2.785
NiPdTaOx_pre,44.42,2.812
NiPdTaOx_pre,44.43,2.68
NiPdTaOx_pre,44.44,2.589
NiPdTaOx_pre,44.45,2.514
NiPdTaOx_pre,44.46,2.561
NiPdTaOx_pre,44.47,2.6
NiPdTaOx_pre,44.48,2.585
NiPdTaOx_pre,44.49,2.539
NiPdTaOx_pre,44.5,2.629
NiPdTaOx_pre,44.51,2.677
NiPdTaOx_pre,44.52,2.626
NiPdTaOx_pre,44.53,2.539
NiPdTaOx_pre,44.54,2.541
NiPdTaOx_pre,44.55,2.507
NiPdTaOx_pre,44.56,2.507
NiPdTaOx_pre,44.57,2.552
NiPdTaOx_pre,44.58,2.644
NiPdTaOx_pre,44.59,2.644
NiPdTaOx_pre,44.6,2.67
NiPdTaOx_pre,44.61,2.619
NiPdTaOx_pre,44.62,2.544
NiPdTaOx_pre,44.63,2.584
NiPdTaOx_pre,44.64,2.692
NiPdTaOx_pre,44.65,2.836
NiPdTaOx_pre,44.66,2.82
NiPdTaOx_pre,44.67,2.853
NiPdTaOx_pre,44.68,2.69
NiPdTaOx_pre,44.69,2.602
NiPdTaOx_pre,44.7,2.604
NiPdTaOx_pre,44.71,2.63
NiPdTaOx_pre,44.72,2.647
NiPdTaOx_pre,44.73,2.57
NiPdTaOx_pre,44.74,2.655
NiPdTaOx_pre,44.75,2.672
NiPdTaOx_pre,44.76,2.678
NiPdTaOx_pre,44.77,2.685
NiPdTaOx_pre,44.78,2.727
NiPdTaOx_pre,44.79,2.756
NiPdTaOx_pre,44.8,2.679
NiPdTaOx_pre,44.81,2.611
NiPdTaOx_pre,44.82,2.582
NiPdTaOx_pre,44.83,2.63
NiPdTaOx_pre,44.84,2.631
NiPdTaOx_pre,44.85,2.616
NiPdTaOx_pre,44.86,2.652
NiPdTaOx_pre,44.87,2.657
NiPdTaOx_pre,44.88,2.586
NiPdTaOx_pre,44.89,2.578
NiPdTaOx_pre,44.9,2.664
NiPdTaOx_pre,44.91,2.739
NiPdTaOx_pre,44.92,2.71
NiPdTaOx_pre,44.93,2.681
NiPdTaOx_pre,44.94,2.652
NiPdTaOx_pre,44.95,2.689
NiPdTaOx_pre,44.96,2.617
NiPdTaOx_pre,44.97,2.611
NiPdTaOx_pre,44.98,2.55
NiPdTaOx_pre,44.99,2.553
NiPdTaOx_pre,45.0,2.554
NiPdTaOx_pre,45.01,2.655
NiPdTaOx_pre,45.02,2.714
NiPdTaOx_pre,45.03,2.745
NiPdTaOx_pre,45.04,2.683
NiPdTaOx_pre,45.05,2.653
NiPdTaOx_pre,45.06,2.59
NiPdTaOx_pre,45.07,2.573
NiPdTaOx_pre,45.08,2.613
NiPdTaOx_pre,45.09,2.622
NiPdTaOx_pre,45.1,2.677
NiPdTaOx_pre,45.11,2.595
NiPdTaOx_pre,45.12,2.644
NiPdTaOx_pre,45.13,2.657
NiPdTaOx_pre,45.14,2.687
NiPdTaOx_pre,45.15,2.661
NiPdTaOx_pre,45.16,2.578
NiPdTaOx_pre,45.17,2.495
NiPdTaOx_pre,45.18,2.514
NiPdTaOx_pre,45.19,2.613
NiPdTaOx_pre,45.2,2.609
NiPdTaOx_pre,45.21,2.549
NiPdTaOx_pre,45.22,2.463
NiPdTaOx_pre,45.23,2.502
NiPdTaOx_pre,45.24,2.493
NiPdTaOx_pre,45.25,2.5
NiPdTaOx_pre,45.26,2.5
NiPdTaOx_pre,45.27,2.483
NiPdTaOx_pre,45.28,2.391
NiPdTaOx_pre,45.29,2.326
NiPdTaOx_pre,45.3,2.373
NiPdTaOx_pre,45.31,2.42
NiPdTaOx_pre,45.32,2.461
NiPdTaOx_pre,45.33,2.559
NiPdTaOx_pre,45.34,2.626
NiPdTaOx_pre,45.35,2.567
NiPdTaOx_pre,45.36,2.499
NiPdTaOx_pre,45.37,2.52
NiPdTaOx_pre,45.38,2.603
NiPdTaOx_pre,45.39,2.629
NiPdTaOx_pre,45.4,2.656
NiPdTaOx_pre,45.41,2.625
NiPdTaOx_pre,45.42,2.602
NiPdTaOx_pre,45.43,2.594
NiPdTaOx_pre,45.44,2.649
NiPdTaOx_pre,45.45,2.637
NiPdTaOx_pre,45.46,2.516
NiPdTaOx_pre,45.47,2.405
NiPdTaOx_pre,45.48,2.434
NiPdTaOx_pre,45.49,2.544
NiPdTaOx_pre,45.5,2.655
NiPdTaOx_pre,45.51,2.709
NiPdTaOx_pre,45.52,2.661
NiPdTaOx_pre,45.53,2.551
NiPdTaOx_pre,45.54,2.48
NiPdTaOx_pre,45.55,2.495
NiPdTaOx_pre,45.56,2.464
NiPdTaOx_pre,45.57,2.422
NiPdTaOx_pre,45.58,2.359
NiPdTaOx_pre,45.59,2.389
NiPdTaOx_pre,45.6,2.438
NiPdTaOx_pre,45.61,2.528
NiPdTaOx_pre,45.62,2.472
NiPdTaOx_pre,45.63,2.488
NiPdTaOx_pre,45.64,2.507
NiPdTaOx_pre,45.65,2.609
NiPdTaOx_pre,45.66,2.615
NiPdTaOx_pre,45.67,2.577
NiPdTaOx_pre,45.68,2.5
NiPdTaOx_pre,45.69,2.455
NiPdTaOx_pre,45.7,2.531
NiPdTaOx_pre,45.71,2.594
NiPdTaOx_pre,45.72,2.635
NiPdTaOx_pre,45.73,2.567
NiPdTaOx_pre,45.74,2.58
NiPdTaOx_pre,45.75,2.565
NiPdTaOx_pre,45.76,2.642
NiPdTaOx_pre,45.77,2.664
NiPdTaOx_pre,45.78,2.571
NiPdTaOx_pre,45.79,2.496
NiPdTaOx_pre,45.8,2.374
NiPdTaOx_pre,45.81,2.407
NiPdTaOx_pre,45.82,2.462
NiPdTaOx_pre,45.83,2.483
NiPdTaOx_pre,45.84,2.521
NiPdTaOx_pre,45.85,2.528
NiPdTaOx_pre,45.86,2.538
NiPdTaOx_pre,45.87,2.481
NiPdTaOx_pre,45.88,2.558
NiPdTaOx_pre,45.89,2.673
NiPdTaOx_pre,45.9,2.717
NiPdTaOx_pre,45.91,2.596
NiPdTaOx_pre,45.92,2.496
NiPdTaOx_pre,45.93,2.448
NiPdTaOx_pre,45.94,2.476
NiPdTaOx_pre,45.95,2.419
NiPdTaOx_pre,45.96,2.383
NiPdTaOx_pre,45.97,2.339
NiPdTaOx_pre,45.98,2.463
NiPdTaOx_pre,45.99,2.517
NiPdTaOx_pre,46.0,2.655
NiPdTaOx_pre,46.01,2.544
NiPdTaOx_pre,46.02,2.446
NiPdTaOx_pre,46.03,2.367
NiPdTaOx_pre,46.04,2.425
NiPdTaOx_pre,46.05,2.476
NiPdTaOx_pre,46.06,2.51
NiPdTaOx_pre,46.07,2.475
NiPdTaOx_pre,46.08,2.453
NiPdTaOx_pre,46.09,2.476
NiPdTaOx_pre,46.1,2.486
NiPdTaOx_pre,46.11,2.45
NiPdTaOx_pre,46.12,2.377
NiPdTaOx_pre,46.13,2.466
NiPdTaOx_pre,46.14,2.559
NiPdTaOx_pre,46.15,2.567
NiPdTaOx_pre,46.16,2.537
NiPdTaOx_pre,46.17,2.454
NiPdTaOx_pre,46.18,2.367
NiPdTaOx_pre,46.19,2.316
NiPdTaOx_pre,46.2,2.37
NiPdTaOx_pre,46.21,2.479
NiPdTaOx_pre,46.22,2.558
NiPdTaOx_pre,46.23,2.575
NiPdTaOx_pre,46.24,2.538
NiPdTaOx_pre,46.25,2.513
NiPdTaOx_pre,46.26,2.477
NiPdTaOx_pre,46.27,2.421
NiPdTaOx_pre,46.28,2.388
NiPdTaOx_pre,46.29,2.377
NiPdTaOx_pre,46.3,2.386
NiPdTaOx_pre,46.31,2.415
NiPdTaOx_pre,46.32,2.447
NiPdTaOx_pre,46.33,2.482
NiPdTaOx_pre,46.34,2.505
NiPdTaOx_pre,46.35,2.517
NiPdTaOx_pre,46.36,2.521
NiPdTaOx_pre,46.37,2.484
NiPdTaOx_pre,46.38,2.394
NiPdTaOx_pre,46.39,2.389
NiPdTaOx_pre,46.4,2.455
NiPdTaOx_pre,46.41,2.443
NiPdTaOx_pre,46.42,2.489
NiPdTaOx_pre,46.43,2.453
NiPdTaOx_pre,46.44,2.455
NiPdTaOx_pre,46.45,2.406
NiPdTaOx_pre,46.46,2.389
NiPdTaOx_pre,46.47,2.432
NiPdTaOx_pre,46.48,2.535
NiPdTaOx_pre,46.49,2.582
NiPdTaOx_pre,46.5,2.495
NiPdTaOx_pre,46.51,2.417
NiPdTaOx_pre,46.52,2.406
NiPdTaOx_pre,46.53,2.532
NiPdTaOx_pre,46.54,2.518
NiPdTaOx_pre,46.55,2.538
NiPdTaOx_pre,46.56,2.493
NiPdTaOx_pre,46.57,2.492
NiPdTaOx_pre,46.58,2.45
NiPdTaOx_pre,46.59,2.414
NiPdTaOx_pre,46.6,2.334
NiPdTaOx_pre,46.61,2.348
NiPdTaOx_pre,46.62,2.406
NiPdTaOx_pre,46.63,2.476
NiPdTaOx_pre,46.64,2.489
NiPdTaOx_pre,46.65,2.451
NiPdTaOx_pre,46.66,2.465
NiPdTaOx_pre,46.67,2.441
NiPdTaOx_pre,46.68,2.431
NiPdTaOx_pre,46.69,2.545
NiPdTaOx_pre,46.7,2.563
NiPdTaOx_pre,46.71,2.583
NiPdTaOx_pre,46.72,2.492
NiPdTaOx_pre,46.73,2.502
NiPdTaOx_pre,46.74,2.505
NiPdTaOx_pre,46.75,2.391
NiPdTaOx_pre,46.76,2.406
NiPdTaOx_pre,46.77,2.396
NiPdTaOx_pre,46.78,2.433
NiPdTaOx_pre,46.79,2.323
NiPdTaOx_pre,46.8,2.382
NiPdTaOx_pre,46.81,2.398
NiPdTaOx_pre,46.82,2.404
NiPdTaOx_pre,46.83,2.309
NiPdTaOx_pre,46.84,2.322
NiPdTaOx_pre,46.85,2.356
NiPdTaOx_pre,46.86,2.437
NiPdTaOx_pre,46.87,2.465
NiPdTaOx_pre,46.88,2.508
NiPdTaOx_pre,46.89,2.41
NiPdTaOx_pre,46.9,2.397
NiPdTaOx_pre,46.91,2.396
NiPdTaOx_pre,46.92,2.45
NiPdTaOx_pre,46.93,2.412
NiPdTaOx_pre,46.94,2.372
NiPdTaOx_pre,46.95,2.39
NiPdTaOx_pre,46.96,2.307
NiPdTaOx_pre,46.97,2.293
NiPdTaOx_pre,46.98,2.215
NiPdTaOx_pre,46.99,2.267
NiPdTaOx_pre,47.0,2.281
NiPdTaOx_pre,47.01,2.326
NiPdTaOx_pre,47.02,2.377
NiPdTaOx_pre,47.03,2.359
NiPdTaOx_pre,47.04,2.399
NiPdTaOx_pre,47.05,2.396
NiPdTaOx_pre,47.06,2.384
NiPdTaOx_pre,47.07,2.318
NiPdTaOx_pre,47.08,2.295
NiPdTaOx_pre,47.09,2.337
NiPdTaOx_pre,47.1,2.385
NiPdTaOx_pre,47.11,2.422
NiPdTaOx_pre,47.12,2.472
NiPdTaOx_pre,47.13,2.449
NiPdTaOx_pre,47.14,2.401
NiPdTaOx_pre,47.15,2.309
NiPdTaOx_pre,47.16,2.272
NiPdTaOx_pre,47.17,2.255
NiPdTaOx_pre,47.18,2.315
NiPdTaOx_pre,47.19,2.286
NiPdTaOx_pre,47.2,2.267
NiPdTaOx_pre,47.21,2.272
NiPdTaOx_pre,47.22,2.275
NiPdTaOx_pre,47.23,2.321
NiPdTaOx_pre,47.24,2.377
NiPdTaOx_pre,47.25,2.378
NiPdTaOx_pre,47.26,2.338
NiPdTaOx_pre,47.27,2.34
NiPdTaOx_pre,47.28,2.382
NiPdTaOx_pre,47.29,2.425
NiPdTaOx_pre,47.3,2.41
NiPdTaOx_pre,47.31,2.373
NiPdTaOx_pre,47.32,2.389
NiPdTaOx_pre,47.33,2.433
NiPdTaOx_pre,47.34,2.438
NiPdTaOx_pre,47.35,2.406
NiPdTaOx_pre,47.36,2.402
NiPdTaOx_pre,47.37,2.357
NiPdTaOx_pre,47.38,2.312
NiPdTaOx_pre,47.39,2.258
NiPdTaOx_pre,47.4,2.216
NiPdTaOx_pre,47.41,2.21
NiPdTaOx_pre,47.42,2.286
NiPdTaOx_pre,47.43,2.342
NiPdTaOx_pre,47.44,2.354
NiPdTaOx_pre,47.45,2.356
NiPdTaOx_pre,47.46,2.377
NiPdTaOx_pre,47.47,2.424
NiPdTaOx_pre,47.48,2.393
NiPdTaOx_pre,47.49,2.408
NiPdTaOx_pre,47.5,2.365
NiPdTaOx_pre,47.51,2.376
NiPdTaOx_pre,47.52,2.362
NiPdTaOx_pre,47.53,2.383
NiPdTaOx_pre,47.54,2.373
NiPdTaOx_pre,47.55,2.415
NiPdTaOx_pre,47.56,2.454
NiPdTaOx_pre,47.57,2.405
NiPdTaOx_pre,47.58,2.317
NiPdTaOx_pre,47.59,2.285
NiPdTaOx_pre,47.6,2.354
NiPdTaOx_pre,47.61,2.417
NiPdTaOx_pre,47.62,2.392
NiPdTaOx_pre,47.63,2.422
NiPdTaOx_pre,47.64,2.38
NiPdTaOx_pre,47.65,2.369
NiPdTaOx_pre,47.66,2.353
NiPdTaOx_pre,47.67,2.262
NiPdTaOx_pre,47.68,2.326
NiPdTaOx_pre,47.69,2.347
NiPdTaOx_pre,47.7,2.361
NiPdTaOx_pre,47.71,2.359
NiPdTaOx_pre,47.72,2.369
NiPdTaOx_pre,47.73,2.422
NiPdTaOx_pre,47.74,2.445
NiPdTaOx_pre,47.75,2.456
NiPdTaOx_pre,47.76,2.444
NiPdTaOx_pre,47.77,2.409
NiPdTaOx_pre,47.78,2.455
NiPdTaOx_pre,47.79,2.488
NiPdTaOx_pre,47.8,2.453
NiPdTaOx_pre,47.81,2.371
NiPdTaOx_pre,47.82,2.278
NiPdTaOx_pre,47.83,2.246
NiPdTaOx_pre,47.84,2.299
NiPdTaOx_pre,47.85,2.316
NiPdTaOx_pre,47.86,2.251
NiPdTaOx_pre,47.87,2.208
NiPdTaOx_pre,47.88,2.225
NiPdTaOx_pre,47.89,2.227
NiPdTaOx_pre,47.9,2.208
NiPdTaOx_pre,47.91,2.234
NiPdTaOx_pre,47.92,2.296
NiPdTaOx_pre,47.93,2.228
NiPdTaOx_pre,47.94,2.214
NiPdTaOx_pre,47.95,2.222
NiPdTaOx_pre,47.96,2.323
NiPdTaOx_pre,47.97,2.34
NiPdTaOx_pre,47.98,2.358
NiPdTaOx_pre,47.99,2.369
NiPdTaOx_pre,48.0,2.414
NiPdTaOx_pre,48.01,2.487
NiPdTaOx_pre,48.02,2.442
NiPdTaOx_pre,48.03,2.377
NiPdTaOx_pre,48.04,2.266
NiPdTaOx_pre,48.05,2.312
NiPdTaOx_pre,48.06,2.262
NiPdTaOx_pre,48.07,2.186
NiPdTaOx_pre,48.08,2.237
NiPdTaOx_pre,48.09,2.342
NiPdTaOx_pre,48.1,2.373
NiPdTaOx_pre,48.11,2.3
NiPdTaOx_pre,48.12,2.319
NiPdTaOx_pre,48.13,2.382
NiPdTaOx_pre,48.14,2.423
NiPdTaOx_pre,48.15,2.44
NiPdTaOx_pre,48.16,2.427
NiPdTaOx_pre,48.17,2.411
NiPdTaOx_pre,48.18,2.356
NiPdTaOx_pre,48.19,2.298
NiPdTaOx_pre,48.2,2.276
NiPdTaOx_pre,48.21,2.255
NiPdTaOx_pre,48.22,2.342
NiPdTaOx_pre,48.23,2.338
NiPdTaOx_pre,48.24,2.42
NiPdTaOx_pre,48.25,2.369
NiPdTaOx_pre,48.26,2.402
NiPdTaOx_pre,48.27,2.389
NiPdTaOx_pre,48.28,2.378
NiPdTaOx_pre,48.29,2.284
NiPdTaOx_pre,48.3,2.241
NiPdTaOx_pre,48.31,2.29
NiPdTaOx_pre,48.32,2.385
NiPdTaOx_pre,48.33,2.46
NiPdTaOx_pre,48.34,2.392
NiPdTaOx_pre,48.35,2.382
NiPdTaOx_pre,48.36,2.391
NiPdTaOx_pre,48.37,2.417
NiPdTaOx_pre,48.38,2.344
NiPdTaOx_pre,48.39,2.208
NiPdTaOx_pre,48.4,2.145
NiPdTaOx_pre,48.41,2.121
NiPdTaOx_pre,48.42,2.187
NiPdTaOx_pre,48.43,2.292
NiPdTaOx_pre,48.44,2.32
NiPdTaOx_pre,48.45,2.203
NiPdTaOx_pre,48.46,2.124
NiPdTaOx_pre,48.47,2.138
NiPdTaOx_pre,48.48,2.252
NiPdTaOx_pre,48.49,2.276
NiPdTaOx_pre,48.5,2.144
NiPdTaOx_pre,48.51,2.038
NiPdTaOx_pre,48.52,2.031
NiPdTaOx_pre,48.53,2.179
NiPdTaOx_pre,48.54,2.254
NiPdTaOx_pre,48.55,2.331
NiPdTaOx_pre,48.56,2.273
NiPdTaOx_pre,48.57,2.223
NiPdTaOx_pre,48.58,2.132
NiPdTaOx_pre,48.59,2.24
NiPdTaOx_pre,48.6,2.333
NiPdTaOx_pre,48.61,2.426
NiPdTaOx_pre,48.62,2.326
NiPdTaOx_pre,48.63,2.345
NiPdTaOx_pre,48.64,2.282
NiPdTaOx_pre,48.65,2.236
NiPdTaOx_pre,48.66,2.167
NiPdTaOx_pre,48.67,2.253
NiPdTaOx_pre,48.68,2.374
NiPdTaOx_pre,48.69,2.356
NiPdTaOx_pre,48.7,2.308
NiPdTaOx_pre,48.71,2.341
NiPdTaOx_pre,48.72,2.4
NiPdTaOx_pre,48.73,2.363
NiPdTaOx_pre,48.74,2.258
NiPdTaOx_pre,48.75,2.227
NiPdTaOx_pre,48.76,2.232
NiPdTaOx_pre,48.77,2.261
NiPdTaOx_pre,48.78,2.236
NiPdTaOx_pre,48.79,2.239
NiPdTaOx_pre,48.8,2.231
NiPdTaOx_pre,48.81,2.302
NiPdTaOx_pre,48.82,2.295
NiPdTaOx_pre,48.83,2.334
NiPdTaOx_pre,48.84,2.311
NiPdTaOx_pre,48.85,2.315
NiPdTaOx_pre,48.86,2.329
NiPdTaOx_pre,48.87,2.302
NiPdTaOx_pre,48.88,2.301
NiPdTaOx_pre,48.89,2.248
NiPdTaOx_pre,48.9,2.247
NiPdTaOx_pre,48.91,2.247
NiPdTaOx_pre,48.92,2.275
NiPdTaOx_pre,48.93,2.298
NiPdTaOx_pre,48.94,2.32
NiPdTaOx_pre,48.95,2.37
NiPdTaOx_pre,48.96,2.352
NiPdTaOx_pre,48.97,2.328
NiPdTaOx_pre,48.98,2.255
NiPdTaOx_pre,48.99,2.251
NiPdTaOx_pre,49.0,2.249
NiPdTaOx_pre,49.01,2.32
NiPdTaOx_pre,49.02,2.276
NiPdTaOx_pre,49.03,2.32
NiPdTaOx_pre,49.04,2.268
NiPdTaOx_pre,49.05,2.285
NiPdTaOx_pre,49.06,2.194
NiPdTaOx_pre,49.07,2.228
NiPdTaOx_pre,49.08,2.155
NiPdTaOx_pre,49.09,2.123
NiPdTaOx_pre,49.1,2.05
NiPdTaOx_pre,49.11,2.096
NiPdTaOx_pre,49.12,2.182
NiPdTaOx_pre,49.13,2.271
NiPdTaOx_pre,49.14,2.279
NiPdTaOx_pre,49.15,2.296
NiPdTaOx_pre,49.16,2.328
NiPdTaOx_pre,49.17,2.314
NiPdTaOx_pre,49.18,2.239
NiPdTaOx_pre,49.19,2.152
NiPdTaOx_pre,49.2,2.138
NiPdTaOx_pre,49.21,2.189
NiPdTaOx_pre,49.22,2.272
NiPdTaOx_pre,49.23,2.271
NiPdTaOx_pre,49.24,2.25
NiPdTaOx_pre,49.25,2.233
NiPdTaOx_pre,49.26,2.217
NiPdTaOx_pre,49.27,2.159
NiPdTaOx_pre,49.28,2.169
NiPdTaOx_pre,49.29,2.288
NiPdTaOx_pre,49.3,2.406
NiPdTaOx_pre,49.31,2.385
NiPdTaOx_pre,49.32,2.23
NiPdTaOx_pre,49.33,2.172
NiPdTaOx_pre,49.34,2.212
NiPdTaOx_pre,49.35,2.262
NiPdTaOx_pre,49.36,2.294
NiPdTaOx_pre,49.37,2.273
NiPdTaOx_pre,49.38,2.261
NiPdTaOx_pre,49.39,2.231
NiPdTaOx_pre,49.4,2.254
NiPdTaOx_pre,49.41,2.383
NiPdTaOx_pre,49.42,2.369
NiPdTaOx_pre,49.43,2.286
NiPdTaOx_pre,49.44,2.168
NiPdTaOx_pre,49.45,2.327
NiPdTaOx_pre,49.46,2.458
NiPdTaOx_pre,49.47,2.497
NiPdTaOx_pre,49.48,2.336
NiPdTaOx_pre,49.49,2.245
NiPdTaOx_pre,49.5,2.277
NiPdTaOx_pre,49.51,2.344
NiPdTaOx_pre,49.52,2.346
NiPdTaOx_pre,49.53,2.335
NiPdTaOx_pre,49.54,2.379
NiPdTaOx_pre,49.55,2.432
NiPdTaOx_pre,49.56,2.393
NiPdTaOx_pre,49.57,2.316
NiPdTaOx_pre,49.58,2.293
NiPdTaOx_pre,49.59,2.313
NiPdTaOx_pre,49.6,2.32
NiPdTaOx_pre,49.61,2.211
NiPdTaOx_pre,49.62,2.221
NiPdTaOx_pre,49.63,2.282
NiPdTaOx_pre,49.64,2.382
NiPdTaOx_pre,49.65,2.297
NiPdTaOx_pre,49.66,2.217
NiPdTaOx_pre,49.67,2.187
NiPdTaOx_pre,49.68,2.26
NiPdTaOx_pre,49.69,2.292
NiPdTaOx_pre,49.7,2.242
NiPdTaOx_pre,49.71,2.137
NiPdTaOx_pre,49.72,2.166
NiPdTaOx_pre,49.73,2.276
NiPdTaOx_pre,49.74,2.359
NiPdTaOx_pre,49.75,2.334
NiPdTaOx_pre,49.76,2.334
NiPdTaOx_pre,49.77,2.374
NiPdTaOx_pre,49.78,2.377
NiPdTaOx_pre,49.79,2.361
NiPdTaOx_pre,49.8,2.3
NiPdTaOx_pre,49.81,2.277
NiPdTaOx_pre,49.82,2.274
NiPdTaOx_pre,49.83,2.311
NiPdTaOx_pre,49.84,2.357
NiPdTaOx_pre,49.85,2.273
NiPdTaOx_pre,49.86,2.26
NiPdTaOx_pre,49.87,2.267
NiPdTaOx_pre,49.88,2.333
NiPdTaOx_pre,49.89,2.364
NiPdTaOx_pre,49.9,2.298
NiPdTaOx_pre,49.91,2.265
NiPdTaOx_pre,49.92,2.275
NiPdTaOx_pre,49.93,2.393
NiPdTaOx_pre,49.94,2.352
NiPdTaOx_pre,49.95,2.279
NiPdTaOx_pre,49.96,2.285
NiPdTaOx_pre,49.97,2.291
NiPdTaOx_pre,49.98,2.243
NiPdTaOx_pre,49.99,2.157
NiPdTaOx_pre,50.0,2.128
NiPdTaOx_pre,50.01,2.077
NiPdTaOx_pre,50.02,2.045
NiPdTaOx_pre,50.03,2.098
NiPdTaOx_pre,50.04,2.231
NiPdTaOx_pre,50.05,2.275
NiPdTaOx_pre,50.06,2.278
NiPdTaOx_pre,50.07,2.261
NiPdTaOx_pre,50.08,2.245
NiPdTaOx_pre,50.09,2.249
NiPdTaOx_pre,50.1,2.229
NiPdTaOx_pre,50.11,2.272
NiPdTaOx_pre,50.12,2.223
NiPdTaOx_pre,50.13,2.253
NiPdTaOx_pre,50.14,2.186
NiPdTaOx_pre,50.15,2.194
NiPdTaOx_pre,50.16,2.186
NiPdTaOx_pre,50.17,2.227
NiPdTaOx_pre,50.18,2.216
NiPdTaOx_pre,50.19,2.238
NiPdTaOx_pre,50.2,2.24
NiPdTaOx_pre,50.21,2.244
NiPdTaOx_pre,50.22,2.225
NiPdTaOx_pre,50.23,2.261
NiPdTaOx_pre,50.24,2.195
NiPdTaOx_pre,50.25,2.195
NiPdTaOx_pre,50.26,2.194
NiPdTaOx_pre,50.27,2.304
NiPdTaOx_pre,50.28,2.205
NiPdTaOx_pre,50.29,2.208
NiPdTaOx_pre,50.3,2.179
NiPdTaOx_pre,50.31,2.235
NiPdTaOx_pre,50.32,2.233
NiPdTaOx_pre,50.33,2.348
NiPdTaOx_pre,50.34,2.419
NiPdTaOx_pre,50.35,2.418
NiPdTaOx_pre,50.36,2.293
NiPdTaOx_pre,50.37,2.236
NiPdTaOx_pre,50.38,2.296
NiPdTaOx_pre,50.39,2.335
NiPdTaOx_pre,50.4,2.275
NiPdTaOx_pre,50.41,2.204
NiPdTaOx_pre,50.42,2.186
NiPdTaOx_pre,50.43,2.255
NiPdTaOx_pre,50.44,2.233
NiPdTaOx_pre,50.45,2.287
NiPdTaOx_pre,50.46,2.238
NiPdTaOx_pre,50.47,2.159
NiPdTaOx_pre,50.48,2.021
NiPdTaOx_pre,50.49,1.969
NiPdTaOx_pre,50.5,2.087
NiPdTaOx_pre,50.51,2.192
NiPdTaOx_pre,50.52,2.196
NiPdTaOx_pre,50.53,2.173
NiPdTaOx_pre,50.54,2.159
NiPdTaOx_pre,50.55,2.181
NiPdTaOx_pre,50.56,2.192
NiPdTaOx_pre,50.57,2.341
NiPdTaOx_pre,50.58,2.429
NiPdTaOx_pre,50.59,2.443
NiPdTaOx_pre,50.6,2.307
NiPdTaOx_pre,50.61,2.206
NiPdTaOx_pre,50.62,2.193
NiPdTaOx_pre,50.63,2.18
NiPdTaOx_pre,50.64,2.209
NiPdTaOx_pre,50.65,2.245
NiPdTaOx_pre,50.66,2.282
NiPdTaOx_pre,50.67,2.305
NiPdTaOx_pre,50.68,2.347
NiPdTaOx_pre,50.69,2.346
NiPdTaOx_pre,50.7,2.266
NiPdTaOx_pre,50.71,2.214
NiPdTaOx_pre,50.72,2.208
NiPdTaOx_pre,50.73,2.231
NiPdTaOx_pre,50.74,2.22
NiPdTaOx_pre,50.75,2.272
NiPdTaOx_pre,50.76,2.252
NiPdTaOx_pre,50.77,2.247
NiPdTaOx_pre,50.78,2.207
NiPdTaOx_pre,50.79,2.246
NiPdTaOx_pre,50.8,2.165
NiPdTaOx_pre,50.81,2.116
NiPdTaOx_pre,50.82,2.101
NiPdTaOx_pre,50.83,2.186
NiPdTaOx_pre,50.84,2.186
NiPdTaOx_pre,50.85,2.19
NiPdTaOx_pre,50.86,2.158
NiPdTaOx_pre,50.87,2.216
NiPdTaOx_pre,50.88,2.221
NiPdTaOx_pre,50.89,2.272
NiPdTaOx_pre,50.9,2.243
NiPdTaOx_pre,50.91,2.231
NiPdTaOx_pre,50.92,2.206
NiPdTaOx_pre,50.93,2.207
NiPdTaOx_pre,50.94,2.199
NiPdTaOx_pre,50.95,2.221
NiPdTaOx_pre,50.96,2.195
NiPdTaOx_pre,50.97,2.2
NiPdTaOx_pre,50.98,2.217
NiPdTaOx_pre,50.99,2.323
NiPdTaOx_pre,51.0,2.391
NiPdTaOx_pre,51.01,2.452
NiPdTaOx_pre,51.02,2.395
NiPdTaOx_pre,51.03,2.301
NiPdTaOx_pre,51.04,2.263
NiPdTaOx_pre,51.05,2.263
NiPdTaOx_pre,51.06,2.24
NiPdTaOx_pre,51.07,2.169
NiPdTaOx_pre,51.08,2.157
NiPdTaOx_pre,51.09,2.23
NiPdTaOx_pre,51.1,2.207
NiPdTaOx_pre,51.11,2.158
NiPdTaOx_pre,51.12,2.173
NiPdTaOx_pre,51.13,2.201
NiPdTaOx_pre,51.14,2.241
NiPdTaOx_pre,51.15,2.233
NiPdTaOx_pre,51.16,2.264
NiPdTaOx_pre,51.17,2.247
NiPdTaOx_pre,51.18,2.133
NiPdTaOx_pre,51.19,2.113
NiPdTaOx_pre,51.2,2.13
NiPdTaOx_pre,51.21,2.28
NiPdTaOx_pre,51.22,2.333
NiPdTaOx_pre,51.23,2.343
NiPdTaOx_pre,51.24,2.308
NiPdTaOx_pre,51.25,2.24
NiPdTaOx_pre,51.26,2.155
NiPdTaOx_pre,51.27,2.1
NiPdTaOx_pre,51.28,2.163
NiPdTaOx_pre,51.29,2.234
NiPdTaOx_pre,51.3,2.25
NiPdTaOx_pre,51.31,2.213
NiPdTaOx_pre,51.32,2.154
NiPdTaOx_pre,51.33,2.155
NiPdTaOx_pre,51.34,2.198
NiPdTaOx_pre,51.35,2.19
NiPdTaOx_pre,51.36,2.222
NiPdTaOx_pre,51.37,2.213
NiPdTaOx_pre,51.38,2.185
NiPdTaOx_pre,51.39,2.168
NiPdTaOx_pre,51.4,2.216
NiPdTaOx_pre,51.41,2.289
NiPdTaOx_pre,51.42,2.264
NiPdTaOx_pre,51.43,2.097
NiPdTaOx_pre,51.44,2.089
NiPdTaOx_pre,51.45,2.134
NiPdTaOx_pre,51.46,2.206
NiPdTaOx_pre,51.47,2.26
NiPdTaOx_pre,51.48,2.309
NiPdTaOx_pre,51.49,2.341
NiPdTaOx_pre,51.5,2.282
NiPdTaOx_pre,51.51,2.241
NiPdTaOx_pre,51.52,2.159
NiPdTaOx_pre,51.53,2.164
NiPdTaOx_pre,51.54,2.137
NiPdTaOx_pre,51.55,2.175
NiPdTaOx_pre,51.56,2.101
NiPdTaOx_pre,51.57,2.039
NiPdTaOx_pre,51.58,2.017
NiPdTaOx_pre,51.59,2.105
NiPdTaOx_pre,51.6,2.234
NiPdTaOx_pre,51.61,2.273
NiPdTaOx_pre,51.62,2.216
NiPdTaOx_pre,51.63,2.175
NiPdTaOx_pre,51.64,2.195
NiPdTaOx_pre,51.65,2.304
NiPdTaOx_pre,51.66,2.335
NiPdTaOx_pre,51.67,2.304
NiPdTaOx_pre,51.68,2.266
NiPdTaOx_pre,51.69,2.259
NiPdTaOx_pre,51.7,2.259
NiPdTaOx_pre,51.71,2.198
NiPdTaOx_pre,51.72,2.136
NiPdTaOx_pre,51.73,2.122
NiPdTaOx_pre,51.74,2.065
NiPdTaOx_pre,51.75,2.032
NiPdTaOx_pre,51.76,2.03
NiPdTaOx_pre,51.77,2.132
NiPdTaOx_pre,51.78,2.217
NiPdTaOx_pre,51.79,2.203
NiPdTaOx_pre,51.8,2.147
NiPdTaOx_pre,51.81,2.098
NiPdTaOx_pre,51.82,2.205
NiPdTaOx_pre,51.83,2.256
NiPdTaOx_pre,51.84,2.294
NiPdTaOx_pre,51.85,2.322
NiPdTaOx_pre,51.86,2.281
NiPdTaOx_pre,51.87,2.225
NiPdTaOx_pre,51.88,2.091
NiPdTaOx_pre,51.89,2.069
NiPdTaOx_pre,51.9,2.107
NiPdTaOx_pre,51.91,2.131
NiPdTaOx_pre,51.92,2.167
NiPdTaOx_pre,51.93,2.17
NiPdTaOx_pre,51.94,2.218
NiPdTaOx_pre,51.95,2.257
NiPdTaOx_pre,51.96,2.223
NiPdTaOx_pre,51.97,2.195
NiPdTaOx_pre,51.98,2.228
NiPdTaOx_pre,51.99,2.251
NiPdTaOx_pre,52.0,2.186
NiPdTaOx_pre,52.01,2.101
NiPdTaOx_pre,52.02,2.076
NiPdTaOx_pre,52.03,2.134
NiPdTaOx_pre,52.04,2.201
NiPdTaOx_pre,52.05,2.299
NiPdTaOx_pre,52.06,2.321
NiPdTaOx_pre,52.07,2.279
NiPdTaOx_pre,52.08,2.224
NiPdTaOx_pre,52.09,2.192
NiPdTaOx_pre,52.1,2.143
NiPdTaOx_pre,52.11,2.104
NiPdTaOx_pre,52.12,2.199
NiPdTaOx_pre,52.13,2.322
NiPdTaOx_pre,52.14,2.331
NiPdTaOx_pre,52.15,2.234
NiPdTaOx_pre,52.16,2.165
NiPdTaOx_pre,52.17,2.131
NiPdTaOx_pre,52.18,2.158
NiPdTaOx_pre,52.19,2.262
NiPdTaOx_pre,52.2,2.328
NiPdTaOx_pre,52.21,2.338
NiPdTaOx_pre,52.22,2.311
NiPdTaOx_pre,52.23,2.25
NiPdTaOx_pre,52.24,2.154
NiPdTaOx_pre,52.25,2.087
NiPdTaOx_pre,52.26,2.084
NiPdTaOx_pre,52.27,2.138
NiPdTaOx_pre,52.28,2.134
NiPdTaOx_pre,52.29,2.162
NiPdTaOx_pre,52.3,2.159
NiPdTaOx_pre,52.31,2.177
NiPdTaOx_pre,52.32,2.153
NiPdTaOx_pre,52.33,2.233
NiPdTaOx_pre,52.34,2.292
NiPdTaOx_pre,52.35,2.284
NiPdTaOx_pre,52.36,2.265
NiPdTaOx_pre,52.37,2.285
NiPdTaOx_pre,52.38,2.295
NiPdTaOx_pre,52.39,2.213
NiPdTaOx_pre,52.4,2.191
NiPdTaOx_pre,52.41,2.255
NiPdTaOx_pre,52.42,2.278
NiPdTaOx_pre,52.43,2.339
NiPdTaOx_pre,52.44,2.338
NiPdTaOx_pre,52.45,2.341
NiPdTaOx_pre,52.46,2.274
NiPdTaOx_pre,52.47,2.266
NiPdTaOx_pre,52.48,2.313
NiPdTaOx_pre,52.49,2.295
NiPdTaOx_pre,52.5,2.292
NiPdTaOx_pre,52.51,2.274
NiPdTaOx_pre,52.52,2.223
NiPdTaOx_pre,52.53,2.186
NiPdTaOx_pre,52.54,2.173
NiPdTaOx_pre,52.55,2.283
NiPdTaOx_pre,52.56,2.311
NiPdTaOx_pre,52.57,2.328
NiPdTaOx_pre,52.58,2.255
NiPdTaOx_pre,52.59,2.194
NiPdTaOx_pre,52.6,2.174
NiPdTaOx_pre,52.61,2.198
NiPdTaOx_pre,52.62,2.212
NiPdTaOx_pre,52.63,2.144
NiPdTaOx_pre,52.64,2.174
NiPdTaOx_pre,52.65,2.24
NiPdTaOx_pre,52.66,2.204
NiPdTaOx_pre,52.67,2.099
NiPdTaOx_pre,52.68,2.094
NiPdTaOx_pre,52.69,2.147
NiPdTaOx_pre,52.7,2.214
NiPdTaOx_pre,52.71,2.166
NiPdTaOx_pre,52.72,2.162
NiPdTaOx_pre,52.73,2.131
NiPdTaOx_pre,52.74,2.193
NiPdTaOx_pre,52.75,2.119
NiPdTaOx_pre,52.76,2.175
NiPdTaOx_pre,52.77,2.206
NiPdTaOx_pre,52.78,2.231
NiPdTaOx_pre,52.79,2.105
NiPdTaOx_pre,52.8,2.042
NiPdTaOx_pre,52.81,2.051
NiPdTaOx_pre,52.82,2.139
NiPdTaOx_pre,52.83,2.192
NiPdTaOx_pre,52.84,2.215
NiPdTaOx_pre,52.85,2.138
NiPdTaOx_pre,52.86,2.08
NiPdTaOx_pre,52.87,2.071
NiPdTaOx_pre,52.88,2.102
NiPdTaOx_pre,52.89,2.124
NiPdTaOx_pre,52.9,2.141
NiPdTaOx_pre,52.91,2.174
NiPdTaOx_pre,52.92,2.215
NiPdTaOx_pre,52.93,2.221
NiPdTaOx_pre,52.94,2.269
NiPdTaOx_pre,52.95,2.286
NiPdTaOx_pre,52.96,2.254
NiPdTaOx_pre,52.97,2.266
NiPdTaOx_pre,52.98,2.273
NiPdTaOx_pre,52.99,2.259
NiPdTaOx_pre,53.0,2.146
NiPdTaOx_pre,53.01,2.107
NiPdTaOx_pre,53.02,2.095
NiPdTaOx_pre,53.03,2.13
NiPdTaOx_pre,53.04,2.05
NiPdTaOx_pre,53.05,2.027
NiPdTaOx_pre,53.06,2.049
NiPdTaOx_pre,53.07,2.093
NiPdTaOx_pre,53.08,2.11
NiPdTaOx_pre,53.09,2.18
NiPdTaOx_pre,53.1,2.254
NiPdTaOx_pre,53.11,2.26
NiPdTaOx_pre,53.12,2.199
NiPdTaOx_pre,53.13,2.153
NiPdTaOx_pre,53.14,2.177
NiPdTaOx_pre,53.15,2.165
NiPdTaOx_pre,53.16,2.211
NiPdTaOx_pre,53.17,2.173
NiPdTaOx_pre,53.18,2.173
NiPdTaOx_pre,53.19,2.152
NiPdTaOx_pre,53.2,2.138
NiPdTaOx_pre,53.21,2.166
NiPdTaOx_pre,53.22,2.189
NiPdTaOx_pre,53.23,2.168
NiPdTaOx_pre,53.24,2.138
NiPdTaOx_pre,53.25,2.139
NiPdTaOx_pre,53.26,2.174
NiPdTaOx_pre,53.27,2.132
NiPdTaOx_pre,53.28,2.076
NiPdTaOx_pre,53.29,2.045
NiPdTaOx_pre,53.3,2.125
NiPdTaOx_pre,53.31,2.195
NiPdTaOx_pre,53.32,2.237
NiPdTaOx_pre,53.33,2.22
NiPdTaOx_pre,53.34,2.197
NiPdTaOx_pre,53.35,2.175
NiPdTaOx_pre,53.36,2.095
NiPdTaOx_pre,53.37,2.093
NiPdTaOx_pre,53.38,2.124
NiPdTaOx_pre,53.39,2.159
NiPdTaOx_pre,53.4,2.166
NiPdTaOx_pre,53.41,2.064
NiPdTaOx_pre,53.42,2.069
NiPdTaOx_pre,53.43,2.102
NiPdTaOx_pre,53.44,2.191
NiPdTaOx_pre,53.45,2.157
NiPdTaOx_pre,53.46,2.145
NiPdTaOx_pre,53.47,2.064
NiPdTaOx_pre,53.48,2.079
NiPdTaOx_pre,53.49,2.103
NiPdTaOx_pre,53.5,2.157
NiPdTaOx_pre,53.51,2.177
NiPdTaOx_pre,53.52,2.234
NiPdTaOx_pre,53.53,2.29
NiPdTaOx_pre,53.54,2.216
NiPdTaOx_pre,53.55,2.211
NiPdTaOx_pre,53.56,2.119
NiPdTaOx_pre,53.57,2.197
NiPdTaOx_pre,53.58,2.158
NiPdTaOx_pre,53.59,2.196
NiPdTaOx_pre,53.6,2.156
NiPdTaOx_pre,53.61,2.18
NiPdTaOx_pre,53.62,2.172
NiPdTaOx_pre,53.63,2.198
NiPdTaOx_pre,53.64,2.206
NiPdTaOx_pre,53.65,2.243
NiPdTaOx_pre,53.66,2.285
NiPdTaOx_pre,53.67,2.308
NiPdTaOx_pre,53.68,2.248
NiPdTaOx_pre,53.69,2.195
NiPdTaOx_pre,53.7,2.197
NiPdTaOx_pre,53.71,2.241
NiPdTaOx_pre,53.72,2.228
NiPdTaOx_pre,53.73,2.182
NiPdTaOx_pre,53.74,2.14
NiPdTaOx_pre,53.75,2.129
NiPdTaOx_pre,53.76,2.189
NiPdTaOx_pre,53.77,2.284
NiPdTaOx_pre,53.78,2.262
NiPdTaOx_pre,53.79,2.17
NiPdTaOx_pre,53.8,2.078
NiPdTaOx_pre,53.81,2.034
NiPdTaOx_pre,53.82,2.09
NiPdTaOx_pre,53.83,2.117
NiPdTaOx_pre,53.84,2.242
NiPdTaOx_pre,53.85,2.252
NiPdTaOx_pre,53.86,2.321
NiPdTaOx_pre,53.87,2.219
NiPdTaOx_pre,53.88,2.27
NiPdTaOx_pre,53.89,2.241
NiPdTaOx_pre,53.9,2.194
NiPdTaOx_pre,53.91,2.105
NiPdTaOx_pre,53.92,2.054
NiPdTaOx_pre,53.93,2.059
NiPdTaOx_pre,53.94,2.117
NiPdTaOx_pre,53.95,2.12
NiPdTaOx_pre,53.96,2.172
NiPdTaOx_pre,53.97,2.105
NiPdTaOx_pre,53.98,2.09
NiPdTaOx_pre,53.99,2.007
NiPdTaOx_pre,54.0,2.07
NiPdTaOx_pre,54.01,2.057
NiPdTaOx_pre,54.02,2.077
NiPdTaOx_pre,54.03,2.056
NiPdTaOx_pre,54.04,2.105
NiPdTaOx_pre,54.05,2.158
NiPdTaOx_pre,54.06,2.14
NiPdTaOx_pre,54.07,2.094
NiPdTaOx_pre,54.08,1.985
NiPdTaOx_pre,54.09,2.018
NiPdTaOx_pre,54.1,2.019
NiPdTaOx_pre,54.11,2.042
NiPdTaOx_pre,54.12,2.127
NiPdTaOx_pre,54.13,2.091
NiPdTaOx_pre,54.14,2.142
NiPdTaOx_pre,54.15,2.073
NiPdTaOx_pre,54.16,2.123
NiPdTaOx_pre,54.17,2.188
NiPdTaOx_pre,54.18,2.216
NiPdTaOx_pre,54.19,2.253
NiPdTaOx_pre,54.2,2.2
NiPdTaOx_pre,54.21,2.184
NiPdTaOx_pre,54.22,2.134
NiPdTaOx_pre,54.23,2.098
NiPdTaOx_pre,54.24,2.11
NiPdTaOx_pre,54.25,2.141
NiPdTaOx_pre,54.26,2.227
NiPdTaOx_pre,54.27,2.202
NiPdTaOx_pre,54.28,2.23
NiPdTaOx_pre,54.29,2.329
NiPdTaOx_pre,54.3,2.365
NiPdTaOx_pre,54.31,2.272
NiPdTaOx_pre,54.32,2.143
NiPdTaOx_pre,54.33,2.171
NiPdTaOx_pre,54.34,2.193
NiPdTaOx_pre,54.35,2.162
NiPdTaOx_pre,54.36,2.119
NiPdTaOx_pre,54.37,2.113
NiPdTaOx_pre,54.38,2.189
NiPdTaOx_pre,54.39,2.245
NiPdTaOx_pre,54.4,2.286
NiPdTaOx_pre,54.41,2.273
NiPdTaOx_pre,54.42,2.266
NiPdTaOx_pre,54.43,2.233
NiPdTaOx_pre,54.44,2.256
NiPdTaOx_pre,54.45,2.271
NiPdTaOx_pre,54.46,2.274
NiPdTaOx_pre,54.47,2.224
NiPdTaOx_pre,54.48,2.149
NiPdTaOx_pre,54.49,2.105
NiPdTaOx_pre,54.5,2.159
NiPdTaOx_pre,54.51,2.19
NiPdTaOx_pre,54.52,2.157
NiPdTaOx_pre,54.53,2.152
NiPdTaOx_pre,54.54,2.287
NiPdTaOx_pre,54.55,2.311
NiPdTaOx_pre,54.56,2.252
NiPdTaOx_pre,54.57,2.217
NiPdTaOx_pre,54.58,2.202
NiPdTaOx_pre,54.59,2.186
NiPdTaOx_pre,54.6,2.178
NiPdTaOx_pre,54.61,2.24
NiPdTaOx_pre,54.62,2.268
NiPdTaOx_pre,54.63,2.244
NiPdTaOx_pre,54.64,2.166
NiPdTaOx_pre,54.65,2.189
NiPdTaOx_pre,54.66,2.244
NiPdTaOx_pre,54.67,2.286
NiPdTaOx_pre,54.68,2.197
NiPdTaOx_pre,54.69,2.118
NiPdTaOx_pre,54.7,2.101
NiPdTaOx_pre,54.71,2.155
NiPdTaOx_pre,54.72,2.116
NiPdTaOx_pre,54.73,2.081
NiPdTaOx_pre,54.74,2.098
NiPdTaOx_pre,54.75,2.189
NiPdTaOx_pre,54.76,2.264
NiPdTaOx_pre,54.77,2.189
NiPdTaOx_pre,54.78,2.163
NiPdTaOx_pre,54.79,2.11
NiPdTaOx_pre,54.8,2.087
NiPdTaOx_pre,54.81,2.101
NiPdTaOx_pre,54.82,2.122
NiPdTaOx_pre,54.83,2.126
NiPdTaOx_pre,54.84,2.067
NiPdTaOx_pre,54.85,2.058
NiPdTaOx_pre,54.86,2.091
NiPdTaOx_pre,54.87,2.172
NiPdTaOx_pre,54.88,2.192
NiPdTaOx_pre,54.89,2.155
NiPdTaOx_pre,54.9,2.142
NiPdTaOx_pre,54.91,2.157
NiPdTaOx_pre,54.92,2.116
NiPdTaOx_pre,54.93,2.117
NiPdTaOx_pre,54.94,2.117
NiPdTaOx_pre,54.95,2.174
NiPdTaOx_pre,54.96,2.173
NiPdTaOx_pre,54.97,2.203
NiPdTaOx_pre,54.98,2.151
NiPdTaOx_pre,54.99,2.151
NiPdTaOx_pre,55.0,2.15
NiPdTaOx_pre,55.01,2.225
NiPdTaOx_pre,55.02,2.238
NiPdTaOx_pre,55.03,2.271
NiPdTaOx_pre,55.04,2.29
NiPdTaOx_pre,55.05,2.257
NiPdTaOx_pre,55.06,2.236
NiPdTaOx_pre,55.07,2.215
NiPdTaOx_pre,55.08,2.153
NiPdTaOx_pre,55.09,2.105
NiPdTaOx_pre,55.1,2.109
NiPdTaOx_pre,55.11,2.189
NiPdTaOx_pre,55.12,2.1
NiPdTaOx_pre,55.13,1.992
NiPdTaOx_pre,55.14,1.906
NiPdTaOx_pre,55.15,2.055
NiPdTaOx_pre,55.16,2.091
NiPdTaOx_pre,55.17,2.095
NiPdTaOx_pre,55.18,1.99
NiPdTaOx_pre,55.19,2.0
NiPdTaOx_pre,55.2,2.079
NiPdTaOx_pre,55.21,2.194
NiPdTaOx_pre,55.22,2.23
NiPdTaOx_pre,55.23,2.179
NiPdTaOx_pre,55.24,2.176
NiPdTaOx_pre,55.25,2.167
NiPdTaOx_pre,55.26,2.166
NiPdTaOx_pre,55.27,2.173
NiPdTaOx_pre,55.28,2.18
NiPdTaOx_pre,55.29,2.183
NiPdTaOx_pre,55.3,2.223
NiPdTaOx_pre,55.31,2.256
NiPdTaOx_pre,55.32,2.219
NiPdTaOx_pre,55.33,2.164
NiPdTaOx_pre,55.34,2.124
NiPdTaOx_pre,55.35,2.068
NiPdTaOx_pre,55.36,2.102
NiPdTaOx_pre,55.37,2.142
NiPdTaOx_pre,55.38,2.193
NiPdTaOx_pre,55.39,2.147
NiPdTaOx_pre,55.4,2.196
NiPdTaOx_pre,55.41,2.163
NiPdTaOx_pre,55.42,2.205
NiPdTaOx_pre,55.43,2.249
NiPdTaOx_pre,55.44,2.3
NiPdTaOx_pre,55.45,2.26
NiPdTaOx_pre,55.46,2.217
NiPdTaOx_pre,55.47,2.201
NiPdTaOx_pre,55.48,2.241
NiPdTaOx_pre,55.49,2.195
NiPdTaOx_pre,55.5,2.098
NiPdTaOx_pre,55.51,1.986
NiPdTaOx_pre,55.52,2.048
NiPdTaOx_pre,55.53,2.161
NiPdTaOx_pre,55.54,2.183
NiPdTaOx_pre,55.55,2.219
NiPdTaOx_pre,55.56,2.169
NiPdTaOx_pre,55.57,2.171
NiPdTaOx_pre,55.58,2.176
NiPdTaOx_pre,55.59,2.234
NiPdTaOx_pre,55.6,2.19
NiPdTaOx_pre,55.61,2.141
NiPdTaOx_pre,55.62,2.107
NiPdTaOx_pre,55.63,2.1
NiPdTaOx_pre,55.64,2.051
NiPdTaOx_pre,55.65,2.125
NiPdTaOx_pre,55.66,2.137
NiPdTaOx_pre,55.67,2.206
NiPdTaOx_pre,55.68,2.151
NiPdTaOx_pre,55.69,2.138
NiPdTaOx_pre,55.7,2.088
NiPdTaOx_pre,55.71,2.076
NiPdTaOx_pre,55.72,2.032
NiPdTaOx_pre,55.73,1.988
NiPdTaOx_pre,55.74,2.115
NiPdTaOx_pre,55.75,2.175
NiPdTaOx_pre,55.76,2.233
NiPdTaOx_pre,55.77,2.075
NiPdTaOx_pre,55.78,2.078
NiPdTaOx_pre,55.79,2.102
NiPdTaOx_pre,55.8,2.21
NiPdTaOx_pre,55.81,2.156
NiPdTaOx_pre,55.82,2.118
NiPdTaOx_pre,55.83,2.082
NiPdTaOx_pre,55.84,2.125
NiPdTaOx_pre,55.85,2.123
NiPdTaOx_pre,55.86,2.174
NiPdTaOx_pre,55.87,2.201
NiPdTaOx_pre,55.88,2.19
NiPdTaOx_pre,55.89,2.133
NiPdTaOx_pre,55.9,2.101
NiPdTaOx_pre,55.91,2.122
NiPdTaOx_pre,55.92,2.269
NiPdTaOx_pre,55.93,2.315
NiPdTaOx_pre,55.94,2.255
NiPdTaOx_pre,55.95,2.13
NiPdTaOx_pre,55.96,2.126
NiPdTaOx_pre,55.97,2.13
NiPdTaOx_pre,55.98,2.175
NiPdTaOx_pre,55.99,2.213
NiPdTaOx_pre,56.0,2.353
NiPdTaOx_pre,56.01,2.291
NiPdTaOx_pre,56.02,2.232
NiPdTaOx_pre,56.03,2.142
NiPdTaOx_pre,56.04,2.109
NiPdTaOx_pre,56.05,2.158
NiPdTaOx_pre,56.06,2.26
NiPdTaOx_pre,56.07,2.24
NiPdTaOx_pre,56.08,2.116
NiPdTaOx_pre,56.09,2.159
NiPdTaOx_pre,56.1,2.244
NiPdTaOx_pre,56.11,2.3
NiPdTaOx_pre,56.12,2.183
NiPdTaOx_pre,56.13,2.21
NiPdTaOx_pre,56.14,2.305
NiPdTaOx_pre,56.15,2.345
NiPdTaOx_pre,56.16,2.283
NiPdTaOx_pre,56.17,2.185
NiPdTaOx_pre,56.18,2.178
NiPdTaOx_pre,56.19,2.162
NiPdTaOx_pre,56.2,2.207
NiPdTaOx_pre,56.21,2.252
NiPdTaOx_pre,56.22,2.185
NiPdTaOx_pre,56.23,2.108
NiPdTaOx_pre,56.24,2.092
NiPdTaOx_pre,56.25,2.147
NiPdTaOx_pre,56.26,2.149
NiPdTaOx_pre,56.27,2.093
NiPdTaOx_pre,56.28,2.071
NiPdTaOx_pre,56.29,2.085
NiPdTaOx_pre,56.3,2.178
NiPdTaOx_pre,56.31,2.279
NiPdTaOx_pre,56.32,2.315
NiPdTaOx_pre,56.33,2.258
NiPdTaOx_pre,56.34,2.221
NiPdTaOx_pre,56.35,2.225
NiPdTaOx_pre,56.36,2.251
NiPdTaOx_pre,56.37,2.151
NiPdTaOx_pre,56.38,2.06
NiPdTaOx_pre,56.39,2.09
NiPdTaOx_pre,56.4,2.148
NiPdTaOx_pre,56.41,2.191
NiPdTaOx_pre,56.42,2.139
NiPdTaOx_pre,56.43,2.116
NiPdTaOx_pre,56.44,2.125
NiPdTaOx_pre,56.45,2.274
NiPdTaOx_pre,56.46,2.338
NiPdTaOx_pre,56.47,2.342
NiPdTaOx_pre,56.48,2.219
NiPdTaOx_pre,56.49,2.18
NiPdTaOx_pre,56.5,2.079
NiPdTaOx_pre,56.51,2.087
NiPdTaOx_pre,56.52,2.13
NiPdTaOx_pre,56.53,2.196
NiPdTaOx_pre,56.54,2.215
NiPdTaOx_pre,56.55,2.217
NiPdTaOx_pre,56.56,2.216
NiPdTaOx_pre,56.57,2.134
NiPdTaOx_pre,56.58,2.098
NiPdTaOx_pre,56.59,2.136
NiPdTaOx_pre,56.6,2.186
NiPdTaOx_pre,56.61,2.124
NiPdTaOx_pre,56.62,2.11
NiPdTaOx_pre,56.63,2.128
NiPdTaOx_pre,56.64,2.096
NiPdTaOx_pre,56.65,2.143
NiPdTaOx_pre,56.66,2.242
NiPdTaOx_pre,56.67,2.287
NiPdTaOx_pre,56.68,2.164
NiPdTaOx_pre,56.69,2.09
NiPdTaOx_pre,56.7,2.14
NiPdTaOx_pre,56.71,2.183
NiPdTaOx_pre,56.72,2.183
NiPdTaOx_pre,56.73,2.227
NiPdTaOx_pre,56.74,2.228
NiPdTaOx_pre,56.75,2.137
NiPdTaOx_pre,56.76,2.032
NiPdTaOx_pre,56.77,2.023
NiPdTaOx_pre,56.78,2.081
NiPdTaOx_pre,56.79,2.18
NiPdTaOx_pre,56.8,2.234
NiPdTaOx_pre,56.81,2.248
NiPdTaOx_pre,56.82,2.234
NiPdTaOx_pre,56.83,2.183
NiPdTaOx_pre,56.84,2.215
NiPdTaOx_pre,56.85,2.208
NiPdTaOx_pre,56.86,2.297
NiPdTaOx_pre,56.87,2.183
NiPdTaOx_pre,56.88,2.203
NiPdTaOx_pre,56.89,2.171
NiPdTaOx_pre,56.9,2.248
NiPdTaOx_pre,56.91,2.211
NiPdTaOx_pre,56.92,2.138
NiPdTaOx_pre,56.93,2.07
NiPdTaOx_pre,56.94,2.104
NiPdTaOx_pre,56.95,2.247
NiPdTaOx_pre,56.96,2.22
NiPdTaOx_pre,56.97,2.18
NiPdTaOx_pre,56.98,2.166
NiPdTaOx_pre,56.99,2.26
NiPdTaOx_pre,57.0,2.197
NiPdTaOx_pre,57.01,2.19
NiPdTaOx_pre,57.02,2.196
NiPdTaOx_pre,57.03,2.204
NiPdTaOx_pre,57.04,2.084
NiPdTaOx_pre,57.05,2.085
NiPdTaOx_pre,57.06,2.145
NiPdTaOx_pre,57.07,2.156
NiPdTaOx_pre,57.08,2.178
NiPdTaOx_pre,57.09,2.18
NiPdTaOx_pre,57.1,2.204
NiPdTaOx_pre,57.11,2.201
NiPdTaOx_pre,57.12,2.225
NiPdTaOx_pre,57.13,2.29
NiPdTaOx_pre,57.14,2.201
NiPdTaOx_pre,57.15,2.212
NiPdTaOx_pre,57.16,2.148
NiPdTaOx_pre,57.17,2.094
NiPdTaOx_pre,57.18,2.052
NiPdTaOx_pre,57.19,2.137
NiPdTaOx_pre,57.2,2.219
NiPdTaOx_pre,57.21,2.197
NiPdTaOx_pre,57.22,2.183
NiPdTaOx_pre,57.23,2.135
NiPdTaOx_pre,57.24,2.081
NiPdTaOx_pre,57.25,2.075
NiPdTaOx_pre,57.26,2.062
NiPdTaOx_pre,57.27,2.121
NiPdTaOx_pre,57.28,2.161
NiPdTaOx_pre,57.29,2.205
NiPdTaOx_pre,57.3,2.15
NiPdTaOx_pre,57.31,2.209
NiPdTaOx_pre,57.32,2.236
NiPdTaOx_pre,57.33,2.275
NiPdTaOx_pre,57.34,2.244
NiPdTaOx_pre,57.35,2.258
NiPdTaOx_pre,57.36,2.211
NiPdTaOx_pre,57.37,2.192
NiPdTaOx_pre,57.38,2.238
NiPdTaOx_pre,57.39,2.289
NiPdTaOx_pre,57.4,2.308
NiPdTaOx_pre,57.41,2.244
NiPdTaOx_pre,57.42,2.242
NiPdTaOx_pre,57.43,2.19
NiPdTaOx_pre,57.44,2.158
NiPdTaOx_pre,57.45,2.141
NiPdTaOx_pre,57.46,2.159
NiPdTaOx_pre,57.47,2.182
NiPdTaOx_pre,57.48,2.191
NiPdTaOx_pre,57.49,2.229
NiPdTaOx_pre,57.5,2.217
NiPdTaOx_pre,57.51,2.122
NiPdTaOx_pre,57.52,2.063
NiPdTaOx_pre,57.53,2.06
NiPdTaOx_pre,57.54,2.104
NiPdTaOx_pre,57.55,2.15
NiPdTaOx_pre,57.56,2.128
NiPdTaOx_pre,57.57,2.133
NiPdTaOx_pre,57.58,2.079
NiPdTaOx_pre,57.59,2.102
NiPdTaOx_pre,57.6,2.081
NiPdTaOx_pre,57.61,2.109
NiPdTaOx_pre,57.62,2.126
NiPdTaOx_pre,57.63,2.18
NiPdTaOx_pre,57.64,2.242
NiPdTaOx_pre,57.65,2.187
NiPdTaOx_pre,57.66,2.123
NiPdTaOx_pre,57.67,2.136
NiPdTaOx_pre,57.68,2.164
NiPdTaOx_pre,57.69,2.168
NiPdTaOx_pre,57.7,2.086
NiPdTaOx_pre,57.71,2.117
NiPdTaOx_pre,57.72,2.141
NiPdTaOx_pre,57.73,2.181
NiPdTaOx_pre,57.74,2.149
NiPdTaOx_pre,57.75,2.124
NiPdTaOx_pre,57.76,2.158
NiPdTaOx_pre,57.77,2.167
NiPdTaOx_pre,57.78,2.16
NiPdTaOx_pre,57.79,2.168
NiPdTaOx_pre,57.8,2.219
NiPdTaOx_pre,57.81,2.297
NiPdTaOx_pre,57.82,2.239
NiPdTaOx_pre,57.83,2.212
NiPdTaOx_pre,57.84,2.246
NiPdTaOx_pre,57.85,2.237
NiPdTaOx_pre,57.86,2.258
NiPdTaOx_pre,57.87,2.253
NiPdTaOx_pre,57.88,2.389
NiPdTaOx_pre,57.89,2.394
NiPdTaOx_pre,57.9,2.342
NiPdTaOx_pre,57.91,2.214
NiPdTaOx_pre,57.92,2.207
NiPdTaOx_pre,57.93,2.211
NiPdTaOx_pre,57.94,2.162
NiPdTaOx_pre,57.95,2.14
NiPdTaOx_pre,57.96,2.086
NiPdTaOx_pre,57.97,2.181
NiPdTaOx_pre,57.98,2.25
NiPdTaOx_pre,57.99,2.295
NiPdTaOx_pre,58.0,2.173
NiPdTaOx_pre,58.01,2.137
NiPdTaOx_pre,58.02,2.229
NiPdTaOx_pre,58.03,2.363
NiPdTaOx_pre,58.04,2.338
NiPdTaOx_pre,58.05,2.235
NiPdTaOx_pre,58.06,2.145
NiPdTaOx_pre,58.07,2.155
NiPdTaOx_pre,58.08,2.13
NiPdTaOx_pre,58.09,2.255
NiPdTaOx_pre,58.1,2.206
NiPdTaOx_pre,58.11,2.193
NiPdTaOx_pre,58.12,2.079
NiPdTaOx_pre,58.13,2.043
NiPdTaOx_pre,58.14,2.063
NiPdTaOx_pre,58.15,2.046
NiPdTaOx_pre,58.16,2.065
NiPdTaOx_pre,58.17,2.11
NiPdTaOx_pre,58.18,2.22
NiPdTaOx_pre,58.19,2.256
NiPdTaOx_pre,58.2,2.264
NiPdTaOx_pre,58.21,2.196
NiPdTaOx_pre,58.22,2.238
NiPdTaOx_pre,58.23,2.176
NiPdTaOx_pre,58.24,2.173
NiPdTaOx_pre,58.25,2.197
NiPdTaOx_pre,58.26,2.242
NiPdTaOx_pre,58.27,2.271
NiPdTaOx_pre,58.28,2.204
NiPdTaOx_pre,58.29,2.262
NiPdTaOx_pre,58.3,2.248
NiPdTaOx_pre,58.31,2.285
NiPdTaOx_pre,58.32,2.174
NiPdTaOx_pre,58.33,2.198
NiPdTaOx_pre,58.34,2.243
NiPdTaOx_pre,58.35,2.345
NiPdTaOx_pre,58.36,2.232
NiPdTaOx_pre,58.37,2.136
NiPdTaOx_pre,58.38,2.122
NiPdTaOx_pre,58.39,2.186
NiPdTaOx_pre,58.4,2.275
NiPdTaOx_pre,58.41,2.217
NiPdTaOx_pre,58.42,2.156
NiPdTaOx_pre,58.43,2.053
NiPdTaOx_pre,58.44,2.094
NiPdTaOx_pre,58.45,2.166
NiPdTaOx_pre,58.46,2.148
NiPdTaOx_pre,58.47,2.13
NiPdTaOx_pre,58.48,2.068
NiPdTaOx_pre,58.49,2.046
NiPdTaOx_pre,58.5,2.039
NiPdTaOx_pre,58.51,2.064
NiPdTaOx_pre,58.52,2.146
NiPdTaOx_pre,58.53,2.16
NiPdTaOx_pre,58.54,2.266
NiPdTaOx_pre,58.55,2.204
NiPdTaOx_pre,58.56,2.174
NiPdTaOx_pre,58.57,2.139
NiPdTaOx_pre,58.58,2.239
NiPdTaOx_pre,58.59,2.289
NiPdTaOx_pre,58.6,2.327
NiPdTaOx_pre,58.61,2.272
NiPdTaOx_pre,58.62,2.32
NiPdTaOx_pre,58.63,2.303
NiPdTaOx_pre,58.64,2.335
NiPdTaOx_pre,58.65,2.22
NiPdTaOx_pre,58.66,2.156
NiPdTaOx_pre,58.67,2.12
NiPdTaOx_pre,58.68,2.148
NiPdTaOx_pre,58.69,2.227
NiPdTaOx_pre,58.7,2.181
NiPdTaOx_pre,58.71,2.166
NiPdTaOx_pre,58.72,2.073
NiPdTaOx_pre,58.73,2.128
NiPdTaOx_pre,58.74,2.163
NiPdTaOx_pre,58.75,2.201
NiPdTaOx_pre,58.76,2.194
NiPdTaOx_pre,58.77,2.214
NiPdTaOx_pre,58.78,2.226
NiPdTaOx_pre,58.79,2.153
NiPdTaOx_pre,58.8,2.138
NiPdTaOx_pre,58.81,2.135
NiPdTaOx_pre,58.82,2.181
NiPdTaOx_pre,58.83,2.136
NiPdTaOx_pre,58.84,2.033
NiPdTaOx_pre,58.85,2.05
NiPdTaOx_pre,58.86,2.121
NiPdTaOx_pre,58.87,2.161
NiPdTaOx_pre,58.88,2.163
NiPdTaOx_pre,58.89,2.155
NiPdTaOx_pre,58.9,2.122
NiPdTaOx_pre,58.91,2.059
NiPdTaOx_pre,58.92,2.2
NiPdTaOx_pre,58.93,2.252
NiPdTaOx_pre,58.94,2.235
NiPdTaOx_pre,58.95,2.026
NiPdTaOx_pre,58.96,2.024
NiPdTaOx_pre,58.97,1.999
NiPdTaOx_pre,58.98,2.044
NiPdTaOx_pre,58.99,2.004
NiPdTaOx_pre,59.0,2.076
NiPdTaOx_pre,59.01,2.118
NiPdTaOx_pre,59.02,2.11
NiPdTaOx_pre,59.03,2.144
NiPdTaOx_pre,59.04,2.193
NiPdTaOx_pre,59.05,2.2
NiPdTaOx_pre,59.06,2.09
NiPdTaOx_pre,59.07,2.118
NiPdTaOx_pre,59.08,2.178
NiPdTaOx_pre,59.09,2.199
NiPdTaOx_pre,59.1,2.176
NiPdTaOx_pre,59.11,2.222
NiPdTaOx_pre,59.12,2.286
NiPdTaOx_pre,59.13,2.305
NiPdTaOx_pre,59.14,2.274
NiPdTaOx_pre,59.15,2.237
NiPdTaOx_pre,59.16,2.196
NiPdTaOx_pre,59.17,2.239
NiPdTaOx_pre,59.18,2.291
NiPdTaOx_pre,59.19,2.213
NiPdTaOx_pre,59.2,2.156
NiPdTaOx_pre,59.21,2.07
NiPdTaOx_pre,59.22,2.046
NiPdTaOx_pre,59.23,2.049
NiPdTaOx_pre,59.24,2.081
NiPdTaOx_pre,59.25,2.059
NiPdTaOx_pre,59.26,2.05
NiPdTaOx_pre,59.27,2.174
NiPdTaOx_pre,59.28,2.238
NiPdTaOx_pre,59.29,2.155
NiPdTaOx_pre,59.3,2.128
NiPdTaOx_pre,59.31,2.177
NiPdTaOx_pre,59.32,2.247
NiPdTaOx_pre,59.33,2.211
NiPdTaOx_pre,59.34,2.153
NiPdTaOx_pre,59.35,2.099
NiPdTaOx_pre,59.36,2.103
NiPdTaOx_pre,59.37,2.181
NiPdTaOx_pre,59.38,2.287
NiPdTaOx_pre,59.39,2.255
NiPdTaOx_pre,59.4,2.203
NiPdTaOx_pre,59.41,2.149
NiPdTaOx_pre,59.42,2.207
NiPdTaOx_pre,59.43,2.186
NiPdTaOx_pre,59.44,2.119
NiPdTaOx_pre,59.45,2.008
NiPdTaOx_pre,59.46,2.022
NiPdTaOx_pre,59.47,2.101
NiPdTaOx_pre,59.48,2.177
NiPdTaOx_pre,59.49,2.268
NiPdTaOx_pre,59.5,2.273
NiPdTaOx_pre,59.51,2.209
NiPdTaOx_pre,59.52,2.077
NiPdTaOx_pre,59.53,2.022
NiPdTaOx_pre,59.54,2.041
NiPdTaOx_pre,59.55,2.094
NiPdTaOx_pre,59.56,2.143
NiPdTaOx_pre,59.57,2.205
NiPdTaOx_pre,59.58,2.175
NiPdTaOx_pre,59.59,2.191
NiPdTaOx_pre,59.6,2.132
NiPdTaOx_pre,59.61,2.182
NiPdTaOx_pre,59.62,2.178
NiPdTaOx_pre,59.63,2.262
NiPdTaOx_pre,59.64,2.233
NiPdTaOx_pre,59.65,2.128
NiPdTaOx_pre,59.66,2.079
NiPdTaOx_pre,59.67,2.091
NiPdTaOx_pre,59.68,2.117
NiPdTaOx_pre,59.69,2.116
NiPdTaOx_pre,59.7,2.059
NiPdTaOx_pre,59.71,2.069
NiPdTaOx_pre,59.72,2.079
NiPdTaOx_pre,59.73,2.219
NiPdTaOx_pre,59.74,2.251
NiPdTaOx_pre,59.75,2.235
NiPdTaOx_pre,59.76,2.185
NiPdTaOx_pre,59.77,2.135
NiPdTaOx_pre,59.78,2.173
NiPdTaOx_pre,59.79,2.213
NiPdTaOx_pre,59.8,2.233
NiPdTaOx_pre,59.81,2.132
NiPdTaOx_pre,59.82,2.061
NiPdTaOx_pre,59.83,2.004
NiPdTaOx_pre,59.84,2.013
NiPdTaOx_pre,59.85,2.07
NiPdTaOx_pre,59.86,2.166
NiPdTaOx_pre,59.87,2.235
NiPdTaOx_pre,59.88,2.268
NiPdTaOx_pre,59.89,2.251
NiPdTaOx_pre,59.9,2.237
NiPdTaOx_pre,59.91,2.246
NiPdTaOx_pre,59.92,2.149
NiPdTaOx_pre,59.93,2.137
NiPdTaOx_pre,59.94,2.063
NiPdTaOx_pre,59.95,2.058
NiPdTaOx_pre,59.96,2.028
NiPdTaOx_pre,59.97,2.106
NiPdTaOx_pre,59.98,2.16
NiPdTaOx_pre,59.99,2.147
NiPdTaOx_pre,60.0,2.173
NiPdTaOx_pre,60.01,2.179
NiPdTaOx_pre,60.02,2.164
NiPdTaOx_pre,60.03,2.099
NiPdTaOx_pre,60.04,2.096
NiPdTaOx_pre,60.05,2.136
NiPdTaOx_pre,60.06,2.246
NiPdTaOx_pre,60.07,2.261
NiPdTaOx_pre,60.08,2.265
NiPdTaOx_pre,60.09,2.188
NiPdTaOx_pre,60.1,2.184
NiPdTaOx_pre,60.11,2.09
NiPdTaOx_pre,60.12,2.157
NiPdTaOx_pre,60.13,2.213
NiPdTaOx_pre,60.14,2.217
NiPdTaOx_pre,60.15,2.141
NiPdTaOx_pre,60.16,2.204
NiPdTaOx_pre,60.17,2.239
NiPdTaOx_pre,60.18,2.184
NiPdTaOx_pre,60.19,2.077
NiPdTaOx_pre,60.2,2.053
NiPdTaOx_pre,60.21,2.041
NiPdTaOx_pre,60.22,2.021
NiPdTaOx_pre,60.23,2.061
NiPdTaOx_pre,60.24,2.162
NiPdTaOx_pre,60.25,2.145
NiPdTaOx_pre,60.26,2.164
NiPdTaOx_pre,60.27,2.191
NiPdTaOx_pre,60.28,2.328
NiPdTaOx_pre,60.29,2.299
NiPdTaOx_pre,60.3,2.271
NiPdTaOx_pre,60.31,2.143
NiPdTaOx_pre,60.32,2.107
NiPdTaOx_pre,60.33,2.055
NiPdTaOx_pre,60.34,2.148
NiPdTaOx_pre,60.35,2.2
NiPdTaOx_pre,60.36,2.149
NiPdTaOx_pre,60.37,2.142
NiPdTaOx_pre,60.38,2.134
NiPdTaOx_pre,60.39,2.159
NiPdTaOx_pre,60.4,2.093
NiPdTaOx_pre,60.41,2.019
NiPdTaOx_pre,60.42,1.92
NiPdTaOx_pre,60.43,1.906
NiPdTaOx_pre,60.44,1.987
NiPdTaOx_pre,60.45,2.044
NiPdTaOx_pre,60.46,2.112
NiPdTaOx_pre,60.47,2.098
NiPdTaOx_pre,60.48,2.099
NiPdTaOx_pre,60.49,2.093
NiPdTaOx_pre,60.5,2.157
NiPdTaOx_pre,60.51,2.152
NiPdTaOx_pre,60.52,2.137
NiPdTaOx_pre,60.53,2.078
NiPdTaOx_pre,60.54,2.002
NiPdTaOx_pre,60.55,1.99
NiPdTaOx_pre,60.56,2.013
NiPdTaOx_pre,60.57,2.009
NiPdTaOx_pre,60.58,2.031
NiPdTaOx_pre,60.59,2.021
NiPdTaOx_pre,60.6,2.134
NiPdTaOx_pre,60.61,2.139
NiPdTaOx_pre,60.62,2.175
NiPdTaOx_pre,60.63,2.077
NiPdTaOx_pre,60.64,2.094
NiPdTaOx_pre,60.65,2.055
NiPdTaOx_pre,60.66,2.136
NiPdTaOx_pre,60.67,2.163
NiPdTaOx_pre,60.68,2.281
NiPdTaOx_pre,60.69,2.239
NiPdTaOx_pre,60.7,2.235
NiPdTaOx_pre,60.71,2.194
NiPdTaOx_pre,60.72,2.164
NiPdTaOx_pre,60.73,2.073
NiPdTaOx_pre,60.74,2.008
NiPdTaOx_pre,60.75,2.044
NiPdTaOx_pre,60.76,2.078
NiPdTaOx_pre,60.77,2.027
NiPdTaOx_pre,60.78,2.008
NiPdTaOx_pre,60.79,2.047
NiPdTaOx_pre,60.8,2.195
NiPdTaOx_pre,60.81,2.128
NiPdTaOx_pre,60.82,1.989
NiPdTaOx_pre,60.83,1.887
NiPdTaOx_pre,60.84,1.898
NiPdTaOx_pre,60.85,1.954
NiPdTaOx_pre,60.86,1.944
NiPdTaOx_pre,60.87,1.95
NiPdTaOx_pre,60.88,1.958
NiPdTaOx_pre,60.89,2.039
NiPdTaOx_pre,60.9,2.007
NiPdTaOx_pre,60.91,2.072
NiPdTaOx_pre,60.92,2.049
NiPdTaOx_pre,60.93,2.081
NiPdTaOx_pre,60.94,2.05
NiPdTaOx_pre,60.95,2.036
NiPdTaOx_pre,60.96,2.055
NiPdTaOx_pre,60.97,2.035
NiPdTaOx_pre,60.98,1.982
NiPdTaOx_pre,60.99,1.98
NiPdTaOx_pre,61.0,2.096
NiPdTaOx_pre,61.01,2.201
NiPdTaOx_pre,61.02,2.144
NiPdTaOx_pre,61.03,2.06
NiPdTaOx_pre,61.04,1.991
NiPdTaOx_pre,61.05,2.009
NiPdTaOx_pre,61.06,2.02
NiPdTaOx_pre,61.07,2.032
NiPdTaOx_pre,61.08,2.006
NiPdTaOx_pre,61.09,2.065
NiPdTaOx_pre,61.1,1.985
NiPdTaOx_pre,61.11,2.015
NiPdTaOx_pre,61.12,2.023
NiPdTaOx_pre,61.13,2.13
NiPdTaOx_pre,61.14,2.162
NiPdTaOx_pre,61.15,2.077
NiPdTaOx_pre,61.16,2.015
NiPdTaOx_pre,61.17,2.047
NiPdTaOx_pre,61.18,2.188
NiPdTaOx_pre,61.19,2.217
NiPdTaOx_pre,61.2,2.131
NiPdTaOx_pre,61.21,2.064
NiPdTaOx_pre,61.22,2.039
NiPdTaOx_pre,61.23,2.133
NiPdTaOx_pre,61.24,2.097
NiPdTaOx_pre,61.25,2.042
NiPdTaOx_pre,61.26,1.943
NiPdTaOx_pre,61.27,1.971
NiPdTaOx_pre,61.28,2.035
NiPdTaOx_pre,61.29,2.125
NiPdTaOx_pre,61.3,2.136
NiPdTaOx_pre,61.31,2.117
NiPdTaOx_pre,61.32,2.1
NiPdTaOx_pre,61.33,2.092
NiPdTaOx_pre,61.34,2.018
NiPdTaOx_pre,61.35,1.959
NiPdTaOx_pre,61.36,1.956
NiPdTaOx_pre,61.37,1.939
NiPdTaOx_pre,61.38,1.937
NiPdTaOx_pre,61.39,2.021
NiPdTaOx_pre,61.4,2.103
NiPdTaOx_pre,61.41,1.998
NiPdTaOx_pre,61.42,2.085
NiPdTaOx_pre,61.43,2.115
NiPdTaOx_pre,61.44,2.157
NiPdTaOx_pre,61.45,2.058
NiPdTaOx_pre,61.46,2.052
NiPdTaOx_pre,61.47,2.025
NiPdTaOx_pre,61.48,2.064
NiPdTaOx_pre,61.49,2.122
NiPdTaOx_pre,61.5,2.019
NiPdTaOx_pre,61.51,1.874
NiPdTaOx_pre,61.52,1.81
NiPdTaOx_pre,61.53,1.988
NiPdTaOx_pre,61.54,2.126
NiPdTaOx_pre,61.55,2.213
NiPdTaOx_pre,61.56,2.13
NiPdTaOx_pre,61.57,2.081
NiPdTaOx_pre,61.58,2.089
NiPdTaOx_pre,61.59,2.141
NiPdTaOx_pre,61.6,2.116
NiPdTaOx_pre,61.61,2.099
NiPdTaOx_pre,61.62,2.05
NiPdTaOx_pre,61.63,2.002
NiPdTaOx_pre,61.64,1.996
NiPdTaOx_pre,61.65,2.083
NiPdTaOx_pre,61.66,2.137
NiPdTaOx_pre,61.67,2.119
NiPdTaOx_pre,61.68,2.09
NiPdTaOx_pre,61.69,1.935
NiPdTaOx_pre,61.7,1.954
NiPdTaOx_pre,61.71,2.05
NiPdTaOx_pre,61.72,2.176
NiPdTaOx_pre,61.73,2.018
NiPdTaOx_pre,61.74,1.951
NiPdTaOx_pre,61.75,2.139
NiPdTaOx_pre,61.76,2.216
NiPdTaOx_pre,61.77,2.106
NiPdTaOx_pre,61.78,1.935
NiPdTaOx_pre,61.79,1.988
NiPdTaOx_pre,61.8,2.069
NiPdTaOx_pre,61.81,2.015
NiPdTaOx_pre,61.82,1.961
NiPdTaOx_pre,61.83,1.927
NiPdTaOx_pre,61.84,1.99
NiPdTaOx_pre,61.85,1.992
NiPdTaOx_pre,61.86,2.078
NiPdTaOx_pre,61.87,2.058
NiPdTaOx_pre,61.88,2.066
NiPdTaOx_pre,61.89,1.991
NiPdTaOx_pre,61.9,1.988
NiPdTaOx_pre,61.91,2.01
NiPdTaOx_pre,61.92,2.041
NiPdTaOx_pre,61.93,2.002
NiPdTaOx_pre,61.94,2.084
NiPdTaOx_pre,61.95,2.145
NiPdTaOx_pre,61.96,2.103
NiPdTaOx_pre,61.97,1.996
NiPdTaOx_pre,61.98,1.933
NiPdTaOx_pre,61.99,1.968
NiPdTaOx_pre,62.0,2.029
NiPdTaOx_pre,62.01,1.954
NiPdTaOx_pre,62.02,1.953
NiPdTaOx_pre,62.03,1.973
NiPdTaOx_pre,62.04,1.949
NiPdTaOx_pre,62.05,1.917
NiPdTaOx_pre,62.06,1.996
NiPdTaOx_pre,62.07,2.018
NiPdTaOx_pre,62.08,2.005
NiPdTaOx_pre,62.09,2.048
NiPdTaOx_pre,62.1,2.02
NiPdTaOx_pre,62.11,1.969
NiPdTaOx_pre,62.12,1.976
NiPdTaOx_pre,62.13,1.951
NiPdTaOx_pre,62.14,1.907
NiPdTaOx_pre,62.15,1.922
NiPdTaOx_pre,62.16,1.956
NiPdTaOx_pre,62.17,1.979
NiPdTaOx_pre,62.18,1.997
NiPdTaOx_pre,62.19,2.051
NiPdTaOx_pre,62.2,1.984
NiPdTaOx_pre,62.21,1.977
NiPdTaOx_pre,62.22,2.022
NiPdTaOx_pre,62.23,2.08
NiPdTaOx_pre,62.24,2.034
NiPdTaOx_pre,62.25,1.987
NiPdTaOx_pre,62.26,2.009
NiPdTaOx_pre,62.27,2.061
NiPdTaOx_pre,62.28,2.042
NiPdTaOx_pre,62.29,2.028
NiPdTaOx_pre,62.3,1.938
NiPdTaOx_pre,62.31,1.912
NiPdTaOx_pre,62.32,1.832
NiPdTaOx_pre,62.33,1.859
NiPdTaOx_pre,62.34,1.94
NiPdTaOx_pre,62.35,2.027
NiPdTaOx_pre,62.36,2.116
NiPdTaOx_pre,62.37,2.139
NiPdTaOx_pre,62.38,2.112
NiPdTaOx_pre,62.39,2.04
NiPdTaOx_pre,62.4,1.997
NiPdTaOx_pre,62.41,1.984
NiPdTaOx_pre,62.42,1.959
NiPdTaOx_pre,62.43,1.96
NiPdTaOx_pre,62.44,2.002
NiPdTaOx_pre,62.45,2.026
NiPdTaOx_pre,62.46,1.951
NiPdTaOx_pre,62.47,1.894
NiPdTaOx_pre,62.48,1.943
NiPdTaOx_pre,62.49,2.075
NiPdTaOx_pre,62.5,2.099
NiPdTaOx_pre,62.51,2.003
NiPdTaOx_pre,62.52,1.959
NiPdTaOx_pre,62.53,1.945
NiPdTaOx_pre,62.54,2.003
NiPdTaOx_pre,62.55,2.01
NiPdTaOx_pre,62.56,2.015
NiPdTaOx_pre,62.57,1.914
NiPdTaOx_pre,62.58,1.97
NiPdTaOx_pre,62.59,2.105
NiPdTaOx_pre,62.6,2.131
NiPdTaOx_pre,62.61,2.04
NiPdTaOx_pre,62.62,1.973
NiPdTaOx_pre,62.63,1.978
NiPdTaOx_pre,62.64,1.966
NiPdTaOx_pre,62.65,1.92
NiPdTaOx_pre,62.66,1.94
NiPdTaOx_pre,62.67,2.052
NiPdTaOx_pre,62.68,2.045
NiPdTaOx_pre,62.69,2.049
NiPdTaOx_pre,62.7,1.961
NiPdTaOx_pre,62.71,1.939
NiPdTaOx_pre,62.72,1.971
NiPdTaOx_pre,62.73,1.966
NiPdTaOx_pre,62.74,1.977
NiPdTaOx_pre,62.75,1.912
NiPdTaOx_pre,62.76,1.906
NiPdTaOx_pre,62.77,1.951
NiPdTaOx_pre,62.78,1.958
NiPdTaOx_pre,62.79,1.885
NiPdTaOx_pre,62.8,1.837
NiPdTaOx_pre,62.81,1.869
NiPdTaOx_pre,62.82,1.917
NiPdTaOx_pre,62.83,1.944
NiPdTaOx_pre,62.84,2.012
NiPdTaOx_pre,62.85,2.082
NiPdTaOx_pre,62.86,2.026
NiPdTaOx_pre,62.87,2.022
NiPdTaOx_pre,62.88,2.027
NiPdTaOx_pre,62.89,2.019
NiPdTaOx_pre,62.9,1.952
NiPdTaOx_pre,62.91,2.106
NiPdTaOx_pre,62.92,2.173
NiPdTaOx_pre,62.93,2.095
NiPdTaOx_pre,62.94,1.942
NiPdTaOx_pre,62.95,1.976
NiPdTaOx_pre,62.96,1.955
NiPdTaOx_pre,62.97,1.945
NiPdTaOx_pre,62.98,1.952
NiPdTaOx_pre,62.99,1.994
NiPdTaOx_pre,63.0,1.948
NiPdTaOx_pre,63.01,1.914
NiPdTaOx_pre,63.02,1.959
NiPdTaOx_pre,63.03,1.924
NiPdTaOx_pre,63.04,1.918
NiPdTaOx_pre,63.05,1.863
NiPdTaOx_pre,63.06,1.954
NiPdTaOx_pre,63.07,2.028
NiPdTaOx_pre,63.08,2.006
NiPdTaOx_pre,63.09,1.987
NiPdTaOx_pre,63.1,1.949
NiPdTaOx_pre,63.11,1.985
NiPdTaOx_pre,63.12,1.972
NiPdTaOx_pre,63.13,1.936
NiPdTaOx_pre,63.14,1.853
NiPdTaOx_pre,63.15,1.768
NiPdTaOx_pre,63.16,1.712
NiPdTaOx_pre,63.17,1.772
NiPdTaOx_pre,63.18,1.884
NiPdTaOx_pre,63.19,1.869
NiPdTaOx_pre,63.2,1.774
NiPdTaOx_pre,63.21,1.854
NiPdTaOx_pre,63.22,1.9
NiPdTaOx_pre,63.23,1.827
NiPdTaOx_pre,63.24,1.751
NiPdTaOx_pre,63.25,1.804
NiPdTaOx_pre,63.26,1.919
NiPdTaOx_pre,63.27,1.959
NiPdTaOx_pre,63.28,1.989
NiPdTaOx_pre,63.29,1.923
NiPdTaOx_pre,63.3,1.892
NiPdTaOx_pre,63.31,1.903
NiPdTaOx_pre,63.32,1.976
NiPdTaOx_pre,63.33,1.969
NiPdTaOx_pre,63.34,1.869
NiPdTaOx_pre,63.35,1.778
NiPdTaOx_pre,63.36,1.805
NiPdTaOx_pre,63.37,1.954
NiPdTaOx_pre,63.38,1.996
NiPdTaOx_pre,63.39,1.989
NiPdTaOx_pre,63.4,1.855
NiPdTaOx_pre,63.41,1.779
NiPdTaOx_pre,63.42,1.813
NiPdTaOx_pre,63.43,1.876
NiPdTaOx_pre,63.44,1.926
NiPdTaOx_pre,63.45,1.92
NiPdTaOx_pre,63.46,1.921
NiPdTaOx_pre,63.47,1.907
NiPdTaOx_pre,63.48,1.926
NiPdTaOx_pre,63.49,1.941
NiPdTaOx_pre,63.5,2.006
NiPdTaOx_pre,63.51,1.997
NiPdTaOx_pre,63.52,1.978
NiPdTaOx_pre,63.53,1.945
NiPdTaOx_pre,63.54,1.938
NiPdTaOx_pre,63.55,1.944
NiPdTaOx_pre,63.56,1.924
NiPdTaOx_pre,63.57,1.935
NiPdTaOx_pre,63.58,1.885
NiPdTaOx_pre,63.59,1.933
NiPdTaOx_pre,63.6,1.913
NiPdTaOx_pre,63.61,1.871
NiPdTaOx_pre,63.62,1.899
NiPdTaOx_pre,63.63,1.92
NiPdTaOx_pre,63.64,1.954
NiPdTaOx_pre,63.65,1.831
NiPdTaOx_pre,63.66,1.814
NiPdTaOx_pre,63.67,1.93
NiPdTaOx_pre,63.68,1.947
NiPdTaOx_pre,63.69,2.012
NiPdTaOx_pre,63.7,1.906
NiPdTaOx_pre,63.71,1.925
NiPdTaOx_pre,63.72,1.866
NiPdTaOx_pre,63.73,1.861
NiPdTaOx_pre,63.74,1.925
NiPdTaOx_pre,63.75,1.974
NiPdTaOx_pre,63.76,1.943
NiPdTaOx_pre,63.77,1.877
NiPdTaOx_pre,63.78,1.906
NiPdTaOx_pre,63.79,2.001
NiPdTaOx_pre,63.8,1.993
NiPdTaOx_pre,63.81,1.955
NiPdTaOx_pre,63.82,1.881
NiPdTaOx_pre,63.83,1.823
NiPdTaOx_pre,63.84,1.786
NiPdTaOx_pre,63.85,1.861
NiPdTaOx_pre,63.86,1.925
NiPdTaOx_pre,63.87,1.946
NiPdTaOx_pre,63.88,1.887
NiPdTaOx_pre,63.89,1.902
NiPdTaOx_pre,63.9,1.93
NiPdTaOx_pre,63.91,1.951
NiPdTaOx_pre,63.92,1.991
NiPdTaOx_pre,63.93,1.996
NiPdTaOx_pre,63.94,1.934
NiPdTaOx_pre,63.95,1.893
NiPdTaOx_pre,63.96,1.881
NiPdTaOx_pre,63.97,1.958
NiPdTaOx_pre,63.98,2.015
NiPdTaOx_pre,63.99,2.005
NiPdTaOx_pre,64.0,1.999
NiPdTaOx_pre,64.01,1.958
NiPdTaOx_pre,64.02,1.99
NiPdTaOx_pre,64.03,1.972
NiPdTaOx_pre,64.04,1.94
NiPdTaOx_pre,64.05,1.841
NiPdTaOx_pre,64.06,1.716
NiPdTaOx_pre,64.07,1.783
NiPdTaOx_pre,64.08,1.872
NiPdTaOx_pre,64.09,1.92
NiPdTaOx_pre,64.1,1.928
NiPdTaOx_pre,64.11,1.928
NiPdTaOx_pre,64.12,1.877
NiPdTaOx_pre,64.13,1.681
NiPdTaOx_pre,64.14,1.579
NiPdTaOx_pre,64.15,1.488
NiPdTaOx_pre,64.16,1.466
NiPdTaOx_pre,64.17,1.368
NiPdTaOx_pre,64.18,1.459
NiPdTaOx_pre,64.19,1.662
NiPdTaOx_post,16.11,2.767
NiPdTaOx_post,16.12,2.811
NiPdTaOx_post,16.13,3.017
NiPdTaOx_post,16.14,3.419
NiPdTaOx_post,16.15,3.441
NiPdTaOx_post,16.16,3.26
NiPdTaOx_post,16.17,3.319
NiPdTaOx_post,16.18,3.513
NiPdTaOx_post,16.19,3.75
NiPdTaOx_post,16.2,3.729
NiPdTaOx_post,16.21,3.696
NiPdTaOx_post,16.22,3.763
NiPdTaOx_post,16.23,3.705
NiPdTaOx_post,16.24,3.555
NiPdTaOx_post,16.25,3.439
NiPdTaOx_post,16.26,3.403
NiPdTaOx_post,16.27,3.483
NiPdTaOx_post,16.28,3.494
NiPdTaOx_post,16.29,3.704
NiPdTaOx_post,16.3,3.602
NiPdTaOx_post,16.31,3.521
NiPdTaOx_post,16.32,3.378
NiPdTaOx_post,16.33,3.464
NiPdTaOx_post,16.34,3.492
NiPdTaOx_post,16.35,3.668
NiPdTaOx_post,16.36,3.737
NiPdTaOx_post,16.37,3.709
NiPdTaOx_post,16.38,3.588
NiPdTaOx_post,16.39,3.444
NiPdTaOx_post,16.4,3.423
NiPdTaOx_post,16.41,3.373
NiPdTaOx_post,16.42,3.49
NiPdTaOx_post,16.43,3.549
NiPdTaOx_post,16.44,3.647
NiPdTaOx_post,16.45,3.73
NiPdTaOx_post,16.46,3.832
NiPdTaOx_post,16.47,3.747
NiPdTaOx_post,16.48,3.697
NiPdTaOx_post,16.49,3.853
NiPdTaOx_post,16.5,3.923
NiPdTaOx_post,16.51,3.868
NiPdTaOx_post,16.52,3.782
NiPdTaOx_post,16.53,3.736
NiPdTaOx_post,16.54,3.7
NiPdTaOx_post,16.55,3.6
NiPdTaOx_post,16.56,3.56
NiPdTaOx_post,16.57,3.697
NiPdTaOx_post,16.58,3.709
NiPdTaOx_post,16.59,3.641
NiPdTaOx_post,16.6,3.649
NiPdTaOx_post,16.61,3.69
NiPdTaOx_post,16.62,3.699
NiPdTaOx_post,16.63,3.703
NiPdTaOx_post,16.64,3.923
NiPdTaOx_post,16.65,3.983
NiPdTaOx_post,16.66,3.982
NiPdTaOx_post,16.67,3.803
NiPdTaOx_post,16.68,3.64
NiPdTaOx_post,16.69,3.56
NiPdTaOx_post,16.7,3.575
NiPdTaOx_post,16.71,3.593
NiPdTaOx_post,16.72,3.623
NiPdTaOx_post,16.73,3.748
NiPdTaOx_post,16.74,3.785
NiPdTaOx_post,16.75,3.788
NiPdTaOx_post,16.76,3.721
NiPdTaOx_post,16.77,3.688
NiPdTaOx_post,16.78,3.739
NiPdTaOx_post,16.79,3.712
NiPdTaOx_post,16.8,3.749
NiPdTaOx_post,16.81,3.797
NiPdTaOx_post,16.82,3.873
NiPdTaOx_post,16.83,3.772
NiPdTaOx_post,16.84,3.598
NiPdTaOx_post,16.85,3.542
NiPdTaOx_post,16.86,3.624
NiPdTaOx_post,16.87,3.714
NiPdTaOx_post,16.88,3.666
NiPdTaOx_post,16.89,3.669
NiPdTaOx_post,16.9,3.721
NiPdTaOx_post,16.91,3.829
NiPdTaOx_post,16.92,3.892
NiPdTaOx_post,16.93,3.794
NiPdTaOx_post,16.94,3.778
NiPdTaOx_post,16.95,3.738
NiPdTaOx_post,16.96,3.761
NiPdTaOx_post,16.97,3.855
NiPdTaOx_post,16.98,4.007
NiPdTaOx_post,16.99,3.938
NiPdTaOx_post,17.0,3.832
NiPdTaOx_post,17.01,3.913
NiPdTaOx_post,17.02,3.98
NiPdTaOx_post,17.03,3.901
NiPdTaOx_post,17.04,3.884
NiPdTaOx_post,17.05,3.893
NiPdTaOx_post,17.06,3.969
NiPdTaOx_post,17.07,3.929
NiPdTaOx_post,17.08,3.985
NiPdTaOx_post,17.09,3.905
NiPdTaOx_post,17.1,3.879
NiPdTaOx_post,17.11,3.868
NiPdTaOx_post,17.12,3.927
NiPdTaOx_post,17.13,3.822
NiPdTaOx_post,17.14,3.747
NiPdTaOx_post,17.15,3.733
NiPdTaOx_post,17.16,3.868
NiPdTaOx_post,17.17,4.019
NiPdTaOx_post,17.18,4.182
NiPdTaOx_post,17.19,4.175
NiPdTaOx_post,17.2,4.083
NiPdTaOx_post,17.21,3.954
NiPdTaOx_post,17.22,3.906
NiPdTaOx_post,17.23,3.888
NiPdTaOx_post,17.24,3.843
NiPdTaOx_post,17.25,3.919
NiPdTaOx_post,17.26,3.935
NiPdTaOx_post,17.27,4.04
NiPdTaOx_post,17.28,4.02
NiPdTaOx_post,17.29,4.002
NiPdTaOx_post,17.3,3.916
NiPdTaOx_post,17.31,3.896
NiPdTaOx_post,17.32,3.856
NiPdTaOx_post,17.33,3.944
NiPdTaOx_post,17.34,4.05
NiPdTaOx_post,17.35,4.162
NiPdTaOx_post,17.36,4.128
NiPdTaOx_post,17.37,4.104
NiPdTaOx_post,17.38,4.043
NiPdTaOx_post,17.39,4.038
NiPdTaOx_post,17.4,4.213
NiPdTaOx_post,17.41,4.308
NiPdTaOx_post,17.42,4.258
NiPdTaOx_post,17.43,4.187
NiPdTaOx_post,17.44,4.09
NiPdTaOx_post,17.45,4.079
NiPdTaOx_post,17.46,4.087
NiPdTaOx_post,17.47,4.221
NiPdTaOx_post,17.48,4.259
NiPdTaOx_post,17.49,4.273
NiPdTaOx_post,17.5,4.263
NiPdTaOx_post,17.51,4.184
NiPdTaOx_post,17.52,4.075
NiPdTaOx_post,17.53,4.094
NiPdTaOx_post,17.54,4.208
NiPdTaOx_post,17.55,4.282
NiPdTaOx_post,17.56,4.299
NiPdTaOx_post,17.57,4.333
NiPdTaOx_post,17.58,4.399
NiPdTaOx_post,17.59,4.292
NiPdTaOx_post,17.6,4.261
NiPdTaOx_post,17.61,4.201
NiPdTaOx_post,17.62,4.177
NiPdTaOx_post,17.63,4.141
NiPdTaOx_post,17.64,4.195
NiPdTaOx_post,17.65,4.191
NiPdTaOx_post,17.66,4.229
NiPdTaOx_post,17.67,4.233
NiPdTaOx_post,17.68,4.203
NiPdTaOx_post,17.69,4.215
NiPdTaOx_post,17.7,4.184
NiPdTaOx_post,17.71,4.145
NiPdTaOx_post,17.72,4.094
NiPdTaOx_post,17.73,4.219
NiPdTaOx_post,17.74,4.35
NiPdTaOx_post,17.75,4.491
NiPdTaOx_post,17.76,4.362
NiPdTaOx_post,17.77,4.284
NiPdTaOx_post,17.78,4.075
NiPdTaOx_post,17.79,4.072
NiPdTaOx_post,17.8,4.214
NiPdTaOx_post,17.81,4.273
NiPdTaOx_post,17.82,4.186
NiPdTaOx_post,17.83,4.192
NiPdTaOx_post,17.84,4.338
NiPdTaOx_post,17.85,4.417
NiPdTaOx_post,17.86,4.41
NiPdTaOx_post,17.87,4.316
NiPdTaOx_post,17.88,4.282
NiPdTaOx_post,17.89,4.258
NiPdTaOx_post,17.9,4.301
NiPdTaOx_post,17.91,4.253
NiPdTaOx_post,17.92,4.206
NiPdTaOx_post,17.93,4.248
NiPdTaOx_post,17.94,4.292
NiPdTaOx_post,17.95,4.389
NiPdTaOx_post,17.96,4.333
NiPdTaOx_post,17.97,4.299
NiPdTaOx_post,17.98,4.446
NiPdTaOx_post,17.99,4.581
NiPdTaOx_post,18.0,4.593
NiPdTaOx_post,18.01,4.441
NiPdTaOx_post,18.02,4.427
NiPdTaOx_post,18.03,4.357
NiPdTaOx_post,18.04,4.359
NiPdTaOx_post,18.05,4.359
NiPdTaOx_post,18.06,4.432
NiPdTaOx_post,18.07,4.455
NiPdTaOx_post,18.08,4.423
NiPdTaOx_post,18.09,4.334
NiPdTaOx_post,18.1,4.294
NiPdTaOx_post,18.11,4.449
NiPdTaOx_post,18.12,4.51
NiPdTaOx_post,18.13,4.622
NiPdTaOx_post,18.14,4.53
NiPdTaOx_post,18.15,4.544
NiPdTaOx_post,18.16,4.579
NiPdTaOx_post,18.17,4.71
NiPdTaOx_post,18.18,4.64
NiPdTaOx_post,18.19,4.567
NiPdTaOx_post,18.2,4.53
NiPdTaOx_post,18.21,4.5
NiPdTaOx_post,18.22,4.446
NiPdTaOx_post,18.23,4.446
NiPdTaOx_post,18.24,4.379
NiPdTaOx_post,18.25,4.386
NiPdTaOx_post,18.26,4.371
NiPdTaOx_post,18.27,4.393
NiPdTaOx_post,18.28,4.475
NiPdTaOx_post,18.29,4.605
NiPdTaOx_post,18.3,4.713
NiPdTaOx_post,18.31,4.62
NiPdTaOx_post,18.32,4.549
NiPdTaOx_post,18.33,4.613
NiPdTaOx_post,18.34,4.741
NiPdTaOx_post,18.35,4.744
NiPdTaOx_post,18.36,4.685
NiPdTaOx_post,18.37,4.66
NiPdTaOx_post,18.38,4.644
NiPdTaOx_post,18.39,4.745
NiPdTaOx_post,18.4,4.772
NiPdTaOx_post,18.41,4.845
NiPdTaOx_post,18.42,4.745
NiPdTaOx_post,18.43,4.768
NiPdTaOx_post,18.44,4.747
NiPdTaOx_post,18.45,4.746
NiPdTaOx_post,18.46,4.642
NiPdTaOx_post,18.47,4.72
NiPdTaOx_post,18.48,4.865
NiPdTaOx_post,18.49,5.01
NiPdTaOx_post,18.5,4.98
NiPdTaOx_post,18.51,4.88
NiPdTaOx_post,18.52,4.748
NiPdTaOx_post,18.53,4.755
NiPdTaOx_post,18.54,4.729
NiPdTaOx_post,18.55,4.726
NiPdTaOx_post,18.56,4.635
NiPdTaOx_post,18.57,4.61
NiPdTaOx_post,18.58,4.6
NiPdTaOx_post,18.59,4.673
NiPdTaOx_post,18.6,4.774
NiPdTaOx_post,18.61,4.832
NiPdTaOx_post,18.62,4.827
NiPdTaOx_post,18.63,4.79
NiPdTaOx_post,18.64,4.687
NiPdTaOx_post,18.65,4.639
NiPdTaOx_post,18.66,4.66
NiPdTaOx_post,18.67,4.635
NiPdTaOx_post,18.68,4.65
NiPdTaOx_post,18.69,4.669
NiPdTaOx_post,18.7,4.608
NiPdTaOx_post,18.71,4.592
NiPdTaOx_post,18.72,4.639
NiPdTaOx_post,18.73,4.861
NiPdTaOx_post,18.74,4.906
NiPdTaOx_post,18.75,4.875
NiPdTaOx_post,18.76,4.892
NiPdTaOx_post,18.77,4.912
NiPdTaOx_post,18.78,5.036
NiPdTaOx_post,18.79,4.999
NiPdTaOx_post,18.8,4.922
NiPdTaOx_post,18.81,4.846
NiPdTaOx_post,18.82,4.934
NiPdTaOx_post,18.83,5.026
NiPdTaOx_post,18.84,5.02
NiPdTaOx_post,18.85,4.904
NiPdTaOx_post,18.86,4.921
NiPdTaOx_post,18.87,4.916
NiPdTaOx_post,18.88,4.893
NiPdTaOx_post,18.89,4.99
NiPdTaOx_post,18.9,4.991
NiPdTaOx_post,18.91,4.97
NiPdTaOx_post,18.92,4.798
NiPdTaOx_post,18.93,4.796
NiPdTaOx_post,18.94,4.724
NiPdTaOx_post,18.95,4.752
NiPdTaOx_post,18.96,4.819
NiPdTaOx_post,18.97,4.954
NiPdTaOx_post,18.98,5.043
NiPdTaOx_post,18.99,5.143
NiPdTaOx_post,19.0,5.156
NiPdTaOx_post,19.01,5.046
NiPdTaOx_post,19.02,4.865
NiPdTaOx_post,19.03,4.836
NiPdTaOx_post,19.04,4.786
NiPdTaOx_post,19.05,4.845
NiPdTaOx_post,19.06,4.974
NiPdTaOx_post,19.07,5.047
NiPdTaOx_post,19.08,5.183
NiPdTaOx_post,19.09,5.061
NiPdTaOx_post,19.1,4.956
NiPdTaOx_post,19.11,4.721
NiPdTaOx_post,19.12,4.803
NiPdTaOx_post,19.13,4.798
NiPdTaOx_post,19.14,4.821
NiPdTaOx_post,19.15,4.79
NiPdTaOx_post,19.16,4.771
NiPdTaOx_post,19.17,4.833
NiPdTaOx_post,19.18,4.94
NiPdTaOx_post,19.19,4.92
NiPdTaOx_post,19.2,4.848
NiPdTaOx_post,19.21,4.826
NiPdTaOx_post,19.22,4.921
NiPdTaOx_post,19.23,4.975
NiPdTaOx_post,19.24,4.991
NiPdTaOx_post,19.25,4.893
NiPdTaOx_post,19.26,4.841
NiPdTaOx_post,19.27,4.906
NiPdTaOx_post,19.28,5.015
NiPdTaOx_post,19.29,4.973
NiPdTaOx_post,19.3,4.921
NiPdTaOx_post,19.31,5.008
NiPdTaOx_post,19.32,5.068
NiPdTaOx_post,19.33,5.109
NiPdTaOx_post,19.34,5.191
NiPdTaOx_post,19.35,5.328
NiPdTaOx_post,19.36,5.366
NiPdTaOx_post,19.37,5.255
NiPdTaOx_post,19.38,5.147
NiPdTaOx_post,19.39,5.054
NiPdTaOx_post,19.4,4.951
NiPdTaOx_post,19.41,4.975
NiPdTaOx_post,19.42,5.019
NiPdTaOx_post,19.43,5.046
NiPdTaOx_post,19.44,4.992
NiPdTaOx_post,19.45,5.048
NiPdTaOx_post,19.46,5.198
NiPdTaOx_post,19.47,5.234
NiPdTaOx_post,19.48,5.285
NiPdTaOx_post,19.49,5.209
NiPdTaOx_post,19.5,5.145
NiPdTaOx_post,19.51,5.058
NiPdTaOx_post,19.52,5.045
NiPdTaOx_post,19.53,5.068
NiPdTaOx_post,19.54,5.133
NiPdTaOx_post,19.55,5.129
NiPdTaOx_post,19.56,5.141
NiPdTaOx_post,19.57,5.039
NiPdTaOx_post,19.58,5.104
NiPdTaOx_post,19.59,5.125
NiPdTaOx_post,19.6,5.204
NiPdTaOx_post,19.61,5.029
NiPdTaOx_post,19.62,4.98
NiPdTaOx_post,19.63,5.033
NiPdTaOx_post,19.64,5.202
NiPdTaOx_post,19.65,5.24
NiPdTaOx_post,19.66,5.184
NiPdTaOx_post,19.67,5.261
NiPdTaOx_post,19.68,5.26
NiPdTaOx_post,19.69,5.115
NiPdTaOx_post,19.7,4.994
NiPdTaOx_post,19.71,4.966
NiPdTaOx_post,19.72,5.093
NiPdTaOx_post,19.73,5.28
NiPdTaOx_post,19.74,5.469
NiPdTaOx_post,19.75,5.55
NiPdTaOx_post,19.76,5.551
NiPdTaOx_post,19.77,5.389
NiPdTaOx_post,19.78,5.172
NiPdTaOx_post,19.79,5.031
NiPdTaOx_post,19.8,4.991
NiPdTaOx_post,19.81,4.96
NiPdTaOx_post,19.82,4.949
NiPdTaOx_post,19.83,5.086
NiPdTaOx_post,19.84,5.248
NiPdTaOx_post,19.85,5.233
NiPdTaOx_post,19.86,5.258
NiPdTaOx_post,19.87,5.29
NiPdTaOx_post,19.88,5.214
NiPdTaOx_post,19.89,5.052
NiPdTaOx_post,19.9,5.075
NiPdTaOx_post,19.91,5.23
NiPdTaOx_post,19.92,5.353
NiPdTaOx_post,19.93,5.344
NiPdTaOx_post,19.94,5.192
NiPdTaOx_post,19.95,5.093
NiPdTaOx_post,19.96,5.129
NiPdTaOx_post,19.97,5.234
NiPdTaOx_post,19.98,5.232
NiPdTaOx_post,19.99,5.061
NiPdTaOx_post,20.0,4.985
NiPdTaOx_post,20.01,5.191
NiPdTaOx_post,20.02,5.342
NiPdTaOx_post,20.03,5.368
NiPdTaOx_post,20.04,5.195
NiPdTaOx_post,20.05,5.012
NiPdTaOx_post,20.06,5.092
NiPdTaOx_post,20.07,5.17
NiPdTaOx_post,20.08,5.26
NiPdTaOx_post,20.09,5.179
NiPdTaOx_post,20.1,5.117
NiPdTaOx_post,20.11,5.128
NiPdTaOx_post,20.12,5.07
NiPdTaOx_post,20.13,5.205
NiPdTaOx_post,20.14,5.196
NiPdTaOx_post,20.15,5.215
NiPdTaOx_post,20.16,5.199
NiPdTaOx_post,20.17,5.238
NiPdTaOx_post,20.18,5.342
NiPdTaOx_post,20.19,5.215
NiPdTaOx_post,20.2,5.123
NiPdTaOx_post,20.21,5.016
NiPdTaOx_post,20.22,5.038
NiPdTaOx_post,20.23,5.201
NiPdTaOx_post,20.24,5.335
NiPdTaOx_post,20.25,5.356
NiPdTaOx_post,20.26,5.19
NiPdTaOx_post,20.27,5.043
NiPdTaOx_post,20.28,5.115
NiPdTaOx_post,20.29,5.239
NiPdTaOx_post,20.3,5.271
NiPdTaOx_post,20.31,5.233
NiPdTaOx_post,20.32,5.172
NiPdTaOx_post,20.33,5.088
NiPdTaOx_post,20.34,5.032
NiPdTaOx_post,20.35,5.061
NiPdTaOx_post,20.36,5.129
NiPdTaOx_post,20.37,5.132
NiPdTaOx_post,20.38,5.244
NiPdTaOx_post,20.39,5.318
NiPdTaOx_post,20.4,5.439
NiPdTaOx_post,20.41,5.264
NiPdTaOx_post,20.42,5.216
NiPdTaOx_post,20.43,5.209
NiPdTaOx_post,20.44,5.217
NiPdTaOx_post,20.45,5.086
NiPdTaOx_post,20.46,4.952
NiPdTaOx_post,20.47,4.959
NiPdTaOx_post,20.48,5.27
NiPdTaOx_post,20.49,5.354
NiPdTaOx_post,20.5,5.262
NiPdTaOx_post,20.51,5.216
NiPdTaOx_post,20.52,5.239
NiPdTaOx_post,20.53,5.298
NiPdTaOx_post,20.54,5.26
NiPdTaOx_post,20.55,5.258
NiPdTaOx_post,20.56,5.251
NiPdTaOx_post,20.57,5.187
NiPdTaOx_post,20.58,5.25
NiPdTaOx_post,20.59,5.189
NiPdTaOx_post,20.6,5.255
NiPdTaOx_post,20.61,5.164
NiPdTaOx_post,20.62,5.161
NiPdTaOx_post,20.63,5.168
NiPdTaOx_post,20.64,5.148
NiPdTaOx_post,20.65,4.994
NiPdTaOx_post,20.66,4.989
NiPdTaOx_post,20.67,4.943
NiPdTaOx_post,20.68,4.986
NiPdTaOx_post,20.69,5.018
NiPdTaOx_post,20.7,5.081
NiPdTaOx_post,20.71,5.094
NiPdTaOx_post,20.72,4.992
NiPdTaOx_post,20.73,5.016
NiPdTaOx_post,20.74,4.974
NiPdTaOx_post,20.75,4.965
NiPdTaOx_post,20.76,4.861
NiPdTaOx_post,20.77,4.904
NiPdTaOx_post,20.78,5.012
NiPdTaOx_post,20.79,5.136
NiPdTaOx_post,20.8,5.239
NiPdTaOx_post,20.81,5.317
NiPdTaOx_post,20.82,5.306
NiPdTaOx_post,20.83,5.168
NiPdTaOx_post,20.84,5.144
NiPdTaOx_post,20.85,5.105
NiPdTaOx_post,20.86,5.119
NiPdTaOx_post,20.87,5.033
NiPdTaOx_post,20.88,4.946
NiPdTaOx_post,20.89,4.884
NiPdTaOx_post,20.9,5.099
NiPdTaOx_post,20.91,5.281
NiPdTaOx_post,20.92,5.35
NiPdTaOx_post,20.93,5.183
NiPdTaOx_post,20.94,5.087
NiPdTaOx_post,20.95,5.047
NiPdTaOx_post,20.96,5.015
NiPdTaOx_post,20.97,5.04
NiPdTaOx_post,20.98,5.132
NiPdTaOx_post,20.99,5.208
NiPdTaOx_post,21.0,5.137
NiPdTaOx_post,21.01,5.16
NiPdTaOx_post,21.02,5.227
NiPdTaOx_post,21.03,5.343
NiPdTaOx_post,21.04,5.374
NiPdTaOx_post,21.05,5.301
NiPdTaOx_post,21.06,5.25
NiPdTaOx_post,21.07,5.164
NiPdTaOx_post,21.08,5.145
NiPdTaOx_post,21.09,5.098
NiPdTaOx_post,21.1,5.134
NiPdTaOx_post,21.11,5.107
NiPdTaOx_post,21.12,4.977
NiPdTaOx_post,21.13,4.792
NiPdTaOx_post,21.14,4.928
NiPdTaOx_post,21.15,5.009
NiPdTaOx_post,21.16,5.192
NiPdTaOx_post,21.17,5.091
NiPdTaOx_post,21.18,5.124
NiPdTaOx_post,21.19,5.006
NiPdTaOx_post,21.2,4.978
NiPdTaOx_post,21.21,4.87
NiPdTaOx_post,21.22,4.979
NiPdTaOx_post,21.23,5.037
NiPdTaOx_post,21.24,5.01
NiPdTaOx_post,21.25,4.946
NiPdTaOx_post,21.26,5.144
NiPdTaOx_post,21.27,5.367
NiPdTaOx_post,21.28,5.271
NiPdTaOx_post,21.29,5.124
NiPdTaOx_post,21.3,5.108
NiPdTaOx_post,21.31,5.271
NiPdTaOx_post,21.32,5.331
NiPdTaOx_post,21.33,5.263
NiPdTaOx_post,21.34,5.032
NiPdTaOx_post,21.35,4.93
NiPdTaOx_post,21.36,5.026
NiPdTaOx_post,21.37,5.233
NiPdTaOx_post,21.38,5.302
NiPdTaOx_post,21.39,5.209
NiPdTaOx_post,21.4,5.173
NiPdTaOx_post,21.41,5.076
NiPdTaOx_post,21.42,5.157
NiPdTaOx_post,21.43,5.153
NiPdTaOx_post,21.44,5.165
NiPdTaOx_post,21.45,5.111
NiPdTaOx_post,21.46,5.15
NiPdTaOx_post,21.47,5.122
NiPdTaOx_post,21.48,5.019
NiPdTaOx_post,21.49,5.072
NiPdTaOx_post,21.5,5.232
NiPdTaOx_post,21.51,5.357
NiPdTaOx_post,21.52,5.245
NiPdTaOx_post,21.53,5.215
NiPdTaOx_post,21.54,5.232
NiPdTaOx_post,21.55,5.299
NiPdTaOx_post,21.56,5.188
NiPdTaOx_post,21.57,5.158
NiPdTaOx_post,21.58,5.208
NiPdTaOx_post,21.59,5.058
NiPdTaOx_post,21.6,5.004
NiPdTaOx_post,21.61,5.023
NiPdTaOx_post,21.62,5.283
NiPdTaOx_post,21.63,5.315
NiPdTaOx_post,21.64,5.129
NiPdTaOx_post,21.65,5.072
NiPdTaOx_post,21.66,5.004
NiPdTaOx_post,21.67,5.121
NiPdTaOx_post,21.68,5.141
NiPdTaOx_post,21.69,5.126
NiPdTaOx_post,21.7,5.064
NiPdTaOx_post,21.71,4.944
NiPdTaOx_post,21.72,4.99
NiPdTaOx_post,21.73,5.071
NiPdTaOx_post,21.74,5.217
NiPdTaOx_post,21.75,5.2
NiPdTaOx_post,21.76,5.168
NiPdTaOx_post,21.77,5.114
NiPdTaOx_post,21.78,5.228
NiPdTaOx_post,21.79,5.235
NiPdTaOx_post,21.8,5.221
NiPdTaOx_post,21.81,5.083
NiPdTaOx_post,21.82,5.014
NiPdTaOx_post,21.83,5.087
NiPdTaOx_post,21.84,5.209
NiPdTaOx_post,21.85,5.209
NiPdTaOx_post,21.86,5.129
NiPdTaOx_post,21.87,5.088
NiPdTaOx_post,21.88,5.113
NiPdTaOx_post,21.89,5.106
NiPdTaOx_post,21.9,5.14
NiPdTaOx_post,21.91,5.129
NiPdTaOx_post,21.92,5.086
NiPdTaOx_post,21.93,5.058
NiPdTaOx_post,21.94,5.095
NiPdTaOx_post,21.95,5.022
NiPdTaOx_post,21.96,4.919
NiPdTaOx_post,21.97,4.991
NiPdTaOx_post,21.98,5.053
NiPdTaOx_post,21.99,5.033
NiPdTaOx_post,22.0,5.004
NiPdTaOx_post,22.01,5.094
NiPdTaOx_post,22.02,5.175
NiPdTaOx_post,22.03,5.18
NiPdTaOx_post,22.04,5.19
NiPdTaOx_post,22.05,5.093
NiPdTaOx_post,22.06,4.991
NiPdTaOx_post,22.07,4.989
NiPdTaOx_post,22.08,5.04
NiPdTaOx_post,22.09,4.994
NiPdTaOx_post,22.1,4.875
NiPdTaOx_post,22.11,4.87
NiPdTaOx_post,22.12,4.879
NiPdTaOx_post,22.13,4.97
NiPdTaOx_post,22.14,4.966
NiPdTaOx_post,22.15,5.093
NiPdTaOx_post,22.16,5.113
NiPdTaOx_post,22.17,5.038
NiPdTaOx_post,22.18,4.96
NiPdTaOx_post,22.19,4.971
NiPdTaOx_post,22.2,4.927
NiPdTaOx_post,22.21,4.89
NiPdTaOx_post,22.22,4.946
NiPdTaOx_post,22.23,5.019
NiPdTaOx_post,22.24,5.076
NiPdTaOx_post,22.25,5.04
NiPdTaOx_post,22.26,5.111
NiPdTaOx_post,22.27,5.03
NiPdTaOx_post,22.28,5.076
NiPdTaOx_post,22.29,5.039
NiPdTaOx_post,22.3,5.077
NiPdTaOx_post,22.31,4.984
NiPdTaOx_post,22.32,4.997
NiPdTaOx_post,22.33,5.094
NiPdTaOx_post,22.34,5.058
NiPdTaOx_post,22.35,4.938
NiPdTaOx_post,22.36,4.918
NiPdTaOx_post,22.37,5.096
NiPdTaOx_post,22.38,5.175
NiPdTaOx_post,22.39,5.235
NiPdTaOx_post,22.4,5.325
NiPdTaOx_post,22.41,5.411
NiPdTaOx_post,22.42,5.317
NiPdTaOx_post,22.43,5.299
NiPdTaOx_post,22.44,5.19
NiPdTaOx_post,22.45,5.014
NiPdTaOx_post,22.46,4.999
NiPdTaOx_post,22.47,5.111
NiPdTaOx_post,22.48,5.107
NiPdTaOx_post,22.49,5.057
NiPdTaOx_post,22.5,5.063
NiPdTaOx_post,22.51,5.164
NiPdTaOx_post,22.52,5.2
NiPdTaOx_post,22.53,5.273
NiPdTaOx_post,22.54,5.208
NiPdTaOx_post,22.55,5.12
NiPdTaOx_post,22.56,5.025
NiPdTaOx_post,22.57,5.051
NiPdTaOx_post,22.58,5.141
NiPdTaOx_post,22.59,5.089
NiPdTaOx_post,22.6,5.052
NiPdTaOx_post,22.61,4.961
NiPdTaOx_post,22.62,4.921
NiPdTaOx_post,22.63,5.06
NiPdTaOx_post,22.64,5.156
NiPdTaOx_post,22.65,5.254
NiPdTaOx_post,22.66,5.206
NiPdTaOx_post,22.67,5.11
NiPdTaOx_post,22.68,4.997
NiPdTaOx_post,22.69,4.982
NiPdTaOx_post,22.7,5.161
NiPdTaOx_post,22.71,5.089
NiPdTaOx_post,22.72,5.034
NiPdTaOx_post,22.73,4.831
NiPdTaOx_post,22.74,4.917
NiPdTaOx_post,22.75,5.0
NiPdTaOx_post,22.76,5.025
NiPdTaOx_post,22.77,5.0
NiPdTaOx_post,22.78,4.853
NiPdTaOx_post,22.79,4.815
NiPdTaOx_post,22.8,4.844
NiPdTaOx_post,22.81,5.084
NiPdTaOx_post,22.82,5.178
NiPdTaOx_post,22.83,5.046
NiPdTaOx_post,22.84,4.864
NiPdTaOx_post,22.85,4.983
NiPdTaOx_post,22.86,5.112
NiPdTaOx_post,22.87,5.181
NiPdTaOx_post,22.88,5.23
NiPdTaOx_post,22.89,5.156
NiPdTaOx_post,22.9,4.95
NiPdTaOx_post,22.91,4.967
NiPdTaOx_post,22.92,5.064
NiPdTaOx_post,22.93,5.13
NiPdTaOx_post,22.94,5.042
NiPdTaOx_post,22.95,5.024
NiPdTaOx_post,22.96,4.99
NiPdTaOx_post,22.97,5.023
NiPdTaOx_post,22.98,5.028
NiPdTaOx_post,22.99,4.995
NiPdTaOx_post,23.0,4.949
NiPdTaOx_post,23.01,5.022
NiPdTaOx_post,23.02,5.124
NiPdTaOx_post,23.03,5.093
NiPdTaOx_post,23.04,4.908
NiPdTaOx_post,23.05,4.774
NiPdTaOx_post,23.06,4.761
NiPdTaOx_post,23.07,4.866
NiPdTaOx_post,23.08,5.006
NiPdTaOx_post,23.09,5.002
NiPdTaOx_post,23.1,4.905
NiPdTaOx_post,23.11,4.827
NiPdTaOx_post,23.12,4.973
NiPdTaOx_post,23.13,5.191
NiPdTaOx_post,23.14,5.242
NiPdTaOx_post,23.15,5.125
NiPdTaOx_post,23.16,5.089
NiPdTaOx_post,23.17,5.081
NiPdTaOx_post,23.18,5.153
NiPdTaOx_post,23.19,5.093
NiPdTaOx_post,23.2,5.165
NiPdTaOx_post,23.21,5.132
NiPdTaOx_post,23.22,5.056
NiPdTaOx_post,23.23,5.095
NiPdTaOx_post,23.24,5.224
NiPdTaOx_post,23.25,5.32
NiPdTaOx_post,23.26,5.215
NiPdTaOx_post,23.27,5.275
NiPdTaOx_post,23.28,5.26
NiPdTaOx_post,23.29,5.235
NiPdTaOx_post,23.3,5.157
NiPdTaOx_post,23.31,5.075
NiPdTaOx_post,23.32,4.983
NiPdTaOx_post,23.33,4.963
NiPdTaOx_post,23.34,5.019
NiPdTaOx_post,23.35,5.099
NiPdTaOx_post,23.36,5.137
NiPdTaOx_post,23.37,4.982
NiPdTaOx_post,23.38,4.842
NiPdTaOx_post,23.39,4.709
NiPdTaOx_post,23.4,4.733
NiPdTaOx_post,23.41,4.782
NiPdTaOx_post,23.42,4.888
NiPdTaOx_post,23.43,5.017
NiPdTaOx_post,23.44,4.984
NiPdTaOx_post,23.45,5.044
NiPdTaOx_post,23.46,5.076
NiPdTaOx_post,23.47,5.118
NiPdTaOx_post,23.48,5.103
NiPdTaOx_post,23.49,5.175
NiPdTaOx_post,23.5,5.163
NiPdTaOx_post,23.51,5.037
NiPdTaOx_post,23.52,4.909
NiPdTaOx_post,23.53,4.912
NiPdTaOx_post,23.54,5.029
NiPdTaOx_post,23.55,5.005
NiPdTaOx_post,23.56,5.084
NiPdTaOx_post,23.57,5.152
NiPdTaOx_post,23.58,5.295
NiPdTaOx_post,23.59,5.238
NiPdTaOx_post,23.6,5.203
NiPdTaOx_post,23.61,5.132
NiPdTaOx_post,23.62,5.046
NiPdTaOx_post,23.63,4.954
NiPdTaOx_post,23.64,4.949
NiPdTaOx_post,23.65,4.981
NiPdTaOx_post,23.66,5.022
NiPdTaOx_post,23.67,4.959
NiPdTaOx_post,23.68,4.898
NiPdTaOx_post,23.69,4.959
NiPdTaOx_post,23.7,5.135
NiPdTaOx_post,23.71,5.086
NiPdTaOx_post,23.72,4.998
NiPdTaOx_post,23.73,4.901
NiPdTaOx_post,23.74,5.025
NiPdTaOx_post,23.75,4.987
NiPdTaOx_post,23.76,5.028
NiPdTaOx_post,23.77,5.008
NiPdTaOx_post,23.78,4.958
NiPdTaOx_post,23.79,4.852
NiPdTaOx_post,23.8,4.69
NiPdTaOx_post,23.81,4.772
NiPdTaOx_post,23.82,4.987
NiPdTaOx_post,23.83,5.11
NiPdTaOx_post,23.84,5.029
NiPdTaOx_post,23.85,4.836
NiPdTaOx_post,23.86,4.779
NiPdTaOx_post,23.87,4.814
NiPdTaOx_post,23.88,4.859
NiPdTaOx_post,23.89,4.862
NiPdTaOx_post,23.9,4.811
NiPdTaOx_post,23.91,4.727
NiPdTaOx_post,23.92,4.847
NiPdTaOx_post,23.93,4.824
NiPdTaOx_post,23.94,4.918
NiPdTaOx_post,23.95,5.009
NiPdTaOx_post,23.96,5.164
NiPdTaOx_post,23.97,5.12
NiPdTaOx_post,23.98,5.14
NiPdTaOx_post,23.99,5.045
NiPdTaOx_post,24.0,5.04
NiPdTaOx_post,24.01,4.945
NiPdTaOx_post,24.02,4.902
NiPdTaOx_post,24.03,4.864
NiPdTaOx_post,24.04,4.699
NiPdTaOx_post,24.05,4.681
NiPdTaOx_post,24.06,4.795
NiPdTaOx_post,24.07,4.925
NiPdTaOx_post,24.08,5.005
NiPdTaOx_post,24.09,5.007
NiPdTaOx_post,24.1,5.01
NiPdTaOx_post,24.11,4.811
NiPdTaOx_post,24.12,4.749
NiPdTaOx_post,24.13,4.838
NiPdTaOx_post,24.14,5.101
NiPdTaOx_post,24.15,5.038
NiPdTaOx_post,24.16,4.785
NiPdTaOx_post,24.17,4.745
NiPdTaOx_post,24.18,4.771
NiPdTaOx_post,24.19,4.916
NiPdTaOx_post,24.2,4.858
NiPdTaOx_post,24.21,4.855
NiPdTaOx_post,24.22,4.835
NiPdTaOx_post,24.23,4.937
NiPdTaOx_post,24.24,5.059
NiPdTaOx_post,24.25,5.089
NiPdTaOx_post,24.26,5.154
NiPdTaOx_post,24.27,4.954
NiPdTaOx_post,24.28,4.873
NiPdTaOx_post,24.29,4.72
NiPdTaOx_post,24.3,4.69
NiPdTaOx_post,24.31,4.72
NiPdTaOx_post,24.32,4.818
NiPdTaOx_post,24.33,4.901
NiPdTaOx_post,24.34,4.78
NiPdTaOx_post,24.35,4.824
NiPdTaOx_post,24.36,4.91
NiPdTaOx_post,24.37,5.031
NiPdTaOx_post,24.38,4.957
NiPdTaOx_post,24.39,4.909
NiPdTaOx_post,24.4,4.87
NiPdTaOx_post,24.41,4.889
NiPdTaOx_post,24.42,4.975
NiPdTaOx_post,24.43,4.864
NiPdTaOx_post,24.44,4.822
NiPdTaOx_post,24.45,4.962
NiPdTaOx_post,24.46,5.118
NiPdTaOx_post,24.47,4.986
NiPdTaOx_post,24.48,4.8
NiPdTaOx_post,24.49,4.616
NiPdTaOx_post,24.5,4.659
NiPdTaOx_post,24.51,4.851
NiPdTaOx_post,24.52,4.985
NiPdTaOx_post,24.53,5.019
NiPdTaOx_post,24.54,4.87
NiPdTaOx_post,24.55,4.771
NiPdTaOx_post,24.56,4.752
NiPdTaOx_post,24.57,4.847
NiPdTaOx_post,24.58,4.896
NiPdTaOx_post,24.59,4.829
NiPdTaOx_post,24.6,4.867
NiPdTaOx_post,24.61,4.886
NiPdTaOx_post,24.62,4.897
NiPdTaOx_post,24.63,4.961
NiPdTaOx_post,24.64,5.05
NiPdTaOx_post,24.65,5.091
NiPdTaOx_post,24.66,4.956
NiPdTaOx_post,24.67,4.874
NiPdTaOx_post,24.68,4.847
NiPdTaOx_post,24.69,4.88
NiPdTaOx_post,24.7,4.818
NiPdTaOx_post,24.71,4.76
NiPdTaOx_post,24.72,4.741
NiPdTaOx_post,24.73,4.869
NiPdTaOx_post,24.74,5.027
NiPdTaOx_post,24.75,5.114
NiPdTaOx_post,24.76,4.987
NiPdTaOx_post,24.77,4.739
NiPdTaOx_post,24.78,4.579
NiPdTaOx_post,24.79,4.555
NiPdTaOx_post,24.8,4.719
NiPdTaOx_post,24.81,4.888
NiPdTaOx_post,24.82,4.892
NiPdTaOx_post,24.83,4.809
NiPdTaOx_post,24.84,4.769
NiPdTaOx_post,24.85,4.933
NiPdTaOx_post,24.86,4.988
NiPdTaOx_post,24.87,5.032
NiPdTaOx_post,24.88,4.987
NiPdTaOx_post,24.89,4.874
NiPdTaOx_post,24.9,4.788
NiPdTaOx_post,24.91,4.781
NiPdTaOx_post,24.92,4.834
NiPdTaOx_post,24.93,4.883
NiPdTaOx_post,24.94,4.925
NiPdTaOx_post,24.95,5.046
NiPdTaOx_post,24.96,4.964
NiPdTaOx_post,24.97,4.917
NiPdTaOx_post,24.98,4.796
NiPdTaOx_post,24.99,4.793
NiPdTaOx_post,25.0,4.769
NiPdTaOx_post,25.01,4.8
NiPdTaOx_post,25.02,4.789
NiPdTaOx_post,25.03,4.735
NiPdTaOx_post,25.04,4.666
NiPdTaOx_post,25.05,4.499
NiPdTaOx_post,25.06,4.393
NiPdTaOx_post,25.07,4.401
NiPdTaOx_post,25.08,4.637
NiPdTaOx_post,25.09,4.851
NiPdTaOx_post,25.1,4.989
NiPdTaOx_post,25.11,4.901
NiPdTaOx_post,25.12,4.935
NiPdTaOx_post,25.13,5.027
NiPdTaOx_post,25.14,4.955
NiPdTaOx_post,25.15,4.869
NiPdTaOx_post,25.16,4.801
NiPdTaOx_post,25.17,4.91
NiPdTaOx_post,25.18,4.926
NiPdTaOx_post,25.19,4.881
NiPdTaOx_post,25.2,4.802
NiPdTaOx_post,25.21,4.785
NiPdTaOx_post,25.22,4.811
NiPdTaOx_post,25.23,4.774
NiPdTaOx_post,25.24,4.73
NiPdTaOx_post,25.25,4.687
NiPdTaOx_post,25.26,4.749
NiPdTaOx_post,25.27,4.731
NiPdTaOx_post,25.28,4.836
NiPdTaOx_post,25.29,4.869
NiPdTaOx_post,25.3,4.898
NiPdTaOx_post,25.31,4.83
NiPdTaOx_post,25.32,4.697
NiPdTaOx_post,25.33,4.748
NiPdTaOx_post,25.34,4.854
NiPdTaOx_post,25.35,4.949
NiPdTaOx_post,25.36,4.824
NiPdTaOx_post,25.37,4.71
NiPdTaOx_post,25.38,4.662
NiPdTaOx_post,25.39,4.647
NiPdTaOx_post,25.4,4.7
NiPdTaOx_post,25.41,4.702
NiPdTaOx_post,25.42,4.705
NiPdTaOx_post,25.43,4.69
NiPdTaOx_post,25.44,4.625
NiPdTaOx_post,25.45,4.629
NiPdTaOx_post,25.46,4.68
NiPdTaOx_post,25.47,4.63
NiPdTaOx_post,25.48,4.594
NiPdTaOx_post,25.49,4.632
NiPdTaOx_post,25.5,4.703
NiPdTaOx_post,25.51,4.799
NiPdTaOx_post,25.52,4.816
NiPdTaOx_post,25.53,4.747
NiPdTaOx_post,25.54,4.735
NiPdTaOx_post,25.55,4.692
NiPdTaOx_post,25.56,4.768
NiPdTaOx_post,25.57,4.752
NiPdTaOx_post,25.58,4.806
NiPdTaOx_post,25.59,4.681
NiPdTaOx_post,25.6,4.678
NiPdTaOx_post,25.61,4.61
NiPdTaOx_post,25.62,4.526
NiPdTaOx_post,25.63,4.503
NiPdTaOx_post,25.64,4.662
NiPdTaOx_post,25.65,4.825
NiPdTaOx_post,25.66,4.821
NiPdTaOx_post,25.67,4.616
NiPdTaOx_post,25.68,4.519
NiPdTaOx_post,25.69,4.583
NiPdTaOx_post,25.7,4.761
NiPdTaOx_post,25.71,4.812
NiPdTaOx_post,25.72,4.777
NiPdTaOx_post,25.73,4.844
NiPdTaOx_post,25.74,4.79
NiPdTaOx_post,25.75,4.664
NiPdTaOx_post,25.76,4.648
NiPdTaOx_post,25.77,4.633
NiPdTaOx_post,25.78,4.485
NiPdTaOx_post,25.79,4.362
NiPdTaOx_post,25.8,4.404
NiPdTaOx_post,25.81,4.636
NiPdTaOx_post,25.82,4.871
NiPdTaOx_post,25.83,4.925
NiPdTaOx_post,25.84,4.873
NiPdTaOx_post,25.85,4.762
NiPdTaOx_post,25.86,4.804
NiPdTaOx_post,25.87,4.771
NiPdTaOx_post,25.88,4.669
NiPdTaOx_post,25.89,4.618
NiPdTaOx_post,25.9,4.695
NiPdTaOx_post,25.91,4.804
NiPdTaOx_post,25.92,4.9
NiPdTaOx_post,25.93,4.82
NiPdTaOx_post,25.94,4.736
NiPdTaOx_post,25.95,4.638
NiPdTaOx_post,25.96,4.682
NiPdTaOx_post,25.97,4.771
NiPdTaOx_post,25.98,4.812
NiPdTaOx_post,25.99,4.777
NiPdTaOx_post,26.0,4.668
NiPdTaOx_post,26.01,4.511
NiPdTaOx_post,26.02,4.672
NiPdTaOx_post,26.03,4.687
NiPdTaOx_post,26.04,4.697
NiPdTaOx_post,26.05,4.582
NiPdTaOx_post,26.06,4.523
NiPdTaOx_post,26.07,4.44
NiPdTaOx_post,26.08,4.37
NiPdTaOx_post,26.09,4.468
NiPdTaOx_post,26.1,4.589
NiPdTaOx_post,26.11,4.721
NiPdTaOx_post,26.12,4.74
NiPdTaOx_post,26.13,4.681
NiPdTaOx_post,26.14,4.715
NiPdTaOx_post,26.15,4.708
NiPdTaOx_post,26.16,4.725
NiPdTaOx_post,26.17,4.654
NiPdTaOx_post,26.18,4.725
NiPdTaOx_post,26.19,4.835
NiPdTaOx_post,26.2,4.83
NiPdTaOx_post,26.21,4.763
NiPdTaOx_post,26.22,4.718
NiPdTaOx_post,26.23,4.659
NiPdTaOx_post,26.24,4.486
NiPdTaOx_post,26.25,4.515
NiPdTaOx_post,26.26,4.62
NiPdTaOx_post,26.27,4.685
NiPdTaOx_post,26.28,4.624
NiPdTaOx_post,26.29,4.729
NiPdTaOx_post,26.3,4.782
NiPdTaOx_post,26.31,4.653
NiPdTaOx_post,26.32,4.533
NiPdTaOx_post,26.33,4.507
NiPdTaOx_post,26.34,4.648
NiPdTaOx_post,26.35,4.679
NiPdTaOx_post,26.36,4.643
NiPdTaOx_post,26.37,4.543
NiPdTaOx_post,26.38,4.626
NiPdTaOx_post,26.39,4.678
NiPdTaOx_post,26.4,4.761
NiPdTaOx_post,26.41,4.749
NiPdTaOx_post,26.42,4.712
NiPdTaOx_post,26.43,4.756
NiPdTaOx_post,26.44,4.712
NiPdTaOx_post,26.45,4.618
NiPdTaOx_post,26.46,4.522
NiPdTaOx_post,26.47,4.549
NiPdTaOx_post,26.48,4.604
NiPdTaOx_post,26.49,4.597
NiPdTaOx_post,26.5,4.516
NiPdTaOx_post,26.51,4.506
NiPdTaOx_post,26.52,4.607
NiPdTaOx_post,26.53,4.728
NiPdTaOx_post,26.54,4.761
NiPdTaOx_post,26.55,4.832
NiPdTaOx_post,26.56,4.761
NiPdTaOx_post,26.57,4.657
NiPdTaOx_post,26.58,4.53
NiPdTaOx_post,26.59,4.544
NiPdTaOx_post,26.6,4.604
NiPdTaOx_post,26.61,4.625
NiPdTaOx_post,26.62,4.619
NiPdTaOx_post,26.63,4.565
NiPdTaOx_post,26.64,4.675
NiPdTaOx_post,26.65,4.671
NiPdTaOx_post,26.66,4.663
NiPdTaOx_post,26.67,4.535
NiPdTaOx_post,26.68,4.579
NiPdTaOx_post,26.69,4.623
NiPdTaOx_post,26.7,4.663
NiPdTaOx_post,26.71,4.531
NiPdTaOx_post,26.72,4.515
NiPdTaOx_post,26.73,4.549
NiPdTaOx_post,26.74,4.543
NiPdTaOx_post,26.75,4.465
NiPdTaOx_post,26.76,4.507
NiPdTaOx_post,26.77,4.684
NiPdTaOx_post,26.78,4.649
NiPdTaOx_post,26.79,4.572
NiPdTaOx_post,26.8,4.521
NiPdTaOx_post,26.81,4.6
NiPdTaOx_post,26.82,4.605
NiPdTaOx_post,26.83,4.562
NiPdTaOx_post,26.84,4.482
NiPdTaOx_post,26.85,4.416
NiPdTaOx_post,26.86,4.654
NiPdTaOx_post,26.87,4.931
NiPdTaOx_post,26.88,4.938
NiPdTaOx_post,26.89,4.754
NiPdTaOx_post,26.9,4.561
NiPdTaOx_post,26.91,4.534
NiPdTaOx_post,26.92,4.529
NiPdTaOx_post,26.93,4.504
NiPdTaOx_post,26.94,4.49
NiPdTaOx_post,26.95,4.466
NiPdTaOx_post,26.96,4.6
NiPdTaOx_post,26.97,4.63
NiPdTaOx_post,26.98,4.578
NiPdTaOx_post,26.99,4.665
NiPdTaOx_post,27.0,4.628
NiPdTaOx_post,27.01,4.678
NiPdTaOx_post,27.02,4.6
NiPdTaOx_post,27.03,4.609
NiPdTaOx_post,27.04,4.573
NiPdTaOx_post,27.05,4.595
NiPdTaOx_post,27.06,4.514
NiPdTaOx_post,27.07,4.464
NiPdTaOx_post,27.08,4.428
NiPdTaOx_post,27.09,4.54
NiPdTaOx_post,27.1,4.53
NiPdTaOx_post,27.11,4.507
NiPdTaOx_post,27.12,4.432
NiPdTaOx_post,27.13,4.388
NiPdTaOx_post,27.14,4.381
NiPdTaOx_post,27.15,4.457
NiPdTaOx_post,27.16,4.494
NiPdTaOx_post,27.17,4.507
NiPdTaOx_post,27.18,4.51
NiPdTaOx_post,27.19,4.41
NiPdTaOx_post,27.2,4.41
NiPdTaOx_post,27.21,4.317
NiPdTaOx_post,27.22,4.322
NiPdTaOx_post,27.23,4.37
NiPdTaOx_post,27.24,4.559
NiPdTaOx_post,27.25,4.721
NiPdTaOx_post,27.26,4.767
NiPdTaOx_post,27.27,4.681
NiPdTaOx_post,27.28,4.44
NiPdTaOx_post,27.29,4.32
NiPdTaOx_post,27.3,4.392
NiPdTaOx_post,27.31,4.558
NiPdTaOx_post,27.32,4.636
NiPdTaOx_post,27.33,4.623
NiPdTaOx_post,27.34,4.836
NiPdTaOx_post,27.35,4.791
NiPdTaOx_post,27.36,4.725
NiPdTaOx_post,27.37,4.53
NiPdTaOx_post,27.38,4.469
NiPdTaOx_post,27.39,4.417
NiPdTaOx_post,27.4,4.377
NiPdTaOx_post,27.41,4.394
NiPdTaOx_post,27.42,4.508
NiPdTaOx_post,27.43,4.583
NiPdTaOx_post,27.44,4.544
NiPdTaOx_post,27.45,4.414
NiPdTaOx_post,27.46,4.401
NiPdTaOx_post,27.47,4.437
NiPdTaOx_post,27.48,4.427
NiPdTaOx_post,27.49,4.423
NiPdTaOx_post,27.5,4.511
NiPdTaOx_post,27.51,4.596
NiPdTaOx_post,27.52,4.562
NiPdTaOx_post,27.53,4.539
NiPdTaOx_post,27.54,4.482
NiPdTaOx_post,27.55,4.467
NiPdTaOx_post,27.56,4.457
NiPdTaOx_post,27.57,4.486
NiPdTaOx_post,27.58,4.554
NiPdTaOx_post,27.59,4.555
NiPdTaOx_post,27.6,4.537
NiPdTaOx_post,27.61,4.427
NiPdTaOx_post,27.62,4.425
NiPdTaOx_post,27.63,4.358
NiPdTaOx_post,27.64,4.377
NiPdTaOx_post,27.65,4.535
NiPdTaOx_post,27.66,4.675
NiPdTaOx_post,27.67,4.629
NiPdTaOx_post,27.68,4.392
NiPdTaOx_post,27.69,4.409
NiPdTaOx_post,27.7,4.52
NiPdTaOx_post,27.71,4.662
NiPdTaOx_post,27.72,4.699
NiPdTaOx_post,27.73,4.688
NiPdTaOx_post,27.74,4.487
NiPdTaOx_post,27.75,4.288
NiPdTaOx_post,27.76,4.226
NiPdTaOx_post,27.77,4.324
NiPdTaOx_post,27.78,4.427
NiPdTaOx_post,27.79,4.505
NiPdTaOx_post,27.8,4.467
NiPdTaOx_post,27.81,4.498
NiPdTaOx_post,27.82,4.443
NiPdTaOx_post,27.83,4.6
NiPdTaOx_post,27.84,4.619
NiPdTaOx_post,27.85,4.675
NiPdTaOx_post,27.86,4.609
NiPdTaOx_post,27.87,4.58
NiPdTaOx_post,27.88,4.505
NiPdTaOx_post,27.89,4.437
NiPdTaOx_post,27.9,4.46
NiPdTaOx_post,27.91,4.476
NiPdTaOx_post,27.92,4.492
NiPdTaOx_post,27.93,4.536
NiPdTaOx_post,27.94,4.645
NiPdTaOx_post,27.95,4.573
NiPdTaOx_post,27.96,4.413
NiPdTaOx_post,27.97,4.27
NiPdTaOx_post,27.98,4.35
NiPdTaOx_post,27.99,4.506
NiPdTaOx_post,28.0,4.469
NiPdTaOx_post,28.01,4.385
NiPdTaOx_post,28.02,4.223
NiPdTaOx_post,28.03,4.252
NiPdTaOx_post,28.04,4.294
NiPdTaOx_post,28.05,4.466
NiPdTaOx_post,28.06,4.542
NiPdTaOx_post,28.07,4.572
NiPdTaOx_post,28.08,4.666
NiPdTaOx_post,28.09,4.694
NiPdTaOx_post,28.1,4.662
NiPdTaOx_post,28.11,4.484
NiPdTaOx_post,28.12,4.42
NiPdTaOx_post,28.13,4.258
NiPdTaOx_post,28.14,4.172
NiPdTaOx_post,28.15,4.237
NiPdTaOx_post,28.16,4.288
NiPdTaOx_post,28.17,4.259
NiPdTaOx_post,28.18,4.207
NiPdTaOx_post,28.19,4.278
NiPdTaOx_post,28.2,4.37
NiPdTaOx_post,28.21,4.341
NiPdTaOx_post,28.22,4.411
NiPdTaOx_post,28.23,4.551
NiPdTaOx_post,28.24,4.738
NiPdTaOx_post,28.25,4.558
NiPdTaOx_post,28.26,4.404
NiPdTaOx_post,28.27,4.351
NiPdTaOx_post,28.28,4.382
NiPdTaOx_post,28.29,4.368
NiPdTaOx_post,28.3,4.325
NiPdTaOx_post,28.31,4.412
NiPdTaOx_post,28.32,4.443
NiPdTaOx_post,28.33,4.526
NiPdTaOx_post,28.34,4.51
NiPdTaOx_post,28.35,4.465
NiPdTaOx_post,28.36,4.413
NiPdTaOx_post,28.37,4.428
NiPdTaOx_post,28.38,4.465
NiPdTaOx_post,28.39,4.47
NiPdTaOx_post,28.4,4.46
NiPdTaOx_post,28.41,4.408
NiPdTaOx_post,28.42,4.261
NiPdTaOx_post,28.43,4.285
NiPdTaOx_post,28.44,4.273
NiPdTaOx_post,28.45,4.335
NiPdTaOx_post,28.46,4.341
NiPdTaOx_post,28.47,4.462
NiPdTaOx_post,28.48,4.519
NiPdTaOx_post,28.49,4.582
NiPdTaOx_post,28.5,4.567
NiPdTaOx_post,28.51,4.584
NiPdTaOx_post,28.52,4.589
NiPdTaOx_post,28.53,4.57
NiPdTaOx_post,28.54,4.633
NiPdTaOx_post,28.55,4.478
NiPdTaOx_post,28.56,4.355
NiPdTaOx_post,28.57,4.179
NiPdTaOx_post,28.58,4.194
NiPdTaOx_post,28.59,4.182
NiPdTaOx_post,28.6,4.195
NiPdTaOx_post,28.61,4.209
NiPdTaOx_post,28.62,4.261
NiPdTaOx_post,28.63,4.355
NiPdTaOx_post,28.64,4.335
NiPdTaOx_post,28.65,4.322
NiPdTaOx_post,28.66,4.286
NiPdTaOx_post,28.67,4.339
NiPdTaOx_post,28.68,4.326
NiPdTaOx_post,28.69,4.283
NiPdTaOx_post,28.7,4.409
NiPdTaOx_post,28.71,4.458
NiPdTaOx_post,28.72,4.598
NiPdTaOx_post,28.73,4.535
NiPdTaOx_post,28.74,4.542
NiPdTaOx_post,28.75,4.474
NiPdTaOx_post,28.76,4.407
NiPdTaOx_post,28.77,4.429
NiPdTaOx_post,28.78,4.485
NiPdTaOx_post,28.79,4.504
NiPdTaOx_post,28.8,4.322
NiPdTaOx_post,28.81,4.291
NiPdTaOx_post,28.82,4.355
NiPdTaOx_post,28.83,4.358
NiPdTaOx_post,28.84,4.251
NiPdTaOx_post,28.85,4.283
NiPdTaOx_post,28.86,4.333
NiPdTaOx_post,28.87,4.33
NiPdTaOx_post,28.88,4.257
NiPdTaOx_post,28.89,4.299
NiPdTaOx_post,28.9,4.244
NiPdTaOx_post,28.91,4.266
NiPdTaOx_post,28.92,4.318
NiPdTaOx_post,28.93,4.317
NiPdTaOx_post,28.94,4.289
NiPdTaOx_post,28.95,4.25
NiPdTaOx_post,28.96,4.348
NiPdTaOx_post,28.97,4.344
NiPdTaOx_post,28.98,4.361
NiPdTaOx_post,28.99,4.331
NiPdTaOx_post,29.0,4.38
NiPdTaOx_post,29.01,4.24
NiPdTaOx_post,29.02,4.053
NiPdTaOx_post,29.03,4.028
NiPdTaOx_post,29.04,4.163
NiPdTaOx_post,29.05,4.279
NiPdTaOx_post,29.06,4.323
NiPdTaOx_post,29.07,4.231
NiPdTaOx_post,29.08,4.182
NiPdTaOx_post,29.09,4.135
NiPdTaOx_post,29.1,4.172
NiPdTaOx_post,29.11,4.113
NiPdTaOx_post,29.12,4.083
NiPdTaOx_post,29.13,4.088
NiPdTaOx_post,29.14,4.126
NiPdTaOx_post,29.15,4.12
NiPdTaOx_post,29.16,4.121
NiPdTaOx_post,29.17,4.134
NiPdTaOx_post,29.18,4.167
NiPdTaOx_post,29.19,4.233
NiPdTaOx_post,29.2,4.279
NiPdTaOx_post,29.21,4.321
NiPdTaOx_post,29.22,4.351
NiPdTaOx_post,29.23,4.328
NiPdTaOx_post,29.24,4.257
NiPdTaOx_post,29.25,4.123
NiPdTaOx_post,29.26,4.165
NiPdTaOx_post,29.27,4.135
NiPdTaOx_post,29.28,4.233
NiPdTaOx_post,29.29,4.311
NiPdTaOx_post,29.3,4.263
NiPdTaOx_post,29.31,4.214
NiPdTaOx_post,29.32,4.219
NiPdTaOx_post,29.33,4.397
NiPdTaOx_post,29.34,4.428
NiPdTaOx_post,29.35,4.511
NiPdTaOx_post,29.36,4.517
NiPdTaOx_post,29.37,4.509
NiPdTaOx_post,29.38,4.404
NiPdTaOx_post,29.39,4.309
NiPdTaOx_post,29.4,4.247
NiPdTaOx_post,29.41,4.191
NiPdTaOx_post,29.42,4.238
NiPdTaOx_post,29.43,4.235
NiPdTaOx_post,29.44,4.237
NiPdTaOx_post,29.45,4.285
NiPdTaOx_post,29.46,4.265
NiPdTaOx_post,29.47,4.407
NiPdTaOx_post,29.48,4.431
NiPdTaOx_post,29.49,4.421
NiPdTaOx_post,29.5,4.401
NiPdTaOx_post,29.51,4.467
NiPdTaOx_post,29.52,4.512
NiPdTaOx_post,29.53,4.364
NiPdTaOx_post,29.54,4.285
NiPdTaOx_post,29.55,4.299
NiPdTaOx_post,29.56,4.37
NiPdTaOx_post,29.57,4.364
NiPdTaOx_post,29.58,4.431
NiPdTaOx_post,29.59,4.481
NiPdTaOx_post,29.6,4.465
NiPdTaOx_post,29.61,4.349
NiPdTaOx_post,29.62,4.232
NiPdTaOx_post,29.63,4.128
NiPdTaOx_post,29.64,4.192
NiPdTaOx_post,29.65,4.179
NiPdTaOx_post,29.66,4.168
NiPdTaOx_post,29.67,4.198
NiPdTaOx_post,29.68,4.288
NiPdTaOx_post,29.69,4.295
NiPdTaOx_post,29.7,4.239
NiPdTaOx_post,29.71,4.237
NiPdTaOx_post,29.72,4.2
NiPdTaOx_post,29.73,4.152
NiPdTaOx_post,29.74,4.091
NiPdTaOx_post,29.75,4.242
NiPdTaOx_post,29.76,4.39
NiPdTaOx_post,29.77,4.48
NiPdTaOx_post,29.78,4.317
NiPdTaOx_post,29.79,4.278
NiPdTaOx_post,29.8,4.246
NiPdTaOx_post,29.81,4.334
NiPdTaOx_post,29.82,4.275
NiPdTaOx_post,29.83,4.306
NiPdTaOx_post,29.84,4.259
NiPdTaOx_post,29.85,4.336
NiPdTaOx_post,29.86,4.333
NiPdTaOx_post,29.87,4.3
NiPdTaOx_post,29.88,4.2
NiPdTaOx_post,29.89,4.23
NiPdTaOx_post,29.9,4.288
NiPdTaOx_post,29.91,4.434
NiPdTaOx_post,29.92,4.421
NiPdTaOx_post,29.93,4.487
NiPdTaOx_post,29.94,4.404
NiPdTaOx_post,29.95,4.406
NiPdTaOx_post,29.96,4.39
NiPdTaOx_post,29.97,4.372
NiPdTaOx_post,29.98,4.343
NiPdTaOx_post,29.99,4.263
NiPdTaOx_post,30.0,4.17
NiPdTaOx_post,30.01,4.144
NiPdTaOx_post,30.02,4.252
NiPdTaOx_post,30.03,4.29
NiPdTaOx_post,30.04,4.323
NiPdTaOx_post,30.05,4.272
NiPdTaOx_post,30.06,4.35
NiPdTaOx_post,30.07,4.348
NiPdTaOx_post,30.08,4.385
NiPdTaOx_post,30.09,4.315
NiPdTaOx_post,30.1,4.27
NiPdTaOx_post,30.11,4.177
NiPdTaOx_post,30.12,4.216
NiPdTaOx_post,30.13,4.182
NiPdTaOx_post,30.14,4.221
NiPdTaOx_post,30.15,4.253
NiPdTaOx_post,30.16,4.42
NiPdTaOx_post,30.17,4.545
NiPdTaOx_post,30.18,4.467
NiPdTaOx_post,30.19,4.29
NiPdTaOx_post,30.2,4.159
NiPdTaOx_post,30.21,4.162
NiPdTaOx_post,30.22,4.174
NiPdTaOx_post,30.23,4.107
NiPdTaOx_post,30.24,4.182
NiPdTaOx_post,30.25,4.128
NiPdTaOx_post,30.26,4.104
NiPdTaOx_post,30.27,4.017
NiPdTaOx_post,30.28,4.143
NiPdTaOx_post,30.29,4.176
NiPdTaOx_post,30.3,4.225
NiPdTaOx_post,30.31,4.264
NiPdTaOx_post,30.32,4.324
NiPdTaOx_post,30.33,4.386
NiPdTaOx_post,30.34,4.314
NiPdTaOx_post,30.35,4.415
NiPdTaOx_post,30.36,4.395
NiPdTaOx_post,30.37,4.386
NiPdTaOx_post,30.38,4.15
NiPdTaOx_post,30.39,4.213
NiPdTaOx_post,30.4,4.244
NiPdTaOx_post,30.41,4.343
NiPdTaOx_post,30.42,4.213
NiPdTaOx_post,30.43,4.311
NiPdTaOx_post,30.44,4.401
NiPdTaOx_post,30.45,4.404
NiPdTaOx_post,30.46,4.351
NiPdTaOx_post,30.47,4.335
NiPdTaOx_post,30.48,4.385
NiPdTaOx_post,30.49,4.43
NiPdTaOx_post,30.5,4.445
NiPdTaOx_post,30.51,4.388
NiPdTaOx_post,30.52,4.258
NiPdTaOx_post,30.53,4.157
NiPdTaOx_post,30.54,4.022
NiPdTaOx_post,30.55,4.111
NiPdTaOx_post,30.56,4.199
NiPdTaOx_post,30.57,4.307
NiPdTaOx_post,30.58,4.266
NiPdTaOx_post,30.59,4.27
NiPdTaOx_post,30.6,4.229
NiPdTaOx_post,30.61,4.255
NiPdTaOx_post,30.62,4.276
NiPdTaOx_post,30.63,4.341
NiPdTaOx_post,30.64,4.308
NiPdTaOx_post,30.65,4.274
NiPdTaOx_post,30.66,4.166
NiPdTaOx_post,30.67,4.135
NiPdTaOx_post,30.68,4.177
NiPdTaOx_post,30.69,4.222
NiPdTaOx_post,30.7,4.306
NiPdTaOx_post,30.71,4.266
NiPdTaOx_post,30.72,4.275
NiPdTaOx_post,30.73,4.186
NiPdTaOx_post,30.74,4.204
NiPdTaOx_post,30.75,4.259
NiPdTaOx_post,30.76,4.21
NiPdTaOx_post,30.77,4.22
NiPdTaOx_post,30.78,4.194
NiPdTaOx_post,30.79,4.263
NiPdTaOx_post,30.8,4.219
NiPdTaOx_post,30.81,4.188
NiPdTaOx_post,30.82,4.15
NiPdTaOx_post,30.83,4.225
NiPdTaOx_post,30.84,4.343
NiPdTaOx_post,30.85,4.409
NiPdTaOx_post,30.86,4.375
NiPdTaOx_post,30.87,4.3
NiPdTaOx_post,30.88,4.218
NiPdTaOx_post,30.89,4.166
NiPdTaOx_post,30.9,4.167
NiPdTaOx_post,30.91,4.227
NiPdTaOx_post,30.92,4.355
NiPdTaOx_post,30.93,4.403
NiPdTaOx_post,30.94,4.371
NiPdTaOx_post,30.95,4.289
NiPdTaOx_post,30.96,4.18
NiPdTaOx_post,30.97,3.994
NiPdTaOx_post,30.98,3.98
NiPdTaOx_post,30.99,4.182
NiPdTaOx_post,31.0,4.251
NiPdTaOx_post,31.01,4.19
NiPdTaOx_post,31.02,4.216
NiPdTaOx_post,31.03,4.343
NiPdTaOx_post,31.04,4.288
NiPdTaOx_post,31.05,4.124
NiPdTaOx_post,31.06,4.187
NiPdTaOx_post,31.07,4.349
NiPdTaOx_post,31.08,4.434
NiPdTaOx_post,31.09,4.41
NiPdTaOx_post,31.1,4.387
NiPdTaOx_post,31.11,4.439
NiPdTaOx_post,31.12,4.274
NiPdTaOx_post,31.13,4.223
NiPdTaOx_post,31.14,4.176
NiPdTaOx_post,31.15,4.245
NiPdTaOx_post,31.16,4.249
NiPdTaOx_post,31.17,4.33
NiPdTaOx_post,31.18,4.328
NiPdTaOx_post,31.19,4.342
NiPdTaOx_post,31.2,4.373
NiPdTaOx_post,31.21,4.301
NiPdTaOx_post,31.22,4.197
NiPdTaOx_post,31.23,4.23
NiPdTaOx_post,31.24,4.361
NiPdTaOx_post,31.25,4.302
NiPdTaOx_post,31.26,4.125
NiPdTaOx_post,31.27,4.084
NiPdTaOx_post,31.28,4.198
NiPdTaOx_post,31.29,4.246
NiPdTaOx_post,31.3,4.323
NiPdTaOx_post,31.31,4.311
NiPdTaOx_post,31.32,4.284
NiPdTaOx_post,31.33,4.266
NiPdTaOx_post,31.34,4.296
NiPdTaOx_post,31.35,4.244
NiPdTaOx_post,31.36,4.12
NiPdTaOx_post,31.37,4.075
NiPdTaOx_post,31.38,4.063
NiPdTaOx_post,31.39,4.086
NiPdTaOx_post,31.4,4.087
NiPdTaOx_post,31.41,4.172
NiPdTaOx_post,31.42,4.244
NiPdTaOx_post,31.43,4.233
NiPdTaOx_post,31.44,4.1
NiPdTaOx_post,31.45,4.079
NiPdTaOx_post,31.46,4.189
NiPdTaOx_post,31.47,4.344
NiPdTaOx_post,31.48,4.265
NiPdTaOx_post,31.49,4.212
NiPdTaOx_post,31.5,4.302
NiPdTaOx_post,31.51,4.361
NiPdTaOx_post,31.52,4.315
NiPdTaOx_post,31.53,4.201
NiPdTaOx_post,31.54,4.295
NiPdTaOx_post,31.55,4.304
NiPdTaOx_post,31.56,4.339
NiPdTaOx_post,31.57,4.314
NiPdTaOx_post,31.58,4.44
NiPdTaOx_post,31.59,4.471
NiPdTaOx_post,31.6,4.379
NiPdTaOx_post,31.61,4.259
NiPdTaOx_post,31.62,4.354
NiPdTaOx_post,31.63,4.424
NiPdTaOx_post,31.64,4.487
NiPdTaOx_post,31.65,4.305
NiPdTaOx_post,31.66,4.344
NiPdTaOx_post,31.67,4.243
NiPdTaOx_post,31.68,4.199
NiPdTaOx_post,31.69,4.215
NiPdTaOx_post,31.7,4.2
NiPdTaOx_post,31.71,4.325
NiPdTaOx_post,31.72,4.306
NiPdTaOx_post,31.73,4.46
NiPdTaOx_post,31.74,4.441
NiPdTaOx_post,31.75,4.301
NiPdTaOx_post,31.76,4.13
NiPdTaOx_post,31.77,4.109
NiPdTaOx_post,31.78,4.308
NiPdTaOx_post,31.79,4.362
NiPdTaOx_post,31.8,4.261
NiPdTaOx_post,31.81,4.156
NiPdTaOx_post,31.82,4.154
NiPdTaOx_post,31.83,4.171
NiPdTaOx_post,31.84,4.034
NiPdTaOx_post,31.85,3.897
NiPdTaOx_post,31.86,3.984
NiPdTaOx_post,31.87,4.095
NiPdTaOx_post,31.88,4.09
NiPdTaOx_post,31.89,4.084
NiPdTaOx_post,31.9,4.111
NiPdTaOx_post,31.91,4.261
NiPdTaOx_post,31.92,4.368
NiPdTaOx_post,31.93,4.5
NiPdTaOx_post,31.94,4.483
NiPdTaOx_post,31.95,4.449
NiPdTaOx_post,31.96,4.395
NiPdTaOx_post,31.97,4.387
NiPdTaOx_post,31.98,4.47
NiPdTaOx_post,31.99,4.401
NiPdTaOx_post,32.0,4.333
NiPdTaOx_post,32.01,4.213
NiPdTaOx_post,32.02,4.361
NiPdTaOx_post,32.03,4.464
NiPdTaOx_post,32.04,4.479
NiPdTaOx_post,32.05,4.402
NiPdTaOx_post,32.06,4.26
NiPdTaOx_post,32.07,4.294
NiPdTaOx_post,32.08,4.415
NiPdTaOx_post,32.09,4.418
NiPdTaOx_post,32.1,4.236
NiPdTaOx_post,32.11,4.172
NiPdTaOx_post,32.12,4.202
NiPdTaOx_post,32.13,4.205
NiPdTaOx_post,32.14,4.183
NiPdTaOx_post,32.15,4.219
NiPdTaOx_post,32.16,4.284
NiPdTaOx_post,32.17,4.275
NiPdTaOx_post,32.18,4.234
NiPdTaOx_post,32.19,4.21
NiPdTaOx_post,32.2,4.351
NiPdTaOx_post,32.21,4.384
NiPdTaOx_post,32.22,4.398
NiPdTaOx_post,32.23,4.352
NiPdTaOx_post,32.24,4.381
NiPdTaOx_post,32.25,4.338
NiPdTaOx_post,32.26,4.321
NiPdTaOx_post,32.27,4.389
NiPdTaOx_post,32.28,4.364
NiPdTaOx_post,32.29,4.34
NiPdTaOx_post,32.3,4.337
NiPdTaOx_post,32.31,4.301
NiPdTaOx_post,32.32,4.28
NiPdTaOx_post,32.33,4.386
NiPdTaOx_post,32.34,4.442
NiPdTaOx_post,32.35,4.442
NiPdTaOx_post,32.36,4.475
NiPdTaOx_post,32.37,4.552
NiPdTaOx_post,32.38,4.426
NiPdTaOx_post,32.39,4.271
NiPdTaOx_post,32.4,4.136
NiPdTaOx_post,32.41,4.265
NiPdTaOx_post,32.42,4.386
NiPdTaOx_post,32.43,4.433
NiPdTaOx_post,32.44,4.234
NiPdTaOx_post,32.45,4.247
NiPdTaOx_post,32.46,4.276
NiPdTaOx_post,32.47,4.359
NiPdTaOx_post,32.48,4.288
NiPdTaOx_post,32.49,4.296
NiPdTaOx_post,32.5,4.287
NiPdTaOx_post,32.51,4.343
NiPdTaOx_post,32.52,4.356
NiPdTaOx_post,32.53,4.372
NiPdTaOx_post,32.54,4.416
NiPdTaOx_post,32.55,4.488
NiPdTaOx_post,32.56,4.451
NiPdTaOx_post,32.57,4.378
NiPdTaOx_post,32.58,4.393
NiPdTaOx_post,32.59,4.332
NiPdTaOx_post,32.6,4.208
NiPdTaOx_post,32.61,4.093
NiPdTaOx_post,32.62,4.093
NiPdTaOx_post,32.63,4.187
NiPdTaOx_post,32.64,4.212
NiPdTaOx_post,32.65,4.313
NiPdTaOx_post,32.66,4.341
NiPdTaOx_post,32.67,4.389
NiPdTaOx_post,32.68,4.392
NiPdTaOx_post,32.69,4.377
NiPdTaOx_post,32.7,4.42
NiPdTaOx_post,32.71,4.371
NiPdTaOx_post,32.72,4.372
NiPdTaOx_post,32.73,4.312
NiPdTaOx_post,32.74,4.202
NiPdTaOx_post,32.75,4.222
NiPdTaOx_post,32.76,4.344
NiPdTaOx_post,32.77,4.338
NiPdTaOx_post,32.78,4.294
NiPdTaOx_post,32.79,4.305
NiPdTaOx_post,32.8,4.407
NiPdTaOx_post,32.81,4.383
NiPdTaOx_post,32.82,4.32
NiPdTaOx_post,32.83,4.415
NiPdTaOx_post,32.84,4.458
NiPdTaOx_post,32.85,4.464
NiPdTaOx_post,32.86,4.473
NiPdTaOx_post,32.87,4.437
NiPdTaOx_post,32.88,4.459
NiPdTaOx_post,32.89,4.305
NiPdTaOx_post,32.9,4.289
NiPdTaOx_post,32.91,4.365
NiPdTaOx_post,32.92,4.483
NiPdTaOx_post,32.93,4.51
NiPdTaOx_post,32.94,4.535
NiPdTaOx_post,32.95,4.518
NiPdTaOx_post,32.96,4.46
NiPdTaOx_post,32.97,4.428
NiPdTaOx_post,32.98,4.419
NiPdTaOx_post,32.99,4.424
NiPdTaOx_post,33.0,4.39
NiPdTaOx_post,33.01,4.447
NiPdTaOx_post,33.02,4.416
NiPdTaOx_post,33.03,4.463
NiPdTaOx_post,33.04,4.496
NiPdTaOx_post,33.05,4.589
NiPdTaOx_post,33.06,4.51
NiPdTaOx_post,33.07,4.457
NiPdTaOx_post,33.08,4.553
NiPdTaOx_post,33.09,4.545
NiPdTaOx_post,33.1,4.511
NiPdTaOx_post,33.11,4.478
NiPdTaOx_post,33.12,4.58
NiPdTaOx_post,33.13,4.613
NiPdTaOx_post,33.14,4.534
NiPdTaOx_post,33.15,4.49
NiPdTaOx_post,33.16,4.433
NiPdTaOx_post,33.17,4.55
NiPdTaOx_post,33.18,4.604
NiPdTaOx_post,33.19,4.648
NiPdTaOx_post,33.2,4.516
NiPdTaOx_post,33.21,4.505
NiPdTaOx_post,33.22,4.49
NiPdTaOx_post,33.23,4.589
NiPdTaOx_post,33.24,4.545
NiPdTaOx_post,33.25,4.555
NiPdTaOx_post,33.26,4.519
NiPdTaOx_post,33.27,4.563
NiPdTaOx_post,33.28,4.551
NiPdTaOx_post,33.29,4.544
NiPdTaOx_post,33.3,4.547
NiPdTaOx_post,33.31,4.432
NiPdTaOx_post,33.32,4.449
NiPdTaOx_post,33.33,4.508
NiPdTaOx_post,33.34,4.507
NiPdTaOx_post,33.35,4.541
NiPdTaOx_post,33.36,4.543
NiPdTaOx_post,33.37,4.734
NiPdTaOx_post,33.38,4.823
NiPdTaOx_post,33.39,4.804
NiPdTaOx_post,33.4,4.714
NiPdTaOx_post,33.41,4.556
NiPdTaOx_post,33.42,4.553
NiPdTaOx_post,33.43,4.507
NiPdTaOx_post,33.44,4.507
NiPdTaOx_post,33.45,4.486
NiPdTaOx_post,33.46,4.515
NiPdTaOx_post,33.47,4.524
NiPdTaOx_post,33.48,4.639
NiPdTaOx_post,33.49,4.744
NiPdTaOx_post,33.5,4.669
NiPdTaOx_post,33.51,4.593
NiPdTaOx_post,33.52,4.64
NiPdTaOx_post,33.53,4.745
NiPdTaOx_post,33.54,4.692
NiPdTaOx_post,33.55,4.612
NiPdTaOx_post,33.56,4.605
NiPdTaOx_post,33.57,4.632
NiPdTaOx_post,33.58,4.562
NiPdTaOx_post,33.59,4.486
NiPdTaOx_post,33.6,4.587
NiPdTaOx_post,33.61,4.715
NiPdTaOx_post,33.62,4.708
NiPdTaOx_post,33.63,4.598
NiPdTaOx_post,33.64,4.67
NiPdTaOx_post,33.65,4.759
NiPdTaOx_post,33.66,4.863
NiPdTaOx_post,33.67,4.83
NiPdTaOx_post,33.68,4.795
NiPdTaOx_post,33.69,4.773
NiPdTaOx_post,33.7,4.891
NiPdTaOx_post,33.71,4.936
NiPdTaOx_post,33.72,4.908
NiPdTaOx_post,33.73,4.826
NiPdTaOx_post,33.74,4.835
NiPdTaOx_post,33.75,4.879
NiPdTaOx_post,33.76,4.815
NiPdTaOx_post,33.77,4.802
NiPdTaOx_post,33.78,4.796
NiPdTaOx_post,33.79,4.815
NiPdTaOx_post,33.8,4.821
NiPdTaOx_post,33.81,4.722
NiPdTaOx_post,33.82,4.621
NiPdTaOx_post,33.83,4.588
NiPdTaOx_post,33.84,4.686
NiPdTaOx_post,33.85,4.707
NiPdTaOx_post,33.86,4.756
NiPdTaOx_post,33.87,4.81
NiPdTaOx_post,33.88,4.906
NiPdTaOx_post,33.89,5.012
NiPdTaOx_post,33.9,5.048
NiPdTaOx_post,33.91,5.131
NiPdTaOx_post,33.92,5.102
NiPdTaOx_post,33.93,5.133
NiPdTaOx_post,33.94,5.121
NiPdTaOx_post,33.95,5.042
NiPdTaOx_post,33.96,4.921
NiPdTaOx_post,33.97,4.921
NiPdTaOx_post,33.98,5.054
NiPdTaOx_post,33.99,5.199
NiPdTaOx_post,34.0,5.16
NiPdTaOx_post,34.01,5.158
NiPdTaOx_post,34.02,5.035
NiPdTaOx_post,34.03,5.11
NiPdTaOx_post,34.04,5.082
NiPdTaOx_post,34.05,5.082
NiPdTaOx_post,34.06,4.965
NiPdTaOx_post,34.07,5.091
NiPdTaOx_post,34.08,5.225
NiPdTaOx_post,34.09,5.189
NiPdTaOx_post,34.1,5.05
NiPdTaOx_post,34.11,5.092
NiPdTaOx_post,34.12,5.28
NiPdTaOx_post,34.13,5.132
NiPdTaOx_post,34.14,4.985
NiPdTaOx_post,34.15,4.965
NiPdTaOx_post,34.16,5.15
NiPdTaOx_post,34.17,5.142
NiPdTaOx_post,34.18,5.089
NiPdTaOx_post,34.19,5.128
NiPdTaOx_post,34.2,5.185
NiPdTaOx_post,34.21,5.117
NiPdTaOx_post,34.22,5.031
NiPdTaOx_post,34.23,5.144
NiPdTaOx_post,34.24,5.316
NiPdTaOx_post,34.25,5.477
NiPdTaOx_post,34.26,5.431
NiPdTaOx_post,34.27,5.426
NiPdTaOx_post,34.28,5.262
NiPdTaOx_post,34.29,5.221
NiPdTaOx_post,34.3,5.251
NiPdTaOx_post,34.31,5.39
NiPdTaOx_post,34.32,5.464
NiPdTaOx_post,34.33,5.391
NiPdTaOx_post,34.34,5.317
NiPdTaOx_post,34.35,5.331
NiPdTaOx_post,34.36,5.366
NiPdTaOx_post,34.37,5.299
NiPdTaOx_post,34.38,5.232
NiPdTaOx_post,34.39,5.303
NiPdTaOx_post,34.4,5.29
NiPdTaOx_post,34.41,5.327
NiPdTaOx_post,34.42,5.355
NiPdTaOx_post,34.43,5.601
NiPdTaOx_post,34.44,5.728
NiPdTaOx_post,34.45,5.647
NiPdTaOx_post,34.46,5.493
NiPdTaOx_post,34.47,5.534
NiPdTaOx_post,34.48,5.604
NiPdTaOx_post,34.49,5.596
NiPdTaOx_post,34.5,5.558
NiPdTaOx_post,34.51,5.522
NiPdTaOx_post,34.52,5.57
NiPdTaOx_post,34.53,5.553
NiPdTaOx_post,34.54,5.596
NiPdTaOx_post,34.55,5.598
NiPdTaOx_post,34.56,5.671
NiPdTaOx_post,34.57,5.671
NiPdTaOx_post,34.58,5.598
NiPdTaOx_post,34.59,5.493
NiPdTaOx_post,34.6,5.51
NiPdTaOx_post,34.61,5.554
NiPdTaOx_post,34.62,5.606
NiPdTaOx_post,34.63,5.51
NiPdTaOx_post,34.64,5.356
NiPdTaOx_post,34.65,5.418
NiPdTaOx_post,34.66,5.55
NiPdTaOx_post,34.67,5.657
NiPdTaOx_post,34.68,5.564
NiPdTaOx_post,34.69,5.602
NiPdTaOx_post,34.7,5.622
NiPdTaOx_post,34.71,5.713
NiPdTaOx_post,34.72,5.669
NiPdTaOx_post,34.73,5.802
NiPdTaOx_post,34.74,5.863
NiPdTaOx_post,34.75,5.882
NiPdTaOx_post,34.76,5.775
NiPdTaOx_post,34.77,5.691
NiPdTaOx_post,34.78,5.666
NiPdTaOx_post,34.79,5.537
NiPdTaOx_post,34.8,5.585
NiPdTaOx_post,34.81,5.55
NiPdTaOx_post,34.82,5.698
NiPdTaOx_post,34.83,5.692
NiPdTaOx_post,34.84,5.625
NiPdTaOx_post,34.85,5.532
NiPdTaOx_post,34.86,5.467
NiPdTaOx_post,34.87,5.476
NiPdTaOx_post,34.88,5.519
NiPdTaOx_post,34.89,5.584
NiPdTaOx_post,34.9,5.513
NiPdTaOx_post,34.91,5.42
NiPdTaOx_post,34.92,5.359
NiPdTaOx_post,34.93,5.482
NiPdTaOx_post,34.94,5.477
NiPdTaOx_post,34.95,5.458
NiPdTaOx_post,34.96,5.333
NiPdTaOx_post,34.97,5.397
NiPdTaOx_post,34.98,5.461
NiPdTaOx_post,34.99,5.302
NiPdTaOx_post,35.0,5.201
NiPdTaOx_post,35.01,5.262
NiPdTaOx_post,35.02,5.482
NiPdTaOx_post,35.03,5.455
NiPdTaOx_post,35.04,5.333
NiPdTaOx_post,35.05,5.277
NiPdTaOx_post,35.06,5.249
NiPdTaOx_post,35.07,5.122
NiPdTaOx_post,35.08,5.233
NiPdTaOx_post,35.09,5.385
NiPdTaOx_post,35.1,5.347
NiPdTaOx_post,35.11,5.206
NiPdTaOx_post,35.12,5.125
NiPdTaOx_post,35.13,5.202
NiPdTaOx_post,35.14,5.149
NiPdTaOx_post,35.15,5.144
NiPdTaOx_post,35.16,5.175
NiPdTaOx_post,35.17,5.201
NiPdTaOx_post,35.18,5.204
NiPdTaOx_post,35.19,5.147
NiPdTaOx_post,35.2,5.121
NiPdTaOx_post,35.21,5.14
NiPdTaOx_post,35.22,5.163
NiPdTaOx_post,35.23,5.139
NiPdTaOx_post,35.24,5.055
NiPdTaOx_post,35.25,4.954
NiPdTaOx_post,35.26,4.944
NiPdTaOx_post,35.27,4.948
NiPdTaOx_post,35.28,5.045
NiPdTaOx_post,35.29,5.06
NiPdTaOx_post,35.3,5.098
NiPdTaOx_post,35.31,5.039
NiPdTaOx_post,35.32,4.984
NiPdTaOx_post,35.33,5.004
NiPdTaOx_post,35.34,5.143
NiPdTaOx_post,35.35,5.153
NiPdTaOx_post,35.36,5.098
NiPdTaOx_post,35.37,4.914
NiPdTaOx_post,35.38,4.812
NiPdTaOx_post,35.39,4.818
NiPdTaOx_post,35.4,4.942
NiPdTaOx_post,35.41,5.12
NiPdTaOx_post,35.42,5.154
NiPdTaOx_post,35.43,5.145
NiPdTaOx_post,35.44,4.895
NiPdTaOx_post,35.45,4.823
NiPdTaOx_post,35.46,4.797
NiPdTaOx_post,35.47,4.844
NiPdTaOx_post,35.48,4.823
NiPdTaOx_post,35.49,4.907
NiPdTaOx_post,35.5,5.013
NiPdTaOx_post,35.51,5.001
NiPdTaOx_post,35.52,4.951
NiPdTaOx_post,35.53,4.922
NiPdTaOx_post,35.54,4.907
NiPdTaOx_post,35.55,4.898
NiPdTaOx_post,35.56,4.904
NiPdTaOx_post,35.57,4.927
NiPdTaOx_post,35.58,4.854
NiPdTaOx_post,35.59,4.705
NiPdTaOx_post,35.6,4.745
NiPdTaOx_post,35.61,4.681
NiPdTaOx_post,35.62,4.74
NiPdTaOx_post,35.63,4.706
NiPdTaOx_post,35.64,4.816
NiPdTaOx_post,35.65,4.903
NiPdTaOx_post,35.66,4.979
NiPdTaOx_post,35.67,4.999
NiPdTaOx_post,35.68,4.962
NiPdTaOx_post,35.69,4.923
NiPdTaOx_post,35.7,4.853
NiPdTaOx_post,35.71,4.755
NiPdTaOx_post,35.72,4.766
NiPdTaOx_post,35.73,4.776
NiPdTaOx_post,35.74,4.999
NiPdTaOx_post,35.75,4.966
NiPdTaOx_post,35.76,4.959
NiPdTaOx_post,35.77,4.901
NiPdTaOx_post,35.78,4.909
NiPdTaOx_post,35.79,4.919
NiPdTaOx_post,35.8,4.843
NiPdTaOx_post,35.81,4.842
NiPdTaOx_post,35.82,4.89
NiPdTaOx_post,35.83,5.002
NiPdTaOx_post,35.84,4.931
NiPdTaOx_post,35.85,4.772
NiPdTaOx_post,35.86,4.842
NiPdTaOx_post,35.87,4.996
NiPdTaOx_post,35.88,4.907
NiPdTaOx_post,35.89,4.801
NiPdTaOx_post,35.9,4.738
NiPdTaOx_post,35.91,4.778
NiPdTaOx_post,35.92,4.715
NiPdTaOx_post,35.93,4.647
NiPdTaOx_post,35.94,4.535
NiPdTaOx_post,35.95,4.521
NiPdTaOx_post,35.96,4.512
NiPdTaOx_post,35.97,4.527
NiPdTaOx_post,35.98,4.466
NiPdTaOx_post,35.99,4.515
NiPdTaOx_post,36.0,4.616
NiPdTaOx_post,36.01,4.686
NiPdTaOx_post,36.02,4.703
NiPdTaOx_post,36.03,4.73
NiPdTaOx_post,36.04,4.74
NiPdTaOx_post,36.05,4.628
NiPdTaOx_post,36.06,4.578
NiPdTaOx_post,36.07,4.693
NiPdTaOx_post,36.08,4.774
NiPdTaOx_post,36.09,4.751
NiPdTaOx_post,36.1,4.576
NiPdTaOx_post,36.11,4.499
NiPdTaOx_post,36.12,4.525
NiPdTaOx_post,36.13,4.659
NiPdTaOx_post,36.14,4.712
NiPdTaOx_post,36.15,4.727
NiPdTaOx_post,36.16,4.598
NiPdTaOx_post,36.17,4.499
NiPdTaOx_post,36.18,4.525
NiPdTaOx_post,36.19,4.623
NiPdTaOx_post,36.2,4.709
NiPdTaOx_post,36.21,4.743
NiPdTaOx_post,36.22,4.756
NiPdTaOx_post,36.23,4.744
NiPdTaOx_post,36.24,4.645
NiPdTaOx_post,36.25,4.667
NiPdTaOx_post,36.26,4.664
NiPdTaOx_post,36.27,4.573
NiPdTaOx_post,36.28,4.497
NiPdTaOx_post,36.29,4.371
NiPdTaOx_post,36.3,4.398
NiPdTaOx_post,36.31,4.561
NiPdTaOx_post,36.32,4.761
NiPdTaOx_post,36.33,4.87
NiPdTaOx_post,36.34,4.848
NiPdTaOx_post,36.35,4.701
NiPdTaOx_post,36.36,4.652
NiPdTaOx_post,36.37,4.548
NiPdTaOx_post,36.38,4.647
NiPdTaOx_post,36.39,4.672
NiPdTaOx_post,36.4,4.648
NiPdTaOx_post,36.41,4.507
NiPdTaOx_post,36.42,4.481
NiPdTaOx_post,36.43,4.512
NiPdTaOx_post,36.44,4.672
NiPdTaOx_post,36.45,4.67
NiPdTaOx_post,36.46,4.572
NiPdTaOx_post,36.47,4.552
NiPdTaOx_post,36.48,4.589
NiPdTaOx_post,36.49,4.666
NiPdTaOx_post,36.5,4.706
NiPdTaOx_post,36.51,4.828
NiPdTaOx_post,36.52,4.812
NiPdTaOx_post,36.53,4.682
NiPdTaOx_post,36.54,4.661
NiPdTaOx_post,36.55,4.762
NiPdTaOx_post,36.56,4.72
NiPdTaOx_post,36.57,4.648
NiPdTaOx_post,36.58,4.636
NiPdTaOx_post,36.59,4.766
NiPdTaOx_post,36.6,4.757
NiPdTaOx_post,36.61,4.79
NiPdTaOx_post,36.62,4.631
NiPdTaOx_post,36.63,4.57
NiPdTaOx_post,36.64,4.563
NiPdTaOx_post,36.65,4.724
NiPdTaOx_post,36.66,4.802
NiPdTaOx_post,36.67,4.778
NiPdTaOx_post,36.68,4.842
NiPdTaOx_post,36.69,4.832
NiPdTaOx_post,36.7,4.892
NiPdTaOx_post,36.71,4.771
NiPdTaOx_post,36.72,4.709
NiPdTaOx_post,36.73,4.672
NiPdTaOx_post,36.74,4.692
NiPdTaOx_post,36.75,4.686
NiPdTaOx_post,36.76,4.669
NiPdTaOx_post,36.77,4.629
NiPdTaOx_post,36.78,4.688
NiPdTaOx_post,36.79,4.647
NiPdTaOx_post,36.8,4.75
NiPdTaOx_post,36.81,4.7
NiPdTaOx_post,36.82,4.689
NiPdTaOx_post,36.83,4.626
NiPdTaOx_post,36.84,4.678
NiPdTaOx_post,36.85,4.817
NiPdTaOx_post,36.86,4.762
NiPdTaOx_post,36.87,4.759
NiPdTaOx_post,36.88,4.536
NiPdTaOx_post,36.89,4.695
NiPdTaOx_post,36.9,4.745
NiPdTaOx_post,36.91,4.877
NiPdTaOx_post,36.92,4.884
NiPdTaOx_post,36.93,4.758
NiPdTaOx_post,36.94,4.706
NiPdTaOx_post,36.95,4.686
NiPdTaOx_post,36.96,4.727
NiPdTaOx_post,36.97,4.851
NiPdTaOx_post,36.98,4.899
NiPdTaOx_post,36.99,4.854
NiPdTaOx_post,37.0,4.744
NiPdTaOx_post,37.01,4.708
NiPdTaOx_post,37.02,4.78
NiPdTaOx_post,37.03,4.776
NiPdTaOx_post,37.04,4.811
NiPdTaOx_post,37.05,4.76
NiPdTaOx_post,37.06,4.796
NiPdTaOx_post,37.07,4.786
NiPdTaOx_post,37.08,4.815
NiPdTaOx_post,37.09,4.764
NiPdTaOx_post,37.1,4.826
NiPdTaOx_post,37.11,4.889
NiPdTaOx_post,37.12,4.97
NiPdTaOx_post,37.13,4.991
NiPdTaOx_post,37.14,4.99
NiPdTaOx_post,37.15,4.984
NiPdTaOx_post,37.16,4.882
NiPdTaOx_post,37.17,4.893
NiPdTaOx_post,37.18,4.928
NiPdTaOx_post,37.19,4.995
NiPdTaOx_post,37.2,4.975
NiPdTaOx_post,37.21,4.929
NiPdTaOx_post,37.22,4.851
NiPdTaOx_post,37.23,4.855
NiPdTaOx_post,37.24,5.006
NiPdTaOx_post,37.25,5.124
NiPdTaOx_post,37.26,5.003
NiPdTaOx_post,37.27,4.954
NiPdTaOx_post,37.28,4.896
NiPdTaOx_post,37.29,4.934
NiPdTaOx_post,37.3,5.069
NiPdTaOx_post,37.31,5.21
NiPdTaOx_post,37.32,5.21
NiPdTaOx_post,37.33,5.078
NiPdTaOx_post,37.34,5.054
NiPdTaOx_post,37.35,5.152
NiPdTaOx_post,37.36,5.136
NiPdTaOx_post,37.37,5.047
NiPdTaOx_post,37.38,4.967
NiPdTaOx_post,37.39,5.103
NiPdTaOx_post,37.4,5.159
NiPdTaOx_post,37.41,5.112
NiPdTaOx_post,37.42,5.093
NiPdTaOx_post,37.43,5.118
NiPdTaOx_post,37.44,5.179
NiPdTaOx_post,37.45,5.288
NiPdTaOx_post,37.46,5.373
NiPdTaOx_post,37.47,5.28
NiPdTaOx_post,37.48,5.09
NiPdTaOx_post,37.49,5.033
NiPdTaOx_post,37.5,5.237
NiPdTaOx_post,37.51,5.487
NiPdTaOx_post,37.52,5.477
NiPdTaOx_post,37.53,5.362
NiPdTaOx_post,37.54,5.284
NiPdTaOx_post,37.55,5.306
NiPdTaOx_post,37.56,5.286
NiPdTaOx_post,37.57,5.277
NiPdTaOx_post,37.58,5.427
NiPdTaOx_post,37.59,5.495
NiPdTaOx_post,37.6,5.753
NiPdTaOx_post,37.61,5.781
NiPdTaOx_post,37.62,5.786
NiPdTaOx_post,37.63,5.674
NiPdTaOx_post,37.64,5.663
NiPdTaOx_post,37.65,5.569
NiPdTaOx_post,37.66,5.738
NiPdTaOx_post,37.67,5.903
NiPdTaOx_post,37.68,5.949
NiPdTaOx_post,37.69,5.961
NiPdTaOx_post,37.7,6.033
NiPdTaOx_post,37.71,6.025
NiPdTaOx_post,37.72,6.065
NiPdTaOx_post,37.73,5.983
NiPdTaOx_post,37.74,5.975
NiPdTaOx_post,37.75,5.904
NiPdTaOx_post,37.76,5.879
NiPdTaOx_post,37.77,5.947
NiPdTaOx_post,37.78,5.933
NiPdTaOx_post,37.79,6.014
NiPdTaOx_post,37.8,6.018
NiPdTaOx_post,37.81,6.195
NiPdTaOx_post,37.82,6.264
NiPdTaOx_post,37.83,6.136
NiPdTaOx_post,37.84,5.996
NiPdTaOx_post,37.85,5.97
NiPdTaOx_post,37.86,6.237
NiPdTaOx_post,37.87,6.452
NiPdTaOx_post,37.88,6.535
NiPdTaOx_post,37.89,6.521
NiPdTaOx_post,37.9,6.355
NiPdTaOx_post,37.91,6.495
NiPdTaOx_post,37.92,6.641
NiPdTaOx_post,37.93,6.708
NiPdTaOx_post,37.94,6.747
NiPdTaOx_post,37.95,6.839
NiPdTaOx_post,37.96,7.051
NiPdTaOx_post,37.97,7.077
NiPdTaOx_post,37.98,6.992
NiPdTaOx_post,37.99,6.995
NiPdTaOx_post,38.0,7.19
NiPdTaOx_post,38.01,7.302
NiPdTaOx_post,38.02,7.231
NiPdTaOx_post,38.03,7.192
NiPdTaOx_post,38.04,7.271
NiPdTaOx_post,38.05,7.46
NiPdTaOx_post,38.06,7.43
NiPdTaOx_post,38.07,7.446
NiPdTaOx_post,38.08,7.352
NiPdTaOx_post,38.09,7.41
NiPdTaOx_post,38.1,7.501
NiPdTaOx_post,38.11,7.623
NiPdTaOx_post,38.12,7.626
NiPdTaOx_post,38.13,7.682
NiPdTaOx_post,38.14,7.819
NiPdTaOx_post,38.15,7.853
NiPdTaOx_post,38.16,7.84
NiPdTaOx_post,38.17,8.007
NiPdTaOx_post,38.18,8.126
NiPdTaOx_post,38.19,8.209
NiPdTaOx_post,38.2,8.164
NiPdTaOx_post,38.21,8.178
NiPdTaOx_post,38.22,8.255
NiPdTaOx_post,38.23,8.327
NiPdTaOx_post,38.24,8.527
NiPdTaOx_post,38.25,8.634
NiPdTaOx_post,38.26,8.787
NiPdTaOx_post,38.27,8.666
NiPdTaOx_post,38.28,8.932
NiPdTaOx_post,38.29,8.909
NiPdTaOx_post,38.3,9.027
NiPdTaOx_post,38.31,9.068
NiPdTaOx_post,38.32,9.248
NiPdTaOx_post,38.33,9.331
NiPdTaOx_post,38.34,9.293
NiPdTaOx_post,38.35,9.255
NiPdTaOx_post,38.36,9.608
NiPdTaOx_post,38.37,9.923
NiPdTaOx_post,38.38,10.098
NiPdTaOx_post,38.39,10.144
NiPdTaOx_post,38.4,10.2
NiPdTaOx_post,38.41,10.273
NiPdTaOx_post,38.42,10.265
NiPdTaOx_post,38.43,10.346
NiPdTaOx_post,38.44,10.531
NiPdTaOx_post,38.45,10.524
NiPdTaOx_post,38.46,10.574
NiPdTaOx_post,38.47,10.7
NiPdTaOx_post,38.48,10.917
NiPdTaOx_post,38.49,11.09
NiPdTaOx_post,38.5,11.24
NiPdTaOx_post,38.51,11.285
NiPdTaOx_post,38.52,11.178
NiPdTaOx_post,38.53,11.253
NiPdTaOx_post,38.54,11.347
NiPdTaOx_post,38.55,11.726
NiPdTaOx_post,38.56,12.104
NiPdTaOx_post,38.57,12.298
NiPdTaOx_post,38.58,12.541
NiPdTaOx_post,38.59,12.595
NiPdTaOx_post,38.6,12.669
NiPdTaOx_post,38.61,12.88
NiPdTaOx_post,38.62,13.174
NiPdTaOx_post,38.63,13.255
NiPdTaOx_post,38.64,13.312
NiPdTaOx_post,38.65,13.422
NiPdTaOx_post,38.66,13.837
NiPdTaOx_post,38.67,14.119
NiPdTaOx_post,38.68,14.244
NiPdTaOx_post,38.69,14.399
NiPdTaOx_post,38.7,14.618
NiPdTaOx_post,38.71,14.73
NiPdTaOx_post,38.72,15.054
NiPdTaOx_post,38.73,15.449
NiPdTaOx_post,38.74,15.78
NiPdTaOx_post,38.75,16.136
NiPdTaOx_post,38.76,16.463
NiPdTaOx_post,38.77,16.794
NiPdTaOx_post,38.78,17.146
NiPdTaOx_post,38.79,17.369
NiPdTaOx_post,38.8,17.799
NiPdTaOx_post,38.81,18.358
NiPdTaOx_post,38.82,18.677
NiPdTaOx_post,38.83,19.145
NiPdTaOx_post,38.84,19.418
NiPdTaOx_post,38.85,19.758
NiPdTaOx_post,38.86,20.316
NiPdTaOx_post,38.87,20.617
NiPdTaOx_post,38.88,21.261
NiPdTaOx_post,38.89,22.169
NiPdTaOx_post,38.9,22.605
NiPdTaOx_post,38.91,23.17
NiPdTaOx_post,38.92,23.788
NiPdTaOx_post,38.93,24.313
NiPdTaOx_post,38.94,25.199
NiPdTaOx_post,38.95,26.17
NiPdTaOx_post,38.96,26.656
NiPdTaOx_post,38.97,27.418
NiPdTaOx_post,38.98,27.953
NiPdTaOx_post,38.99,28.816
NiPdTaOx_post,39.0,30.253
NiPdTaOx_post,39.01,31.195
NiPdTaOx_post,39.02,32.316
NiPdTaOx_post,39.03,33.799
NiPdTaOx_post,39.04,34.627
NiPdTaOx_post,39.05,36.392
NiPdTaOx_post,39.06,37.76
NiPdTaOx_post,39.07,38.875
NiPdTaOx_post,39.08,40.93
NiPdTaOx_post,39.09,42.54
NiPdTaOx_post,39.1,43.976
NiPdTaOx_post,39.11,46.581
NiPdTaOx_post,39.12,48.121
NiPdTaOx_post,39.13,50.62
NiPdTaOx_post,39.14,54.151
NiPdTaOx_post,39.15,55.913
NiPdTaOx_post,39.16,59.199
NiPdTaOx_post,39.17,62.605
NiPdTaOx_post,39.18,64.966
NiPdTaOx_post,39.19,69.916
NiPdTaOx_post,39.2,73.371
NiPdTaOx_post,39.21,76.785
NiPdTaOx_post,39.22,83.879
NiPdTaOx_post,39.23,87.922
NiPdTaOx_post,39.24,93.082
NiPdTaOx_post,39.25,101.136
NiPdTaOx_post,39.26,105.718
NiPdTaOx_post,39.27,114.756
NiPdTaOx_post,39.28,123.907
NiPdTaOx_post,39.29,129.175
NiPdTaOx_post,39.3,142.988
NiPdTaOx_post,39.31,152.821
NiPdTaOx_post,39.32,160.7
NiPdTaOx_post,39.33,179.657
NiPdTaOx_post,39.34,189.933
NiPdTaOx_post,39.35,203.877
NiPdTaOx_post,39.36,225.723
NiPdTaOx_post,39.37,235.837
NiPdTaOx_post,39.38,256.938
NiPdTaOx_post,39.39,278.405
NiPdTaOx_post,39.4,289.81
NiPdTaOx_post,39.41,320.555
NiPdTaOx_post,39.42,340.51
NiPdTaOx_post,39.43,354.966
NiPdTaOx_post,39.44,388.667
NiPdTaOx_post,39.45,405.319
NiPdTaOx_post,39.46,425.607
NiPdTaOx_post,39.47,457.45
NiPdTaOx_post,39.48,470.416
NiPdTaOx_post,39.49,494.595
NiPdTaOx_post,39.5,517.491
NiPdTaOx_post,39.51,527.898
NiPdTaOx_post,39.52,552.518
NiPdTaOx_post,39.53,566.721
NiPdTaOx_post,39.54,576.295
NiPdTaOx_post,39.55,595.189
NiPdTaOx_post,39.56,601.929
NiPdTaOx_post,39.57,607.31
NiPdTaOx_post,39.58,613.858
NiPdTaOx_post,39.59,615.789
NiPdTaOx_post,39.6,615.392
NiPdTaOx_post,39.61,614.081
NiPdTaOx_post,39.62,612.902
NiPdTaOx_post,39.63,603.534
NiPdTaOx_post,39.64,595.855
NiPdTaOx_post,39.65,590.186
NiPdTaOx_post,39.66,572.418
NiPdTaOx_post,39.67,563.837
NiPdTaOx_post,39.68,552.774
NiPdTaOx_post,39.69,533.265
NiPdTaOx_post,39.7,523.97
NiPdTaOx_post,39.71,504.939
NiPdTaOx_post,39.72,485.299
NiPdTaOx_post,39.73,476.205
NiPdTaOx_post,39.74,451.61
NiPdTaOx_post,39.75,436.449
NiPdTaOx_post,39.76,426.199
NiPdTaOx_post,39.77,400.617
NiPdTaOx_post,39.78,388.589
NiPdTaOx_post,39.79,375.406
NiPdTaOx_post,39.8,354.047
NiPdTaOx_post,39.81,344.827
NiPdTaOx_post,39.82,326.494
NiPdTaOx_post,39.83,308.66
NiPdTaOx_post,39.84,300.745
NiPdTaOx_post,39.85,282.59
NiPdTaOx_post,39.86,271.573
NiPdTaOx_post,39.87,264.323
NiPdTaOx_post,39.88,247.773
NiPdTaOx_post,39.89,240.167
NiPdTaOx_post,39.9,231.844
NiPdTaOx_post,39.91,217.911
NiPdTaOx_post,39.92,211.64
NiPdTaOx_post,39.93,201.346
NiPdTaOx_post,39.94,191.259
NiPdTaOx_post,39.95,186.949
NiPdTaOx_post,39.96,176.734
NiPdTaOx_post,39.97,170.687
NiPdTaOx_post,39.98,166.166
NiPdTaOx_post,39.99,156.341
NiPdTaOx_post,40.0,152.06
NiPdTaOx_post,40.01,147.737
NiPdTaOx_post,40.02,140.704
NiPdTaOx_post,40.03,137.08
NiPdTaOx_post,40.04,130.568
NiPdTaOx_post,40.05,124.52
NiPdTaOx_post,40.06,121.955
NiPdTaOx_post,40.07,116.691
NiPdTaOx_post,40.08,113.286
NiPdTaOx_post,40.09,110.919
NiPdTaOx_post,40.1,105.465
NiPdTaOx_post,40.11,102.466
NiPdTaOx_post,40.12,99.466
NiPdTaOx_post,40.13,95.214
NiPdTaOx_post,40.14,93.392
NiPdTaOx_post,40.15,90.201
NiPdTaOx_post,40.16,87.021
NiPdTaOx_post,40.17,85.659
NiPdTaOx_post,40.18,82.008
NiPdTaOx_post,40.19,79.592
NiPdTaOx_post,40.2,77.953
NiPdTaOx_post,40.21,75.099
NiPdTaOx_post,40.22,73.272
NiPdTaOx_post,40.23,71.294
NiPdTaOx_post,40.24,68.474
NiPdTaOx_post,40.25,67.493
NiPdTaOx_post,40.26,65.189
NiPdTaOx_post,40.27,62.989
NiPdTaOx_post,40.28,61.758
NiPdTaOx_post,40.29,59.518
NiPdTaOx_post,40.3,58.011
NiPdTaOx_post,40.31,57.214
NiPdTaOx_post,40.32,55.638
NiPdTaOx_post,40.33,54.53
NiPdTaOx_post,40.34,52.897
NiPdTaOx_post,40.35,50.783
NiPdTaOx_post,40.36,49.967
NiPdTaOx_post,40.37,48.572
NiPdTaOx_post,40.38,47.27
NiPdTaOx_post,40.39,46.778
NiPdTaOx_post,40.4,45.516
NiPdTaOx_post,40.41,44.558
NiPdTaOx_post,40.42,43.669
NiPdTaOx_post,40.43,42.026
NiPdTaOx_post,40.44,41.145
NiPdTaOx_post,40.45,40.315
NiPdTaOx_post,40.46,39.366
NiPdTaOx_post,40.47,39.111
NiPdTaOx_post,40.48,38.121
NiPdTaOx_post,40.49,36.561
NiPdTaOx_post,40.5,35.72
NiPdTaOx_post,40.51,34.679
NiPdTaOx_post,40.52,34.368
NiPdTaOx_post,40.53,33.927
NiPdTaOx_post,40.54,33.165
NiPdTaOx_post,40.55,32.474
NiPdTaOx_post,40.56,31.639
NiPdTaOx_post,40.57,30.503
NiPdTaOx_post,40.58,30.277
NiPdTaOx_post,40.59,29.831
NiPdTaOx_post,40.6,29.218
NiPdTaOx_post,40.61,28.689
NiPdTaOx_post,40.62,28.063
NiPdTaOx_post,40.63,27.583
NiPdTaOx_post,40.64,27.235
NiPdTaOx_post,40.65,26.586
NiPdTaOx_post,40.66,25.942
NiPdTaOx_post,40.67,25.395
NiPdTaOx_post,40.68,24.522
NiPdTaOx_post,40.69,24.209
NiPdTaOx_post,40.7,23.668
NiPdTaOx_post,40.71,23.285
NiPdTaOx_post,40.72,23.032
NiPdTaOx_post,40.73,22.393
NiPdTaOx_post,40.74,21.733
NiPdTaOx_post,40.75,21.348
NiPdTaOx_post,40.76,20.982
NiPdTaOx_post,40.77,20.739
NiPdTaOx_post,40.78,20.407
NiPdTaOx_post,40.79,20.013
NiPdTaOx_post,40.8,19.792
NiPdTaOx_post,40.81,19.299
NiPdTaOx_post,40.82,18.681
NiPdTaOx_post,40.83,18.48
NiPdTaOx_post,40.84,18.113
NiPdTaOx_post,40.85,17.944
NiPdTaOx_post,40.86,17.747
NiPdTaOx_post,40.87,17.307
NiPdTaOx_post,40.88,16.98
NiPdTaOx_post,40.89,16.927
NiPdTaOx_post,40.9,16.615
NiPdTaOx_post,40.91,16.342
NiPdTaOx_post,40.92,15.806
NiPdTaOx_post,40.93,15.451
NiPdTaOx_post,40.94,15.21
NiPdTaOx_post,40.95,15.036
NiPdTaOx_post,40.96,14.816
NiPdTaOx_post,40.97,14.631
NiPdTaOx_post,40.98,14.392
NiPdTaOx_post,40.99,14.18
NiPdTaOx_post,41.0,14.004
NiPdTaOx_post,41.01,13.656
NiPdTaOx_post,41.02,13.455
NiPdTaOx_post,41.03,13.245
NiPdTaOx_post,41.04,13.149
NiPdTaOx_post,41.05,13.118
NiPdTaOx_post,41.06,12.831
NiPdTaOx_post,41.07,12.463
NiPdTaOx_post,41.08,12.248
NiPdTaOx_post,41.09,12.064
NiPdTaOx_post,41.1,11.985
NiPdTaOx_post,41.11,11.912
NiPdTaOx_post,41.12,11.593
NiPdTaOx_post,41.13,11.319
NiPdTaOx_post,41.14,11.103
NiPdTaOx_post,41.15,10.936
NiPdTaOx_post,41.16,10.826
NiPdTaOx_post,41.17,10.659
NiPdTaOx_post,41.18,10.51
NiPdTaOx_post,41.19,10.406
NiPdTaOx_post,41.2,10.246
NiPdTaOx_post,41.21,10.108
NiPdTaOx_post,41.22,9.969
NiPdTaOx_post,41.23,9.776
NiPdTaOx_post,41.24,9.776
NiPdTaOx_post,41.25,9.613
NiPdTaOx_post,41.26,9.452
NiPdTaOx_post,41.27,9.286
NiPdTaOx_post,41.28,9.159
NiPdTaOx_post,41.29,9.028
NiPdTaOx_post,41.3,9.037
NiPdTaOx_post,41.31,9.033
NiPdTaOx_post,41.32,8.948
NiPdTaOx_post,41.33,8.626
NiPdTaOx_post,41.34,8.259
NiPdTaOx_post,41.35,8.287
NiPdTaOx_post,41.36,8.324
NiPdTaOx_post,41.37,8.316
NiPdTaOx_post,41.38,8.047
NiPdTaOx_post,41.39,7.91
NiPdTaOx_post,41.4,7.728
NiPdTaOx_post,41.41,7.728
NiPdTaOx_post,41.42,7.816
NiPdTaOx_post,41.43,7.941
NiPdTaOx_post,41.44,7.965
NiPdTaOx_post,41.45,7.75
NiPdTaOx_post,41.46,7.561
NiPdTaOx_post,41.47,7.419
NiPdTaOx_post,41.48,7.209
NiPdTaOx_post,41.49,7.08
NiPdTaOx_post,41.5,7.152
NiPdTaOx_post,41.51,7.105
NiPdTaOx_post,41.52,7.004
NiPdTaOx_post,41.53,6.837
NiPdTaOx_post,41.54,6.854
NiPdTaOx_post,41.55,6.742
NiPdTaOx_post,41.56,6.698
NiPdTaOx_post,41.57,6.593
NiPdTaOx_post,41.58,6.644
NiPdTaOx_post,41.59,6.441
NiPdTaOx_post,41.6,6.256
NiPdTaOx_post,41.61,6.2
NiPdTaOx_post,41.62,6.316
NiPdTaOx_post,41.63,6.366
NiPdTaOx_post,41.64,6.333
NiPdTaOx_post,41.65,6.27
NiPdTaOx_post,41.66,6.197
NiPdTaOx_post,41.67,5.982
NiPdTaOx_post,41.68,5.871
NiPdTaOx_post,41.69,5.897
NiPdTaOx_post,41.7,5.96
NiPdTaOx_post,41.71,5.834
NiPdTaOx_post,41.72,5.751
NiPdTaOx_post,41.73,5.764
NiPdTaOx_post,41.74,5.761
NiPdTaOx_post,41.75,5.834
NiPdTaOx_post,41.76,5.726
NiPdTaOx_post,41.77,5.673
NiPdTaOx_post,41.78,5.551
NiPdTaOx_post,41.79,5.505
NiPdTaOx_post,41.8,5.535
NiPdTaOx_post,41.81,5.53
NiPdTaOx_post,41.82,5.416
NiPdTaOx_post,41.83,5.254
NiPdTaOx_post,41.84,5.203
NiPdTaOx_post,41.85,5.359
NiPdTaOx_post,41.86,5.384
NiPdTaOx_post,41.87,5.274
NiPdTaOx_post,41.88,5.093
NiPdTaOx_post,41.89,5.108
NiPdTaOx_post,41.9,5.087
NiPdTaOx_post,41.91,5.056
NiPdTaOx_post,41.92,4.839
NiPdTaOx_post,41.93,4.772
NiPdTaOx_post,41.94,4.76
NiPdTaOx_post,41.95,4.87
NiPdTaOx_post,41.96,4.794
NiPdTaOx_post,41.97,4.712
NiPdTaOx_post,41.98,4.68
NiPdTaOx_post,41.99,4.732
NiPdTaOx_post,42.0,4.712
NiPdTaOx_post,42.01,4.596
NiPdTaOx_post,42.02,4.637
NiPdTaOx_post,42.03,4.566
NiPdTaOx_post,42.04,4.598
NiPdTaOx_post,42.05,4.653
NiPdTaOx_post,42.06,4.717
NiPdTaOx_post,42.07,4.615
NiPdTaOx_post,42.08,4.445
NiPdTaOx_post,42.09,4.317
NiPdTaOx_post,42.1,4.269
NiPdTaOx_post,42.11,4.315
NiPdTaOx_post,42.12,4.46
NiPdTaOx_post,42.13,4.566
NiPdTaOx_post,42.14,4.523
NiPdTaOx_post,42.15,4.408
NiPdTaOx_post,42.16,4.373
NiPdTaOx_post,42.17,4.418
NiPdTaOx_post,42.18,4.467
NiPdTaOx_post,42.19,4.415
NiPdTaOx_post,42.2,4.238
NiPdTaOx_post,42.21,4.063
NiPdTaOx_post,42.22,4.102
NiPdTaOx_post,42.23,4.144
NiPdTaOx_post,42.24,4.142
NiPdTaOx_post,42.25,4.129
NiPdTaOx_post,42.26,4.16
NiPdTaOx_post,42.27,4.258
NiPdTaOx_post,42.28,4.198
NiPdTaOx_post,42.29,4.099
NiPdTaOx_post,42.3,4.001
NiPdTaOx_post,42.31,4.021
NiPdTaOx_post,42.32,4.051
NiPdTaOx_post,42.33,4.007
NiPdTaOx_post,42.34,3.929
NiPdTaOx_post,42.35,3.882
NiPdTaOx_post,42.36,3.825
NiPdTaOx_post,42.37,3.866
NiPdTaOx_post,42.38,3.974
NiPdTaOx_post,42.39,3.998
NiPdTaOx_post,42.4,3.824
NiPdTaOx_post,42.41,3.701
NiPdTaOx_post,42.42,3.59
NiPdTaOx_post,42.43,3.675
NiPdTaOx_post,42.44,3.761
NiPdTaOx_post,42.45,3.86
NiPdTaOx_post,42.46,3.865
NiPdTaOx_post,42.47,3.896
NiPdTaOx_post,42.48,3.863
NiPdTaOx_post,42.49,3.786
NiPdTaOx_post,42.5,3.753
NiPdTaOx_post,42.51,3.782
NiPdTaOx_post,42.52,3.816
NiPdTaOx_post,42.53,3.861
NiPdTaOx_post,42.54,3.873
NiPdTaOx_post,42.55,3.818
NiPdTaOx_post,42.56,3.633
NiPdTaOx_post,42.57,3.581
NiPdTaOx_post,42.58,3.609
NiPdTaOx_post,42.59,3.699
NiPdTaOx_post,42.6,3.661
NiPdTaOx_post,42.61,3.673
NiPdTaOx_post,42.62,3.734
NiPdTaOx_post,42.63,3.798
NiPdTaOx_post,42.64,3.727
NiPdTaOx_post,42.65,3.631
NiPdTaOx_post,42.66,3.674
NiPdTaOx_post,42.67,3.705
NiPdTaOx_post,42.68,3.62
NiPdTaOx_post,42.69,3.473
NiPdTaOx_post,42.7,3.413
NiPdTaOx_post,42.71,3.375
NiPdTaOx_post,42.72,3.356
NiPdTaOx_post,42.73,3.395
NiPdTaOx_post,42.74,3.51
NiPdTaOx_post,42.75,3.548
NiPdTaOx_post,42.76,3.627
NiPdTaOx_post,42.77,3.617
NiPdTaOx_post,42.78,3.586
NiPdTaOx_post,42.79,3.458
NiPdTaOx_post,42.8,3.489
NiPdTaOx_post,42.81,3.551
NiPdTaOx_post,42.82,3.581
NiPdTaOx_post,42.83,3.551
NiPdTaOx_post,42.84,3.46
NiPdTaOx_post,42.85,3.497
NiPdTaOx_post,42.86,3.504
NiPdTaOx_post,42.87,3.499
NiPdTaOx_post,42.88,3.436
NiPdTaOx_post,42.89,3.481
NiPdTaOx_post,42.9,3.491
NiPdTaOx_post,42.91,3.524
NiPdTaOx_post,42.92,3.418
NiPdTaOx_post,42.93,3.385
NiPdTaOx_post,42.94,3.357
NiPdTaOx_post,42.95,3.373
NiPdTaOx_post,42.96,3.296
NiPdTaOx_post,42.97,3.335
NiPdTaOx_post,42.98,3.386
NiPdTaOx_post,42.99,3.366
NiPdTaOx_post,43.0,3.202
NiPdTaOx_post,43.01,3.166
NiPdTaOx_post,43.02,3.147
NiPdTaOx_post,43.03,3.263
NiPdTaOx_post,43.04,3.318
NiPdTaOx_post,43.05,3.333
NiPdTaOx_post,43.06,3.276
NiPdTaOx_post,43.07,3.264
NiPdTaOx_post,43.08,3.269
NiPdTaOx_post,43.09,3.233
NiPdTaOx_post,43.1,3.249
NiPdTaOx_post,43.11,3.266
NiPdTaOx_post,43.12,3.324
NiPdTaOx_post,43.13,3.379
NiPdTaOx_post,43.14,3.367
NiPdTaOx_post,43.15,3.323
NiPdTaOx_post,43.16,3.294
NiPdTaOx_post,43.17,3.355
NiPdTaOx_post,43.18,3.395
NiPdTaOx_post,43.19,3.409
NiPdTaOx_post,43.2,3.38
NiPdTaOx_post,43.21,3.28
NiPdTaOx_post,43.22,3.262
NiPdTaOx_post,43.23,3.295
NiPdTaOx_post,43.24,3.265
NiPdTaOx_post,43.25,3.231
NiPdTaOx_post,43.26,3.15
NiPdTaOx_post,43.27,3.202
NiPdTaOx_post,43.28,3.183
NiPdTaOx_post,43.29,3.113
NiPdTaOx_post,43.3,3.021
NiPdTaOx_post,43.31,2.975
NiPdTaOx_post,43.32,3.14
NiPdTaOx_post,43.33,3.248
NiPdTaOx_post,43.34,3.307
NiPdTaOx_post,43.35,3.246
NiPdTaOx_post,43.36,3.244
NiPdTaOx_post,43.37,3.226
NiPdTaOx_post,43.38,3.156
NiPdTaOx_post,43.39,3.051
NiPdTaOx_post,43.4,3.054
NiPdTaOx_post,43.41,3.107
NiPdTaOx_post,43.42,3.133
NiPdTaOx_post,43.43,3.181
NiPdTaOx_post,43.44,3.092
NiPdTaOx_post,43.45,3.064
NiPdTaOx_post,43.46,3.09
NiPdTaOx_post,43.47,3.189
NiPdTaOx_post,43.48,3.217
NiPdTaOx_post,43.49,3.113
NiPdTaOx_post,43.5,3.064
NiPdTaOx_post,43.51,3.081
NiPdTaOx_post,43.52,3.119
NiPdTaOx_post,43.53,3.13
NiPdTaOx_post,43.54,3.041
NiPdTaOx_post,43.55,3.025
NiPdTaOx_post,43.56,3.006
NiPdTaOx_post,43.57,2.989
NiPdTaOx_post,43.58,3.042
NiPdTaOx_post,43.59,3.143
NiPdTaOx_post,43.6,3.103
NiPdTaOx_post,43.61,3.074
NiPdTaOx_post,43.62,3.067
NiPdTaOx_post,43.63,3.175
NiPdTaOx_post,43.64,3.155
NiPdTaOx_post,43.65,2.949
NiPdTaOx_post,43.66,2.865
NiPdTaOx_post,43.67,2.933
NiPdTaOx_post,43.68,3.054
NiPdTaOx_post,43.69,3.029
NiPdTaOx_post,43.7,3.073
NiPdTaOx_post,43.71,3.113
NiPdTaOx_post,43.72,3.075
NiPdTaOx_post,43.73,2.942
NiPdTaOx_post,43.74,2.868
NiPdTaOx_post,43.75,2.855
NiPdTaOx_post,43.76,2.902
NiPdTaOx_post,43.77,2.975
NiPdTaOx_post,43.78,3.014
NiPdTaOx_post,43.79,2.951
NiPdTaOx_post,43.8,2.907
NiPdTaOx_post,43.81,2.873
NiPdTaOx_post,43.82,2.954
NiPdTaOx_post,43.83,2.998
NiPdTaOx_post,43.84,3.027
NiPdTaOx_post,43.85,2.976
NiPdTaOx_post,43.86,2.869
NiPdTaOx_post,43.87,2.843
NiPdTaOx_post,43.88,2.869
NiPdTaOx_post,43.89,2.915
NiPdTaOx_post,43.9,2.893
NiPdTaOx_post,43.91,2.951
NiPdTaOx_post,43.92,2.957
NiPdTaOx_post,43.93,2.949
NiPdTaOx_post,43.94,2.957
NiPdTaOx_post,43.95,3.011
NiPdTaOx_post,43.96,2.995
NiPdTaOx_post,43.97,2.952
NiPdTaOx_post,43.98,2.962
NiPdTaOx_post,43.99,2.913
NiPdTaOx_post,44.0,2.912
NiPdTaOx_post,44.01,2.922
NiPdTaOx_post,44.02,2.942
NiPdTaOx_post,44.03,2.896
NiPdTaOx_post,44.04,2.824
NiPdTaOx_post,44.05,2.818
NiPdTaOx_post,44.06,2.797
NiPdTaOx_post,44.07,2.872
NiPdTaOx_post,44.08,2.841
NiPdTaOx_post,44.09,2.856
NiPdTaOx_post,44.1,2.917
NiPdTaOx_post,44.11,3.011
NiPdTaOx_post,44.12,3.011
NiPdTaOx_post,44.13,2.986
NiPdTaOx_post,44.14,2.958
NiPdTaOx_post,44.15,3.015
NiPdTaOx_post,44.16,3.011
NiPdTaOx_post,44.17,3.002
NiPdTaOx_post,44.18,2.847
NiPdTaOx_post,44.19,2.804
NiPdTaOx_post,44.2,2.81
NiPdTaOx_post,44.21,2.943
NiPdTaOx_post,44.22,2.96
NiPdTaOx_post,44.23,3.011
NiPdTaOx_post,44.24,2.952
NiPdTaOx_post,44.25,2.941
NiPdTaOx_post,44.26,2.906
NiPdTaOx_post,44.27,2.885
NiPdTaOx_post,44.28,2.792
NiPdTaOx_post,44.29,2.798
NiPdTaOx_post,44.3,2.858
NiPdTaOx_post,44.31,2.913
NiPdTaOx_post,44.32,2.855
NiPdTaOx_post,44.33,2.846
NiPdTaOx_post,44.34,2.749
NiPdTaOx_post,44.35,2.814
NiPdTaOx_post,44.36,2.811
NiPdTaOx_post,44.37,2.804
NiPdTaOx_post,44.38,2.729
NiPdTaOx_post,44.39,2.848
NiPdTaOx_post,44.4,3.024
NiPdTaOx_post,44.41,3.022
NiPdTaOx_post,44.42,2.842
NiPdTaOx_post,44.43,2.705
NiPdTaOx_post,44.44,2.668
NiPdTaOx_post,44.45,2.639
NiPdTaOx_post,44.46,2.779
NiPdTaOx_post,44.47,2.878
NiPdTaOx_post,44.48,2.96
NiPdTaOx_post,44.49,2.884
NiPdTaOx_post,44.5,2.867
NiPdTaOx_post,44.51,2.887
NiPdTaOx_post,44.52,2.868
NiPdTaOx_post,44.53,2.785
NiPdTaOx_post,44.54,2.706
NiPdTaOx_post,44.55,2.656
NiPdTaOx_post,44.56,2.701
NiPdTaOx_post,44.57,2.711
NiPdTaOx_post,44.58,2.766
NiPdTaOx_post,44.59,2.815
NiPdTaOx_post,44.6,2.852
NiPdTaOx_post,44.61,2.824
NiPdTaOx_post,44.62,2.799
NiPdTaOx_post,44.63,2.753
NiPdTaOx_post,44.64,2.814
NiPdTaOx_post,44.65,2.834
NiPdTaOx_post,44.66,2.847
NiPdTaOx_post,44.67,2.83
NiPdTaOx_post,44.68,2.876
NiPdTaOx_post,44.69,2.836
NiPdTaOx_post,44.7,2.715
NiPdTaOx_post,44.71,2.692
NiPdTaOx_post,44.72,2.717
NiPdTaOx_post,44.73,2.886
NiPdTaOx_post,44.74,2.89
NiPdTaOx_post,44.75,2.843
NiPdTaOx_post,44.76,2.699
NiPdTaOx_post,44.77,2.672
NiPdTaOx_post,44.78,2.7
NiPdTaOx_post,44.79,2.707
NiPdTaOx_post,44.8,2.722
NiPdTaOx_post,44.81,2.799
NiPdTaOx_post,44.82,2.837
NiPdTaOx_post,44.83,2.836
NiPdTaOx_post,44.84,2.713
NiPdTaOx_post,44.85,2.702
NiPdTaOx_post,44.86,2.737
NiPdTaOx_post,44.87,2.789
NiPdTaOx_post,44.88,2.794
NiPdTaOx_post,44.89,2.802
NiPdTaOx_post,44.9,2.864
NiPdTaOx_post,44.91,2.908
NiPdTaOx_post,44.92,2.898
NiPdTaOx_post,44.93,2.81
NiPdTaOx_post,44.94,2.739
NiPdTaOx_post,44.95,2.712
NiPdTaOx_post,44.96,2.7
NiPdTaOx_post,44.97,2.653
NiPdTaOx_post,44.98,2.597
NiPdTaOx_post,44.99,2.565
NiPdTaOx_post,45.0,2.69
NiPdTaOx_post,45.01,2.846
NiPdTaOx_post,45.02,2.924
NiPdTaOx_post,45.03,2.798
NiPdTaOx_post,45.04,2.7
NiPdTaOx_post,45.05,2.697
NiPdTaOx_post,45.06,2.774
NiPdTaOx_post,45.07,2.768
NiPdTaOx_post,45.08,2.79
NiPdTaOx_post,45.09,2.801
NiPdTaOx_post,45.1,2.799
NiPdTaOx_post,45.11,2.841
NiPdTaOx_post,45.12,2.869
NiPdTaOx_post,45.13,2.911
NiPdTaOx_post,45.14,2.857
NiPdTaOx_post,45.15,2.75
NiPdTaOx_post,45.16,2.693
NiPdTaOx_post,45.17,2.804
NiPdTaOx_post,45.18,2.836
NiPdTaOx_post,45.19,2.812
NiPdTaOx_post,45.2,2.747
NiPdTaOx_post,45.21,2.741
NiPdTaOx_post,45.22,2.709
NiPdTaOx_post,45.23,2.83
NiPdTaOx_post,45.24,2.971
NiPdTaOx_post,45.25,3.027
NiPdTaOx_post,45.26,2.87
NiPdTaOx_post,45.27,2.741
NiPdTaOx_post,45.28,2.777
NiPdTaOx_post,45.29,2.719
NiPdTaOx_post,45.3,2.74
NiPdTaOx_post,45.31,2.722
NiPdTaOx_post,45.32,2.876
NiPdTaOx_post,45.33,2.878
NiPdTaOx_post,45.34,2.912
NiPdTaOx_post,45.35,2.839
NiPdTaOx_post,45.36,2.767
NiPdTaOx_post,45.37,2.712
NiPdTaOx_post,45.38,2.838
NiPdTaOx_post,45.39,2.95
NiPdTaOx_post,45.4,2.953
NiPdTaOx_post,45.41,2.872
NiPdTaOx_post,45.42,2.805
NiPdTaOx_post,45.43,2.792
NiPdTaOx_post,45.44,2.75
NiPdTaOx_post,45.45,2.736
NiPdTaOx_post,45.46,2.684
NiPdTaOx_post,45.47,2.669
NiPdTaOx_post,45.48,2.704
NiPdTaOx_post,45.49,2.771
NiPdTaOx_post,45.5,2.834
NiPdTaOx_post,45.51,2.768
NiPdTaOx_post,45.52,2.837
NiPdTaOx_post,45.53,2.825
NiPdTaOx_post,45.54,2.827
NiPdTaOx_post,45.55,2.779
NiPdTaOx_post,45.56,2.779
NiPdTaOx_post,45.57,2.778
NiPdTaOx_post,45.58,2.769
NiPdTaOx_post,45.59,2.711
NiPdTaOx_post,45.6,2.779
NiPdTaOx_post,45.61,2.812
NiPdTaOx_post,45.62,2.832
NiPdTaOx_post,45.63,2.734
NiPdTaOx_post,45.64,2.71
NiPdTaOx_post,45.65,2.729
NiPdTaOx_post,45.66,2.758
NiPdTaOx_post,45.67,2.768
NiPdTaOx_post,45.68,2.751
NiPdTaOx_post,45.69,2.783
NiPdTaOx_post,45.7,2.915
NiPdTaOx_post,45.71,2.907
NiPdTaOx_post,45.72,2.898
NiPdTaOx_post,45.73,2.734
NiPdTaOx_post,45.74,2.799
NiPdTaOx_post,45.75,2.765
NiPdTaOx_post,45.76,2.718
NiPdTaOx_post,45.77,2.632
NiPdTaOx_post,45.78,2.655
NiPdTaOx_post,45.79,2.813
NiPdTaOx_post,45.8,2.887
NiPdTaOx_post,45.81,2.834
NiPdTaOx_post,45.82,2.713
NiPdTaOx_post,45.83,2.685
NiPdTaOx_post,45.84,2.691
NiPdTaOx_post,45.85,2.678
NiPdTaOx_post,45.86,2.698
NiPdTaOx_post,45.87,2.718
NiPdTaOx_post,45.88,2.708
NiPdTaOx_post,45.89,2.711
NiPdTaOx_post,45.9,2.651
NiPdTaOx_post,45.91,2.712
NiPdTaOx_post,45.92,2.678
NiPdTaOx_post,45.93,2.715
NiPdTaOx_post,45.94,2.631
NiPdTaOx_post,45.95,2.629
NiPdTaOx_post,45.96,2.61
NiPdTaOx_post,45.97,2.627
NiPdTaOx_post,45.98,2.647
NiPdTaOx_post,45.99,2.732
NiPdTaOx_post,46.0,2.829
NiPdTaOx_post,46.01,2.813
NiPdTaOx_post,46.02,2.777
NiPdTaOx_post,46.03,2.725
NiPdTaOx_post,46.04,2.74
NiPdTaOx_post,46.05,2.822
NiPdTaOx_post,46.06,2.866
NiPdTaOx_post,46.07,2.8
NiPdTaOx_post,46.08,2.716
NiPdTaOx_post,46.09,2.736
NiPdTaOx_post,46.1,2.711
NiPdTaOx_post,46.11,2.769
NiPdTaOx_post,46.12,2.807
NiPdTaOx_post,46.13,2.858
NiPdTaOx_post,46.14,2.827
NiPdTaOx_post,46.15,2.72
NiPdTaOx_post,46.16,2.622
NiPdTaOx_post,46.17,2.719
NiPdTaOx_post,46.18,2.738
NiPdTaOx_post,46.19,2.831
NiPdTaOx_post,46.2,2.807
NiPdTaOx_post,46.21,2.902
NiPdTaOx_post,46.22,2.871
NiPdTaOx_post,46.23,2.818
NiPdTaOx_post,46.24,2.686
NiPdTaOx_post,46.25,2.641
NiPdTaOx_post,46.26,2.661
NiPdTaOx_post,46.27,2.741
NiPdTaOx_post,46.28,2.623
NiPdTaOx_post,46.29,2.539
NiPdTaOx_post,46.3,2.606
NiPdTaOx_post,46.31,2.651
NiPdTaOx_post,46.32,2.78
NiPdTaOx_post,46.33,2.825
NiPdTaOx_post,46.34,2.83
NiPdTaOx_post,46.35,2.715
NiPdTaOx_post,46.36,2.683
NiPdTaOx_post,46.37,2.612
NiPdTaOx_post,46.38,2.519
NiPdTaOx_post,46.39,2.488
NiPdTaOx_post,46.4,2.624
NiPdTaOx_post,46.41,2.669
NiPdTaOx_post,46.42,2.649
NiPdTaOx_post,46.43,2.614
NiPdTaOx_post,46.44,2.724
NiPdTaOx_post,46.45,2.771
NiPdTaOx_post,46.46,2.773
NiPdTaOx_post,46.47,2.689
NiPdTaOx_post,46.48,2.645
NiPdTaOx_post,46.49,2.661
NiPdTaOx_post,46.5,2.682
NiPdTaOx_post,46.51,2.745
NiPdTaOx_post,46.52,2.773
NiPdTaOx_post,46.53,2.731
NiPdTaOx_post,46.54,2.712
NiPdTaOx_post,46.55,2.702
NiPdTaOx_post,46.56,2.782
NiPdTaOx_post,46.57,2.73
NiPdTaOx_post,46.58,2.728
NiPdTaOx_post,46.59,2.671
NiPdTaOx_post,46.6,2.684
NiPdTaOx_post,46.61,2.681
NiPdTaOx_post,46.62,2.643
NiPdTaOx_post,46.63,2.644
NiPdTaOx_post,46.64,2.721
NiPdTaOx_post,46.65,2.796
NiPdTaOx_post,46.66,2.761
NiPdTaOx_post,46.67,2.695
NiPdTaOx_post,46.68,2.709
NiPdTaOx_post,46.69,2.656
NiPdTaOx_post,46.7,2.615
NiPdTaOx_post,46.71,2.589
NiPdTaOx_post,46.72,2.596
NiPdTaOx_post,46.73,2.612
NiPdTaOx_post,46.74,2.655
NiPdTaOx_post,46.75,2.699
NiPdTaOx_post,46.76,2.696
NiPdTaOx_post,46.77,2.664
NiPdTaOx_post,46.78,2.565
NiPdTaOx_post,46.79,2.494
NiPdTaOx_post,46.8,2.473
NiPdTaOx_post,46.81,2.563
NiPdTaOx_post,46.82,2.602
NiPdTaOx_post,46.83,2.508
NiPdTaOx_post,46.84,2.527
NiPdTaOx_post,46.85,2.593
NiPdTaOx_post,46.86,2.589
NiPdTaOx_post,46.87,2.604
NiPdTaOx_post,46.88,2.604
NiPdTaOx_post,46.89,2.687
NiPdTaOx_post,46.9,2.647
NiPdTaOx_post,46.91,2.65
NiPdTaOx_post,46.92,2.603
NiPdTaOx_post,46.93,2.563
NiPdTaOx_post,46.94,2.526
NiPdTaOx_post,46.95,2.522
NiPdTaOx_post,46.96,2.499
NiPdTaOx_post,46.97,2.517
NiPdTaOx_post,46.98,2.668
NiPdTaOx_post,46.99,2.768
NiPdTaOx_post,47.0,2.704
NiPdTaOx_post,47.01,2.59
NiPdTaOx_post,47.02,2.549
NiPdTaOx_post,47.03,2.534
NiPdTaOx_post,47.04,2.542
NiPdTaOx_post,47.05,2.542
NiPdTaOx_post,47.06,2.53
NiPdTaOx_post,47.07,2.564
NiPdTaOx_post,47.08,2.629
NiPdTaOx_post,47.09,2.674
NiPdTaOx_post,47.1,2.59
NiPdTaOx_post,47.11,2.578
NiPdTaOx_post,47.12,2.541
NiPdTaOx_post,47.13,2.648
NiPdTaOx_post,47.14,2.58
NiPdTaOx_post,47.15,2.515
NiPdTaOx_post,47.16,2.394
NiPdTaOx_post,47.17,2.375
NiPdTaOx_post,47.18,2.429
NiPdTaOx_post,47.19,2.518
NiPdTaOx_post,47.2,2.568
NiPdTaOx_post,47.21,2.635
NiPdTaOx_post,47.22,2.643
NiPdTaOx_post,47.23,2.566
NiPdTaOx_post,47.24,2.456
NiPdTaOx_post,47.25,2.416
NiPdTaOx_post,47.26,2.462
NiPdTaOx_post,47.27,2.493
NiPdTaOx_post,47.28,2.441
NiPdTaOx_post,47.29,2.425
NiPdTaOx_post,47.3,2.394
NiPdTaOx_post,47.31,2.45
NiPdTaOx_post,47.32,2.502
NiPdTaOx_post,47.33,2.525
NiPdTaOx_post,47.34,2.528
NiPdTaOx_post,47.35,2.496
NiPdTaOx_post,47.36,2.498
NiPdTaOx_post,47.37,2.453
NiPdTaOx_post,47.38,2.443
NiPdTaOx_post,47.39,2.389
NiPdTaOx_post,47.4,2.47
NiPdTaOx_post,47.41,2.482
NiPdTaOx_post,47.42,2.429
NiPdTaOx_post,47.43,2.365
NiPdTaOx_post,47.44,2.425
NiPdTaOx_post,47.45,2.532
NiPdTaOx_post,47.46,2.489
NiPdTaOx_post,47.47,2.509
NiPdTaOx_post,47.48,2.402
NiPdTaOx_post,47.49,2.348
NiPdTaOx_post,47.5,2.303
NiPdTaOx_post,47.51,2.327
NiPdTaOx_post,47.52,2.33
NiPdTaOx_post,47.53,2.295
NiPdTaOx_post,47.54,2.29
NiPdTaOx_post,47.55,2.34
NiPdTaOx_post,47.56,2.407
NiPdTaOx_post,47.57,2.537
NiPdTaOx_post,47.58,2.526
NiPdTaOx_post,47.59,2.52
NiPdTaOx_post,47.6,2.407
NiPdTaOx_post,47.61,2.382
NiPdTaOx_post,47.62,2.402
NiPdTaOx_post,47.63,2.478
NiPdTaOx_post,47.64,2.493
NiPdTaOx_post,47.65,2.479
NiPdTaOx_post,47.66,2.481
NiPdTaOx_post,47.67,2.571
NiPdTaOx_post,47.68,2.45
NiPdTaOx_post,47.69,2.418
NiPdTaOx_post,47.7,2.349
NiPdTaOx_post,47.71,2.408
NiPdTaOx_post,47.72,2.417
NiPdTaOx_post,47.73,2.545
NiPdTaOx_post,47.74,2.592
NiPdTaOx_post,47.75,2.551
NiPdTaOx_post,47.76,2.506
NiPdTaOx_post,47.77,2.516
NiPdTaOx_post,47.78,2.458
NiPdTaOx_post,47.79,2.321
NiPdTaOx_post,47.8,2.286
NiPdTaOx_post,47.81,2.333
NiPdTaOx_post,47.82,2.381
NiPdTaOx_post,47.83,2.395
NiPdTaOx_post,47.84,2.469
NiPdTaOx_post,47.85,2.549
NiPdTaOx_post,47.86,2.527
NiPdTaOx_post,47.87,2.558
NiPdTaOx_post,47.88,2.555
NiPdTaOx_post,47.89,2.503
NiPdTaOx_post,47.9,2.383
NiPdTaOx_post,47.91,2.332
NiPdTaOx_post,47.92,2.411
NiPdTaOx_post,47.93,2.458
NiPdTaOx_post,47.94,2.433
NiPdTaOx_post,47.95,2.305
NiPdTaOx_post,47.96,2.271
NiPdTaOx_post,47.97,2.279
NiPdTaOx_post,47.98,2.317
NiPdTaOx_post,47.99,2.315
NiPdTaOx_post,48.0,2.356
NiPdTaOx_post,48.01,2.321
NiPdTaOx_post,48.02,2.315
NiPdTaOx_post,48.03,2.32
NiPdTaOx_post,48.04,2.376
NiPdTaOx_post,48.05,2.433
NiPdTaOx_post,48.06,2.385
NiPdTaOx_post,48.07,2.331
NiPdTaOx_post,48.08,2.305
NiPdTaOx_post,48.09,2.272
NiPdTaOx_post,48.1,2.337
NiPdTaOx_post,48.11,2.3
NiPdTaOx_post,48.12,2.364
NiPdTaOx_post,48.13,2.318
NiPdTaOx_post,48.14,2.291
NiPdTaOx_post,48.15,2.282
NiPdTaOx_post,48.16,2.197
NiPdTaOx_post,48.17,2.244
NiPdTaOx_post,48.18,2.259
NiPdTaOx_post,48.19,2.362
NiPdTaOx_post,48.2,2.308
NiPdTaOx_post,48.21,2.313
NiPdTaOx_post,48.22,2.26
NiPdTaOx_post,48.23,2.333
NiPdTaOx_post,48.24,2.398
NiPdTaOx_post,48.25,2.512
NiPdTaOx_post,48.26,2.498
NiPdTaOx_post,48.27,2.363
NiPdTaOx_post,48.28,2.341
NiPdTaOx_post,48.29,2.325
NiPdTaOx_post,48.3,2.341
NiPdTaOx_post,48.31,2.309
NiPdTaOx_post,48.32,2.367
NiPdTaOx_post,48.33,2.381
NiPdTaOx_post,48.34,2.372
NiPdTaOx_post,48.35,2.385
NiPdTaOx_post,48.36,2.396
NiPdTaOx_post,48.37,2.385
NiPdTaOx_post,48.38,2.331
NiPdTaOx_post,48.39,2.309
NiPdTaOx_post,48.4,2.345
NiPdTaOx_post,48.41,2.297
NiPdTaOx_post,48.42,2.256
NiPdTaOx_post,48.43,2.215
NiPdTaOx_post,48.44,2.211
NiPdTaOx_post,48.45,2.218
NiPdTaOx_post,48.46,2.188
NiPdTaOx_post,48.47,2.203
NiPdTaOx_post,48.48,2.243
NiPdTaOx_post,48.49,2.376
NiPdTaOx_post,48.5,2.438
NiPdTaOx_post,48.51,2.327
NiPdTaOx_post,48.52,2.282
NiPdTaOx_post,48.53,2.351
NiPdTaOx_post,48.54,2.432
NiPdTaOx_post,48.55,2.41
NiPdTaOx_post,48.56,2.423
NiPdTaOx_post,48.57,2.462
NiPdTaOx_post,48.58,2.499
NiPdTaOx_post,48.59,2.366
NiPdTaOx_post,48.6,2.255
NiPdTaOx_post,48.61,2.143
NiPdTaOx_post,48.62,2.255
NiPdTaOx_post,48.63,2.327
NiPdTaOx_post,48.64,2.402
NiPdTaOx_post,48.65,2.388
NiPdTaOx_post,48.66,2.325
NiPdTaOx_post,48.67,2.283
NiPdTaOx_post,48.68,2.242
NiPdTaOx_post,48.69,2.276
NiPdTaOx_post,48.7,2.247
NiPdTaOx_post,48.71,2.218
NiPdTaOx_post,48.72,2.186
NiPdTaOx_post,48.73,2.235
NiPdTaOx_post,48.74,2.282
NiPdTaOx_post,48.75,2.364
NiPdTaOx_post,48.76,2.366
NiPdTaOx_post,48.77,2.428
NiPdTaOx_post,48.78,2.403
NiPdTaOx_post,48.79,2.297
NiPdTaOx_post,48.8,2.233
NiPdTaOx_post,48.81,2.205
NiPdTaOx_post,48.82,2.301
NiPdTaOx_post,48.83,2.344
NiPdTaOx_post,48.84,2.382
NiPdTaOx_post,48.85,2.408
NiPdTaOx_post,48.86,2.375
NiPdTaOx_post,48.87,2.397
NiPdTaOx_post,48.88,2.332
NiPdTaOx_post,48.89,2.314
NiPdTaOx_post,48.9,2.191
NiPdTaOx_post,48.91,2.204
NiPdTaOx_post,48.92,2.241
NiPdTaOx_post,48.93,2.381
NiPdTaOx_post,48.94,2.384
NiPdTaOx_post,48.95,2.299
NiPdTaOx_post,48.96,2.177
NiPdTaOx_post,48.97,2.171
NiPdTaOx_post,48.98,2.196
NiPdTaOx_post,48.99,2.225
NiPdTaOx_post,49.0,2.168
NiPdTaOx_post,49.01,2.2
NiPdTaOx_post,49.02,2.243
NiPdTaOx_post,49.03,2.315
NiPdTaOx_post,49.04,2.271
NiPdTaOx_post,49.05,2.256
NiPdTaOx_post,49.06,2.269
NiPdTaOx_post,49.07,2.323
NiPdTaOx_post,49.08,2.309
NiPdTaOx_post,49.09,2.297
NiPdTaOx_post,49.1,2.254
NiPdTaOx_post,49.11,2.273
NiPdTaOx_post,49.12,2.382
NiPdTaOx_post,49.13,2.41
NiPdTaOx_post,49.14,2.371
NiPdTaOx_post,49.15,2.31
NiPdTaOx_post,49.16,2.361
NiPdTaOx_post,49.17,2.368
NiPdTaOx_post,49.18,2.293
NiPdTaOx_post,49.19,2.253
NiPdTaOx_post,49.2,2.3
NiPdTaOx_post,49.21,2.373
NiPdTaOx_post,49.22,2.4
NiPdTaOx_post,49.23,2.312
NiPdTaOx_post,49.24,2.15
NiPdTaOx_post,49.25,2.125
NiPdTaOx_post,49.26,2.153
NiPdTaOx_post,49.27,2.121
NiPdTaOx_post,49.28,2.088
NiPdTaOx_post,49.29,2.209
NiPdTaOx_post,49.3,2.325
NiPdTaOx_post,49.31,2.288
NiPdTaOx_post,49.32,2.155
NiPdTaOx_post,49.33,2.161
NiPdTaOx_post,49.34,2.22
NiPdTaOx_post,49.35,2.181
NiPdTaOx_post,49.36,2.17
NiPdTaOx_post,49.37,2.153
NiPdTaOx_post,49.38,2.217
NiPdTaOx_post,49.39,2.23
NiPdTaOx_post,49.4,2.231
NiPdTaOx_post,49.41,2.15
NiPdTaOx_post,49.42,2.192
NiPdTaOx_post,49.43,2.295
NiPdTaOx_post,49.44,2.385
NiPdTaOx_post,49.45,2.354
NiPdTaOx_post,49.46,2.312
NiPdTaOx_post,49.47,2.368
NiPdTaOx_post,49.48,2.381
NiPdTaOx_post,49.49,2.336
NiPdTaOx_post,49.5,2.315
NiPdTaOx_post,49.51,2.259
NiPdTaOx_post,49.52,2.217
NiPdTaOx_post,49.53,2.198
NiPdTaOx_post,49.54,2.164
NiPdTaOx_post,49.55,2.125
NiPdTaOx_post,49.56,2.113
NiPdTaOx_post,49.57,2.145
NiPdTaOx_post,49.58,2.214
NiPdTaOx_post,49.59,2.236
NiPdTaOx_post,49.6,2.233
NiPdTaOx_post,49.61,2.243
NiPdTaOx_post,49.62,2.238
NiPdTaOx_post,49.63,2.245
NiPdTaOx_post,49.64,2.2
NiPdTaOx_post,49.65,2.243
NiPdTaOx_post,49.66,2.243
NiPdTaOx_post,49.67,2.264
NiPdTaOx_post,49.68,2.221
NiPdTaOx_post,49.69,2.207
NiPdTaOx_post,49.7,2.19
NiPdTaOx_post,49.71,2.231
NiPdTaOx_post,49.72,2.273
NiPdTaOx_post,49.73,2.304
NiPdTaOx_post,49.74,2.253
NiPdTaOx_post,49.75,2.179
NiPdTaOx_post,49.76,2.15
NiPdTaOx_post,49.77,2.162
NiPdTaOx_post,49.78,2.167
NiPdTaOx_post,49.79,2.228
NiPdTaOx_post,49.8,2.269
NiPdTaOx_post,49.81,2.341
NiPdTaOx_post,49.82,2.311
NiPdTaOx_post,49.83,2.28
NiPdTaOx_post,49.84,2.201
NiPdTaOx_post,49.85,2.178
NiPdTaOx_post,49.86,2.199
NiPdTaOx_post,49.87,2.151
NiPdTaOx_post,49.88,2.13
NiPdTaOx_post,49.89,2.17
NiPdTaOx_post,49.9,2.231
NiPdTaOx_post,49.91,2.284
NiPdTaOx_post,49.92,2.262
NiPdTaOx_post,49.93,2.268
NiPdTaOx_post,49.94,2.198
NiPdTaOx_post,49.95,2.183
NiPdTaOx_post,49.96,2.207
NiPdTaOx_post,49.97,2.327
NiPdTaOx_post,49.98,2.44
NiPdTaOx_post,49.99,2.322
NiPdTaOx_post,50.0,2.24
NiPdTaOx_post,50.01,2.217
NiPdTaOx_post,50.02,2.276
NiPdTaOx_post,50.03,2.178
NiPdTaOx_post,50.04,2.053
NiPdTaOx_post,50.05,2.083
NiPdTaOx_post,50.06,2.105
NiPdTaOx_post,50.07,2.122
NiPdTaOx_post,50.08,2.101
NiPdTaOx_post,50.09,2.153
NiPdTaOx_post,50.1,2.214
NiPdTaOx_post,50.11,2.217
NiPdTaOx_post,50.12,2.181
NiPdTaOx_post,50.13,2.123
NiPdTaOx_post,50.14,2.169
NiPdTaOx_post,50.15,2.205
NiPdTaOx_post,50.16,2.267
NiPdTaOx_post,50.17,2.251
NiPdTaOx_post,50.18,2.251
NiPdTaOx_post,50.19,2.242
NiPdTaOx_post,50.2,2.23
NiPdTaOx_post,50.21,2.137
NiPdTaOx_post,50.22,2.057
NiPdTaOx_post,50.23,2.096
NiPdTaOx_post,50.24,2.236
NiPdTaOx_post,50.25,2.338
NiPdTaOx_post,50.26,2.22
NiPdTaOx_post,50.27,2.115
NiPdTaOx_post,50.28,2.07
NiPdTaOx_post,50.29,2.235
NiPdTaOx_post,50.3,2.289
NiPdTaOx_post,50.31,2.303
NiPdTaOx_post,50.32,2.209
NiPdTaOx_post,50.33,2.182
NiPdTaOx_post,50.34,2.168
NiPdTaOx_post,50.35,2.184
NiPdTaOx_post,50.36,2.266
NiPdTaOx_post,50.37,2.314
NiPdTaOx_post,50.38,2.313
NiPdTaOx_post,50.39,2.223
NiPdTaOx_post,50.4,2.232
NiPdTaOx_post,50.41,2.26
NiPdTaOx_post,50.42,2.308
NiPdTaOx_post,50.43,2.328
NiPdTaOx_post,50.44,2.279
NiPdTaOx_post,50.45,2.234
NiPdTaOx_post,50.46,2.145
NiPdTaOx_post,50.47,2.241
NiPdTaOx_post,50.48,2.289
NiPdTaOx_post,50.49,2.42
NiPdTaOx_post,50.5,2.321
NiPdTaOx_post,50.51,2.231
NiPdTaOx_post,50.52,2.073
NiPdTaOx_post,50.53,2.105
NiPdTaOx_post,50.54,2.165
NiPdTaOx_post,50.55,2.146
NiPdTaOx_post,50.56,2.083
NiPdTaOx_post,50.57,2.143
NiPdTaOx_post,50.58,2.223
NiPdTaOx_post,50.59,2.174
NiPdTaOx_post,50.6,2.169
NiPdTaOx_post,50.61,2.165
NiPdTaOx_post,50.62,2.21
NiPdTaOx_post,50.63,2.15
NiPdTaOx_post,50.64,2.18
NiPdTaOx_post,50.65,2.223
NiPdTaOx_post,50.66,2.257
NiPdTaOx_post,50.67,2.3
NiPdTaOx_post,50.68,2.329
NiPdTaOx_post,50.69,2.242
NiPdTaOx_post,50.7,2.149
NiPdTaOx_post,50.71,2.156
NiPdTaOx_post,50.72,2.261
NiPdTaOx_post,50.73,2.287
NiPdTaOx_post,50.74,2.262
NiPdTaOx_post,50.75,2.173
NiPdTaOx_post,50.76,2.138
NiPdTaOx_post,50.77,2.121
NiPdTaOx_post,50.78,2.087
NiPdTaOx_post,50.79,2.045
NiPdTaOx_post,50.8,2.036
NiPdTaOx_post,50.81,2.09
NiPdTaOx_post,50.82,2.174
NiPdTaOx_post,50.83,2.15
NiPdTaOx_post,50.84,2.09
NiPdTaOx_post,50.85,2.092
NiPdTaOx_post,50.86,2.148
NiPdTaOx_post,50.87,2.201
NiPdTaOx_post,50.88,2.261
NiPdTaOx_post,50.89,2.271
NiPdTaOx_post,50.9,2.209
NiPdTaOx_post,50.91,2.154
NiPdTaOx_post,50.92,2.155
NiPdTaOx_post,50.93,2.125
NiPdTaOx_post,50.94,2.158
NiPdTaOx_post,50.95,2.234
NiPdTaOx_post,50.96,2.285
NiPdTaOx_post,50.97,2.282
NiPdTaOx_post,50.98,2.333
NiPdTaOx_post,50.99,2.302
NiPdTaOx_post,51.0,2.24
NiPdTaOx_post,51.01,2.174
NiPdTaOx_post,51.02,2.187
NiPdTaOx_post,51.03,2.144
NiPdTaOx_post,51.04,2.188
NiPdTaOx_post,51.05,2.254
NiPdTaOx_post,51.06,2.336
NiPdTaOx_post,51.07,2.256
NiPdTaOx_post,51.08,2.227
NiPdTaOx_post,51.09,2.187
NiPdTaOx_post,51.1,2.153
NiPdTaOx_post,51.11,2.141
NiPdTaOx_post,51.12,2.099
NiPdTaOx_post,51.13,2.159
NiPdTaOx_post,51.14,2.206
NiPdTaOx_post,51.15,2.22
NiPdTaOx_post,51.16,2.186
NiPdTaOx_post,51.17,2.184
NiPdTaOx_post,51.18,2.192
NiPdTaOx_post,51.19,2.211
NiPdTaOx_post,51.2,2.246
NiPdTaOx_post,51.21,2.262
NiPdTaOx_post,51.22,2.237
NiPdTaOx_post,51.23,2.164
NiPdTaOx_post,51.24,2.099
NiPdTaOx_post,51.25,2.092
NiPdTaOx_post,51.26,2.142
NiPdTaOx_post,51.27,2.234
NiPdTaOx_post,51.28,2.22
NiPdTaOx_post,51.29,2.136
NiPdTaOx_post,51.3,2.11
NiPdTaOx_post,51.31,2.17
NiPdTaOx_post,51.32,2.167
NiPdTaOx_post,51.33,2.133
NiPdTaOx_post,51.34,2.129
NiPdTaOx_post,51.35,2.157
NiPdTaOx_post,51.36,2.185
NiPdTaOx_post,51.37,2.201
NiPdTaOx_post,51.38,2.225
NiPdTaOx_post,51.39,2.204
NiPdTaOx_post,51.4,2.242
NiPdTaOx_post,51.41,2.31
NiPdTaOx_post,51.42,2.23
NiPdTaOx_post,51.43,2.138
NiPdTaOx_post,51.44,2.07
NiPdTaOx_post,51.45,2.051
NiPdTaOx_post,51.46,2.04
NiPdTaOx_post,51.47,2.083
NiPdTaOx_post,51.48,2.125
NiPdTaOx_post,51.49,2.103
NiPdTaOx_post,51.5,2.07
NiPdTaOx_post,51.51,2.043
NiPdTaOx_post,51.52,2.044
NiPdTaOx_post,51.53,2.067
NiPdTaOx_post,51.54,2.07
NiPdTaOx_post,51.55,2.069
NiPdTaOx_post,51.56,2.1
NiPdTaOx_post,51.57,2.19
NiPdTaOx_post,51.58,2.171
NiPdTaOx_post,51.59,2.22
NiPdTaOx_post,51.6,2.188
NiPdTaOx_post,51.61,2.241
NiPdTaOx_post,51.62,2.124
NiPdTaOx_post,51.63,2.092
NiPdTaOx_post,51.64,2.092
NiPdTaOx_post,51.65,2.117
NiPdTaOx_post,51.66,2.101
NiPdTaOx_post,51.67,2.089
NiPdTaOx_post,51.68,2.096
NiPdTaOx_post,51.69,2.152
NiPdTaOx_post,51.7,2.119
NiPdTaOx_post,51.71,2.119
NiPdTaOx_post,51.72,2.027
NiPdTaOx_post,51.73,2.034
NiPdTaOx_post,51.74,2.019
NiPdTaOx_post,51.75,2.08
NiPdTaOx_post,51.76,2.119
NiPdTaOx_post,51.77,2.107
NiPdTaOx_post,51.78,2.045
NiPdTaOx_post,51.79,2.069
NiPdTaOx_post,51.8,2.083
NiPdTaOx_post,51.81,2.101
NiPdTaOx_post,51.82,2.157
NiPdTaOx_post,51.83,2.227
NiPdTaOx_post,51.84,2.229
NiPdTaOx_post,51.85,2.192
NiPdTaOx_post,51.86,2.225
NiPdTaOx_post,51.87,2.2
NiPdTaOx_post,51.88,2.168
NiPdTaOx_post,51.89,2.12
NiPdTaOx_post,51.9,2.09
NiPdTaOx_post,51.91,2.058
NiPdTaOx_post,51.92,2.089
NiPdTaOx_post,51.93,2.177
NiPdTaOx_post,51.94,2.268
NiPdTaOx_post,51.95,2.132
NiPdTaOx_post,51.96,2.104
NiPdTaOx_post,51.97,2.072
NiPdTaOx_post,51.98,2.192
NiPdTaOx_post,51.99,2.17
NiPdTaOx_post,52.0,2.199
NiPdTaOx_post,52.01,2.272
NiPdTaOx_post,52.02,2.236
NiPdTaOx_post,52.03,2.177
NiPdTaOx_post,52.04,2.076
NiPdTaOx_post,52.05,2.089
NiPdTaOx_post,52.06,2.043
NiPdTaOx_post,52.07,2.057
NiPdTaOx_post,52.08,2.066
NiPdTaOx_post,52.09,2.103
NiPdTaOx_post,52.1,2.031
NiPdTaOx_post,52.11,2.026
NiPdTaOx_post,52.12,2.022
NiPdTaOx_post,52.13,2.118
NiPdTaOx_post,52.14,2.219
NiPdTaOx_post,52.15,2.296
NiPdTaOx_post,52.16,2.234
NiPdTaOx_post,52.17,2.162
NiPdTaOx_post,52.18,2.162
NiPdTaOx_post,52.19,2.129
NiPdTaOx_post,52.2,2.144
NiPdTaOx_post,52.21,2.113
NiPdTaOx_post,52.22,2.183
NiPdTaOx_post,52.23,2.141
NiPdTaOx_post,52.24,2.107
NiPdTaOx_post,52.25,2.107
NiPdTaOx_post,52.26,2.179
NiPdTaOx_post,52.27,2.173
NiPdTaOx_post,52.28,2.149
NiPdTaOx_post,52.29,2.081
NiPdTaOx_post,52.3,2.044
NiPdTaOx_post,52.31,2.044
NiPdTaOx_post,52.32,2.048
NiPdTaOx_post,52.33,1.985
NiPdTaOx_post,52.34,2.009
NiPdTaOx_post,52.35,2.116
NiPdTaOx_post,52.36,2.176
NiPdTaOx_post,52.37,2.138
NiPdTaOx_post,52.38,2.103
NiPdTaOx_post,52.39,2.12
NiPdTaOx_post,52.4,2.088
NiPdTaOx_post,52.41,2.144
NiPdTaOx_post,52.42,2.118
NiPdTaOx_post,52.43,2.115
NiPdTaOx_post,52.44,2.038
NiPdTaOx_post,52.45,2.042
NiPdTaOx_post,52.46,2.102
NiPdTaOx_post,52.47,2.127
NiPdTaOx_post,52.48,2.092
NiPdTaOx_post,52.49,2.023
NiPdTaOx_post,52.5,2.046
NiPdTaOx_post,52.51,2.117
NiPdTaOx_post,52.52,2.19
NiPdTaOx_post,52.53,2.281
NiPdTaOx_post,52.54,2.244
NiPdTaOx_post,52.55,2.182
NiPdTaOx_post,52.56,2.089
NiPdTaOx_post,52.57,2.123
NiPdTaOx_post,52.58,2.153
NiPdTaOx_post,52.59,2.157
NiPdTaOx_post,52.6,2.108
NiPdTaOx_post,52.61,2.088
NiPdTaOx_post,52.62,2.129
NiPdTaOx_post,52.63,2.141
NiPdTaOx_post,52.64,2.121
NiPdTaOx_post,52.65,2.068
NiPdTaOx_post,52.66,2.085
NiPdTaOx_post,52.67,2.112
NiPdTaOx_post,52.68,2.155
NiPdTaOx_post,52.69,2.193
NiPdTaOx_post,52.7,2.212
NiPdTaOx_post,52.71,2.172
NiPdTaOx_post,52.72,2.092
NiPdTaOx_post,52.73,1.993
NiPdTaOx_post,52.74,2.009
NiPdTaOx_post,52.75,2.07
NiPdTaOx_post,52.76,2.126
NiPdTaOx_post,52.77,2.096
NiPdTaOx_post,52.78,2.089
NiPdTaOx_post,52.79,2.063
NiPdTaOx_post,52.8,2.023
NiPdTaOx_post,52.81,2.055
NiPdTaOx_post,52.82,2.091
NiPdTaOx_post,52.83,2.184
NiPdTaOx_post,52.84,2.173
NiPdTaOx_post,52.85,2.115
NiPdTaOx_post,52.86,2.07
NiPdTaOx_post,52.87,2.088
NiPdTaOx_post,52.88,2.122
NiPdTaOx_post,52.89,2.184
NiPdTaOx_post,52.9,2.209
NiPdTaOx_post,52.91,2.245
NiPdTaOx_post,52.92,2.15
NiPdTaOx_post,52.93,2.162
NiPdTaOx_post,52.94,2.07
NiPdTaOx_post,52.95,2.024
NiPdTaOx_post,52.96,2.016
NiPdTaOx_post,52.97,2.135
NiPdTaOx_post,52.98,2.184
NiPdTaOx_post,52.99,2.105
NiPdTaOx_post,53.0,2.064
NiPdTaOx_post,53.01,2.082
NiPdTaOx_post,53.02,2.14
NiPdTaOx_post,53.03,2.252
NiPdTaOx_post,53.04,2.264
NiPdTaOx_post,53.05,2.182
NiPdTaOx_post,53.06,2.025
NiPdTaOx_post,53.07,1.964
NiPdTaOx_post,53.08,2.041
NiPdTaOx_post,53.09,2.079
NiPdTaOx_post,53.1,2.105
NiPdTaOx_post,53.11,2.114
NiPdTaOx_post,53.12,2.134
NiPdTaOx_post,53.13,2.098
NiPdTaOx_post,53.14,2.018
NiPdTaOx_post,53.15,1.968
NiPdTaOx_post,53.16,2.027
NiPdTaOx_post,53.17,2.081
NiPdTaOx_post,53.18,2.079
NiPdTaOx_post,53.19,2.031
NiPdTaOx_post,53.2,2.041
NiPdTaOx_post,53.21,2.097
NiPdTaOx_post,53.22,2.124
NiPdTaOx_post,53.23,2.072
NiPdTaOx_post,53.24,2.065
NiPdTaOx_post,53.25,2.062
NiPdTaOx_post,53.26,2.184
NiPdTaOx_post,53.27,2.25
NiPdTaOx_post,53.28,2.248
NiPdTaOx_post,53.29,2.189
NiPdTaOx_post,53.3,2.131
NiPdTaOx_post,53.31,2.081
NiPdTaOx_post,53.32,2.105
NiPdTaOx_post,53.33,2.154
NiPdTaOx_post,53.34,2.065
NiPdTaOx_post,53.35,1.986
NiPdTaOx_post,53.36,1.983
NiPdTaOx_post,53.37,2.073
NiPdTaOx_post,53.38,2.049
NiPdTaOx_post,53.39,2.069
NiPdTaOx_post,53.4,2.067
NiPdTaOx_post,53.41,2.075
NiPdTaOx_post,53.42,2.147
NiPdTaOx_post,53.43,2.165
NiPdTaOx_post,53.44,2.134
NiPdTaOx_post,53.45,2.037
NiPdTaOx_post,53.46,2.045
NiPdTaOx_post,53.47,2.136
NiPdTaOx_post,53.48,2.172
NiPdTaOx_post,53.49,2.217
NiPdTaOx_post,53.5,2.181
NiPdTaOx_post,53.51,2.173
NiPdTaOx_post,53.52,2.133
NiPdTaOx_post,53.53,2.095
NiPdTaOx_post,53.54,2.124
NiPdTaOx_post,53.55,2.089
NiPdTaOx_post,53.56,2.092
NiPdTaOx_post,53.57,2.079
NiPdTaOx_post,53.58,2.061
NiPdTaOx_post,53.59,1.969
NiPdTaOx_post,53.6,1.912
NiPdTaOx_post,53.61,1.927
NiPdTaOx_post,53.62,1.983
NiPdTaOx_post,53.63,2.037
NiPdTaOx_post,53.64,2.064
NiPdTaOx_post,53.65,2.078
NiPdTaOx_post,53.66,2.052
NiPdTaOx_post,53.67,2.08
NiPdTaOx_post,53.68,2.111
NiPdTaOx_post,53.69,2.061
NiPdTaOx_post,53.7,1.965
NiPdTaOx_post,53.71,1.892
NiPdTaOx_post,53.72,1.977
NiPdTaOx_post,53.73,2.033
NiPdTaOx_post,53.74,2.004
NiPdTaOx_post,53.75,1.94
NiPdTaOx_post,53.76,1.995
NiPdTaOx_post,53.77,2.057
NiPdTaOx_post,53.78,2.082
NiPdTaOx_post,53.79,2.033
NiPdTaOx_post,53.8,2.059
NiPdTaOx_post,53.81,2.063
NiPdTaOx_post,53.82,2.055
NiPdTaOx_post,53.83,2.016
NiPdTaOx_post,53.84,1.994
NiPdTaOx_post,53.85,2.029
NiPdTaOx_post,53.86,2.044
NiPdTaOx_post,53.87,2.043
NiPdTaOx_post,53.88,1.997
NiPdTaOx_post,53.89,2.016
NiPdTaOx_post,53.9,2.098
NiPdTaOx_post,53.91,2.126
NiPdTaOx_post,53.92,2.101
NiPdTaOx_post,53.93,2.117
NiPdTaOx_post,53.94,2.12
NiPdTaOx_post,53.95,2.106
NiPdTaOx_post,53.96,2.181
NiPdTaOx_post,53.97,2.262
NiPdTaOx_post,53.98,2.208
NiPdTaOx_post,53.99,2.052
NiPdTaOx_post,54.0,1.992
NiPdTaOx_post,54.01,1.99
NiPdTaOx_post,54.02,1.983
NiPdTaOx_post,54.03,2.018
NiPdTaOx_post,54.04,2.082
NiPdTaOx_post,54.05,2.077
NiPdTaOx_post,54.06,2.134
NiPdTaOx_post,54.07,2.062
NiPdTaOx_post,54.08,2.077
NiPdTaOx_post,54.09,2.05
NiPdTaOx_post,54.1,2.139
NiPdTaOx_post,54.11,2.165
NiPdTaOx_post,54.12,2.164
NiPdTaOx_post,54.13,2.121
NiPdTaOx_post,54.14,2.073
NiPdTaOx_post,54.15,2.083
NiPdTaOx_post,54.16,2.058
NiPdTaOx_post,54.17,2.022
NiPdTaOx_post,54.18,1.989
NiPdTaOx_post,54.19,2.114
NiPdTaOx_post,54.2,2.086
NiPdTaOx_post,54.21,2.032
NiPdTaOx_post,54.22,1.991
NiPdTaOx_post,54.23,2.008
NiPdTaOx_post,54.24,2.037
NiPdTaOx_post,54.25,2.033
NiPdTaOx_post,54.26,2.085
NiPdTaOx_post,54.27,2.126
NiPdTaOx_post,54.28,2.192
NiPdTaOx_post,54.29,2.126
NiPdTaOx_post,54.3,2.086
NiPdTaOx_post,54.31,2.074
NiPdTaOx_post,54.32,2.104
NiPdTaOx_post,54.33,2.138
NiPdTaOx_post,54.34,2.122
NiPdTaOx_post,54.35,2.116
NiPdTaOx_post,54.36,2.141
NiPdTaOx_post,54.37,2.129
NiPdTaOx_post,54.38,2.09
NiPdTaOx_post,54.39,2.062
NiPdTaOx_post,54.4,2.0
NiPdTaOx_post,54.41,1.926
NiPdTaOx_post,54.42,1.904
NiPdTaOx_post,54.43,1.973
NiPdTaOx_post,54.44,2.082
NiPdTaOx_post,54.45,2.101
NiPdTaOx_post,54.46,2.114
NiPdTaOx_post,54.47,2.107
NiPdTaOx_post,54.48,2.14
NiPdTaOx_post,54.49,2.147
NiPdTaOx_post,54.5,2.065
NiPdTaOx_post,54.51,2.002
NiPdTaOx_post,54.52,1.968
NiPdTaOx_post,54.53,1.974
NiPdTaOx_post,54.54,1.953
NiPdTaOx_post,54.55,1.98
NiPdTaOx_post,54.56,2.025
NiPdTaOx_post,54.57,2.073
NiPdTaOx_post,54.58,2.05
NiPdTaOx_post,54.59,2.099
NiPdTaOx_post,54.6,2.094
NiPdTaOx_post,54.61,2.128
NiPdTaOx_post,54.62,2.122
NiPdTaOx_post,54.63,2.126
NiPdTaOx_post,54.64,2.052
NiPdTaOx_post,54.65,2.041
NiPdTaOx_post,54.66,1.995
NiPdTaOx_post,54.67,2.005
NiPdTaOx_post,54.68,2.054
NiPdTaOx_post,54.69,2.148
NiPdTaOx_post,54.7,2.153
NiPdTaOx_post,54.71,2.046
NiPdTaOx_post,54.72,1.993
NiPdTaOx_post,54.73,2.044
NiPdTaOx_post,54.74,2.014
NiPdTaOx_post,54.75,1.947
NiPdTaOx_post,54.76,1.952
NiPdTaOx_post,54.77,1.99
NiPdTaOx_post,54.78,1.951
NiPdTaOx_post,54.79,1.883
NiPdTaOx_post,54.8,1.916
NiPdTaOx_post,54.81,1.989
NiPdTaOx_post,54.82,2.02
NiPdTaOx_post,54.83,1.959
NiPdTaOx_post,54.84,1.911
NiPdTaOx_post,54.85,1.943
NiPdTaOx_post,54.86,2.089
NiPdTaOx_post,54.87,2.175
NiPdTaOx_post,54.88,2.214
NiPdTaOx_post,54.89,2.148
NiPdTaOx_post,54.9,2.084
NiPdTaOx_post,54.91,2.042
NiPdTaOx_post,54.92,2.001
NiPdTaOx_post,54.93,2.035
NiPdTaOx_post,54.94,2.068
NiPdTaOx_post,54.95,2.134
NiPdTaOx_post,54.96,2.071
NiPdTaOx_post,54.97,2.069
NiPdTaOx_post,54.98,2.115
NiPdTaOx_post,54.99,2.165
NiPdTaOx_post,55.0,2.134
NiPdTaOx_post,55.01,2.103
NiPdTaOx_post,55.02,2.057
NiPdTaOx_post,55.03,2.017
NiPdTaOx_post,55.04,2.013
NiPdTaOx_post,55.05,2.059
NiPdTaOx_post,55.06,2.11
NiPdTaOx_post,55.07,2.143
NiPdTaOx_post,55.08,2.122
NiPdTaOx_post,55.09,2.044
NiPdTaOx_post,55.1,2.076
NiPdTaOx_post,55.11,2.098
NiPdTaOx_post,55.12,2.092
NiPdTaOx_post,55.13,2.032
NiPdTaOx_post,55.14,2.023
NiPdTaOx_post,55.15,2.037
NiPdTaOx_post,55.16,2.057
NiPdTaOx_post,55.17,2.088
NiPdTaOx_post,55.18,2.155
NiPdTaOx_post,55.19,2.152
NiPdTaOx_post,55.2,2.142
NiPdTaOx_post,55.21,2.119
NiPdTaOx_post,55.22,2.103
NiPdTaOx_post,55.23,2.088
NiPdTaOx_post,55.24,2.102
NiPdTaOx_post,55.25,2.069
NiPdTaOx_post,55.26,2.023
NiPdTaOx_post,55.27,1.996
NiPdTaOx_post,55.28,2.054
NiPdTaOx_post,55.29,2.052
NiPdTaOx_post,55.3,2.028
NiPdTaOx_post,55.31,1.977
NiPdTaOx_post,55.32,1.988
NiPdTaOx_post,55.33,2.001
NiPdTaOx_post,55.34,1.968
NiPdTaOx_post,55.35,1.908
NiPdTaOx_post,55.36,1.952
NiPdTaOx_post,55.37,1.973
NiPdTaOx_post,55.38,2.015
NiPdTaOx_post,55.39,1.993
NiPdTaOx_post,55.4,2.002
NiPdTaOx_post,55.41,1.991
NiPdTaOx_post,55.42,1.96
NiPdTaOx_post,55.43,1.958
NiPdTaOx_post,55.44,2.002
NiPdTaOx_post,55.45,2.032
NiPdTaOx_post,55.46,2.061
NiPdTaOx_post,55.47,2.018
NiPdTaOx_post,55.48,2.066
NiPdTaOx_post,55.49,2.028
NiPdTaOx_post,55.5,2.007
NiPdTaOx_post,55.51,1.996
NiPdTaOx_post,55.52,2.096
NiPdTaOx_post,55.53,2.178
NiPdTaOx_post,55.54,2.13
NiPdTaOx_post,55.55,2.088
NiPdTaOx_post,55.56,2.061
NiPdTaOx_post,55.57,2.085
NiPdTaOx_post,55.58,2.105
NiPdTaOx_post,55.59,2.083
NiPdTaOx_post,55.6,2.039
NiPdTaOx_post,55.61,2.051
NiPdTaOx_post,55.62,2.037
NiPdTaOx_post,55.63,2.052
NiPdTaOx_post,55.64,2.013
NiPdTaOx_post,55.65,2.066
NiPdTaOx_post,55.66,2.022
NiPdTaOx_post,55.67,1.987
NiPdTaOx_post,55.68,1.97
NiPdTaOx_post,55.69,2.027
NiPdTaOx_post,55.7,2.046
NiPdTaOx_post,55.71,2.033
NiPdTaOx_post,55.72,1.975
NiPdTaOx_post,55.73,2.002
NiPdTaOx_post,55.74,2.007
NiPdTaOx_post,55.75,1.96
NiPdTaOx_post,55.76,1.902
NiPdTaOx_post,55.77,1.991
NiPdTaOx_post,55.78,2.072
NiPdTaOx_post,55.79,2.046
NiPdTaOx_post,55.8,2.004
NiPdTaOx_post,55.81,1.99
NiPdTaOx_post,55.82,1.978
NiPdTaOx_post,55.83,1.933
NiPdTaOx_post,55.84,1.933
NiPdTaOx_post,55.85,1.944
NiPdTaOx_post,55.86,2.018
NiPdTaOx_post,55.87,2.024
NiPdTaOx_post,55.88,2.025
NiPdTaOx_post,55.89,1.896
NiPdTaOx_post,55.9,1.827
NiPdTaOx_post,55.91,1.816
NiPdTaOx_post,55.92,1.963
NiPdTaOx_post,55.93,1.997
NiPdTaOx_post,55.94,2.042
NiPdTaOx_post,55.95,2.026
NiPdTaOx_post,55.96,2.137
NiPdTaOx_post,55.97,2.136
NiPdTaOx_post,55.98,2.108
NiPdTaOx_post,55.99,2.023
NiPdTaOx_post,56.0,1.953
NiPdTaOx_post,56.01,1.917
NiPdTaOx_post,56.02,1.963
NiPdTaOx_post,56.03,1.975
NiPdTaOx_post,56.04,1.983
NiPdTaOx_post,56.05,1.977
NiPdTaOx_post,56.06,2.05
NiPdTaOx_post,56.07,2.117
NiPdTaOx_post,56.08,2.138
NiPdTaOx_post,56.09,2.127
NiPdTaOx_post,56.1,2.142
NiPdTaOx_post,56.11,2.14
NiPdTaOx_post,56.12,2.121
NiPdTaOx_post,56.13,2.023
NiPdTaOx_post,56.14,1.934
NiPdTaOx_post,56.15,1.856
NiPdTaOx_post,56.16,1.768
NiPdTaOx_post,56.17,1.889
NiPdTaOx_post,56.18,2.054
NiPdTaOx_post,56.19,2.085
NiPdTaOx_post,56.2,1.98
NiPdTaOx_post,56.21,1.97
NiPdTaOx_post,56.22,2.003
NiPdTaOx_post,56.23,2.024
NiPdTaOx_post,56.24,2.043
NiPdTaOx_post,56.25,2.066
NiPdTaOx_post,56.26,2.107
NiPdTaOx_post,56.27,2.079
NiPdTaOx_post,56.28,2.051
NiPdTaOx_post,56.29,2.063
NiPdTaOx_post,56.3,2.132
NiPdTaOx_post,56.31,2.064
NiPdTaOx_post,56.32,1.997
NiPdTaOx_post,56.33,1.965
NiPdTaOx_post,56.34,2.014
NiPdTaOx_post,56.35,1.982
NiPdTaOx_post,56.36,1.924
NiPdTaOx_post,56.37,1.904
NiPdTaOx_post,56.38,2.021
NiPdTaOx_post,56.39,2.099
NiPdTaOx_post,56.4,2.133
NiPdTaOx_post,56.41,2.1
NiPdTaOx_post,56.42,2.115
NiPdTaOx_post,56.43,2.152
NiPdTaOx_post,56.44,2.096
NiPdTaOx_post,56.45,2.011
NiPdTaOx_post,56.46,2.028
NiPdTaOx_post,56.47,2.06
NiPdTaOx_post,56.48,2.105
NiPdTaOx_post,56.49,1.974
NiPdTaOx_post,56.5,1.946
NiPdTaOx_post,56.51,1.973
NiPdTaOx_post,56.52,2.029
NiPdTaOx_post,56.53,2.012
NiPdTaOx_post,56.54,2.003
NiPdTaOx_post,56.55,1.949
NiPdTaOx_post,56.56,1.981
NiPdTaOx_post,56.57,1.977
NiPdTaOx_post,56.58,1.954
NiPdTaOx_post,56.59,1.934
NiPdTaOx_post,56.6,1.885
NiPdTaOx_post,56.61,1.948
NiPdTaOx_post,56.62,1.875
NiPdTaOx_post,56.63,1.903
NiPdTaOx_post,56.64,1.862
NiPdTaOx_post,56.65,1.866
NiPdTaOx_post,56.66,1.923
NiPdTaOx_post,56.67,1.93
NiPdTaOx_post,56.68,2.016
NiPdTaOx_post,56.69,2.11
NiPdTaOx_post,56.7,2.2
NiPdTaOx_post,56.71,2.213
NiPdTaOx_post,56.72,2.16
NiPdTaOx_post,56.73,2.119
NiPdTaOx_post,56.74,2.051
NiPdTaOx_post,56.75,2.057
NiPdTaOx_post,56.76,2.026
NiPdTaOx_post,56.77,2.076
NiPdTaOx_post,56.78,2.045
NiPdTaOx_post,56.79,2.065
NiPdTaOx_post,56.8,2.073
NiPdTaOx_post,56.81,2.072
NiPdTaOx_post,56.82,2.074
NiPdTaOx_post,56.83,2.105
NiPdTaOx_post,56.84,2.156
NiPdTaOx_post,56.85,2.146
NiPdTaOx_post,56.86,2.175
NiPdTaOx_post,56.87,2.08
NiPdTaOx_post,56.88,1.985
NiPdTaOx_post,56.89,1.943
NiPdTaOx_post,56.9,1.959
NiPdTaOx_post,56.91,1.976
NiPdTaOx_post,56.92,1.859
NiPdTaOx_post,56.93,1.933
NiPdTaOx_post,56.94,1.937
NiPdTaOx_post,56.95,2.025
NiPdTaOx_post,56.96,2.061
NiPdTaOx_post,56.97,2.068
NiPdTaOx_post,56.98,2.065
NiPdTaOx_post,56.99,2.084
NiPdTaOx_post,57.0,2.065
NiPdTaOx_post,57.01,1.99
NiPdTaOx_post,57.02,1.921
NiPdTaOx_post,57.03,1.883
NiPdTaOx_post,57.04,1.927
NiPdTaOx_post,57.05,1.944
NiPdTaOx_post,57.06,1.949
NiPdTaOx_post,57.07,1.92
NiPdTaOx_post,57.08,1.969
NiPdTaOx_post,57.09,2.005
NiPdTaOx_post,57.1,1.943
NiPdTaOx_post,57.11,1.851
NiPdTaOx_post,57.12,1.799
NiPdTaOx_post,57.13,1.834
NiPdTaOx_post,57.14,1.834
NiPdTaOx_post,57.15,1.913
NiPdTaOx_post,57.16,1.997
NiPdTaOx_post,57.17,2.099
NiPdTaOx_post,57.18,2.059
NiPdTaOx_post,57.19,2.007
NiPdTaOx_post,57.2,1.933
NiPdTaOx_post,57.21,1.907
NiPdTaOx_post,57.22,1.932
NiPdTaOx_post,57.23,1.943
NiPdTaOx_post,57.24,1.94
NiPdTaOx_post,57.25,1.95
NiPdTaOx_post,57.26,2.03
NiPdTaOx_post,57.27,2.109
NiPdTaOx_post,57.28,2.169
NiPdTaOx_post,57.29,2.095
NiPdTaOx_post,57.3,2.098
NiPdTaOx_post,57.31,2.151
NiPdTaOx_post,57.32,2.218
NiPdTaOx_post,57.33,2.128
NiPdTaOx_post,57.34,2.013
NiPdTaOx_post,57.35,1.957
NiPdTaOx_post,57.36,1.913
NiPdTaOx_post,57.37,1.953
NiPdTaOx_post,57.38,2.002
NiPdTaOx_post,57.39,2.018
NiPdTaOx_post,57.4,1.933
NiPdTaOx_post,57.41,1.898
NiPdTaOx_post,57.42,1.894
NiPdTaOx_post,57.43,1.991
NiPdTaOx_post,57.44,2.058
NiPdTaOx_post,57.45,1.96
NiPdTaOx_post,57.46,1.893
NiPdTaOx_post,57.47,1.875
NiPdTaOx_post,57.48,1.915
NiPdTaOx_post,57.49,1.961
NiPdTaOx_post,57.5,1.972
NiPdTaOx_post,57.51,1.929
NiPdTaOx_post,57.52,1.904
NiPdTaOx_post,57.53,2.005
NiPdTaOx_post,57.54,2.013
NiPdTaOx_post,57.55,1.996
NiPdTaOx_post,57.56,1.887
NiPdTaOx_post,57.57,1.908
NiPdTaOx_post,57.58,1.915
NiPdTaOx_post,57.59,1.993
NiPdTaOx_post,57.6,1.997
NiPdTaOx_post,57.61,2.025
NiPdTaOx_post,57.62,2.035
NiPdTaOx_post,57.63,1.979
NiPdTaOx_post,57.64,1.972
NiPdTaOx_post,57.65,2.016
NiPdTaOx_post,57.66,2.094
NiPdTaOx_post,57.67,2.083
NiPdTaOx_post,57.68,2.066
NiPdTaOx_post,57.69,2.025
NiPdTaOx_post,57.7,2.0
NiPdTaOx_post,57.71,2.049
NiPdTaOx_post,57.72,2.026
NiPdTaOx_post,57.73,2.0
NiPdTaOx_post,57.74,1.906
NiPdTaOx_post,57.75,1.971
NiPdTaOx_post,57.76,1.993
NiPdTaOx_post,57.77,1.993
NiPdTaOx_post,57.78,1.952
NiPdTaOx_post,57.79,2.007
NiPdTaOx_post,57.8,2.044
NiPdTaOx_post,57.81,2.099
NiPdTaOx_post,57.82,2.075
NiPdTaOx_post,57.83,2.096
NiPdTaOx_post,57.84,2.052
NiPdTaOx_post,57.85,1.97
NiPdTaOx_post,57.86,1.901
NiPdTaOx_post,57.87,1.951
NiPdTaOx_post,57.88,2.01
NiPdTaOx_post,57.89,2.037
NiPdTaOx_post,57.9,2.092
NiPdTaOx_post,57.91,2.119
NiPdTaOx_post,57.92,2.108
NiPdTaOx_post,57.93,1.971
NiPdTaOx_post,57.94,1.928
NiPdTaOx_post,57.95,1.935
NiPdTaOx_post,57.96,1.919
NiPdTaOx_post,57.97,1.937
NiPdTaOx_post,57.98,1.996
NiPdTaOx_post,57.99,2.086
NiPdTaOx_post,58.0,2.061
NiPdTaOx_post,58.01,2.043
NiPdTaOx_post,58.02,1.948
NiPdTaOx_post,58.03,1.869
NiPdTaOx_post,58.04,1.833
NiPdTaOx_post,58.05,1.957
NiPdTaOx_post,58.06,2.008
NiPdTaOx_post,58.07,1.976
NiPdTaOx_post,58.08,1.96
NiPdTaOx_post,58.09,2.026
NiPdTaOx_post,58.1,2.011
NiPdTaOx_post,58.11,1.99
NiPdTaOx_post,58.12,1.944
NiPdTaOx_post,58.13,1.976
NiPdTaOx_post,58.14,1.983
NiPdTaOx_post,58.15,2.061
NiPdTaOx_post,58.16,2.136
NiPdTaOx_post,58.17,2.139
NiPdTaOx_post,58.18,2.148
NiPdTaOx_post,58.19,2.084
NiPdTaOx_post,58.2,2.095
NiPdTaOx_post,58.21,2.028
NiPdTaOx_post,58.22,2.07
NiPdTaOx_post,58.23,2.039
NiPdTaOx_post,58.24,1.985
NiPdTaOx_post,58.25,1.983
NiPdTaOx_post,58.26,2.009
NiPdTaOx_post,58.27,1.971
NiPdTaOx_post,58.28,1.867
NiPdTaOx_post,58.29,1.868
NiPdTaOx_post,58.3,1.985
NiPdTaOx_post,58.31,2.046
NiPdTaOx_post,58.32,2.077
NiPdTaOx_post,58.33,2.106
NiPdTaOx_post,58.34,2.106
NiPdTaOx_post,58.35,2.05
NiPdTaOx_post,58.36,1.979
NiPdTaOx_post,58.37,1.986
NiPdTaOx_post,58.38,2.051
NiPdTaOx_post,58.39,2.122
NiPdTaOx_post,58.4,2.107
NiPdTaOx_post,58.41,2.064
NiPdTaOx_post,58.42,2.007
NiPdTaOx_post,58.43,1.971
NiPdTaOx_post,58.44,1.866
NiPdTaOx_post,58.45,1.843
NiPdTaOx_post,58.46,1.822
NiPdTaOx_post,58.47,1.843
NiPdTaOx_post,58.48,1.825
NiPdTaOx_post,58.49,1.781
NiPdTaOx_post,58.5,1.799
NiPdTaOx_post,58.51,1.8
NiPdTaOx_post,58.52,1.866
NiPdTaOx_post,58.53,1.942
NiPdTaOx_post,58.54,2.002
NiPdTaOx_post,58.55,1.965
NiPdTaOx_post,58.56,1.984
NiPdTaOx_post,58.57,1.988
NiPdTaOx_post,58.58,1.943
NiPdTaOx_post,58.59,1.888
NiPdTaOx_post,58.6,1.894
NiPdTaOx_post,58.61,1.977
NiPdTaOx_post,58.62,2.039
NiPdTaOx_post,58.63,2.056
NiPdTaOx_post,58.64,2.047
NiPdTaOx_post,58.65,1.946
NiPdTaOx_post,58.66,1.868
NiPdTaOx_post,58.67,1.813
NiPdTaOx_post,58.68,1.83
NiPdTaOx_post,58.69,1.94
NiPdTaOx_post,58.7,2.041
NiPdTaOx_post,58.71,2.063
NiPdTaOx_post,58.72,2.046
NiPdTaOx_post,58.73,2.029
NiPdTaOx_post,58.74,1.998
NiPdTaOx_post,58.75,1.949
NiPdTaOx_post,58.76,1.943
NiPdTaOx_post,58.77,2.027
NiPdTaOx_post,58.78,2.097
NiPdTaOx_post,58.79,2.13
NiPdTaOx_post,58.8,2.056
NiPdTaOx_post,58.81,1.98
NiPdTaOx_post,58.82,1.956
NiPdTaOx_post,58.83,2.044
NiPdTaOx_post,58.84,2.04
NiPdTaOx_post,58.85,2.029
NiPdTaOx_post,58.86,2.052
NiPdTaOx_post,58.87,2.042
NiPdTaOx_post,58.88,1.997
NiPdTaOx_post,58.89,1.956
NiPdTaOx_post,58.9,1.983
NiPdTaOx_post,58.91,2.031
NiPdTaOx_post,58.92,2.018
NiPdTaOx_post,58.93,2.015
NiPdTaOx_post,58.94,2.038
NiPdTaOx_post,58.95,2.088
NiPdTaOx_post,58.96,2.104
NiPdTaOx_post,58.97,2.05
NiPdTaOx_post,58.98,1.952
NiPdTaOx_post,58.99,1.884
NiPdTaOx_post,59.0,1.933
NiPdTaOx_post,59.01,2.006
NiPdTaOx_post,59.02,2.047
NiPdTaOx_post,59.03,2.058
NiPdTaOx_post,59.04,2.017
NiPdTaOx_post,59.05,2.052
NiPdTaOx_post,59.06,1.928
NiPdTaOx_post,59.07,1.953
NiPdTaOx_post,59.08,1.896
NiPdTaOx_post,59.09,1.996
NiPdTaOx_post,59.1,1.985
NiPdTaOx_post,59.11,2.013
NiPdTaOx_post,59.12,2.06
NiPdTaOx_post,59.13,2.052
NiPdTaOx_post,59.14,2.091
NiPdTaOx_post,59.15,2.065
NiPdTaOx_post,59.16,2.034
NiPdTaOx_post,59.17,1.976
NiPdTaOx_post,59.18,2.028
NiPdTaOx_post,59.19,1.98
NiPdTaOx_post,59.2,1.928
NiPdTaOx_post,59.21,1.929
NiPdTaOx_post,59.22,1.979
NiPdTaOx_post,59.23,2.004
NiPdTaOx_post,59.24,2.015
NiPdTaOx_post,59.25,2.08
NiPdTaOx_post,59.26,2.052
NiPdTaOx_post,59.27,2.033
NiPdTaOx_post,59.28,2.006
NiPdTaOx_post,59.29,2.06
NiPdTaOx_post,59.3,2.07
NiPdTaOx_post,59.31,2.053
NiPdTaOx_post,59.32,2.08
NiPdTaOx_post,59.33,2.111
NiPdTaOx_post,59.34,2.161
NiPdTaOx_post,59.35,2.071
NiPdTaOx_post,59.36,1.93
NiPdTaOx_post,59.37,1.885
NiPdTaOx_post,59.38,2.009
NiPdTaOx_post,59.39,2.099
NiPdTaOx_post,59.4,2.118
NiPdTaOx_post,59.41,2.043
NiPdTaOx_post,59.42,1.922
NiPdTaOx_post,59.43,1.921
NiPdTaOx_post,59.44,2.029
NiPdTaOx_post,59.45,2.101
NiPdTaOx_post,59.46,2.067
NiPdTaOx_post,59.47,2.068
NiPdTaOx_post,59.48,2.036
NiPdTaOx_post,59.49,1.983
NiPdTaOx_post,59.5,1.898
NiPdTaOx_post,59.51,1.92
NiPdTaOx_post,59.52,1.986
NiPdTaOx_post,59.53,2.009
NiPdTaOx_post,59.54,1.989
NiPdTaOx_post,59.55,1.983
NiPdTaOx_post,59.56,2.059
NiPdTaOx_post,59.57,2.117
NiPdTaOx_post,59.58,2.033
NiPdTaOx_post,59.59,1.887
NiPdTaOx_post,59.6,1.955
NiPdTaOx_post,59.61,2.051
NiPdTaOx_post,59.62,2.136
NiPdTaOx_post,59.63,2.011
NiPdTaOx_post,59.64,2.009
NiPdTaOx_post,59.65,1.984
NiPdTaOx_post,59.66,1.942
NiPdTaOx_post,59.67,1.962
NiPdTaOx_post,59.68,1.969
NiPdTaOx_post,59.69,1.949
NiPdTaOx_post,59.7,1.978
NiPdTaOx_post,59.71,2.029
NiPdTaOx_post,59.72,2.076
NiPdTaOx_post,59.73,2.03
NiPdTaOx_post,59.74,1.993
NiPdTaOx_post,59.75,2.077
NiPdTaOx_post,59.76,2.102
NiPdTaOx_post,59.77,2.073
NiPdTaOx_post,59.78,1.948
NiPdTaOx_post,59.79,1.913
NiPdTaOx_post,59.8,1.98
NiPdTaOx_post,59.81,2.037
NiPdTaOx_post,59.82,2.08
NiPdTaOx_post,59.83,2.014
NiPdTaOx_post,59.84,1.981
NiPdTaOx_post,59.85,1.862
NiPdTaOx_post,59.86,1.934
NiPdTaOx_post,59.87,1.992
NiPdTaOx_post,59.88,2.118
NiPdTaOx_post,59.89,2.045
NiPdTaOx_post,59.9,2.022
NiPdTaOx_post,59.91,2.055
NiPdTaOx_post,59.92,2.164
NiPdTaOx_post,59.93,2.195
NiPdTaOx_post,59.94,2.091
NiPdTaOx_post,59.95,2.032
NiPdTaOx_post,59.96,2.038
NiPdTaOx_post,59.97,2.1
NiPdTaOx_post,59.98,2.1
NiPdTaOx_post,59.99,2.05
NiPdTaOx_post,60.0,1.976
NiPdTaOx_post,60.01,1.927
NiPdTaOx_post,60.02,2.01
NiPdTaOx_post,60.03,2.074
NiPdTaOx_post,60.04,2.088
NiPdTaOx_post,60.05,2.046
NiPdTaOx_post,60.06,2.053
NiPdTaOx_post,60.07,2.069
NiPdTaOx_post,60.08,2.133
NiPdTaOx_post,60.09,2.101
NiPdTaOx_post,60.1,2.11
NiPdTaOx_post,60.11,1.981
NiPdTaOx_post,60.12,2.016
NiPdTaOx_post,60.13,2.132
NiPdTaOx_post,60.14,2.239
NiPdTaOx_post,60.15,2.246
NiPdTaOx_post,60.16,2.136
NiPdTaOx_post,60.17,2.093
NiPdTaOx_post,60.18,2.027
NiPdTaOx_post,60.19,2.123
NiPdTaOx_post,60.2,2.166
NiPdTaOx_post,60.21,2.199
NiPdTaOx_post,60.22,2.106
NiPdTaOx_post,60.23,2.125
NiPdTaOx_post,60.24,2.104
NiPdTaOx_post,60.25,2.122
NiPdTaOx_post,60.26,2.11
NiPdTaOx_post,60.27,2.178
NiPdTaOx_post,60.28,2.204
NiPdTaOx_post,60.29,2.118
NiPdTaOx_post,60.3,2.059
NiPdTaOx_post,60.31,2.055
NiPdTaOx_post,60.32,2.054
NiPdTaOx_post,60.33,2.086
NiPdTaOx_post,60.34,2.104
NiPdTaOx_post,60.35,2.13
NiPdTaOx_post,60.36,2.093
NiPdTaOx_post,60.37,2.022
NiPdTaOx_post,60.38,2.042
NiPdTaOx_post,60.39,2.124
NiPdTaOx_post,60.4,2.174
NiPdTaOx_post,60.41,2.163
NiPdTaOx_post,60.42,2.172
NiPdTaOx_post,60.43,2.232
NiPdTaOx_post,60.44,2.148
NiPdTaOx_post,60.45,2.175
NiPdTaOx_post,60.46,2.191
NiPdTaOx_post,60.47,2.243
NiPdTaOx_post,60.48,2.185
NiPdTaOx_post,60.49,2.152
NiPdTaOx_post,60.5,2.073
NiPdTaOx_post,60.51,2.035
NiPdTaOx_post,60.52,1.995
NiPdTaOx_post,60.53,2.122
NiPdTaOx_post,60.54,2.281
NiPdTaOx_post,60.55,2.377
NiPdTaOx_post,60.56,2.329
NiPdTaOx_post,60.57,2.211
NiPdTaOx_post,60.58,2.148
NiPdTaOx_post,60.59,2.145
NiPdTaOx_post,60.6,2.149
NiPdTaOx_post,60.61,2.122
NiPdTaOx_post,60.62,2.09
NiPdTaOx_post,60.63,2.182
NiPdTaOx_post,60.64,2.249
NiPdTaOx_post,60.65,2.227
NiPdTaOx_post,60.66,2.227
NiPdTaOx_post,60.67,2.132
NiPdTaOx_post,60.68,2.109
NiPdTaOx_post,60.69,2.029
NiPdTaOx_post,60.7,2.053
NiPdTaOx_post,60.71,2.041
NiPdTaOx_post,60.72,2.075
NiPdTaOx_post,60.73,2.165
NiPdTaOx_post,60.74,2.251
NiPdTaOx_post,60.75,2.273
NiPdTaOx_post,60.76,2.23
NiPdTaOx_post,60.77,2.252
NiPdTaOx_post,60.78,2.246
NiPdTaOx_post,60.79,2.112
NiPdTaOx_post,60.8,2.035
NiPdTaOx_post,60.81,2.109
NiPdTaOx_post,60.82,2.183
NiPdTaOx_post,60.83,2.232
NiPdTaOx_post,60.84,2.247
NiPdTaOx_post,60.85,2.14
NiPdTaOx_post,60.86,1.984
NiPdTaOx_post,60.87,1.921
NiPdTaOx_post,60.88,2.04
NiPdTaOx_post,60.89,2.157
NiPdTaOx_post,60.9,2.186
NiPdTaOx_post,60.91,2.166
NiPdTaOx_post,60.92,2.249
NiPdTaOx_post,60.93,2.275
NiPdTaOx_post,60.94,2.232
NiPdTaOx_post,60.95,2.155
NiPdTaOx_post,60.96,2.142
NiPdTaOx_post,60.97,2.227
NiPdTaOx_post,60.98,2.335
NiPdTaOx_post,60.99,2.304
NiPdTaOx_post,61.0,2.238
NiPdTaOx_post,61.01,2.187
NiPdTaOx_post,61.02,2.187
NiPdTaOx_post,61.03,2.192
NiPdTaOx_post,61.04,2.18
NiPdTaOx_post,61.05,2.245
NiPdTaOx_post,61.06,2.274
NiPdTaOx_post,61.07,2.378
NiPdTaOx_post,61.08,2.346
NiPdTaOx_post,61.09,2.3
NiPdTaOx_post,61.1,2.206
NiPdTaOx_post,61.11,2.134
NiPdTaOx_post,61.12,2.115
NiPdTaOx_post,61.13,2.144
NiPdTaOx_post,61.14,2.197
NiPdTaOx_post,61.15,2.205
NiPdTaOx_post,61.16,2.199
NiPdTaOx_post,61.17,2.188
NiPdTaOx_post,61.18,2.282
NiPdTaOx_post,61.19,2.256
NiPdTaOx_post,61.2,2.191
NiPdTaOx_post,61.21,2.156
NiPdTaOx_post,61.22,2.159
NiPdTaOx_post,61.23,2.17
NiPdTaOx_post,61.24,2.107
NiPdTaOx_post,61.25,2.142
NiPdTaOx_post,61.26,2.162
NiPdTaOx_post,61.27,2.114
NiPdTaOx_post,61.28,2.101
NiPdTaOx_post,61.29,2.123
NiPdTaOx_post,61.3,2.199
NiPdTaOx_post,61.31,2.214
NiPdTaOx_post,61.32,2.143
NiPdTaOx_post,61.33,2.164
NiPdTaOx_post,61.34,2.245
NiPdTaOx_post,61.35,2.256
NiPdTaOx_post,61.36,2.205
NiPdTaOx_post,61.37,2.148
NiPdTaOx_post,61.38,2.135
NiPdTaOx_post,61.39,2.175
NiPdTaOx_post,61.4,2.223
NiPdTaOx_post,61.41,2.164
NiPdTaOx_post,61.42,2.165
NiPdTaOx_post,61.43,2.205
NiPdTaOx_post,61.44,2.169
NiPdTaOx_post,61.45,2.23
NiPdTaOx_post,61.46,2.252
NiPdTaOx_post,61.47,2.329
NiPdTaOx_post,61.48,2.324
NiPdTaOx_post,61.49,2.368
NiPdTaOx_post,61.5,2.292
NiPdTaOx_post,61.51,2.257
NiPdTaOx_post,61.52,2.327
NiPdTaOx_post,61.53,2.306
NiPdTaOx_post,61.54,2.277
NiPdTaOx_post,61.55,2.261
NiPdTaOx_post,61.56,2.196
NiPdTaOx_post,61.57,2.177
NiPdTaOx_post,61.58,2.235
NiPdTaOx_post,61.59,2.375
NiPdTaOx_post,61.6,2.361
NiPdTaOx_post,61.61,2.35
NiPdTaOx_post,61.62,2.271
NiPdTaOx_post,61.63,2.282
NiPdTaOx_post,61.64,2.23
NiPdTaOx_post,61.65,2.138
NiPdTaOx_post,61.66,2.057
NiPdTaOx_post,61.67,2.121
NiPdTaOx_post,61.68,2.252
NiPdTaOx_post,61.69,2.302
NiPdTaOx_post,61.7,2.28
NiPdTaOx_post,61.71,2.276
NiPdTaOx_post,61.72,2.236
NiPdTaOx_post,61.73,2.218
NiPdTaOx_post,61.74,2.22
NiPdTaOx_post,61.75,2.179
NiPdTaOx_post,61.76,2.113
NiPdTaOx_post,61.77,2.131
NiPdTaOx_post,61.78,2.215
NiPdTaOx_post,61.79,2.326
NiPdTaOx_post,61.8,2.307
NiPdTaOx_post,61.81,2.29
NiPdTaOx_post,61.82,2.337
NiPdTaOx_post,61.83,2.364
NiPdTaOx_post,61.84,2.328
NiPdTaOx_post,61.85,2.34
NiPdTaOx_post,61.86,2.365
NiPdTaOx_post,61.87,2.34
NiPdTaOx_post,61.88,2.229
NiPdTaOx_post,61.89,2.19
NiPdTaOx_post,61.9,2.285
NiPdTaOx_post,61.91,2.332
NiPdTaOx_post,61.92,2.319
NiPdTaOx_post,61.93,2.245
NiPdTaOx_post,61.94,2.236
NiPdTaOx_post,61.95,2.158
NiPdTaOx_post,61.96,2.138
NiPdTaOx_post,61.97,2.204
NiPdTaOx_post,61.98,2.283
NiPdTaOx_post,61.99,2.26
NiPdTaOx_post,62.0,2.339
NiPdTaOx_post,62.01,2.401
NiPdTaOx_post,62.02,2.413
NiPdTaOx_post,62.03,2.35
NiPdTaOx_post,62.04,2.282
NiPdTaOx_post,62.05,2.333
NiPdTaOx_post,62.06,2.278
NiPdTaOx_post,62.07,2.262
NiPdTaOx_post,62.08,2.103
NiPdTaOx_post,62.09,2.058
NiPdTaOx_post,62.1,2.084
NiPdTaOx_post,62.11,2.145
NiPdTaOx_post,62.12,2.109
NiPdTaOx_post,62.13,2.049
NiPdTaOx_post,62.14,2.117
NiPdTaOx_post,62.15,2.216
NiPdTaOx_post,62.16,2.31
NiPdTaOx_post,62.17,2.205
NiPdTaOx_post,62.18,2.187
NiPdTaOx_post,62.19,2.14
NiPdTaOx_post,62.2,2.194
NiPdTaOx_post,62.21,2.227
NiPdTaOx_post,62.22,2.176
NiPdTaOx_post,62.23,2.15
NiPdTaOx_post,62.24,2.203
NiPdTaOx_post,62.25,2.306
NiPdTaOx_post,62.26,2.354
NiPdTaOx_post,62.27,2.254
NiPdTaOx_post,62.28,2.148
NiPdTaOx_post,62.29,2.173
NiPdTaOx_post,62.3,2.24
NiPdTaOx_post,62.31,2.249
NiPdTaOx_post,62.32,2.268
NiPdTaOx_post,62.33,2.306
NiPdTaOx_post,62.34,2.266
NiPdTaOx_post,62.35,2.208
NiPdTaOx_post,62.36,2.211
NiPdTaOx_post,62.37,2.23
NiPdTaOx_post,62.38,2.191
NiPdTaOx_post,62.39,2.142
NiPdTaOx_post,62.4,2.201
NiPdTaOx_post,62.41,2.234
NiPdTaOx_post,62.42,2.218
NiPdTaOx_post,62.43,2.08
NiPdTaOx_post,62.44,2.118
NiPdTaOx_post,62.45,2.19
NiPdTaOx_post,62.46,2.209
NiPdTaOx_post,62.47,2.188
NiPdTaOx_post,62.48,2.189
NiPdTaOx_post,62.49,2.197
NiPdTaOx_post,62.5,2.099
NiPdTaOx_post,62.51,2.076
NiPdTaOx_post,62.52,2.146
NiPdTaOx_post,62.53,2.168
NiPdTaOx_post,62.54,2.195
NiPdTaOx_post,62.55,2.1
NiPdTaOx_post,62.56,2.076
NiPdTaOx_post,62.57,2.029
NiPdTaOx_post,62.58,2.155
NiPdTaOx_post,62.59,2.126
NiPdTaOx_post,62.6,2.058
NiPdTaOx_post,62.61,1.982
NiPdTaOx_post,62.62,2.012
NiPdTaOx_post,62.63,2.132
NiPdTaOx_post,62.64,2.179
NiPdTaOx_post,62.65,2.191
NiPdTaOx_post,62.66,2.165
NiPdTaOx_post,62.67,2.134
NiPdTaOx_post,62.68,2.201
NiPdTaOx_post,62.69,2.169
NiPdTaOx_post,62.7,2.139
NiPdTaOx_post,62.71,1.992
NiPdTaOx_post,62.72,2.06
NiPdTaOx_post,62.73,2.138
NiPdTaOx_post,62.74,2.244
NiPdTaOx_post,62.75,2.164
NiPdTaOx_post,62.76,2.072
NiPdTaOx_post,62.77,2.082
NiPdTaOx_post,62.78,2.07
NiPdTaOx_post,62.79,2.069
NiPdTaOx_post,62.8,2.147
NiPdTaOx_post,62.81,2.246
NiPdTaOx_post,62.82,2.187
NiPdTaOx_post,62.83,2.076
NiPdTaOx_post,62.84,2.102
NiPdTaOx_post,62.85,2.125
NiPdTaOx_post,62.86,2.121
NiPdTaOx_post,62.87,2.166
NiPdTaOx_post,62.88,2.128
NiPdTaOx_post,62.89,2.145
NiPdTaOx_post,62.9,2.19
NiPdTaOx_post,62.91,2.239
NiPdTaOx_post,62.92,2.199
NiPdTaOx_post,62.93,2.099
NiPdTaOx_post,62.94,2.087
NiPdTaOx_post,62.95,1.993
NiPdTaOx_post,62.96,2.072
NiPdTaOx_post,62.97,2.049
NiPdTaOx_post,62.98,2.015
NiPdTaOx_post,62.99,1.931
NiPdTaOx_post,63.0,1.95
NiPdTaOx_post,63.01,1.897
NiPdTaOx_post,63.02,1.96
NiPdTaOx_post,63.03,2.05
NiPdTaOx_post,63.04,2.108
NiPdTaOx_post,63.05,2.046
NiPdTaOx_post,63.06,2.102
NiPdTaOx_post,63.07,2.17
NiPdTaOx_post,63.08,2.173
NiPdTaOx_post,63.09,2.027
NiPdTaOx_post,63.1,1.959
NiPdTaOx_post,63.11,1.961
NiPdTaOx_post,63.12,2.0
NiPdTaOx_post,63.13,2.111
NiPdTaOx_post,63.14,2.195
NiPdTaOx_post,63.15,2.133
NiPdTaOx_post,63.16,1.986
NiPdTaOx_post,63.17,1.874
NiPdTaOx_post,63.18,1.903
NiPdTaOx_post,63.19,1.983
NiPdTaOx_post,63.2,2.065
NiPdTaOx_post,63.21,2.045
NiPdTaOx_post,63.22,2.097
NiPdTaOx_post,63.23,2.117
NiPdTaOx_post,63.24,2.123
NiPdTaOx_post,63.25,2.007
NiPdTaOx_post,63.26,1.996
NiPdTaOx_post,63.27,2.044
NiPdTaOx_post,63.28,2.079
NiPdTaOx_post,63.29,2.037
NiPdTaOx_post,63.3,1.972
NiPdTaOx_post,63.31,1.973
NiPdTaOx_post,63.32,1.986
NiPdTaOx_post,63.33,1.964
NiPdTaOx_post,63.34,2.046
NiPdTaOx_post,63.35,2.093
NiPdTaOx_post,63.36,2.119
NiPdTaOx_post,63.37,2.016
NiPdTaOx_post,63.38,1.997
NiPdTaOx_post,63.39,1.998
NiPdTaOx_post,63.4,2.023
NiPdTaOx_post,63.41,2.035
NiPdTaOx_post,63.42,1.95
NiPdTaOx_post,63.43,1.858
NiPdTaOx_post,63.44,1.887
NiPdTaOx_post,63.45,1.88
NiPdTaOx_post,63.46,1.864
NiPdTaOx_post,63.47,1.949
NiPdTaOx_post,63.48,2.02
NiPdTaOx_post,63.49,1.993
NiPdTaOx_post,63.5,1.988
NiPdTaOx_post,63.51,2.022
NiPdTaOx_post,63.52,1.965
NiPdTaOx_post,63.53,1.867
NiPdTaOx_post,63.54,1.86
NiPdTaOx_post,63.55,1.964
NiPdTaOx_post,63.56,2.066
NiPdTaOx_post,63.57,2.003
NiPdTaOx_post,63.58,1.894
NiPdTaOx_post,63.59,1.883
NiPdTaOx_post,63.6,1.882
NiPdTaOx_post,63.61,1.834
NiPdTaOx_post,63.62,1.855
NiPdTaOx_post,63.63,1.878
NiPdTaOx_post,63.64,1.91
NiPdTaOx_post,63.65,1.946
NiPdTaOx_post,63.66,1.996
NiPdTaOx_post,63.67,2.019
NiPdTaOx_post,63.68,1.956
NiPdTaOx_post,63.69,1.962
NiPdTaOx_post,63.7,1.842
NiPdTaOx_post,63.71,1.791
NiPdTaOx_post,63.72,1.798
NiPdTaOx_post,63.73,1.913
NiPdTaOx_post,63.74,1.929
NiPdTaOx_post,63.75,1.935
NiPdTaOx_post,63.76,2.039
NiPdTaOx_post,63.77,2.045
NiPdTaOx_post,63.78,2.007
NiPdTaOx_post,63.79,1.913
NiPdTaOx_post,63.8,1.867
NiPdTaOx_post,63.81,1.909
NiPdTaOx_post,63.82,1.839
NiPdTaOx_post,63.83,1.872
NiPdTaOx_post,63.84,1.805
NiPdTaOx_post,63.85,1.806
NiPdTaOx_post,63.86,1.809
NiPdTaOx_post,63.87,1.844
NiPdTaOx_post,63.88,1.906
NiPdTaOx_post,63.89,1.921
NiPdTaOx_post,63.9,1.981
NiPdTaOx_post,63.91,1.893
NiPdTaOx_post,63.92,1.856
NiPdTaOx_post,63.93,1.753
NiPdTaOx_post,63.94,1.745
NiPdTaOx_post,63.95,1.832
NiPdTaOx_post,63.96,1.897
NiPdTaOx_post,63.97,1.99
NiPdTaOx_post,63.98,2.039
NiPdTaOx_post,63.99,2.033
NiPdTaOx_post,64.0,1.996
NiPdTaOx_post,64.01,2.085
NiPdTaOx_post,64.02,2.218
NiPdTaOx_post,64.03,2.114
NiPdTaOx_post,64.04,1.991
NiPdTaOx_post,64.05,1.869
NiPdTaOx_post,64.06,1.864
NiPdTaOx_post,64.07,2.082
PdOx_pre,16.1,6.618
PdOx_pre,16.11,6.758
PdOx_pre,16.12,6.633
PdOx_pre,16.13,6.318
PdOx_pre,16.14,6.218
PdOx_pre,16.15,5.949
PdOx_pre,16.16,5.627
PdOx_pre,16.17,5.482
PdOx_pre,16.18,5.584
PdOx_pre,16.19,5.61
PdOx_pre,16.2,5.46
PdOx_pre,16.21,5.501
PdOx_pre,16.22,5.47
PdOx_pre,16.23,5.514
PdOx_pre,16.24,5.185
PdOx_pre,16.25,5.14
PdOx_pre,16.26,4.973
PdOx_pre,16.27,4.871
PdOx_pre,16.28,5.033
PdOx_pre,16.29,5.126
PdOx_pre,16.3,5.097
PdOx_pre,16.31,4.958
PdOx_pre,16.32,4.969
PdOx_pre,16.33,5.012
PdOx_pre,16.34,5.121
PdOx_pre,16.35,5.316
PdOx_pre,16.36,5.105
PdOx_pre,16.37,4.923
PdOx_pre,16.38,4.945
PdOx_pre,16.39,5.08
PdOx_pre,16.4,5.044
PdOx_pre,16.41,5.061
PdOx_pre,16.42,5.196
PdOx_pre,16.43,5.31
PdOx_pre,16.44,5.102
PdOx_pre,16.45,5.014
PdOx_pre,16.46,4.971
PdOx_pre,16.47,5.038
PdOx_pre,16.48,5.04
PdOx_pre,16.49,5.123
PdOx_pre,16.5,5.202
PdOx_pre,16.51,5.247
PdOx_pre,16.52,5.156
PdOx_pre,16.53,5.137
PdOx_pre,16.54,5.11
PdOx_pre,16.55,5.18
PdOx_pre,16.56,5.118
PdOx_pre,16.57,5.083
PdOx_pre,16.58,5.067
PdOx_pre,16.59,5.245
PdOx_pre,16.6,5.296
PdOx_pre,16.61,5.127
PdOx_pre,16.62,4.931
PdOx_pre,16.63,4.907
PdOx_pre,16.64,4.918
PdOx_pre,16.65,5.07
PdOx_pre,16.66,5.141
PdOx_pre,16.67,5.265
PdOx_pre,16.68,5.076
PdOx_pre,16.69,4.952
PdOx_pre,16.7,4.881
PdOx_pre,16.71,4.971
PdOx_pre,16.72,5.139
PdOx_pre,16.73,5.306
PdOx_pre,16.74,5.314
PdOx_pre,16.75,5.107
PdOx_pre,16.76,4.934
PdOx_pre,16.77,4.93
PdOx_pre,16.78,4.976
PdOx_pre,16.79,5.131
PdOx_pre,16.8,5.092
PdOx_pre,16.81,5.006
PdOx_pre,16.82,4.948
PdOx_pre,16.83,4.949
PdOx_pre,16.84,4.903
PdOx_pre,16.85,4.963
PdOx_pre,16.86,4.991
PdOx_pre,16.87,4.962
PdOx_pre,16.88,4.885
PdOx_pre,16.89,4.894
PdOx_pre,16.9,4.998
PdOx_pre,16.91,5.089
PdOx_pre,16.92,5.116
PdOx_pre,16.93,5.005
PdOx_pre,16.94,4.909
PdOx_pre,16.95,4.931
PdOx_pre,16.96,4.807
PdOx_pre,16.97,4.892
PdOx_pre,16.98,4.864
PdOx_pre,16.99,5.031
PdOx_pre,17.0,4.941
PdOx_pre,17.01,4.861
PdOx_pre,17.02,4.817
PdOx_pre,17.03,4.911
PdOx_pre,17.04,4.924
PdOx_pre,17.05,4.906
PdOx_pre,17.06,5.004
PdOx_pre,17.07,5.122
PdOx_pre,17.08,5.074
PdOx_pre,17.09,5.051
PdOx_pre,17.1,4.939
PdOx_pre,17.11,4.805
PdOx_pre,17.12,4.732
PdOx_pre,17.13,4.928
PdOx_pre,17.14,5.09
PdOx_pre,17.15,5.174
PdOx_pre,17.16,5.091
PdOx_pre,17.17,5.029
PdOx_pre,17.18,4.922
PdOx_pre,17.19,4.968
PdOx_pre,17.2,4.927
PdOx_pre,17.21,4.945
PdOx_pre,17.22,5.027
PdOx_pre,17.23,5.075
PdOx_pre,17.24,4.973
PdOx_pre,17.25,4.868
PdOx_pre,17.26,4.95
PdOx_pre,17.27,5.045
PdOx_pre,17.28,5.048
PdOx_pre,17.29,4.995
PdOx_pre,17.3,4.983
PdOx_pre,17.31,4.947
PdOx_pre,17.32,4.917
PdOx_pre,17.33,4.761
PdOx_pre,17.34,4.756
PdOx_pre,17.35,4.806
PdOx_pre,17.36,4.817
PdOx_pre,17.37,4.94
PdOx_pre,17.38,4.951
PdOx_pre,17.39,4.861
PdOx_pre,17.4,4.702
PdOx_pre,17.41,4.75
PdOx_pre,17.42,4.947
PdOx_pre,17.43,4.931
PdOx_pre,17.44,4.937
PdOx_pre,17.45,4.949
PdOx_pre,17.46,5.113
PdOx_pre,17.47,5.161
PdOx_pre,17.48,5.188
PdOx_pre,17.49,5.043
PdOx_pre,17.5,4.883
PdOx_pre,17.51,4.87
PdOx_pre,17.52,4.893
PdOx_pre,17.53,4.921
PdOx_pre,17.54,4.875
PdOx_pre,17.55,4.933
PdOx_pre,17.56,4.854
PdOx_pre,17.57,4.843
PdOx_pre,17.58,4.904
PdOx_pre,17.59,5.025
PdOx_pre,17.6,5.104
PdOx_pre,17.61,5.17
PdOx_pre,17.62,5.047
PdOx_pre,17.63,5.015
PdOx_pre,17.64,4.984
PdOx_pre,17.65,5.014
PdOx_pre,17.66,4.99
PdOx_pre,17.67,4.991
PdOx_pre,17.68,4.855
PdOx_pre,17.69,4.775
PdOx_pre,17.7,4.825
PdOx_pre,17.71,4.79
PdOx_pre,17.72,4.784
PdOx_pre,17.73,4.785
PdOx_pre,17.74,4.859
PdOx_pre,17.75,4.881
PdOx_pre,17.76,4.793
PdOx_pre,17.77,4.888
PdOx_pre,17.78,4.938
PdOx_pre,17.79,4.944
PdOx_pre,17.8,4.902
PdOx_pre,17.81,4.984
PdOx_pre,17.82,5.041
PdOx_pre,17.83,5.043
PdOx_pre,17.84,4.954
PdOx_pre,17.85,4.925
PdOx_pre,17.86,4.976
PdOx_pre,17.87,5.054
PdOx_pre,17.88,4.99
PdOx_pre,17.89,5.026
PdOx_pre,17.9,4.968
PdOx_pre,17.91,4.982
PdOx_pre,17.92,4.924
PdOx_pre,17.93,4.914
PdOx_pre,17.94,4.907
PdOx_pre,17.95,4.887
PdOx_pre,17.96,4.967
PdOx_pre,17.97,5.026
PdOx_pre,17.98,5.073
PdOx_pre,17.99,4.957
PdOx_pre,18.0,4.944
PdOx_pre,18.01,4.895
PdOx_pre,18.02,4.956
PdOx_pre,18.03,4.902
PdOx_pre,18.04,4.859
PdOx_pre,18.05,4.946
PdOx_pre,18.06,4.977
PdOx_pre,18.07,4.974
PdOx_pre,18.08,4.908
PdOx_pre,18.09,4.909
PdOx_pre,18.1,4.918
PdOx_pre,18.11,4.933
PdOx_pre,18.12,5.01
PdOx_pre,18.13,5.012
PdOx_pre,18.14,5.139
PdOx_pre,18.15,5.08
PdOx_pre,18.16,4.937
PdOx_pre,18.17,4.744
PdOx_pre,18.18,4.687
PdOx_pre,18.19,4.777
PdOx_pre,18.2,4.771
PdOx_pre,18.21,4.787
PdOx_pre,18.22,4.84
PdOx_pre,18.23,5.012
PdOx_pre,18.24,5.014
PdOx_pre,18.25,4.991
PdOx_pre,18.26,4.909
PdOx_pre,18.27,4.951
PdOx_pre,18.28,4.948
PdOx_pre,18.29,4.889
PdOx_pre,18.3,4.903
PdOx_pre,18.31,4.969
PdOx_pre,18.32,4.894
PdOx_pre,18.33,4.763
PdOx_pre,18.34,4.763
PdOx_pre,18.35,4.889
PdOx_pre,18.36,4.952
PdOx_pre,18.37,4.921
PdOx_pre,18.38,4.783
PdOx_pre,18.39,4.817
PdOx_pre,18.4,4.931
PdOx_pre,18.41,5.014
PdOx_pre,18.42,4.983
PdOx_pre,18.43,4.938
PdOx_pre,18.44,4.896
PdOx_pre,18.45,4.871
PdOx_pre,18.46,4.857
PdOx_pre,18.47,4.826
PdOx_pre,18.48,4.891
PdOx_pre,18.49,5.134
PdOx_pre,18.5,5.239
PdOx_pre,18.51,5.263
PdOx_pre,18.52,5.109
PdOx_pre,18.53,5.036
PdOx_pre,18.54,4.931
PdOx_pre,18.55,4.829
PdOx_pre,18.56,4.817
PdOx_pre,18.57,4.852
PdOx_pre,18.58,4.911
PdOx_pre,18.59,5.019
PdOx_pre,18.6,5.223
PdOx_pre,18.61,5.163
PdOx_pre,18.62,5.033
PdOx_pre,18.63,4.935
PdOx_pre,18.64,4.941
PdOx_pre,18.65,4.958
PdOx_pre,18.66,4.917
PdOx_pre,18.67,4.999
PdOx_pre,18.68,5.179
PdOx_pre,18.69,5.167
PdOx_pre,18.7,5.048
PdOx_pre,18.71,4.841
PdOx_pre,18.72,4.798
PdOx_pre,18.73,4.776
PdOx_pre,18.74,4.769
PdOx_pre,18.75,4.842
PdOx_pre,18.76,5.0
PdOx_pre,18.77,5.116
PdOx_pre,18.78,5.098
PdOx_pre,18.79,5.069
PdOx_pre,18.8,4.976
PdOx_pre,18.81,4.846
PdOx_pre,18.82,4.751
PdOx_pre,18.83,4.811
PdOx_pre,18.84,4.782
PdOx_pre,18.85,4.726
PdOx_pre,18.86,4.666
PdOx_pre,18.87,4.64
PdOx_pre,18.88,4.8
PdOx_pre,18.89,4.998
PdOx_pre,18.9,5.162
PdOx_pre,18.91,5.108
PdOx_pre,18.92,5.028
PdOx_pre,18.93,4.954
PdOx_pre,18.94,4.85
PdOx_pre,18.95,4.943
PdOx_pre,18.96,4.97
PdOx_pre,18.97,4.944
PdOx_pre,18.98,4.832
PdOx_pre,18.99,4.916
PdOx_pre,19.0,5.055
PdOx_pre,19.01,4.933
PdOx_pre,19.02,4.794
PdOx_pre,19.03,4.695
PdOx_pre,19.04,4.786
PdOx_pre,19.05,4.992
PdOx_pre,19.06,5.06
PdOx_pre,19.07,5.178
PdOx_pre,19.08,5.131
PdOx_pre,19.09,5.094
PdOx_pre,19.1,4.824
PdOx_pre,19.11,4.831
PdOx_pre,19.12,4.93
PdOx_pre,19.13,5.091
PdOx_pre,19.14,4.954
PdOx_pre,19.15,4.918
PdOx_pre,19.16,4.955
PdOx_pre,19.17,5.13
PdOx_pre,19.18,5.187
PdOx_pre,19.19,5.226
PdOx_pre,19.2,5.195
PdOx_pre,19.21,5.146
PdOx_pre,19.22,5.082
PdOx_pre,19.23,5.038
PdOx_pre,19.24,4.913
PdOx_pre,19.25,4.844
PdOx_pre,19.26,4.893
PdOx_pre,19.27,4.946
PdOx_pre,19.28,4.869
PdOx_pre,19.29,4.925
PdOx_pre,19.3,4.89
PdOx_pre,19.31,4.906
PdOx_pre,19.32,4.789
PdOx_pre,19.33,4.747
PdOx_pre,19.34,4.725
PdOx_pre,19.35,4.816
PdOx_pre,19.36,4.972
PdOx_pre,19.37,5.156
PdOx_pre,19.38,5.278
PdOx_pre,19.39,5.225
PdOx_pre,19.4,5.128
PdOx_pre,19.41,5.024
PdOx_pre,19.42,4.974
PdOx_pre,19.43,5.041
PdOx_pre,19.44,4.96
PdOx_pre,19.45,4.841
PdOx_pre,19.46,4.736
PdOx_pre,19.47,4.703
PdOx_pre,19.48,4.75
PdOx_pre,19.49,4.828
PdOx_pre,19.5,4.91
PdOx_pre,19.51,4.874
PdOx_pre,19.52,4.901
PdOx_pre,19.53,5.028
PdOx_pre,19.54,5.205
PdOx_pre,19.55,5.134
PdOx_pre,19.56,5.116
PdOx_pre,19.57,4.986
PdOx_pre,19.58,4.914
PdOx_pre,19.59,4.907
PdOx_pre,19.6,5.086
PdOx_pre,19.61,5.162
PdOx_pre,19.62,5.086
PdOx_pre,19.63,5.012
PdOx_pre,19.64,5.102
PdOx_pre,19.65,5.127
PdOx_pre,19.66,4.975
PdOx_pre,19.67,4.83
PdOx_pre,19.68,4.835
PdOx_pre,19.69,4.952
PdOx_pre,19.7,4.991
PdOx_pre,19.71,5.0
PdOx_pre,19.72,5.042
PdOx_pre,19.73,5.038
PdOx_pre,19.74,5.107
PdOx_pre,19.75,5.161
PdOx_pre,19.76,5.076
PdOx_pre,19.77,4.998
PdOx_pre,19.78,5.02
PdOx_pre,19.79,5.058
PdOx_pre,19.8,4.975
PdOx_pre,19.81,4.965
PdOx_pre,19.82,5.004
PdOx_pre,19.83,5.078
PdOx_pre,19.84,5.07
PdOx_pre,19.85,5.117
PdOx_pre,19.86,5.072
PdOx_pre,19.87,4.942
PdOx_pre,19.88,4.945
PdOx_pre,19.89,5.006
PdOx_pre,19.9,5.04
PdOx_pre,19.91,4.871
PdOx_pre,19.92,4.828
PdOx_pre,19.93,4.916
PdOx_pre,19.94,5.007
PdOx_pre,19.95,4.927
PdOx_pre,19.96,4.96
PdOx_pre,19.97,5.015
PdOx_pre,19.98,5.034
PdOx_pre,19.99,4.997
PdOx_pre,20.0,4.899
PdOx_pre,20.01,4.933
PdOx_pre,20.02,4.871
PdOx_pre,20.03,4.897
PdOx_pre,20.04,4.955
PdOx_pre,20.05,5.055
PdOx_pre,20.06,5.018
PdOx_pre,20.07,4.959
PdOx_pre,20.08,4.981
PdOx_pre,20.09,4.998
PdOx_pre,20.1,4.937
PdOx_pre,20.11,4.881
PdOx_pre,20.12,4.878
PdOx_pre,20.13,4.963
PdOx_pre,20.14,4.917
PdOx_pre,20.15,4.941
PdOx_pre,20.16,4.916
PdOx_pre,20.17,5.05
PdOx_pre,20.18,5.199
PdOx_pre,20.19,5.222
PdOx_pre,20.2,5.117
PdOx_pre,20.21,4.963
PdOx_pre,20.22,4.972
PdOx_pre,20.23,4.939
PdOx_pre,20.24,4.953
PdOx_pre,20.25,4.988
PdOx_pre,20.26,5.024
PdOx_pre,20.27,4.935
PdOx_pre,20.28,4.867
PdOx_pre,20.29,4.81
PdOx_pre,20.3,4.827
PdOx_pre,20.31,4.82
PdOx_pre,20.32,4.804
PdOx_pre,20.33,4.772
PdOx_pre,20.34,4.814
PdOx_pre,20.35,4.879
PdOx_pre,20.36,4.946
PdOx_pre,20.37,4.986
PdOx_pre,20.38,5.033
PdOx_pre,20.39,5.017
PdOx_pre,20.4,4.98
PdOx_pre,20.41,4.889
PdOx_pre,20.42,4.732
PdOx_pre,20.43,4.629
PdOx_pre,20.44,4.697
PdOx_pre,20.45,4.758
PdOx_pre,20.46,4.812
PdOx_pre,20.47,4.88
PdOx_pre,20.48,4.917
PdOx_pre,20.49,4.927
PdOx_pre,20.5,4.778
PdOx_pre,20.51,4.784
PdOx_pre,20.52,4.827
PdOx_pre,20.53,4.995
PdOx_pre,20.54,4.821
PdOx_pre,20.55,4.712
PdOx_pre,20.56,4.707
PdOx_pre,20.57,4.883
PdOx_pre,20.58,4.968
PdOx_pre,20.59,4.947
PdOx_pre,20.6,4.836
PdOx_pre,20.61,4.771
PdOx_pre,20.62,4.824
PdOx_pre,20.63,4.899
PdOx_pre,20.64,4.956
PdOx_pre,20.65,4.944
PdOx_pre,20.66,4.896
PdOx_pre,20.67,4.919
PdOx_pre,20.68,4.926
PdOx_pre,20.69,4.789
PdOx_pre,20.7,4.576
PdOx_pre,20.71,4.499
PdOx_pre,20.72,4.628
PdOx_pre,20.73,4.849
PdOx_pre,20.74,4.907
PdOx_pre,20.75,4.84
PdOx_pre,20.76,4.83
PdOx_pre,20.77,4.788
PdOx_pre,20.78,4.869
PdOx_pre,20.79,4.811
PdOx_pre,20.8,4.831
PdOx_pre,20.81,4.799
PdOx_pre,20.82,4.874
PdOx_pre,20.83,4.871
PdOx_pre,20.84,4.779
PdOx_pre,20.85,4.847
PdOx_pre,20.86,4.897
PdOx_pre,20.87,4.922
PdOx_pre,20.88,4.852
PdOx_pre,20.89,4.726
PdOx_pre,20.9,4.605
PdOx_pre,20.91,4.6
PdOx_pre,20.92,4.759
PdOx_pre,20.93,4.87
PdOx_pre,20.94,4.837
PdOx_pre,20.95,4.873
PdOx_pre,20.96,4.882
PdOx_pre,20.97,4.937
PdOx_pre,20.98,4.871
PdOx_pre,20.99,4.77
PdOx_pre,21.0,4.665
PdOx_pre,21.01,4.755
PdOx_pre,21.02,4.799
PdOx_pre,21.03,4.892
PdOx_pre,21.04,4.892
PdOx_pre,21.05,4.878
PdOx_pre,21.06,4.763
PdOx_pre,21.07,4.663
PdOx_pre,21.08,4.63
PdOx_pre,21.09,4.687
PdOx_pre,21.1,4.781
PdOx_pre,21.11,4.809
PdOx_pre,21.12,4.723
PdOx_pre,21.13,4.747
PdOx_pre,21.14,4.89
PdOx_pre,21.15,5.0
PdOx_pre,21.16,5.04
PdOx_pre,21.17,5.007
PdOx_pre,21.18,4.949
PdOx_pre,21.19,4.878
PdOx_pre,21.2,4.858
PdOx_pre,21.21,4.819
PdOx_pre,21.22,4.819
PdOx_pre,21.23,4.961
PdOx_pre,21.24,4.98
PdOx_pre,21.25,5.004
PdOx_pre,21.26,4.906
PdOx_pre,21.27,4.862
PdOx_pre,21.28,4.735
PdOx_pre,21.29,4.724
PdOx_pre,21.3,4.659
PdOx_pre,21.31,4.54
PdOx_pre,21.32,4.535
PdOx_pre,21.33,4.523
PdOx_pre,21.34,4.578
PdOx_pre,21.35,4.622
PdOx_pre,21.36,4.769
PdOx_pre,21.37,4.816
PdOx_pre,21.38,4.737
PdOx_pre,21.39,4.666
PdOx_pre,21.4,4.7
PdOx_pre,21.41,4.686
PdOx_pre,21.42,4.679
PdOx_pre,21.43,4.608
PdOx_pre,21.44,4.596
PdOx_pre,21.45,4.623
PdOx_pre,21.46,4.767
PdOx_pre,21.47,4.846
PdOx_pre,21.48,4.844
PdOx_pre,21.49,4.722
PdOx_pre,21.5,4.69
PdOx_pre,21.51,4.688
PdOx_pre,21.52,4.812
PdOx_pre,21.53,4.814
PdOx_pre,21.54,4.831
PdOx_pre,21.55,4.671
PdOx_pre,21.56,4.529
PdOx_pre,21.57,4.696
PdOx_pre,21.58,4.955
PdOx_pre,21.59,4.961
PdOx_pre,21.6,4.863
PdOx_pre,21.61,4.852
PdOx_pre,21.62,4.904
PdOx_pre,21.63,4.815
PdOx_pre,21.64,4.645
PdOx_pre,21.65,4.59
PdOx_pre,21.66,4.517
PdOx_pre,21.67,4.469
PdOx_pre,21.68,4.538
PdOx_pre,21.69,4.761
PdOx_pre,21.7,4.94
PdOx_pre,21.71,4.918
PdOx_pre,21.72,4.874
PdOx_pre,21.73,4.83
PdOx_pre,21.74,4.867
PdOx_pre,21.75,4.756
PdOx_pre,21.76,4.681
PdOx_pre,21.77,4.669
PdOx_pre,21.78,4.724
PdOx_pre,21.79,4.752
PdOx_pre,21.8,4.685
PdOx_pre,21.81,4.815
PdOx_pre,21.82,4.789
PdOx_pre,21.83,4.822
PdOx_pre,21.84,4.756
PdOx_pre,21.85,4.766
PdOx_pre,21.86,4.73
PdOx_pre,21.87,4.626
PdOx_pre,21.88,4.592
PdOx_pre,21.89,4.616
PdOx_pre,21.9,4.642
PdOx_pre,21.91,4.688
PdOx_pre,21.92,4.778
PdOx_pre,21.93,4.813
PdOx_pre,21.94,4.818
PdOx_pre,21.95,4.786
PdOx_pre,21.96,4.788
PdOx_pre,21.97,4.832
PdOx_pre,21.98,4.861
PdOx_pre,21.99,4.726
PdOx_pre,22.0,4.572
PdOx_pre,22.01,4.655
PdOx_pre,22.02,4.783
PdOx_pre,22.03,4.792
PdOx_pre,22.04,4.739
PdOx_pre,22.05,4.658
PdOx_pre,22.06,4.646
PdOx_pre,22.07,4.528
PdOx_pre,22.08,4.562
PdOx_pre,22.09,4.588
PdOx_pre,22.1,4.667
PdOx_pre,22.11,4.604
PdOx_pre,22.12,4.622
PdOx_pre,22.13,4.704
PdOx_pre,22.14,4.746
PdOx_pre,22.15,4.668
PdOx_pre,22.16,4.526
PdOx_pre,22.17,4.527
PdOx_pre,22.18,4.578
PdOx_pre,22.19,4.682
PdOx_pre,22.2,4.676
PdOx_pre,22.21,4.567
PdOx_pre,22.22,4.501
PdOx_pre,22.23,4.517
PdOx_pre,22.24,4.654
PdOx_pre,22.25,4.696
PdOx_pre,22.26,4.729
PdOx_pre,22.27,4.701
PdOx_pre,22.28,4.676
PdOx_pre,22.29,4.655
PdOx_pre,22.3,4.658
PdOx_pre,22.31,4.599
PdOx_pre,22.32,4.565
PdOx_pre,22.33,4.585
PdOx_pre,22.34,4.601
PdOx_pre,22.35,4.616
PdOx_pre,22.36,4.661
PdOx_pre,22.37,4.594
PdOx_pre,22.38,4.585
PdOx_pre,22.39,4.503
PdOx_pre,22.4,4.632
PdOx_pre,22.41,4.636
PdOx_pre,22.42,4.594
PdOx_pre,22.43,4.485
PdOx_pre,22.44,4.544
PdOx_pre,22.45,4.72
PdOx_pre,22.46,4.73
PdOx_pre,22.47,4.75
PdOx_pre,22.48,4.672
PdOx_pre,22.49,4.649
PdOx_pre,22.5,4.631
PdOx_pre,22.51,4.703
PdOx_pre,22.52,4.743
PdOx_pre,22.53,4.715
PdOx_pre,22.54,4.649
PdOx_pre,22.55,4.587
PdOx_pre,22.56,4.531
PdOx_pre,22.57,4.539
PdOx_pre,22.58,4.511
PdOx_pre,22.59,4.511
PdOx_pre,22.6,4.598
PdOx_pre,22.61,4.704
PdOx_pre,22.62,4.761
PdOx_pre,22.63,4.756
PdOx_pre,22.64,4.656
PdOx_pre,22.65,4.621
PdOx_pre,22.66,4.584
PdOx_pre,22.67,4.447
PdOx_pre,22.68,4.372
PdOx_pre,22.69,4.451
PdOx_pre,22.7,4.557
PdOx_pre,22.71,4.511
PdOx_pre,22.72,4.497
PdOx_pre,22.73,4.588
PdOx_pre,22.74,4.725
PdOx_pre,22.75,4.792
PdOx_pre,22.76,4.762
PdOx_pre,22.77,4.631
PdOx_pre,22.78,4.514
PdOx_pre,22.79,4.457
PdOx_pre,22.8,4.548
PdOx_pre,22.81,4.699
PdOx_pre,22.82,4.736
PdOx_pre,22.83,4.618
PdOx_pre,22.84,4.582
PdOx_pre,22.85,4.744
PdOx_pre,22.86,4.892
PdOx_pre,22.87,4.793
PdOx_pre,22.88,4.627
PdOx_pre,22.89,4.466
PdOx_pre,22.9,4.474
PdOx_pre,22.91,4.596
PdOx_pre,22.92,4.609
PdOx_pre,22.93,4.584
PdOx_pre,22.94,4.46
PdOx_pre,22.95,4.599
PdOx_pre,22.96,4.603
PdOx_pre,22.97,4.647
PdOx_pre,22.98,4.656
PdOx_pre,22.99,4.726
PdOx_pre,23.0,4.691
PdOx_pre,23.01,4.652
PdOx_pre,23.02,4.552
PdOx_pre,23.03,4.519
PdOx_pre,23.04,4.527
PdOx_pre,23.05,4.565
PdOx_pre,23.06,4.494
PdOx_pre,23.07,4.501
PdOx_pre,23.08,4.564
PdOx_pre,23.09,4.67
PdOx_pre,23.1,4.692
PdOx_pre,23.11,4.737
PdOx_pre,23.12,4.83
PdOx_pre,23.13,4.744
PdOx_pre,23.14,4.629
PdOx_pre,23.15,4.657
PdOx_pre,23.16,4.692
PdOx_pre,23.17,4.693
PdOx_pre,23.18,4.615
PdOx_pre,23.19,4.476
PdOx_pre,23.2,4.516
PdOx_pre,23.21,4.65
PdOx_pre,23.22,4.732
PdOx_pre,23.23,4.6
PdOx_pre,23.24,4.531
PdOx_pre,23.25,4.575
PdOx_pre,23.26,4.581
PdOx_pre,23.27,4.509
PdOx_pre,23.28,4.554
PdOx_pre,23.29,4.566
PdOx_pre,23.3,4.649
PdOx_pre,23.31,4.667
PdOx_pre,23.32,4.6
PdOx_pre,23.33,4.441
PdOx_pre,23.34,4.389
PdOx_pre,23.35,4.465
PdOx_pre,23.36,4.58
PdOx_pre,23.37,4.577
PdOx_pre,23.38,4.521
PdOx_pre,23.39,4.377
PdOx_pre,23.4,4.279
PdOx_pre,23.41,4.401
PdOx_pre,23.42,4.569
PdOx_pre,23.43,4.51
PdOx_pre,23.44,4.481
PdOx_pre,23.45,4.547
PdOx_pre,23.46,4.669
PdOx_pre,23.47,4.671
PdOx_pre,23.48,4.552
PdOx_pre,23.49,4.479
PdOx_pre,23.5,4.466
PdOx_pre,23.51,4.547
PdOx_pre,23.52,4.569
PdOx_pre,23.53,4.533
PdOx_pre,23.54,4.536
PdOx_pre,23.55,4.476
PdOx_pre,23.56,4.6
PdOx_pre,23.57,4.673
PdOx_pre,23.58,4.651
PdOx_pre,23.59,4.497
PdOx_pre,23.6,4.485
PdOx_pre,23.61,4.493
PdOx_pre,23.62,4.592
PdOx_pre,23.63,4.531
PdOx_pre,23.64,4.413
PdOx_pre,23.65,4.375
PdOx_pre,23.66,4.451
PdOx_pre,23.67,4.526
PdOx_pre,23.68,4.528
PdOx_pre,23.69,4.57
PdOx_pre,23.7,4.58
PdOx_pre,23.71,4.621
PdOx_pre,23.72,4.577
PdOx_pre,23.73,4.636
PdOx_pre,23.74,4.535
PdOx_pre,23.75,4.454
PdOx_pre,23.76,4.419
PdOx_pre,23.77,4.446
PdOx_pre,23.78,4.49
PdOx_pre,23.79,4.461
PdOx_pre,23.8,4.437
PdOx_pre,23.81,4.352
PdOx_pre,23.82,4.381
PdOx_pre,23.83,4.498
PdOx_pre,23.84,4.653
PdOx_pre,23.85,4.677
PdOx_pre,23.86,4.505
PdOx_pre,23.87,4.467
PdOx_pre,23.88,4.422
PdOx_pre,23.89,4.439
PdOx_pre,23.9,4.392
PdOx_pre,23.91,4.47
PdOx_pre,23.92,4.551
PdOx_pre,23.93,4.586
PdOx_pre,23.94,4.602
PdOx_pre,23.95,4.582
PdOx_pre,23.96,4.497
PdOx_pre,23.97,4.427
PdOx_pre,23.98,4.424
PdOx_pre,23.99,4.508
PdOx_pre,24.0,4.548
PdOx_pre,24.01,4.617
PdOx_pre,24.02,4.583
PdOx_pre,24.03,4.472
PdOx_pre,24.04,4.38
PdOx_pre,24.05,4.453
PdOx_pre,24.06,4.562
PdOx_pre,24.07,4.577
PdOx_pre,24.08,4.534
PdOx_pre,24.09,4.479
PdOx_pre,24.1,4.324
PdOx_pre,24.11,4.311
PdOx_pre,24.12,4.417
PdOx_pre,24.13,4.463
PdOx_pre,24.14,4.435
PdOx_pre,24.15,4.397
PdOx_pre,24.16,4.513
PdOx_pre,24.17,4.49
PdOx_pre,24.18,4.486
PdOx_pre,24.19,4.461
PdOx_pre,24.2,4.455
PdOx_pre,24.21,4.472
PdOx_pre,24.22,4.439
PdOx_pre,24.23,4.408
PdOx_pre,24.24,4.451
PdOx_pre,24.25,4.474
PdOx_pre,24.26,4.359
PdOx_pre,24.27,4.295
PdOx_pre,24.28,4.377
PdOx_pre,24.29,4.523
PdOx_pre,24.3,4.556
PdOx_pre,24.31,4.564
PdOx_pre,24.32,4.509
PdOx_pre,24.33,4.558
PdOx_pre,24.34,4.556
PdOx_pre,24.35,4.566
PdOx_pre,24.36,4.399
PdOx_pre,24.37,4.432
PdOx_pre,24.38,4.382
PdOx_pre,24.39,4.276
PdOx_pre,24.4,4.202
PdOx_pre,24.41,4.371
PdOx_pre,24.42,4.491
PdOx_pre,24.43,4.509
PdOx_pre,24.44,4.493
PdOx_pre,24.45,4.477
PdOx_pre,24.46,4.431
PdOx_pre,24.47,4.401
PdOx_pre,24.48,4.5
PdOx_pre,24.49,4.458
PdOx_pre,24.5,4.332
PdOx_pre,24.51,4.193
PdOx_pre,24.52,4.287
PdOx_pre,24.53,4.427
PdOx_pre,24.54,4.493
PdOx_pre,24.55,4.451
PdOx_pre,24.56,4.34
PdOx_pre,24.57,4.347
PdOx_pre,24.58,4.349
PdOx_pre,24.59,4.385
PdOx_pre,24.6,4.243
PdOx_pre,24.61,4.298
PdOx_pre,24.62,4.336
PdOx_pre,24.63,4.47
PdOx_pre,24.64,4.451
PdOx_pre,24.65,4.417
PdOx_pre,24.66,4.325
PdOx_pre,24.67,4.24
PdOx_pre,24.68,4.223
PdOx_pre,24.69,4.25
PdOx_pre,24.7,4.301
PdOx_pre,24.71,4.314
PdOx_pre,24.72,4.367
PdOx_pre,24.73,4.39
PdOx_pre,24.74,4.418
PdOx_pre,24.75,4.324
PdOx_pre,24.76,4.306
PdOx_pre,24.77,4.295
PdOx_pre,24.78,4.328
PdOx_pre,24.79,4.307
PdOx_pre,24.8,4.372
PdOx_pre,24.81,4.392
PdOx_pre,24.82,4.338
PdOx_pre,24.83,4.363
PdOx_pre,24.84,4.465
PdOx_pre,24.85,4.485
PdOx_pre,24.86,4.472
PdOx_pre,24.87,4.392
PdOx_pre,24.88,4.329
PdOx_pre,24.89,4.312
PdOx_pre,24.9,4.418
PdOx_pre,24.91,4.535
PdOx_pre,24.92,4.653
PdOx_pre,24.93,4.609
PdOx_pre,24.94,4.521
PdOx_pre,24.95,4.487
PdOx_pre,24.96,4.605
PdOx_pre,24.97,4.636
PdOx_pre,24.98,4.535
PdOx_pre,24.99,4.503
PdOx_pre,25.0,4.515
PdOx_pre,25.01,4.474
PdOx_pre,25.02,4.358
PdOx_pre,25.03,4.315
PdOx_pre,25.04,4.375
PdOx_pre,25.05,4.398
PdOx_pre,25.06,4.349
PdOx_pre,25.07,4.297
PdOx_pre,25.08,4.362
PdOx_pre,25.09,4.34
PdOx_pre,25.1,4.354
PdOx_pre,25.11,4.384
PdOx_pre,25.12,4.485
PdOx_pre,25.13,4.389
PdOx_pre,25.14,4.38
PdOx_pre,25.15,4.317
PdOx_pre,25.16,4.405
PdOx_pre,25.17,4.466
PdOx_pre,25.18,4.41
PdOx_pre,25.19,4.331
PdOx_pre,25.2,4.215
PdOx_pre,25.21,4.207
PdOx_pre,25.22,4.127
PdOx_pre,25.23,4.135
PdOx_pre,25.24,4.194
PdOx_pre,25.25,4.412
PdOx_pre,25.26,4.528
PdOx_pre,25.27,4.499
PdOx_pre,25.28,4.452
PdOx_pre,25.29,4.577
PdOx_pre,25.3,4.609
PdOx_pre,25.31,4.538
PdOx_pre,25.32,4.324
PdOx_pre,25.33,4.108
PdOx_pre,25.34,4.124
PdOx_pre,25.35,4.28
PdOx_pre,25.36,4.35
PdOx_pre,25.37,4.324
PdOx_pre,25.38,4.365
PdOx_pre,25.39,4.435
PdOx_pre,25.4,4.404
PdOx_pre,25.41,4.342
PdOx_pre,25.42,4.296
PdOx_pre,25.43,4.261
PdOx_pre,25.44,4.229
PdOx_pre,25.45,4.185
PdOx_pre,25.46,4.294
PdOx_pre,25.47,4.298
PdOx_pre,25.48,4.33
PdOx_pre,25.49,4.296
PdOx_pre,25.5,4.363
PdOx_pre,25.51,4.417
PdOx_pre,25.52,4.374
PdOx_pre,25.53,4.322
PdOx_pre,25.54,4.268
PdOx_pre,25.55,4.38
PdOx_pre,25.56,4.438
PdOx_pre,25.57,4.381
PdOx_pre,25.58,4.209
PdOx_pre,25.59,4.215
PdOx_pre,25.6,4.33
PdOx_pre,25.61,4.3
PdOx_pre,25.62,4.186
PdOx_pre,25.63,4.113
PdOx_pre,25.64,4.201
PdOx_pre,25.65,4.312
PdOx_pre,25.66,4.439
PdOx_pre,25.67,4.474
PdOx_pre,25.68,4.402
PdOx_pre,25.69,4.322
PdOx_pre,25.7,4.287
PdOx_pre,25.71,4.308
PdOx_pre,25.72,4.304
PdOx_pre,25.73,4.254
PdOx_pre,25.74,4.153
PdOx_pre,25.75,4.178
PdOx_pre,25.76,4.264
PdOx_pre,25.77,4.346
PdOx_pre,25.78,4.327
PdOx_pre,25.79,4.305
PdOx_pre,25.8,4.308
PdOx_pre,25.81,4.337
PdOx_pre,25.82,4.282
PdOx_pre,25.83,4.317
PdOx_pre,25.84,4.361
PdOx_pre,25.85,4.377
PdOx_pre,25.86,4.396
PdOx_pre,25.87,4.361
PdOx_pre,25.88,4.383
PdOx_pre,25.89,4.279
PdOx_pre,25.9,4.165
PdOx_pre,25.91,4.093
PdOx_pre,25.92,4.012
PdOx_pre,25.93,4.076
PdOx_pre,25.94,4.191
PdOx_pre,25.95,4.295
PdOx_pre,25.96,4.338
PdOx_pre,25.97,4.293
PdOx_pre,25.98,4.219
PdOx_pre,25.99,4.215
PdOx_pre,26.0,4.345
PdOx_pre,26.01,4.438
PdOx_pre,26.02,4.396
PdOx_pre,26.03,4.329
PdOx_pre,26.04,4.361
PdOx_pre,26.05,4.294
PdOx_pre,26.06,4.274
PdOx_pre,26.07,4.263
PdOx_pre,26.08,4.373
PdOx_pre,26.09,4.39
PdOx_pre,26.1,4.349
PdOx_pre,26.11,4.358
PdOx_pre,26.12,4.367
PdOx_pre,26.13,4.343
PdOx_pre,26.14,4.312
PdOx_pre,26.15,4.328
PdOx_pre,26.16,4.411
PdOx_pre,26.17,4.368
PdOx_pre,26.18,4.324
PdOx_pre,26.19,4.172
PdOx_pre,26.2,4.184
PdOx_pre,26.21,4.151
PdOx_pre,26.22,4.163
PdOx_pre,26.23,4.158
PdOx_pre,26.24,4.278
PdOx_pre,26.25,4.381
PdOx_pre,26.26,4.362
PdOx_pre,26.27,4.218
PdOx_pre,26.28,4.143
PdOx_pre,26.29,4.212
PdOx_pre,26.3,4.325
PdOx_pre,26.31,4.3
PdOx_pre,26.32,4.197
PdOx_pre,26.33,4.136
PdOx_pre,26.34,4.161
PdOx_pre,26.35,4.021
PdOx_pre,26.36,3.984
PdOx_pre,26.37,4.007
PdOx_pre,26.38,4.191
PdOx_pre,26.39,4.324
PdOx_pre,26.4,4.273
PdOx_pre,26.41,4.364
PdOx_pre,26.42,4.359
PdOx_pre,26.43,4.379
PdOx_pre,26.44,4.293
PdOx_pre,26.45,4.392
PdOx_pre,26.46,4.455
PdOx_pre,26.47,4.521
PdOx_pre,26.48,4.522
PdOx_pre,26.49,4.417
PdOx_pre,26.5,4.238
PdOx_pre,26.51,4.242
PdOx_pre,26.52,4.268
PdOx_pre,26.53,4.22
PdOx_pre,26.54,4.109
PdOx_pre,26.55,4.182
PdOx_pre,26.56,4.226
PdOx_pre,26.57,4.258
PdOx_pre,26.58,4.262
PdOx_pre,26.59,4.146
PdOx_pre,26.6,4.144
PdOx_pre,26.61,4.061
PdOx_pre,26.62,4.209
PdOx_pre,26.63,4.377
PdOx_pre,26.64,4.437
PdOx_pre,26.65,4.202
PdOx_pre,26.66,3.934
PdOx_pre,26.67,3.912
PdOx_pre,26.68,4.046
PdOx_pre,26.69,4.203
PdOx_pre,26.7,4.26
PdOx_pre,26.71,4.246
PdOx_pre,26.72,4.242
PdOx_pre,26.73,4.296
PdOx_pre,26.74,4.295
PdOx_pre,26.75,4.242
PdOx_pre,26.76,4.231
PdOx_pre,26.77,4.277
PdOx_pre,26.78,4.262
PdOx_pre,26.79,4.161
PdOx_pre,26.8,4.114
PdOx_pre,26.81,4.052
PdOx_pre,26.82,4.085
PdOx_pre,26.83,4.115
PdOx_pre,26.84,4.246
PdOx_pre,26.85,4.301
PdOx_pre,26.86,4.338
PdOx_pre,26.87,4.339
PdOx_pre,26.88,4.342
PdOx_pre,26.89,4.294
PdOx_pre,26.9,4.134
PdOx_pre,26.91,4.009
PdOx_pre,26.92,4.124
PdOx_pre,26.93,4.234
PdOx_pre,26.94,4.208
PdOx_pre,26.95,4.039
PdOx_pre,26.96,4.045
PdOx_pre,26.97,4.187
PdOx_pre,26.98,4.343
PdOx_pre,26.99,4.363
PdOx_pre,27.0,4.241
PdOx_pre,27.01,4.143
PdOx_pre,27.02,4.026
PdOx_pre,27.03,4.135
PdOx_pre,27.04,4.121
PdOx_pre,27.05,4.219
PdOx_pre,27.06,4.204
PdOx_pre,27.07,4.248
PdOx_pre,27.08,4.23
PdOx_pre,27.09,4.22
PdOx_pre,27.1,4.138
PdOx_pre,27.11,4.178
PdOx_pre,27.12,4.092
PdOx_pre,27.13,4.112
PdOx_pre,27.14,3.949
PdOx_pre,27.15,3.992
PdOx_pre,27.16,4.088
PdOx_pre,27.17,4.136
PdOx_pre,27.18,4.144
PdOx_pre,27.19,4.096
PdOx_pre,27.2,4.155
PdOx_pre,27.21,4.147
PdOx_pre,27.22,4.15
PdOx_pre,27.23,4.266
PdOx_pre,27.24,4.295
PdOx_pre,27.25,4.313
PdOx_pre,27.26,4.246
PdOx_pre,27.27,4.254
PdOx_pre,27.28,4.134
PdOx_pre,27.29,4.082
PdOx_pre,27.3,4.142
PdOx_pre,27.31,4.186
PdOx_pre,27.32,4.199
PdOx_pre,27.33,4.175
PdOx_pre,27.34,4.281
PdOx_pre,27.35,4.27
PdOx_pre,27.36,4.158
PdOx_pre,27.37,4.088
PdOx_pre,27.38,4.108
PdOx_pre,27.39,4.113
PdOx_pre,27.4,4.063
PdOx_pre,27.41,4.069
PdOx_pre,27.42,4.121
PdOx_pre,27.43,4.208
PdOx_pre,27.44,4.262
PdOx_pre,27.45,4.192
PdOx_pre,27.46,4.082
PdOx_pre,27.47,4.034
PdOx_pre,27.48,3.981
PdOx_pre,27.49,3.975
PdOx_pre,27.5,4.076
PdOx_pre,27.51,4.138
PdOx_pre,27.52,4.178
PdOx_pre,27.53,4.196
PdOx_pre,27.54,4.237
PdOx_pre,27.55,4.17
PdOx_pre,27.56,4.182
PdOx_pre,27.57,4.159
PdOx_pre,27.58,4.114
PdOx_pre,27.59,3.913
PdOx_pre,27.6,3.867
PdOx_pre,27.61,3.91
PdOx_pre,27.62,4.069
PdOx_pre,27.63,4.086
PdOx_pre,27.64,3.982
PdOx_pre,27.65,3.921
PdOx_pre,27.66,3.98
PdOx_pre,27.67,4.042
PdOx_pre,27.68,4.013
PdOx_pre,27.69,3.98
PdOx_pre,27.7,3.988
PdOx_pre,27.71,4.123
PdOx_pre,27.72,4.095
PdOx_pre,27.73,3.971
PdOx_pre,27.74,4.069
PdOx_pre,27.75,4.216
PdOx_pre,27.76,4.259
PdOx_pre,27.77,4.071
PdOx_pre,27.78,3.974
PdOx_pre,27.79,4.013
PdOx_pre,27.8,4.087
PdOx_pre,27.81,4.188
PdOx_pre,27.82,4.259
PdOx_pre,27.83,4.191
PdOx_pre,27.84,4.097
PdOx_pre,27.85,4.017
PdOx_pre,27.86,3.997
PdOx_pre,27.87,3.854
PdOx_pre,27.88,3.858
PdOx_pre,27.89,3.922
PdOx_pre,27.9,4.078
PdOx_pre,27.91,4.08
PdOx_pre,27.92,4.118
PdOx_pre,27.93,4.089
PdOx_pre,27.94,4.11
PdOx_pre,27.95,4.103
PdOx_pre,27.96,4.113
PdOx_pre,27.97,3.98
PdOx_pre,27.98,3.896
PdOx_pre,27.99,3.948
PdOx_pre,28.0,4.095
PdOx_pre,28.01,4.25
PdOx_pre,28.02,4.159
PdOx_pre,28.03,4.044
PdOx_pre,28.04,3.871
PdOx_pre,28.05,3.901
PdOx_pre,28.06,4.009
PdOx_pre,28.07,4.075
PdOx_pre,28.08,4.096
PdOx_pre,28.09,4.024
PdOx_pre,28.1,4.068
PdOx_pre,28.11,4.096
PdOx_pre,28.12,4.102
PdOx_pre,28.13,3.999
PdOx_pre,28.14,3.952
PdOx_pre,28.15,3.985
PdOx_pre,28.16,4.069
PdOx_pre,28.17,4.149
PdOx_pre,28.18,4.131
PdOx_pre,28.19,3.999
PdOx_pre,28.2,3.904
PdOx_pre,28.21,3.957
PdOx_pre,28.22,3.981
PdOx_pre,28.23,4.042
PdOx_pre,28.24,4.123
PdOx_pre,28.25,4.267
PdOx_pre,28.26,4.191
PdOx_pre,28.27,4.104
PdOx_pre,28.28,4.005
PdOx_pre,28.29,3.97
PdOx_pre,28.3,3.969
PdOx_pre,28.31,3.987
PdOx_pre,28.32,3.977
PdOx_pre,28.33,3.91
PdOx_pre,28.34,3.883
PdOx_pre,28.35,4.018
PdOx_pre,28.36,4.169
PdOx_pre,28.37,4.175
PdOx_pre,28.38,4.124
PdOx_pre,28.39,4.127
PdOx_pre,28.4,4.128
PdOx_pre,28.41,4.123
PdOx_pre,28.42,4.176
PdOx_pre,28.43,4.194
PdOx_pre,28.44,4.18
PdOx_pre,28.45,4.055
PdOx_pre,28.46,3.982
PdOx_pre,28.47,3.913
PdOx_pre,28.48,3.867
PdOx_pre,28.49,3.849
PdOx_pre,28.5,4.03
PdOx_pre,28.51,4.1
PdOx_pre,28.52,4.126
PdOx_pre,28.53,4.023
PdOx_pre,28.54,3.995
PdOx_pre,28.55,3.935
PdOx_pre,28.56,4.005
PdOx_pre,28.57,4.093
PdOx_pre,28.58,4.171
PdOx_pre,28.59,4.204
PdOx_pre,28.6,4.158
PdOx_pre,28.61,4.136
PdOx_pre,28.62,4.068
PdOx_pre,28.63,4.021
PdOx_pre,28.64,3.88
PdOx_pre,28.65,3.832
PdOx_pre,28.66,3.875
PdOx_pre,28.67,4.009
PdOx_pre,28.68,4.122
PdOx_pre,28.69,4.238
PdOx_pre,28.7,4.22
PdOx_pre,28.71,4.163
PdOx_pre,28.72,4.019
PdOx_pre,28.73,3.995
PdOx_pre,28.74,4.051
PdOx_pre,28.75,4.087
PdOx_pre,28.76,4.049
PdOx_pre,28.77,4.127
PdOx_pre,28.78,4.198
PdOx_pre,28.79,4.129
PdOx_pre,28.8,3.915
PdOx_pre,28.81,3.962
PdOx_pre,28.82,4.071
PdOx_pre,28.83,4.162
PdOx_pre,28.84,4.1
PdOx_pre,28.85,4.071
PdOx_pre,28.86,4.164
PdOx_pre,28.87,4.132
PdOx_pre,28.88,4.123
PdOx_pre,28.89,4.023
PdOx_pre,28.9,3.999
PdOx_pre,28.91,4.018
PdOx_pre,28.92,4.124
PdOx_pre,28.93,4.206
PdOx_pre,28.94,4.221
PdOx_pre,28.95,4.097
PdOx_pre,28.96,4.036
PdOx_pre,28.97,3.916
PdOx_pre,28.98,3.977
PdOx_pre,28.99,3.964
PdOx_pre,29.0,4.062
PdOx_pre,29.01,4.116
PdOx_pre,29.02,4.179
PdOx_pre,29.03,4.035
PdOx_pre,29.04,3.956
PdOx_pre,29.05,3.933
PdOx_pre,29.06,4.082
PdOx_pre,29.07,3.986
PdOx_pre,29.08,3.902
PdOx_pre,29.09,3.871
PdOx_pre,29.1,4.043
PdOx_pre,29.11,4.163
PdOx_pre,29.12,4.095
PdOx_pre,29.13,3.925
PdOx_pre,29.14,3.843
PdOx_pre,29.15,3.862
PdOx_pre,29.16,3.846
PdOx_pre,29.17,3.863
PdOx_pre,29.18,3.893
PdOx_pre,29.19,3.884
PdOx_pre,29.2,3.837
PdOx_pre,29.21,3.836
PdOx_pre,29.22,3.879
PdOx_pre,29.23,3.882
PdOx_pre,29.24,3.842
PdOx_pre,29.25,3.859
PdOx_pre,29.26,3.922
PdOx_pre,29.27,3.944
PdOx_pre,29.28,3.938
PdOx_pre,29.29,3.869
PdOx_pre,29.3,3.884
PdOx_pre,29.31,3.851
PdOx_pre,29.32,3.829
PdOx_pre,29.33,3.858
PdOx_pre,29.34,3.977
PdOx_pre,29.35,4.084
PdOx_pre,29.36,4.12
PdOx_pre,29.37,4.058
PdOx_pre,29.38,4.001
PdOx_pre,29.39,4.121
PdOx_pre,29.4,4.244
PdOx_pre,29.41,4.094
PdOx_pre,29.42,3.909
PdOx_pre,29.43,3.928
PdOx_pre,29.44,4.032
PdOx_pre,29.45,3.982
PdOx_pre,29.46,3.793
PdOx_pre,29.47,3.625
PdOx_pre,29.48,3.712
PdOx_pre,29.49,3.851
PdOx_pre,29.5,3.887
PdOx_pre,29.51,3.805
PdOx_pre,29.52,3.809
PdOx_pre,29.53,3.965
PdOx_pre,29.54,4.102
PdOx_pre,29.55,4.065
PdOx_pre,29.56,3.993
PdOx_pre,29.57,3.954
PdOx_pre,29.58,3.91
PdOx_pre,29.59,3.856
PdOx_pre,29.6,3.88
PdOx_pre,29.61,3.955
PdOx_pre,29.62,3.951
PdOx_pre,29.63,3.848
PdOx_pre,29.64,3.796
PdOx_pre,29.65,3.842
PdOx_pre,29.66,4.001
PdOx_pre,29.67,4.118
PdOx_pre,29.68,4.1
PdOx_pre,29.69,3.956
PdOx_pre,29.7,3.809
PdOx_pre,29.71,3.817
PdOx_pre,29.72,3.89
PdOx_pre,29.73,3.954
PdOx_pre,29.74,3.963
PdOx_pre,29.75,4.062
PdOx_pre,29.76,4.162
PdOx_pre,29.77,4.109
PdOx_pre,29.78,4.041
PdOx_pre,29.79,3.92
PdOx_pre,29.8,3.902
PdOx_pre,29.81,3.839
PdOx_pre,29.82,3.995
PdOx_pre,29.83,4.021
PdOx_pre,29.84,3.995
PdOx_pre,29.85,3.88
PdOx_pre,29.86,3.946
PdOx_pre,29.87,4.013
PdOx_pre,29.88,4.069
PdOx_pre,29.89,3.962
PdOx_pre,29.9,3.853
PdOx_pre,29.91,3.869
PdOx_pre,29.92,3.989
PdOx_pre,29.93,4.079
PdOx_pre,29.94,4.096
PdOx_pre,29.95,4.081
PdOx_pre,29.96,4.042
PdOx_pre,29.97,3.88
PdOx_pre,29.98,3.844
PdOx_pre,29.99,4.021
PdOx_pre,30.0,4.079
PdOx_pre,30.01,4.011
PdOx_pre,30.02,3.734
PdOx_pre,30.03,3.759
PdOx_pre,30.04,3.875
PdOx_pre,30.05,3.981
PdOx_pre,30.06,3.949
PdOx_pre,30.07,3.947
PdOx_pre,30.08,4.043
PdOx_pre,30.09,4.053
PdOx_pre,30.1,3.988
PdOx_pre,30.11,3.936
PdOx_pre,30.12,3.887
PdOx_pre,30.13,3.902
PdOx_pre,30.14,3.929
PdOx_pre,30.15,3.938
PdOx_pre,30.16,3.95
PdOx_pre,30.17,3.857
PdOx_pre,30.18,3.891
PdOx_pre,30.19,3.8
PdOx_pre,30.2,3.905
PdOx_pre,30.21,3.99
PdOx_pre,30.22,4.078
PdOx_pre,30.23,4.067
PdOx_pre,30.24,4.092
PdOx_pre,30.25,4.142
PdOx_pre,30.26,4.101
PdOx_pre,30.27,4.022
PdOx_pre,30.28,3.859
PdOx_pre,30.29,3.784
PdOx_pre,30.3,3.806
PdOx_pre,30.31,4.051
PdOx_pre,30.32,4.088
PdOx_pre,30.33,4.115
PdOx_pre,30.34,3.981
PdOx_pre,30.35,3.898
PdOx_pre,30.36,3.836
PdOx_pre,30.37,3.805
PdOx_pre,30.38,3.886
PdOx_pre,30.39,3.895
PdOx_pre,30.4,4.006
PdOx_pre,30.41,4.082
PdOx_pre,30.42,4.105
PdOx_pre,30.43,4.077
PdOx_pre,30.44,4.07
PdOx_pre,30.45,4.035
PdOx_pre,30.46,3.948
PdOx_pre,30.47,3.883
PdOx_pre,30.48,3.884
PdOx_pre,30.49,3.921
PdOx_pre,30.5,3.981
PdOx_pre,30.51,3.944
PdOx_pre,30.52,3.914
PdOx_pre,30.53,3.855
PdOx_pre,30.54,3.885
PdOx_pre,30.55,3.837
PdOx_pre,30.56,3.917
PdOx_pre,30.57,3.987
PdOx_pre,30.58,4.056
PdOx_pre,30.59,4.03
PdOx_pre,30.6,4.024
PdOx_pre,30.61,3.979
PdOx_pre,30.62,3.938
PdOx_pre,30.63,3.934
PdOx_pre,30.64,3.931
PdOx_pre,30.65,3.926
PdOx_pre,30.66,3.925
PdOx_pre,30.67,3.95
PdOx_pre,30.68,3.989
PdOx_pre,30.69,3.895
PdOx_pre,30.7,3.856
PdOx_pre,30.71,3.897
PdOx_pre,30.72,4.057
PdOx_pre,30.73,4.029
PdOx_pre,30.74,4.095
PdOx_pre,30.75,4.136
PdOx_pre,30.76,4.224
PdOx_pre,30.77,4.138
PdOx_pre,30.78,4.117
PdOx_pre,30.79,4.002
PdOx_pre,30.8,4.011
PdOx_pre,30.81,3.955
PdOx_pre,30.82,3.96
PdOx_pre,30.83,3.965
PdOx_pre,30.84,4.041
PdOx_pre,30.85,4.052
PdOx_pre,30.86,3.903
PdOx_pre,30.87,3.799
PdOx_pre,30.88,3.824
PdOx_pre,30.89,3.922
PdOx_pre,30.9,3.928
PdOx_pre,30.91,3.838
PdOx_pre,30.92,3.891
PdOx_pre,30.93,3.961
PdOx_pre,30.94,4.027
PdOx_pre,30.95,4.047
PdOx_pre,30.96,4.017
PdOx_pre,30.97,4.036
PdOx_pre,30.98,3.995
PdOx_pre,30.99,4.034
PdOx_pre,31.0,4.032
PdOx_pre,31.01,4.077
PdOx_pre,31.02,4.041
PdOx_pre,31.03,3.975
PdOx_pre,31.04,3.926
PdOx_pre,31.05,3.863
PdOx_pre,31.06,3.883
PdOx_pre,31.07,3.884
PdOx_pre,31.08,3.982
PdOx_pre,31.09,4.045
PdOx_pre,31.1,4.042
PdOx_pre,31.11,4.056
PdOx_pre,31.12,3.981
PdOx_pre,31.13,3.912
PdOx_pre,31.14,3.81
PdOx_pre,31.15,3.957
PdOx_pre,31.16,4.039
PdOx_pre,31.17,4.049
PdOx_pre,31.18,3.942
PdOx_pre,31.19,3.837
PdOx_pre,31.2,3.876
PdOx_pre,31.21,4.04
PdOx_pre,31.22,4.213
PdOx_pre,31.23,4.2
PdOx_pre,31.24,4.193
PdOx_pre,31.25,4.157
PdOx_pre,31.26,4.065
PdOx_pre,31.27,3.983
PdOx_pre,31.28,3.994
PdOx_pre,31.29,4.032
PdOx_pre,31.3,4.093
PdOx_pre,31.31,4.057
PdOx_pre,31.32,3.948
PdOx_pre,31.33,3.821
PdOx_pre,31.34,3.844
PdOx_pre,31.35,3.916
PdOx_pre,31.36,4.058
PdOx_pre,31.37,4.116
PdOx_pre,31.38,4.206
PdOx_pre,31.39,4.176
PdOx_pre,31.4,4.223
PdOx_pre,31.41,4.06
PdOx_pre,31.42,4.031
PdOx_pre,31.43,4.004
PdOx_pre,31.44,4.02
PdOx_pre,31.45,4.048
PdOx_pre,31.46,4.038
PdOx_pre,31.47,4.007
PdOx_pre,31.48,3.971
PdOx_pre,31.49,3.903
PdOx_pre,31.5,3.998
PdOx_pre,31.51,3.933
PdOx_pre,31.52,4.043
PdOx_pre,31.53,4.013
PdOx_pre,31.54,4.106
PdOx_pre,31.55,4.13
PdOx_pre,31.56,4.141
PdOx_pre,31.57,4.102
PdOx_pre,31.58,4.027
PdOx_pre,31.59,3.994
PdOx_pre,31.6,3.987
PdOx_pre,31.61,3.979
PdOx_pre,31.62,4.06
PdOx_pre,31.63,4.066
PdOx_pre,31.64,4.159
PdOx_pre,31.65,4.096
PdOx_pre,31.66,4.054
PdOx_pre,31.67,3.88
PdOx_pre,31.68,3.912
PdOx_pre,31.69,3.997
PdOx_pre,31.7,4.136
PdOx_pre,31.71,4.186
PdOx_pre,31.72,4.081
PdOx_pre,31.73,4.04
PdOx_pre,31.74,4.091
PdOx_pre,31.75,4.222
PdOx_pre,31.76,4.284
PdOx_pre,31.77,4.176
PdOx_pre,31.78,4.111
PdOx_pre,31.79,4.148
PdOx_pre,31.8,4.154
PdOx_pre,31.81,4.046
PdOx_pre,31.82,4.033
PdOx_pre,31.83,4.027
PdOx_pre,31.84,3.949
PdOx_pre,31.85,3.972
PdOx_pre,31.86,4.157
PdOx_pre,31.87,4.257
PdOx_pre,31.88,4.17
PdOx_pre,31.89,3.974
PdOx_pre,31.9,3.943
PdOx_pre,31.91,4.042
PdOx_pre,31.92,4.163
PdOx_pre,31.93,4.12
PdOx_pre,31.94,4.114
PdOx_pre,31.95,4.202
PdOx_pre,31.96,4.314
PdOx_pre,31.97,4.328
PdOx_pre,31.98,4.254
PdOx_pre,31.99,4.124
PdOx_pre,32.0,4.038
PdOx_pre,32.01,4.088
PdOx_pre,32.02,4.171
PdOx_pre,32.03,4.254
PdOx_pre,32.04,4.251
PdOx_pre,32.05,4.239
PdOx_pre,32.06,4.154
PdOx_pre,32.07,4.184
PdOx_pre,32.08,4.185
PdOx_pre,32.09,4.258
PdOx_pre,32.1,4.156
PdOx_pre,32.11,4.095
PdOx_pre,32.12,4.146
PdOx_pre,32.13,4.19
PdOx_pre,32.14,4.331
PdOx_pre,32.15,4.402
PdOx_pre,32.16,4.349
PdOx_pre,32.17,4.29
PdOx_pre,32.18,4.283
PdOx_pre,32.19,4.208
PdOx_pre,32.2,3.997
PdOx_pre,32.21,3.979
PdOx_pre,32.22,4.173
PdOx_pre,32.23,4.332
PdOx_pre,32.24,4.373
PdOx_pre,32.25,4.348
PdOx_pre,32.26,4.345
PdOx_pre,32.27,4.338
PdOx_pre,32.28,4.28
PdOx_pre,32.29,4.352
PdOx_pre,32.3,4.325
PdOx_pre,32.31,4.364
PdOx_pre,32.32,4.322
PdOx_pre,32.33,4.443
PdOx_pre,32.34,4.504
PdOx_pre,32.35,4.512
PdOx_pre,32.36,4.489
PdOx_pre,32.37,4.495
PdOx_pre,32.38,4.5
PdOx_pre,32.39,4.462
PdOx_pre,32.4,4.387
PdOx_pre,32.41,4.355
PdOx_pre,32.42,4.317
PdOx_pre,32.43,4.354
PdOx_pre,32.44,4.45
PdOx_pre,32.45,4.461
PdOx_pre,32.46,4.49
PdOx_pre,32.47,4.447
PdOx_pre,32.48,4.541
PdOx_pre,32.49,4.585
PdOx_pre,32.5,4.631
PdOx_pre,32.51,4.583
PdOx_pre,32.52,4.745
PdOx_pre,32.53,4.783
PdOx_pre,32.54,4.861
PdOx_pre,32.55,4.752
PdOx_pre,32.56,4.799
PdOx_pre,32.57,4.754
PdOx_pre,32.58,4.723
PdOx_pre,32.59,4.631
PdOx_pre,32.6,4.64
PdOx_pre,32.61,4.623
PdOx_pre,32.62,4.689
PdOx_pre,32.63,4.689
PdOx_pre,32.64,4.711
PdOx_pre,32.65,4.804
PdOx_pre,32.66,4.979
PdOx_pre,32.67,5.042
PdOx_pre,32.68,5.02
PdOx_pre,32.69,4.859
PdOx_pre,32.7,4.838
PdOx_pre,32.71,4.834
PdOx_pre,32.72,4.894
PdOx_pre,32.73,4.885
PdOx_pre,32.74,4.82
PdOx_pre,32.75,4.811
PdOx_pre,32.76,4.814
PdOx_pre,32.77,4.877
PdOx_pre,32.78,4.983
PdOx_pre,32.79,5.121
PdOx_pre,32.8,5.18
PdOx_pre,32.81,5.111
PdOx_pre,32.82,5.106
PdOx_pre,32.83,5.188
PdOx_pre,32.84,5.213
PdOx_pre,32.85,5.225
PdOx_pre,32.86,5.353
PdOx_pre,32.87,5.476
PdOx_pre,32.88,5.49
PdOx_pre,32.89,5.388
PdOx_pre,32.9,5.352
PdOx_pre,32.91,5.37
PdOx_pre,32.92,5.418
PdOx_pre,32.93,5.43
PdOx_pre,32.94,5.454
PdOx_pre,32.95,5.48
PdOx_pre,32.96,5.512
PdOx_pre,32.97,5.592
PdOx_pre,32.98,5.675
PdOx_pre,32.99,5.894
PdOx_pre,33.0,6.041
PdOx_pre,33.01,5.988
PdOx_pre,33.02,5.885
PdOx_pre,33.03,5.909
PdOx_pre,33.04,6.088
PdOx_pre,33.05,6.248
PdOx_pre,33.06,6.185
PdOx_pre,33.07,6.292
PdOx_pre,33.08,6.346
PdOx_pre,33.09,6.46
PdOx_pre,33.1,6.374
PdOx_pre,33.11,6.326
PdOx_pre,33.12,6.264
PdOx_pre,33.13,6.309
PdOx_pre,33.14,6.417
PdOx_pre,33.15,6.62
PdOx_pre,33.16,6.854
PdOx_pre,33.17,7.023
PdOx_pre,33.18,7.058
PdOx_pre,33.19,7.24
PdOx_pre,33.2,7.457
PdOx_pre,33.21,7.57
PdOx_pre,33.22,7.411
PdOx_pre,33.23,7.415
PdOx_pre,33.24,7.425
PdOx_pre,33.25,7.692
PdOx_pre,33.26,7.77
PdOx_pre,33.27,7.837
PdOx_pre,33.28,7.919
PdOx_pre,33.29,8.07
PdOx_pre,33.3,8.083
PdOx_pre,33.31,8.145
PdOx_pre,33.32,8.226
PdOx_pre,33.33,8.39
PdOx_pre,33.34,8.354
PdOx_pre,33.35,8.355
PdOx_pre,33.36,8.644
PdOx_pre,33.37,8.782
PdOx_pre,33.38,8.871
PdOx_pre,33.39,8.946
PdOx_pre,33.4,9.089
PdOx_pre,33.41,9.284
PdOx_pre,33.42,9.545
PdOx_pre,33.43,9.793
PdOx_pre,33.44,9.858
PdOx_pre,33.45,9.795
PdOx_pre,33.46,9.807
PdOx_pre,33.47,9.988
PdOx_pre,33.48,10.072
PdOx_pre,33.49,10.386
PdOx_pre,33.5,10.414
PdOx_pre,33.51,10.629
PdOx_pre,33.52,10.611
PdOx_pre,33.53,10.711
PdOx_pre,33.54,10.825
PdOx_pre,33.55,10.97
PdOx_pre,33.56,11.263
PdOx_pre,33.57,11.415
PdOx_pre,33.58,11.622
PdOx_pre,33.59,11.781
PdOx_pre,33.6,11.763
PdOx_pre,33.61,11.82
PdOx_pre,33.62,11.708
PdOx_pre,33.63,11.878
PdOx_pre,33.64,12.146
PdOx_pre,33.65,12.383
PdOx_pre,33.66,12.283
PdOx_pre,33.67,12.523
PdOx_pre,33.68,12.814
PdOx_pre,33.69,12.956
PdOx_pre,33.7,12.933
PdOx_pre,33.71,13.126
PdOx_pre,33.72,13.402
PdOx_pre,33.73,13.559
PdOx_pre,33.74,13.59
PdOx_pre,33.75,13.574
PdOx_pre,33.76,13.798
PdOx_pre,33.77,13.942
PdOx_pre,33.78,14.044
PdOx_pre,33.79,14.064
PdOx_pre,33.8,14.174
PdOx_pre,33.81,14.3
PdOx_pre,33.82,14.388
PdOx_pre,33.83,14.502
PdOx_pre,33.84,14.449
PdOx_pre,33.85,14.281
PdOx_pre,33.86,14.247
PdOx_pre,33.87,14.371
PdOx_pre,33.88,14.552
PdOx_pre,33.89,14.588
PdOx_pre,33.9,14.643
PdOx_pre,33.91,14.404
PdOx_pre,33.92,14.405
PdOx_pre,33.93,14.312
PdOx_pre,33.94,14.407
PdOx_pre,33.95,14.317
PdOx_pre,33.96,14.3
PdOx_pre,33.97,14.033
PdOx_pre,33.98,14.033
PdOx_pre,33.99,13.837
PdOx_pre,34.0,13.884
PdOx_pre,34.01,13.935
PdOx_pre,34.02,13.865
PdOx_pre,34.03,13.772
PdOx_pre,34.04,13.523
PdOx_pre,34.05,13.537
PdOx_pre,34.06,13.428
PdOx_pre,34.07,13.346
PdOx_pre,34.08,13.301
PdOx_pre,34.09,13.138
PdOx_pre,34.1,13.036
PdOx_pre,34.11,12.801
PdOx_pre,34.12,12.71
PdOx_pre,34.13,12.656
PdOx_pre,34.14,12.615
PdOx_pre,34.15,12.239
PdOx_pre,34.16,11.955
PdOx_pre,34.17,11.627
PdOx_pre,34.18,11.604
PdOx_pre,34.19,11.621
PdOx_pre,34.2,11.755
PdOx_pre,34.21,11.59
PdOx_pre,34.22,11.235
PdOx_pre,34.23,10.877
PdOx_pre,34.24,10.655
PdOx_pre,34.25,10.651
PdOx_pre,34.26,10.43
PdOx_pre,34.27,10.163
PdOx_pre,34.28,10.007
PdOx_pre,34.29,9.997
PdOx_pre,34.3,9.816
PdOx_pre,34.31,9.636
PdOx_pre,34.32,9.49
PdOx_pre,34.33,9.283
PdOx_pre,34.34,9.086
PdOx_pre,34.35,8.876
PdOx_pre,34.36,8.84
PdOx_pre,34.37,8.643
PdOx_pre,34.38,8.43
PdOx_pre,34.39,8.207
PdOx_pre,34.4,8.223
PdOx_pre,34.41,8.27
PdOx_pre,34.42,8.298
PdOx_pre,34.43,8.021
PdOx_pre,34.44,7.728
PdOx_pre,34.45,7.736
PdOx_pre,34.46,7.642
PdOx_pre,34.47,7.727
PdOx_pre,34.48,7.552
PdOx_pre,34.49,7.5
PdOx_pre,34.5,7.264
PdOx_pre,34.51,7.185
PdOx_pre,34.52,7.006
PdOx_pre,34.53,6.894
PdOx_pre,34.54,6.711
PdOx_pre,34.55,6.567
PdOx_pre,34.56,6.459
PdOx_pre,34.57,6.321
PdOx_pre,34.58,6.351
PdOx_pre,34.59,6.347
PdOx_pre,34.6,6.289
PdOx_pre,34.61,6.113
PdOx_pre,34.62,6.045
PdOx_pre,34.63,6.113
PdOx_pre,34.64,6.222
PdOx_pre,34.65,6.199
PdOx_pre,34.66,6.09
PdOx_pre,34.67,5.983
PdOx_pre,34.68,5.805
PdOx_pre,34.69,5.636
PdOx_pre,34.7,5.528
PdOx_pre,34.71,5.532
PdOx_pre,34.72,5.519
PdOx_pre,34.73,5.518
PdOx_pre,34.74,5.451
PdOx_pre,34.75,5.384
PdOx_pre,34.76,5.281
PdOx_pre,34.77,5.217
PdOx_pre,34.78,5.277
PdOx_pre,34.79,5.232
PdOx_pre,34.8,5.195
PdOx_pre,34.81,5.043
PdOx_pre,34.82,5.147
PdOx_pre,34.83,5.086
PdOx_pre,34.84,5.078
PdOx_pre,34.85,4.93
PdOx_pre,34.86,4.941
PdOx_pre,34.87,5.024
PdOx_pre,34.88,4.881
PdOx_pre,34.89,4.821
PdOx_pre,34.9,4.732
PdOx_pre,34.91,4.766
PdOx_pre,34.92,4.732
PdOx_pre,34.93,4.819
PdOx_pre,34.94,4.852
PdOx_pre,34.95,4.85
PdOx_pre,34.96,4.665
PdOx_pre,34.97,4.621
PdOx_pre,34.98,4.663
PdOx_pre,34.99,4.754
PdOx_pre,35.0,4.673
PdOx_pre,35.01,4.602
PdOx_pre,35.02,4.421
PdOx_pre,35.03,4.407
PdOx_pre,35.04,4.346
PdOx_pre,35.05,4.358
PdOx_pre,35.06,4.345
PdOx_pre,35.07,4.462
PdOx_pre,35.08,4.667
PdOx_pre,35.09,4.637
PdOx_pre,35.1,4.588
PdOx_pre,35.11,4.389
PdOx_pre,35.12,4.468
PdOx_pre,35.13,4.55
PdOx_pre,35.14,4.524
PdOx_pre,35.15,4.372
PdOx_pre,35.16,4.271
PdOx_pre,35.17,4.369
PdOx_pre,35.18,4.355
PdOx_pre,35.19,4.189
PdOx_pre,35.2,4.142
PdOx_pre,35.21,4.105
PdOx_pre,35.22,4.083
PdOx_pre,35.23,4.093
PdOx_pre,35.24,4.26
PdOx_pre,35.25,4.195
PdOx_pre,35.26,4.139
PdOx_pre,35.27,4.056
PdOx_pre,35.28,4.058
PdOx_pre,35.29,3.939
PdOx_pre,35.3,3.785
PdOx_pre,35.31,3.871
PdOx_pre,35.32,4.011
PdOx_pre,35.33,4.006
PdOx_pre,35.34,3.979
PdOx_pre,35.35,4.046
PdOx_pre,35.36,4.096
PdOx_pre,35.37,4.157
PdOx_pre,35.38,4.125
PdOx_pre,35.39,4.244
PdOx_pre,35.4,4.236
PdOx_pre,35.41,4.095
PdOx_pre,35.42,3.992
PdOx_pre,35.43,3.936
PdOx_pre,35.44,3.986
PdOx_pre,35.45,3.961
PdOx_pre,35.46,3.963
PdOx_pre,35.47,4.033
PdOx_pre,35.48,3.964
PdOx_pre,35.49,3.896
PdOx_pre,35.5,3.978
PdOx_pre,35.51,4.108
PdOx_pre,35.52,4.104
PdOx_pre,35.53,3.964
PdOx_pre,35.54,3.894
PdOx_pre,35.55,3.932
PdOx_pre,35.56,3.982
PdOx_pre,35.57,3.936
PdOx_pre,35.58,3.878
PdOx_pre,35.59,3.869
PdOx_pre,35.6,3.963
PdOx_pre,35.61,3.845
PdOx_pre,35.62,3.755
PdOx_pre,35.63,3.805
PdOx_pre,35.64,3.958
PdOx_pre,35.65,4.081
PdOx_pre,35.66,3.953
PdOx_pre,35.67,3.853
PdOx_pre,35.68,3.931
PdOx_pre,35.69,3.988
PdOx_pre,35.7,4.048
PdOx_pre,35.71,4.008
PdOx_pre,35.72,4.158
PdOx_pre,35.73,4.054
PdOx_pre,35.74,3.93
PdOx_pre,35.75,3.939
PdOx_pre,35.76,4.086
PdOx_pre,35.77,4.124
PdOx_pre,35.78,3.965
PdOx_pre,35.79,3.812
PdOx_pre,35.8,3.745
PdOx_pre,35.81,3.697
PdOx_pre,35.82,3.772
PdOx_pre,35.83,3.766
PdOx_pre,35.84,3.652
PdOx_pre,35.85,3.645
PdOx_pre,35.86,3.674
PdOx_pre,35.87,3.807
PdOx_pre,35.88,3.833
PdOx_pre,35.89,3.819
PdOx_pre,35.9,3.843
PdOx_pre,35.91,3.859
PdOx_pre,35.92,3.834
PdOx_pre,35.93,3.807
PdOx_pre,35.94,3.82
PdOx_pre,35.95,3.696
PdOx_pre,35.96,3.633
PdOx_pre,35.97,3.504
PdOx_pre,35.98,3.538
PdOx_pre,35.99,3.62
PdOx_pre,36.0,3.715
PdOx_pre,36.01,3.697
PdOx_pre,36.02,3.616
PdOx_pre,36.03,3.662
PdOx_pre,36.04,3.721
PdOx_pre,36.05,3.778
PdOx_pre,36.06,3.84
PdOx_pre,36.07,3.866
PdOx_pre,36.08,3.84
PdOx_pre,36.09,3.772
PdOx_pre,36.1,3.806
PdOx_pre,36.11,3.686
PdOx_pre,36.12,3.729
PdOx_pre,36.13,3.78
PdOx_pre,36.14,3.882
PdOx_pre,36.15,3.763
PdOx_pre,36.16,3.77
PdOx_pre,36.17,3.787
PdOx_pre,36.18,3.752
PdOx_pre,36.19,3.575
PdOx_pre,36.2,3.56
PdOx_pre,36.21,3.627
PdOx_pre,36.22,3.747
PdOx_pre,36.23,3.72
PdOx_pre,36.24,3.71
PdOx_pre,36.25,3.681
PdOx_pre,36.26,3.831
PdOx_pre,36.27,3.875
PdOx_pre,36.28,3.878
PdOx_pre,36.29,3.834
PdOx_pre,36.3,3.785
PdOx_pre,36.31,3.776
PdOx_pre,36.32,3.817
PdOx_pre,36.33,3.762
PdOx_pre,36.34,3.592
PdOx_pre,36.35,3.533
PdOx_pre,36.36,3.607
PdOx_pre,36.37,3.71
PdOx_pre,36.38,3.733
PdOx_pre,36.39,3.627
PdOx_pre,36.4,3.587
PdOx_pre,36.41,3.705
PdOx_pre,36.42,3.799
PdOx_pre,36.43,3.868
PdOx_pre,36.44,3.764
PdOx_pre,36.45,3.749
PdOx_pre,36.46,3.562
PdOx_pre,36.47,3.657
PdOx_pre,36.48,3.688
PdOx_pre,36.49,3.78
PdOx_pre,36.5,3.747
PdOx_pre,36.51,3.737
PdOx_pre,36.52,3.643
PdOx_pre,36.53,3.642
PdOx_pre,36.54,3.668
PdOx_pre,36.55,3.686
PdOx_pre,36.56,3.734
PdOx_pre,36.57,3.775
PdOx_pre,36.58,3.715
PdOx_pre,36.59,3.697
PdOx_pre,36.6,3.647
PdOx_pre,36.61,3.713
PdOx_pre,36.62,3.63
PdOx_pre,36.63,3.665
PdOx_pre,36.64,3.66
PdOx_pre,36.65,3.719
PdOx_pre,36.66,3.685
PdOx_pre,36.67,3.654
PdOx_pre,36.68,3.713
PdOx_pre,36.69,3.829
PdOx_pre,36.7,3.821
PdOx_pre,36.71,3.743
PdOx_pre,36.72,3.669
PdOx_pre,36.73,3.743
PdOx_pre,36.74,3.714
PdOx_pre,36.75,3.722
PdOx_pre,36.76,3.656
PdOx_pre,36.77,3.658
PdOx_pre,36.78,3.711
PdOx_pre,36.79,3.828
PdOx_pre,36.8,3.84
PdOx_pre,36.81,3.861
PdOx_pre,36.82,3.777
PdOx_pre,36.83,3.764
PdOx_pre,36.84,3.748
PdOx_pre,36.85,3.675
PdOx_pre,36.86,3.617
PdOx_pre,36.87,3.628
PdOx_pre,36.88,3.737
PdOx_pre,36.89,3.859
PdOx_pre,36.9,3.889
PdOx_pre,36.91,3.84
PdOx_pre,36.92,3.741
PdOx_pre,36.93,3.699
PdOx_pre,36.94,3.635
PdOx_pre,36.95,3.692
PdOx_pre,36.96,3.719
PdOx_pre,36.97,3.739
PdOx_pre,36.98,3.732
PdOx_pre,36.99,3.819
PdOx_pre,37.0,3.859
PdOx_pre,37.01,3.832
PdOx_pre,37.02,3.835
PdOx_pre,37.03,3.869
PdOx_pre,37.04,3.942
PdOx_pre,37.05,3.899
PdOx_pre,37.06,3.709
PdOx_pre,37.07,3.592
PdOx_pre,37.08,3.662
PdOx_pre,37.09,3.725
PdOx_pre,37.1,3.744
PdOx_pre,37.11,3.743
PdOx_pre,37.12,3.785
PdOx_pre,37.13,3.844
PdOx_pre,37.14,3.928
PdOx_pre,37.15,4.002
PdOx_pre,37.16,3.871
PdOx_pre,37.17,3.796
PdOx_pre,37.18,3.69
PdOx_pre,37.19,3.749
PdOx_pre,37.2,3.654
PdOx_pre,37.21,3.759
PdOx_pre,37.22,3.872
PdOx_pre,37.23,3.956
PdOx_pre,37.24,3.922
PdOx_pre,37.25,3.823
PdOx_pre,37.26,3.838
PdOx_pre,37.27,3.946
PdOx_pre,37.28,3.992
PdOx_pre,37.29,3.936
PdOx_pre,37.3,3.877
PdOx_pre,37.31,4.013
PdOx_pre,37.32,4.036
PdOx_pre,37.33,3.962
PdOx_pre,37.34,3.975
PdOx_pre,37.35,4.109
PdOx_pre,37.36,4.208
PdOx_pre,37.37,4.296
PdOx_pre,37.38,4.338
PdOx_pre,37.39,4.337
PdOx_pre,37.4,4.39
PdOx_pre,37.41,4.329
PdOx_pre,37.42,4.345
PdOx_pre,37.43,4.297
PdOx_pre,37.44,4.344
PdOx_pre,37.45,4.364
PdOx_pre,37.46,4.385
PdOx_pre,37.47,4.35
PdOx_pre,37.48,4.314
PdOx_pre,37.49,4.313
PdOx_pre,37.5,4.275
PdOx_pre,37.51,4.361
PdOx_pre,37.52,4.338
PdOx_pre,37.53,4.349
PdOx_pre,37.54,4.274
PdOx_pre,37.55,4.41
PdOx_pre,37.56,4.546
PdOx_pre,37.57,4.488
PdOx_pre,37.58,4.469
PdOx_pre,37.59,4.428
PdOx_pre,37.6,4.544
PdOx_pre,37.61,4.638
PdOx_pre,37.62,4.733
PdOx_pre,37.63,4.829
PdOx_pre,37.64,4.696
PdOx_pre,37.65,4.679
PdOx_pre,37.66,4.738
PdOx_pre,37.67,4.861
PdOx_pre,37.68,4.899
PdOx_pre,37.69,4.954
PdOx_pre,37.7,4.921
PdOx_pre,37.71,5.076
PdOx_pre,37.72,5.157
PdOx_pre,37.73,5.103
PdOx_pre,37.74,5.048
PdOx_pre,37.75,5.098
PdOx_pre,37.76,5.173
PdOx_pre,37.77,5.144
PdOx_pre,37.78,5.209
PdOx_pre,37.79,5.333
PdOx_pre,37.8,5.36
PdOx_pre,37.81,5.306
PdOx_pre,37.82,5.16
PdOx_pre,37.83,5.116
PdOx_pre,37.84,5.115
PdOx_pre,37.85,5.235
PdOx_pre,37.86,5.421
PdOx_pre,37.87,5.453
PdOx_pre,37.88,5.478
PdOx_pre,37.89,5.354
PdOx_pre,37.9,5.58
PdOx_pre,37.91,5.683
PdOx_pre,37.92,5.816
PdOx_pre,37.93,5.843
PdOx_pre,37.94,5.82
PdOx_pre,37.95,5.803
PdOx_pre,37.96,5.752
PdOx_pre,37.97,5.76
PdOx_pre,37.98,5.713
PdOx_pre,37.99,5.863
PdOx_pre,38.0,5.979
PdOx_pre,38.01,6.108
PdOx_pre,38.02,6.171
PdOx_pre,38.03,6.096
PdOx_pre,38.04,6.052
PdOx_pre,38.05,6.014
PdOx_pre,38.06,6.035
PdOx_pre,38.07,6.189
PdOx_pre,38.08,6.378
PdOx_pre,38.09,6.59
PdOx_pre,38.1,6.83
PdOx_pre,38.11,6.889
PdOx_pre,38.12,6.817
PdOx_pre,38.13,6.78
PdOx_pre,38.14,6.787
PdOx_pre,38.15,6.912
PdOx_pre,38.16,7.048
PdOx_pre,38.17,7.235
PdOx_pre,38.18,7.289
PdOx_pre,38.19,7.297
PdOx_pre,38.2,7.119
PdOx_pre,38.21,7.269
PdOx_pre,38.22,7.482
PdOx_pre,38.23,7.595
PdOx_pre,38.24,7.574
PdOx_pre,38.25,7.602
PdOx_pre,38.26,7.829
PdOx_pre,38.27,8.059
PdOx_pre,38.28,8.102
PdOx_pre,38.29,7.958
PdOx_pre,38.3,7.819
PdOx_pre,38.31,7.847
PdOx_pre,38.32,8.169
PdOx_pre,38.33,8.404
PdOx_pre,38.34,8.508
PdOx_pre,38.35,8.624
PdOx_pre,38.36,8.696
PdOx_pre,38.37,8.756
PdOx_pre,38.38,8.706
PdOx_pre,38.39,8.747
PdOx_pre,38.4,8.818
PdOx_pre,38.41,9.126
PdOx_pre,38.42,9.271
PdOx_pre,38.43,9.628
PdOx_pre,38.44,9.73
PdOx_pre,38.45,9.81
PdOx_pre,38.46,9.858
PdOx_pre,38.47,9.979
PdOx_pre,38.48,10.2
PdOx_pre,38.49,10.322
PdOx_pre,38.5,10.476
PdOx_pre,38.51,10.781
PdOx_pre,38.52,10.992
PdOx_pre,38.53,10.98
PdOx_pre,38.54,11.035
PdOx_pre,38.55,11.194
PdOx_pre,38.56,11.326
PdOx_pre,38.57,11.406
PdOx_pre,38.58,11.592
PdOx_pre,38.59,11.755
PdOx_pre,38.6,12.237
PdOx_pre,38.61,12.385
PdOx_pre,38.62,12.664
PdOx_pre,38.63,12.798
PdOx_pre,38.64,13.033
PdOx_pre,38.65,13.239
PdOx_pre,38.66,13.678
PdOx_pre,38.67,13.947
PdOx_pre,38.68,14.539
PdOx_pre,38.69,14.773
PdOx_pre,38.7,14.821
PdOx_pre,38.71,14.952
PdOx_pre,38.72,15.06
PdOx_pre,38.73,15.526
PdOx_pre,38.74,16.243
PdOx_pre,38.75,16.641
PdOx_pre,38.76,16.585
PdOx_pre,38.77,16.824
PdOx_pre,38.78,16.936
PdOx_pre,38.79,17.53
PdOx_pre,38.8,17.921
PdOx_pre,38.81,18.291
PdOx_pre,38.82,18.874
PdOx_pre,38.83,19.472
PdOx_pre,38.84,19.901
PdOx_pre,38.85,20.626
PdOx_pre,38.86,21.114
PdOx_pre,38.87,21.718
PdOx_pre,38.88,22.324
PdOx_pre,38.89,22.534
PdOx_pre,38.9,23.15
PdOx_pre,38.91,23.895
PdOx_pre,38.92,24.335
PdOx_pre,38.93,25.121
PdOx_pre,38.94,25.777
PdOx_pre,38.95,26.259
PdOx_pre,38.96,27.385
PdOx_pre,38.97,28.183
PdOx_pre,38.98,29.215
PdOx_pre,38.99,30.351
PdOx_pre,39.0,31.014
PdOx_pre,39.01,32.025
PdOx_pre,39.02,33.342
PdOx_pre,39.03,34.236
PdOx_pre,39.04,35.9
PdOx_pre,39.05,37.606
PdOx_pre,39.06,38.61
PdOx_pre,39.07,40.609
PdOx_pre,39.08,41.936
PdOx_pre,39.09,43.377
PdOx_pre,39.1,46.001
PdOx_pre,39.11,47.616
PdOx_pre,39.12,49.805
PdOx_pre,39.13,52.836
PdOx_pre,39.14,54.348
PdOx_pre,39.15,58.201
PdOx_pre,39.16,61.368
PdOx_pre,39.17,63.362
PdOx_pre,39.18,68.177
PdOx_pre,39.19,71.639
PdOx_pre,39.2,74.68
PdOx_pre,39.21,80.521
PdOx_pre,39.22,84.128
PdOx_pre,39.23,89.567
PdOx_pre,39.24,97.985
PdOx_pre,39.25,101.664
PdOx_pre,39.26,108.204
PdOx_pre,39.27,115.179
PdOx_pre,39.28,119.062
PdOx_pre,39.29,130.463
PdOx_pre,39.3,137.957
PdOx_pre,39.31,143.812
PdOx_pre,39.32,157.358
PdOx_pre,39.33,163.732
PdOx_pre,39.34,171.56
PdOx_pre,39.35,184.75
PdOx_pre,39.36,190.836
PdOx_pre,39.37,203.612
PdOx_pre,39.38,215.223
PdOx_pre,39.39,220.835
PdOx_pre,39.4,236.09
PdOx_pre,39.41,244.858
PdOx_pre,39.42,251.298
PdOx_pre,39.43,266.484
PdOx_pre,39.44,273.055
PdOx_pre,39.45,281.422
PdOx_pre,39.46,294.51
PdOx_pre,39.47,299.799
PdOx_pre,39.48,308.358
PdOx_pre,39.49,316.009
PdOx_pre,39.5,319.817
PdOx_pre,39.51,329.54
PdOx_pre,39.52,335.294
PdOx_pre,39.53,338.246
PdOx_pre,39.54,343.577
PdOx_pre,39.55,345.636
PdOx_pre,39.56,346.594
PdOx_pre,39.57,348.221
PdOx_pre,39.58,348.743
PdOx_pre,39.59,349.346
PdOx_pre,39.6,348.686
PdOx_pre,39.61,347.319
PdOx_pre,39.62,341.743
PdOx_pre,39.63,338.019
PdOx_pre,39.64,335.452
PdOx_pre,39.65,327.91
PdOx_pre,39.66,324.253
PdOx_pre,39.67,319.35
PdOx_pre,39.68,310.035
PdOx_pre,39.69,306.07
PdOx_pre,39.7,297.152
PdOx_pre,39.71,287.95
PdOx_pre,39.72,283.966
PdOx_pre,39.73,271.579
PdOx_pre,39.74,263.666
PdOx_pre,39.75,258.922
PdOx_pre,39.76,245.402
PdOx_pre,39.77,239.468
PdOx_pre,39.78,232.102
PdOx_pre,39.79,220.433
PdOx_pre,39.8,215.709
PdOx_pre,39.81,205.749
PdOx_pre,39.82,195.799
PdOx_pre,39.83,191.773
PdOx_pre,39.84,180.591
PdOx_pre,39.85,173.921
PdOx_pre,39.86,169.461
PdOx_pre,39.87,158.504
PdOx_pre,39.88,153.752
PdOx_pre,39.89,148.23
PdOx_pre,39.9,138.822
PdOx_pre,39.91,135.264
PdOx_pre,39.92,128.561
PdOx_pre,39.93,121.859
PdOx_pre,39.94,118.978
PdOx_pre,39.95,111.699
PdOx_pre,39.96,107.527
PdOx_pre,39.97,104.624
PdOx_pre,39.98,98.017
PdOx_pre,39.99,94.791
PdOx_pre,40.0,91.401
PdOx_pre,40.01,85.959
PdOx_pre,40.02,83.946
PdOx_pre,40.03,80.458
PdOx_pre,40.04,76.917
PdOx_pre,40.05,75.112
PdOx_pre,40.06,70.406
PdOx_pre,40.07,67.742
PdOx_pre,40.08,66.073
PdOx_pre,40.09,62.613
PdOx_pre,40.1,61.05
PdOx_pre,40.11,59.051
PdOx_pre,40.12,55.885
PdOx_pre,40.13,54.674
PdOx_pre,40.14,52.782
PdOx_pre,40.15,51.037
PdOx_pre,40.16,49.987
PdOx_pre,40.17,47.313
PdOx_pre,40.18,45.645
PdOx_pre,40.19,44.482
PdOx_pre,40.2,42.477
PdOx_pre,40.21,41.544
PdOx_pre,40.22,40.345
PdOx_pre,40.23,38.51
PdOx_pre,40.24,37.908
PdOx_pre,40.25,36.693
PdOx_pre,40.26,35.24
PdOx_pre,40.27,34.457
PdOx_pre,40.28,33.061
PdOx_pre,40.29,32.338
PdOx_pre,40.3,31.732
PdOx_pre,40.31,30.451
PdOx_pre,40.32,29.835
PdOx_pre,40.33,29.251
PdOx_pre,40.34,28.291
PdOx_pre,40.35,27.738
PdOx_pre,40.36,26.794
PdOx_pre,40.37,25.835
PdOx_pre,40.38,25.311
PdOx_pre,40.39,24.306
PdOx_pre,40.4,23.842
PdOx_pre,40.41,23.411
PdOx_pre,40.42,22.562
PdOx_pre,40.43,22.112
PdOx_pre,40.44,21.784
PdOx_pre,40.45,21.259
PdOx_pre,40.46,20.791
PdOx_pre,40.47,20.351
PdOx_pre,40.48,19.766
PdOx_pre,40.49,19.652
PdOx_pre,40.5,18.98
PdOx_pre,40.51,18.628
PdOx_pre,40.52,18.208
PdOx_pre,40.53,17.737
PdOx_pre,40.54,17.481
PdOx_pre,40.55,17.081
PdOx_pre,40.56,16.712
PdOx_pre,40.57,16.508
PdOx_pre,40.58,16.214
PdOx_pre,40.59,15.775
PdOx_pre,40.6,15.608
PdOx_pre,40.61,15.127
PdOx_pre,40.62,14.679
PdOx_pre,40.63,14.376
PdOx_pre,40.64,14.087
PdOx_pre,40.65,13.898
PdOx_pre,40.66,13.659
PdOx_pre,40.67,13.344
PdOx_pre,40.68,13.189
PdOx_pre,40.69,13.125
PdOx_pre,40.7,13.092
PdOx_pre,40.71,12.914
PdOx_pre,40.72,12.406
PdOx_pre,40.73,11.905
PdOx_pre,40.74,11.805
PdOx_pre,40.75,11.521
PdOx_pre,40.76,11.502
PdOx_pre,40.77,11.284
PdOx_pre,40.78,10.885
PdOx_pre,40.79,10.702
PdOx_pre,40.8,10.566
PdOx_pre,40.81,10.481
PdOx_pre,40.82,10.381
PdOx_pre,40.83,10.355
PdOx_pre,40.84,10.202
PdOx_pre,40.85,10.019
PdOx_pre,40.86,9.512
PdOx_pre,40.87,9.415
PdOx_pre,40.88,9.271
PdOx_pre,40.89,9.264
PdOx_pre,40.9,9.153
PdOx_pre,40.91,9.012
PdOx_pre,40.92,8.856
PdOx_pre,40.93,8.796
PdOx_pre,40.94,8.69
PdOx_pre,40.95,8.463
PdOx_pre,40.96,8.365
PdOx_pre,40.97,8.09
PdOx_pre,40.98,8.068
PdOx_pre,40.99,7.968
PdOx_pre,41.0,7.945
PdOx_pre,41.01,7.836
PdOx_pre,41.02,7.609
PdOx_pre,41.03,7.405
PdOx_pre,41.04,7.327
PdOx_pre,41.05,7.297
PdOx_pre,41.06,7.172
PdOx_pre,41.07,7.136
PdOx_pre,41.08,7.005
PdOx_pre,41.09,6.857
PdOx_pre,41.1,6.662
PdOx_pre,41.11,6.698
PdOx_pre,41.12,6.76
PdOx_pre,41.13,6.733
PdOx_pre,41.14,6.544
PdOx_pre,41.15,6.435
PdOx_pre,41.16,6.447
PdOx_pre,41.17,6.404
PdOx_pre,41.18,6.32
PdOx_pre,41.19,6.167
PdOx_pre,41.2,6.111
PdOx_pre,41.21,6.055
PdOx_pre,41.22,5.996
PdOx_pre,41.23,5.955
PdOx_pre,41.24,5.869
PdOx_pre,41.25,5.738
PdOx_pre,41.26,5.651
PdOx_pre,41.27,5.66
PdOx_pre,41.28,5.662
PdOx_pre,41.29,5.561
PdOx_pre,41.3,5.399
PdOx_pre,41.31,5.359
PdOx_pre,41.32,5.37
PdOx_pre,41.33,5.366
PdOx_pre,41.34,5.285
PdOx_pre,41.35,5.177
PdOx_pre,41.36,5.117
PdOx_pre,41.37,5.136
PdOx_pre,41.38,5.11
PdOx_pre,41.39,4.998
PdOx_pre,41.4,4.903
PdOx_pre,41.41,4.864
PdOx_pre,41.42,4.867
PdOx_pre,41.43,4.84
PdOx_pre,41.44,4.878
PdOx_pre,41.45,4.804
PdOx_pre,41.46,4.73
PdOx_pre,41.47,4.51
PdOx_pre,41.48,4.443
PdOx_pre,41.49,4.449
PdOx_pre,41.5,4.436
PdOx_pre,41.51,4.398
PdOx_pre,41.52,4.345
PdOx_pre,41.53,4.426
PdOx_pre,41.54,4.486
PdOx_pre,41.55,4.434
PdOx_pre,41.56,4.316
PdOx_pre,41.57,4.257
PdOx_pre,41.58,4.284
PdOx_pre,41.59,4.297
PdOx_pre,41.6,4.271
PdOx_pre,41.61,4.297
PdOx_pre,41.62,4.333
PdOx_pre,41.63,4.241
PdOx_pre,41.64,4.113
PdOx_pre,41.65,4.061
PdOx_pre,41.66,4.092
PdOx_pre,41.67,4.114
PdOx_pre,41.68,4.15
PdOx_pre,41.69,4.067
PdOx_pre,41.7,3.971
PdOx_pre,41.71,3.902
PdOx_pre,41.72,3.979
PdOx_pre,41.73,3.917
PdOx_pre,41.74,3.758
PdOx_pre,41.75,3.627
PdOx_pre,41.76,3.681
PdOx_pre,41.77,3.76
PdOx_pre,41.78,3.736
PdOx_pre,41.79,3.823
PdOx_pre,41.8,3.802
PdOx_pre,41.81,3.713
PdOx_pre,41.82,3.7
PdOx_pre,41.83,3.807
PdOx_pre,41.84,3.789
PdOx_pre,41.85,3.653
PdOx_pre,41.86,3.598
PdOx_pre,41.87,3.678
PdOx_pre,41.88,3.73
PdOx_pre,41.89,3.607
PdOx_pre,41.9,3.59
PdOx_pre,41.91,3.572
PdOx_pre,41.92,3.522
PdOx_pre,41.93,3.456
PdOx_pre,41.94,3.424
PdOx_pre,41.95,3.411
PdOx_pre,41.96,3.386
PdOx_pre,41.97,3.421
PdOx_pre,41.98,3.459
PdOx_pre,41.99,3.425
PdOx_pre,42.0,3.349
PdOx_pre,42.01,3.329
PdOx_pre,42.02,3.358
PdOx_pre,42.03,3.405
PdOx_pre,42.04,3.415
PdOx_pre,42.05,3.41
PdOx_pre,42.06,3.406
PdOx_pre,42.07,3.488
PdOx_pre,42.08,3.418
PdOx_pre,42.09,3.454
PdOx_pre,42.1,3.37
PdOx_pre,42.11,3.34
PdOx_pre,42.12,3.229
PdOx_pre,42.13,3.183
PdOx_pre,42.14,3.266
PdOx_pre,42.15,3.355
PdOx_pre,42.16,3.347
PdOx_pre,42.17,3.227
PdOx_pre,42.18,3.227
PdOx_pre,42.19,3.175
PdOx_pre,42.2,3.231
PdOx_pre,42.21,3.229
PdOx_pre,42.22,3.249
PdOx_pre,42.23,3.202
PdOx_pre,42.24,3.2
PdOx_pre,42.25,3.153
PdOx_pre,42.26,3.173
PdOx_pre,42.27,3.195
PdOx_pre,42.28,3.204
PdOx_pre,42.29,3.157
PdOx_pre,42.3,3.063
PdOx_pre,42.31,3.016
PdOx_pre,42.32,3.024
PdOx_pre,42.33,2.964
PdOx_pre,42.34,2.964
PdOx_pre,42.35,2.934
PdOx_pre,42.36,3.06
PdOx_pre,42.37,3.047
PdOx_pre,42.38,3.046
PdOx_pre,42.39,2.964
PdOx_pre,42.4,2.926
PdOx_pre,42.41,2.911
PdOx_pre,42.42,2.947
PdOx_pre,42.43,2.935
PdOx_pre,42.44,2.943
PdOx_pre,42.45,2.923
PdOx_pre,42.46,2.95
PdOx_pre,42.47,2.98
PdOx_pre,42.48,3.03
PdOx_pre,42.49,2.961
PdOx_pre,42.5,2.904
PdOx_pre,42.51,2.888
PdOx_pre,42.52,2.909
PdOx_pre,42.53,2.92
PdOx_pre,42.54,2.981
PdOx_pre,42.55,3.024
PdOx_pre,42.56,2.96
PdOx_pre,42.57,2.873
PdOx_pre,42.58,2.835
PdOx_pre,42.59,2.841
PdOx_pre,42.6,2.856
PdOx_pre,42.61,2.889
PdOx_pre,42.62,2.855
PdOx_pre,42.63,2.861
PdOx_pre,42.64,2.822
PdOx_pre,42.65,2.76
PdOx_pre,42.66,2.684
PdOx_pre,42.67,2.643
PdOx_pre,42.68,2.693
PdOx_pre,42.69,2.665
PdOx_pre,42.7,2.684
PdOx_pre,42.71,2.649
PdOx_pre,42.72,2.664
PdOx_pre,42.73,2.634
PdOx_pre,42.74,2.676
PdOx_pre,42.75,2.675
PdOx_pre,42.76,2.706
PdOx_pre,42.77,2.699
PdOx_pre,42.78,2.747
PdOx_pre,42.79,2.761
PdOx_pre,42.8,2.754
PdOx_pre,42.81,2.707
PdOx_pre,42.82,2.66
PdOx_pre,42.83,2.561
PdOx_pre,42.84,2.572
PdOx_pre,42.85,2.695
PdOx_pre,42.86,2.845
PdOx_pre,42.87,2.797
PdOx_pre,42.88,2.698
PdOx_pre,42.89,2.675
PdOx_pre,42.9,2.734
PdOx_pre,42.91,2.727
PdOx_pre,42.92,2.724
PdOx_pre,42.93,2.595
PdOx_pre,42.94,2.656
PdOx_pre,42.95,2.63
PdOx_pre,42.96,2.625
PdOx_pre,42.97,2.54
PdOx_pre,42.98,2.475
PdOx_pre,42.99,2.511
PdOx_pre,43.0,2.595
PdOx_pre,43.01,2.691
PdOx_pre,43.02,2.7
PdOx_pre,43.03,2.613
PdOx_pre,43.04,2.529
PdOx_pre,43.05,2.556
PdOx_pre,43.06,2.605
PdOx_pre,43.07,2.672
PdOx_pre,43.08,2.627
PdOx_pre,43.09,2.631
PdOx_pre,43.1,2.618
PdOx_pre,43.11,2.747
PdOx_pre,43.12,2.725
PdOx_pre,43.13,2.652
PdOx_pre,43.14,2.583
PdOx_pre,43.15,2.571
PdOx_pre,43.16,2.643
PdOx_pre,43.17,2.657
PdOx_pre,43.18,2.623
PdOx_pre,43.19,2.568
PdOx_pre,43.2,2.556
PdOx_pre,43.21,2.613
PdOx_pre,43.22,2.589
PdOx_pre,43.23,2.577
PdOx_pre,43.24,2.581
PdOx_pre,43.25,2.628
PdOx_pre,43.26,2.535
PdOx_pre,43.27,2.505
PdOx_pre,43.28,2.481
PdOx_pre,43.29,2.531
PdOx_pre,43.3,2.437
PdOx_pre,43.31,2.466
PdOx_pre,43.32,2.544
PdOx_pre,43.33,2.6
PdOx_pre,43.34,2.554
PdOx_pre,43.35,2.544
PdOx_pre,43.36,2.595
PdOx_pre,43.37,2.534
PdOx_pre,43.38,2.494
PdOx_pre,43.39,2.426
PdOx_pre,43.4,2.363
PdOx_pre,43.41,2.325
PdOx_pre,43.42,2.271
PdOx_pre,43.43,2.465
PdOx_pre,43.44,2.559
PdOx_pre,43.45,2.65
PdOx_pre,43.46,2.614
PdOx_pre,43.47,2.721
PdOx_pre,43.48,2.778
PdOx_pre,43.49,2.726
PdOx_pre,43.5,2.583
PdOx_pre,43.51,2.568
PdOx_pre,43.52,2.602
PdOx_pre,43.53,2.605
PdOx_pre,43.54,2.511
PdOx_pre,43.55,2.455
PdOx_pre,43.56,2.426
PdOx_pre,43.57,2.437
PdOx_pre,43.58,2.44
PdOx_pre,43.59,2.499
PdOx_pre,43.6,2.511
PdOx_pre,43.61,2.513
PdOx_pre,43.62,2.469
PdOx_pre,43.63,2.507
PdOx_pre,43.64,2.49
PdOx_pre,43.65,2.472
PdOx_pre,43.66,2.509
PdOx_pre,43.67,2.525
PdOx_pre,43.68,2.467
PdOx_pre,43.69,2.425
PdOx_pre,43.7,2.434
PdOx_pre,43.71,2.478
PdOx_pre,43.72,2.528
PdOx_pre,43.73,2.529
PdOx_pre,43.74,2.528
PdOx_pre,43.75,2.445
PdOx_pre,43.76,2.383
PdOx_pre,43.77,2.364
PdOx_pre,43.78,2.431
PdOx_pre,43.79,2.48
PdOx_pre,43.8,2.464
PdOx_pre,43.81,2.384
PdOx_pre,43.82,2.35
PdOx_pre,43.83,2.393
PdOx_pre,43.84,2.413
PdOx_pre,43.85,2.414
PdOx_pre,43.86,2.416
PdOx_pre,43.87,2.522
PdOx_pre,43.88,2.484
PdOx_pre,43.89,2.38
PdOx_pre,43.9,2.347
PdOx_pre,43.91,2.412
PdOx_pre,43.92,2.509
PdOx_pre,43.93,2.513
PdOx_pre,43.94,2.54
PdOx_pre,43.95,2.589
PdOx_pre,43.96,2.547
PdOx_pre,43.97,2.535
PdOx_pre,43.98,2.485
PdOx_pre,43.99,2.504
PdOx_pre,44.0,2.4
PdOx_pre,44.01,2.327
PdOx_pre,44.02,2.399
PdOx_pre,44.03,2.459
PdOx_pre,44.04,2.481
PdOx_pre,44.05,2.478
PdOx_pre,44.06,2.538
PdOx_pre,44.07,2.597
PdOx_pre,44.08,2.52
PdOx_pre,44.09,2.475
PdOx_pre,44.1,2.448
PdOx_pre,44.11,2.422
PdOx_pre,44.12,2.361
PdOx_pre,44.13,2.346
PdOx_pre,44.14,2.446
PdOx_pre,44.15,2.557
PdOx_pre,44.16,2.546
PdOx_pre,44.17,2.573
PdOx_pre,44.18,2.554
PdOx_pre,44.19,2.545
PdOx_pre,44.2,2.473
PdOx_pre,44.21,2.488
PdOx_pre,44.22,2.463
PdOx_pre,44.23,2.484
PdOx_pre,44.24,2.491
PdOx_pre,44.25,2.456
PdOx_pre,44.26,2.389
PdOx_pre,44.27,2.399
PdOx_pre,44.28,2.494
PdOx_pre,44.29,2.593
PdOx_pre,44.3,2.53
PdOx_pre,44.31,2.485
PdOx_pre,44.32,2.456
PdOx_pre,44.33,2.514
PdOx_pre,44.34,2.489
PdOx_pre,44.35,2.469
PdOx_pre,44.36,2.421
PdOx_pre,44.37,2.468
PdOx_pre,44.38,2.472
PdOx_pre,44.39,2.535
PdOx_pre,44.4,2.494
PdOx_pre,44.41,2.516
PdOx_pre,44.42,2.452
PdOx_pre,44.43,2.39
PdOx_pre,44.44,2.329
PdOx_pre,44.45,2.315
PdOx_pre,44.46,2.414
PdOx_pre,44.47,2.474
PdOx_pre,44.48,2.55
PdOx_pre,44.49,2.482
PdOx_pre,44.5,2.453
PdOx_pre,44.51,2.375
PdOx_pre,44.52,2.32
PdOx_pre,44.53,2.334
PdOx_pre,44.54,2.348
PdOx_pre,44.55,2.388
PdOx_pre,44.56,2.401
PdOx_pre,44.57,2.39
PdOx_pre,44.58,2.41
PdOx_pre,44.59,2.476
PdOx_pre,44.6,2.517
PdOx_pre,44.61,2.445
PdOx_pre,44.62,2.403
PdOx_pre,44.63,2.457
PdOx_pre,44.64,2.487
PdOx_pre,44.65,2.45
PdOx_pre,44.66,2.507
PdOx_pre,44.67,2.533
PdOx_pre,44.68,2.48
PdOx_pre,44.69,2.401
PdOx_pre,44.7,2.381
PdOx_pre,44.71,2.503
PdOx_pre,44.72,2.529
PdOx_pre,44.73,2.56
PdOx_pre,44.74,2.541
PdOx_pre,44.75,2.521
PdOx_pre,44.76,2.414
PdOx_pre,44.77,2.396
PdOx_pre,44.78,2.347
PdOx_pre,44.79,2.301
PdOx_pre,44.8,2.285
PdOx_pre,44.81,2.279
PdOx_pre,44.82,2.396
PdOx_pre,44.83,2.412
PdOx_pre,44.84,2.435
PdOx_pre,44.85,2.386
PdOx_pre,44.86,2.419
PdOx_pre,44.87,2.495
PdOx_pre,44.88,2.422
PdOx_pre,44.89,2.37
PdOx_pre,44.9,2.373
PdOx_pre,44.91,2.461
PdOx_pre,44.92,2.485
PdOx_pre,44.93,2.412
PdOx_pre,44.94,2.522
PdOx_pre,44.95,2.527
PdOx_pre,44.96,2.452
PdOx_pre,44.97,2.301
PdOx_pre,44.98,2.297
PdOx_pre,44.99,2.424
PdOx_pre,45.0,2.533
PdOx_pre,45.01,2.66
PdOx_pre,45.02,2.642
PdOx_pre,45.03,2.589
PdOx_pre,45.04,2.416
PdOx_pre,45.05,2.346
PdOx_pre,45.06,2.373
PdOx_pre,45.07,2.48
PdOx_pre,45.08,2.51
PdOx_pre,45.09,2.446
PdOx_pre,45.1,2.4
PdOx_pre,45.11,2.383
PdOx_pre,45.12,2.408
PdOx_pre,45.13,2.363
PdOx_pre,45.14,2.392
PdOx_pre,45.15,2.465
PdOx_pre,45.16,2.617
PdOx_pre,45.17,2.563
PdOx_pre,45.18,2.484
PdOx_pre,45.19,2.343
PdOx_pre,45.2,2.344
PdOx_pre,45.21,2.355
PdOx_pre,45.22,2.412
PdOx_pre,45.23,2.452
PdOx_pre,45.24,2.513
PdOx_pre,45.25,2.473
PdOx_pre,45.26,2.404
PdOx_pre,45.27,2.397
PdOx_pre,45.28,2.441
PdOx_pre,45.29,2.446
PdOx_pre,45.3,2.422
PdOx_pre,45.31,2.448
PdOx_pre,45.32,2.474
PdOx_pre,45.33,2.432
PdOx_pre,45.34,2.509
PdOx_pre,45.35,2.55
PdOx_pre,45.36,2.466
PdOx_pre,45.37,2.356
PdOx_pre,45.38,2.426
PdOx_pre,45.39,2.549
PdOx_pre,45.4,2.536
PdOx_pre,45.41,2.469
PdOx_pre,45.42,2.526
PdOx_pre,45.43,2.473
PdOx_pre,45.44,2.393
PdOx_pre,45.45,2.237
PdOx_pre,45.46,2.281
PdOx_pre,45.47,2.38
PdOx_pre,45.48,2.403
PdOx_pre,45.49,2.336
PdOx_pre,45.5,2.293
PdOx_pre,45.51,2.351
PdOx_pre,45.52,2.388
PdOx_pre,45.53,2.315
PdOx_pre,45.54,2.297
PdOx_pre,45.55,2.392
PdOx_pre,45.56,2.41
PdOx_pre,45.57,2.374
PdOx_pre,45.58,2.25
PdOx_pre,45.59,2.287
PdOx_pre,45.6,2.272
PdOx_pre,45.61,2.297
PdOx_pre,45.62,2.322
PdOx_pre,45.63,2.337
PdOx_pre,45.64,2.337
PdOx_pre,45.65,2.223
PdOx_pre,45.66,2.185
PdOx_pre,45.67,2.195
PdOx_pre,45.68,2.221
PdOx_pre,45.69,2.254
PdOx_pre,45.7,2.214
PdOx_pre,45.71,2.301
PdOx_pre,45.72,2.362
PdOx_pre,45.73,2.352
PdOx_pre,45.74,2.213
PdOx_pre,45.75,2.15
PdOx_pre,45.76,2.196
PdOx_pre,45.77,2.216
PdOx_pre,45.78,2.289
PdOx_pre,45.79,2.258
PdOx_pre,45.8,2.253
PdOx_pre,45.81,2.174
PdOx_pre,45.82,2.167
PdOx_pre,45.83,2.154
PdOx_pre,45.84,2.208
PdOx_pre,45.85,2.259
PdOx_pre,45.86,2.312
PdOx_pre,45.87,2.333
PdOx_pre,45.88,2.429
PdOx_pre,45.89,2.451
PdOx_pre,45.9,2.42
PdOx_pre,45.91,2.331
PdOx_pre,45.92,2.272
PdOx_pre,45.93,2.263
PdOx_pre,45.94,2.373
PdOx_pre,45.95,2.371
PdOx_pre,45.96,2.393
PdOx_pre,45.97,2.295
PdOx_pre,45.98,2.25
PdOx_pre,45.99,2.157
PdOx_pre,46.0,2.189
PdOx_pre,46.01,2.221
PdOx_pre,46.02,2.297
PdOx_pre,46.03,2.296
PdOx_pre,46.04,2.294
PdOx_pre,46.05,2.156
PdOx_pre,46.06,2.082
PdOx_pre,46.07,2.099
PdOx_pre,46.08,2.265
PdOx_pre,46.09,2.358
PdOx_pre,46.1,2.38
PdOx_pre,46.11,2.314
PdOx_pre,46.12,2.25
PdOx_pre,46.13,2.211
PdOx_pre,46.14,2.207
PdOx_pre,46.15,2.223
PdOx_pre,46.16,2.254
PdOx_pre,46.17,2.194
PdOx_pre,46.18,2.162
PdOx_pre,46.19,2.208
PdOx_pre,46.2,2.325
PdOx_pre,46.21,2.273
PdOx_pre,46.22,2.16
PdOx_pre,46.23,2.106
PdOx_pre,46.24,2.148
PdOx_pre,46.25,2.213
PdOx_pre,46.26,2.269
PdOx_pre,46.27,2.181
PdOx_pre,46.28,2.089
PdOx_pre,46.29,2.049
PdOx_pre,46.3,2.143
PdOx_pre,46.31,2.175
PdOx_pre,46.32,2.153
PdOx_pre,46.33,2.111
PdOx_pre,46.34,2.186
PdOx_pre,46.35,2.227
PdOx_pre,46.36,2.246
PdOx_pre,46.37,2.116
PdOx_pre,46.38,2.061
PdOx_pre,46.39,2.117
PdOx_pre,46.4,2.205
PdOx_pre,46.41,2.225
PdOx_pre,46.42,2.21
PdOx_pre,46.43,2.172
PdOx_pre,46.44,2.287
PdOx_pre,46.45,2.29
PdOx_pre,46.46,2.274
PdOx_pre,46.47,2.143
PdOx_pre,46.48,2.211
PdOx_pre,46.49,2.192
PdOx_pre,46.5,2.176
PdOx_pre,46.51,2.067
PdOx_pre,46.52,2.14
PdOx_pre,46.53,2.225
PdOx_pre,46.54,2.239
PdOx_pre,46.55,2.203
PdOx_pre,46.56,2.128
PdOx_pre,46.57,2.16
PdOx_pre,46.58,2.175
PdOx_pre,46.59,2.21
PdOx_pre,46.6,2.172
PdOx_pre,46.61,2.167
PdOx_pre,46.62,2.062
PdOx_pre,46.63,1.997
PdOx_pre,46.64,1.994
PdOx_pre,46.65,2.146
PdOx_pre,46.66,2.244
PdOx_pre,46.67,2.235
PdOx_pre,46.68,2.188
PdOx_pre,46.69,2.083
PdOx_pre,46.7,2.077
PdOx_pre,46.71,2.056
PdOx_pre,46.72,2.101
PdOx_pre,46.73,2.127
PdOx_pre,46.74,2.159
PdOx_pre,46.75,2.184
PdOx_pre,46.76,2.094
PdOx_pre,46.77,1.988
PdOx_pre,46.78,1.957
PdOx_pre,46.79,2.109
PdOx_pre,46.8,2.287
PdOx_pre,46.81,2.393
PdOx_pre,46.82,2.358
PdOx_pre,46.83,2.29
PdOx_pre,46.84,2.211
PdOx_pre,46.85,2.161
PdOx_pre,46.86,2.048
PdOx_pre,46.87,1.954
PdOx_pre,46.88,1.912
PdOx_pre,46.89,1.92
PdOx_pre,46.9,1.913
PdOx_pre,46.91,2.047
PdOx_pre,46.92,2.152
PdOx_pre,46.93,2.158
PdOx_pre,46.94,2.041
PdOx_pre,46.95,1.99
PdOx_pre,46.96,2.036
PdOx_pre,46.97,2.092
PdOx_pre,46.98,2.165
PdOx_pre,46.99,2.177
PdOx_pre,47.0,2.203
PdOx_pre,47.01,2.176
PdOx_pre,47.02,2.213
PdOx_pre,47.03,2.163
PdOx_pre,47.04,2.103
PdOx_pre,47.05,2.011
PdOx_pre,47.06,2.058
PdOx_pre,47.07,2.054
PdOx_pre,47.08,2.069
PdOx_pre,47.09,2.103
PdOx_pre,47.1,2.155
PdOx_pre,47.11,2.213
PdOx_pre,47.12,2.172
PdOx_pre,47.13,2.094
PdOx_pre,47.14,2.042
PdOx_pre,47.15,2.062
PdOx_pre,47.16,2.086
PdOx_pre,47.17,2.079
PdOx_pre,47.18,2.06
PdOx_pre,47.19,2.165
PdOx_pre,47.2,2.148
PdOx_pre,47.21,2.095
PdOx_pre,47.22,2.011
PdOx_pre,47.23,2.09
PdOx_pre,47.24,2.122
PdOx_pre,47.25,2.125
PdOx_pre,47.26,2.057
PdOx_pre,47.27,2.042
PdOx_pre,47.28,2.068
PdOx_pre,47.29,2.107
PdOx_pre,47.3,2.072
PdOx_pre,47.31,2.053
PdOx_pre,47.32,2.134
PdOx_pre,47.33,2.155
PdOx_pre,47.34,2.143
PdOx_pre,47.35,2.061
PdOx_pre,47.36,2.012
PdOx_pre,47.37,1.972
PdOx_pre,47.38,2.027
PdOx_pre,47.39,2.134
PdOx_pre,47.4,2.22
PdOx_pre,47.41,2.215
PdOx_pre,47.42,2.169
PdOx_pre,47.43,2.187
PdOx_pre,47.44,2.152
PdOx_pre,47.45,2.09
PdOx_pre,47.46,1.948
PdOx_pre,47.47,1.894
PdOx_pre,47.48,1.851
PdOx_pre,47.49,1.861
PdOx_pre,47.5,1.941
PdOx_pre,47.51,2.075
PdOx_pre,47.52,2.146
PdOx_pre,47.53,2.134
PdOx_pre,47.54,2.035
PdOx_pre,47.55,2.023
PdOx_pre,47.56,1.991
PdOx_pre,47.57,2.017
PdOx_pre,47.58,2.066
PdOx_pre,47.59,2.113
PdOx_pre,47.6,2.138
PdOx_pre,47.61,2.103
PdOx_pre,47.62,2.054
PdOx_pre,47.63,2.034
PdOx_pre,47.64,2.077
PdOx_pre,47.65,2.129
PdOx_pre,47.66,2.135
PdOx_pre,47.67,2.09
PdOx_pre,47.68,2.079
PdOx_pre,47.69,2.009
PdOx_pre,47.7,1.939
PdOx_pre,47.71,1.9
PdOx_pre,47.72,1.898
PdOx_pre,47.73,1.896
PdOx_pre,47.74,1.946
PdOx_pre,47.75,2.004
PdOx_pre,47.76,2.021
PdOx_pre,47.77,1.975
PdOx_pre,47.78,1.984
PdOx_pre,47.79,1.978
PdOx_pre,47.8,2.068
PdOx_pre,47.81,2.028
PdOx_pre,47.82,2.055
PdOx_pre,47.83,2.019
PdOx_pre,47.84,1.99
PdOx_pre,47.85,1.851
PdOx_pre,47.86,1.868
PdOx_pre,47.87,1.919
PdOx_pre,47.88,2.055
PdOx_pre,47.89,2.082
PdOx_pre,47.9,2.016
PdOx_pre,47.91,1.982
PdOx_pre,47.92,2.072
PdOx_pre,47.93,2.142
PdOx_pre,47.94,2.12
PdOx_pre,47.95,1.981
PdOx_pre,47.96,2.01
PdOx_pre,47.97,2.115
PdOx_pre,47.98,2.206
PdOx_pre,47.99,2.124
PdOx_pre,48.0,2.059
PdOx_pre,48.01,2.007
PdOx_pre,48.02,1.996
PdOx_pre,48.03,1.954
PdOx_pre,48.04,2.017
PdOx_pre,48.05,1.973
PdOx_pre,48.06,2.01
PdOx_pre,48.07,1.977
PdOx_pre,48.08,1.971
PdOx_pre,48.09,2.021
PdOx_pre,48.1,2.069
PdOx_pre,48.11,2.128
PdOx_pre,48.12,2.124
PdOx_pre,48.13,2.16
PdOx_pre,48.14,2.133
PdOx_pre,48.15,2.038
PdOx_pre,48.16,1.946
PdOx_pre,48.17,1.909
PdOx_pre,48.18,1.91
PdOx_pre,48.19,1.977
PdOx_pre,48.2,2.013
PdOx_pre,48.21,2.067
PdOx_pre,48.22,2.106
PdOx_pre,48.23,2.114
PdOx_pre,48.24,2.112
PdOx_pre,48.25,2.084
PdOx_pre,48.26,2.11
PdOx_pre,48.27,2.113
PdOx_pre,48.28,2.092
PdOx_pre,48.29,2.087
PdOx_pre,48.3,2.046
PdOx_pre,48.31,2.087
PdOx_pre,48.32,2.095
PdOx_pre,48.33,2.151
PdOx_pre,48.34,2.169
PdOx_pre,48.35,2.118
PdOx_pre,48.36,2.09
PdOx_pre,48.37,2.061
PdOx_pre,48.38,2.087
PdOx_pre,48.39,2.038
PdOx_pre,48.4,2.021
PdOx_pre,48.41,2.019
PdOx_pre,48.42,2.045
PdOx_pre,48.43,2.094
PdOx_pre,48.44,2.029
PdOx_pre,48.45,1.95
PdOx_pre,48.46,1.883
PdOx_pre,48.47,1.913
PdOx_pre,48.48,1.966
PdOx_pre,48.49,1.961
PdOx_pre,48.5,1.991
PdOx_pre,48.51,2.102
PdOx_pre,48.52,2.156
PdOx_pre,48.53,2.124
PdOx_pre,48.54,1.97
PdOx_pre,48.55,1.977
PdOx_pre,48.56,1.919
PdOx_pre,48.57,1.989
PdOx_pre,48.58,1.986
PdOx_pre,48.59,2.042
PdOx_pre,48.6,2.051
PdOx_pre,48.61,2.077
PdOx_pre,48.62,2.114
PdOx_pre,48.63,2.045
PdOx_pre,48.64,2.011
PdOx_pre,48.65,1.951
PdOx_pre,48.66,2.02
PdOx_pre,48.67,2.036
PdOx_pre,48.68,2.02
PdOx_pre,48.69,1.954
PdOx_pre,48.7,1.933
PdOx_pre,48.71,1.963
PdOx_pre,48.72,2.012
PdOx_pre,48.73,2.076
PdOx_pre,48.74,2.176
PdOx_pre,48.75,2.172
PdOx_pre,48.76,2.137
PdOx_pre,48.77,2.001
PdOx_pre,48.78,1.952
PdOx_pre,48.79,1.925
PdOx_pre,48.8,1.945
PdOx_pre,48.81,2.009
PdOx_pre,48.82,1.998
PdOx_pre,48.83,2.024
PdOx_pre,48.84,2.018
PdOx_pre,48.85,2.095
PdOx_pre,48.86,2.111
PdOx_pre,48.87,2.066
PdOx_pre,48.88,2.007
PdOx_pre,48.89,1.979
PdOx_pre,48.9,2.005
PdOx_pre,48.91,1.939
PdOx_pre,48.92,1.92
PdOx_pre,48.93,1.923
PdOx_pre,48.94,1.983
PdOx_pre,48.95,1.998
PdOx_pre,48.96,1.988
PdOx_pre,48.97,1.94
PdOx_pre,48.98,1.982
PdOx_pre,48.99,2.026
PdOx_pre,49.0,1.923
PdOx_pre,49.01,1.949
PdOx_pre,49.02,2.006
PdOx_pre,49.03,2.051
PdOx_pre,49.04,1.988
PdOx_pre,49.05,1.936
PdOx_pre,49.06,1.944
PdOx_pre,49.07,1.87
PdOx_pre,49.08,1.949
PdOx_pre,49.09,2.056
PdOx_pre,49.1,2.142
PdOx_pre,49.11,2.121
PdOx_pre,49.12,2.066
PdOx_pre,49.13,2.013
PdOx_pre,49.14,1.972
PdOx_pre,49.15,1.98
PdOx_pre,49.16,2.043
PdOx_pre,49.17,2.031
PdOx_pre,49.18,1.968
PdOx_pre,49.19,1.864
PdOx_pre,49.2,1.853
PdOx_pre,49.21,1.968
PdOx_pre,49.22,2.024
PdOx_pre,49.23,2.032
PdOx_pre,49.24,2.038
PdOx_pre,49.25,2.056
PdOx_pre,49.26,2.095
PdOx_pre,49.27,2.034
PdOx_pre,49.28,1.971
PdOx_pre,49.29,1.943
PdOx_pre,49.3,1.957
PdOx_pre,49.31,2.031
PdOx_pre,49.32,2.02
PdOx_pre,49.33,2.089
PdOx_pre,49.34,2.04
PdOx_pre,49.35,2.023
PdOx_pre,49.36,1.957
PdOx_pre,49.37,2.026
PdOx_pre,49.38,2.034
PdOx_pre,49.39,2.005
PdOx_pre,49.4,1.914
PdOx_pre,49.41,1.866
PdOx_pre,49.42,1.836
PdOx_pre,49.43,1.805
PdOx_pre,49.44,1.86
PdOx_pre,49.45,1.916
PdOx_pre,49.46,2.004
PdOx_pre,49.47,1.967
PdOx_pre,49.48,2.0
PdOx_pre,49.49,2.055
PdOx_pre,49.5,2.072
PdOx_pre,49.51,2.065
PdOx_pre,49.52,2.081
PdOx_pre,49.53,2.145
PdOx_pre,49.54,2.104
PdOx_pre,49.55,2.057
PdOx_pre,49.56,2.024
PdOx_pre,49.57,2.054
PdOx_pre,49.58,2.014
PdOx_pre,49.59,1.977
PdOx_pre,49.6,1.987
PdOx_pre,49.61,2.021
PdOx_pre,49.62,2.085
PdOx_pre,49.63,2.072
PdOx_pre,49.64,2.083
PdOx_pre,49.65,2.043
PdOx_pre,49.66,2.004
PdOx_pre,49.67,1.998
PdOx_pre,49.68,2.028
PdOx_pre,49.69,2.032
PdOx_pre,49.7,2.004
PdOx_pre,49.71,2.0
PdOx_pre,49.72,2.032
PdOx_pre,49.73,1.959
PdOx_pre,49.74,2.005
PdOx_pre,49.75,1.996
PdOx_pre,49.76,1.991
PdOx_pre,49.77,1.903
PdOx_pre,49.78,1.956
PdOx_pre,49.79,2.045
PdOx_pre,49.8,2.009
PdOx_pre,49.81,1.92
PdOx_pre,49.82,1.887
PdOx_pre,49.83,1.934
PdOx_pre,49.84,2.017
PdOx_pre,49.85,2.03
PdOx_pre,49.86,2.059
PdOx_pre,49.87,1.984
PdOx_pre,49.88,1.907
PdOx_pre,49.89,1.852
PdOx_pre,49.9,1.898
PdOx_pre,49.91,1.979
PdOx_pre,49.92,2.01
PdOx_pre,49.93,2.0
PdOx_pre,49.94,2.031
PdOx_pre,49.95,2.025
PdOx_pre,49.96,2.058
PdOx_pre,49.97,2.072
PdOx_pre,49.98,2.147
PdOx_pre,49.99,2.033
PdOx_pre,50.0,1.936
PdOx_pre,50.01,1.898
PdOx_pre,50.02,1.979
PdOx_pre,50.03,2.037
PdOx_pre,50.04,2.039
PdOx_pre,50.05,1.953
PdOx_pre,50.06,1.843
PdOx_pre,50.07,1.828
PdOx_pre,50.08,1.895
PdOx_pre,50.09,2.028
PdOx_pre,50.1,2.08
PdOx_pre,50.11,2.091
PdOx_pre,50.12,2.032
PdOx_pre,50.13,1.975
PdOx_pre,50.14,1.931
PdOx_pre,50.15,1.961
PdOx_pre,50.16,2.069
PdOx_pre,50.17,2.157
PdOx_pre,50.18,2.052
PdOx_pre,50.19,1.991
PdOx_pre,50.2,1.942
PdOx_pre,50.21,2.011
PdOx_pre,50.22,2.091
PdOx_pre,50.23,2.062
PdOx_pre,50.24,2.028
PdOx_pre,50.25,1.976
PdOx_pre,50.26,1.93
PdOx_pre,50.27,1.923
PdOx_pre,50.28,1.955
PdOx_pre,50.29,2.045
PdOx_pre,50.3,1.972
PdOx_pre,50.31,2.013
PdOx_pre,50.32,2.097
PdOx_pre,50.33,2.2
PdOx_pre,50.34,2.105
PdOx_pre,50.35,2.055
PdOx_pre,50.36,2.03
PdOx_pre,50.37,2.084
PdOx_pre,50.38,2.069
PdOx_pre,50.39,2.075
PdOx_pre,50.4,2.055
PdOx_pre,50.41,2.03
PdOx_pre,50.42,2.033
PdOx_pre,50.43,1.943
PdOx_pre,50.44,1.939
PdOx_pre,50.45,1.893
PdOx_pre,50.46,2.009
PdOx_pre,50.47,2.071
PdOx_pre,50.48,2.095
PdOx_pre,50.49,2.032
PdOx_pre,50.5,2.007
PdOx_pre,50.51,2.002
PdOx_pre,50.52,2.013
PdOx_pre,50.53,1.987
PdOx_pre,50.54,1.938
PdOx_pre,50.55,1.875
PdOx_pre,50.56,1.814
PdOx_pre,50.57,1.844
PdOx_pre,50.58,1.865
PdOx_pre,50.59,1.925
PdOx_pre,50.6,1.968
PdOx_pre,50.61,2.005
PdOx_pre,50.62,1.992
PdOx_pre,50.63,1.99
PdOx_pre,50.64,1.993
PdOx_pre,50.65,2.026
PdOx_pre,50.66,2.096
PdOx_pre,50.67,2.134
PdOx_pre,50.68,2.11
PdOx_pre,50.69,2.009
PdOx_pre,50.7,2.023
PdOx_pre,50.71,2.075
PdOx_pre,50.72,2.156
PdOx_pre,50.73,2.125
PdOx_pre,50.74,2.073
PdOx_pre,50.75,2.025
PdOx_pre,50.76,1.958
PdOx_pre,50.77,1.941
PdOx_pre,50.78,1.986
PdOx_pre,50.79,1.993
PdOx_pre,50.8,1.987
PdOx_pre,50.81,2.012
PdOx_pre,50.82,1.944
PdOx_pre,50.83,1.901
PdOx_pre,50.84,1.838
PdOx_pre,50.85,1.917
PdOx_pre,50.86,1.93
PdOx_pre,50.87,1.962
PdOx_pre,50.88,1.969
PdOx_pre,50.89,1.956
PdOx_pre,50.9,1.977
PdOx_pre,50.91,1.965
PdOx_pre,50.92,1.918
PdOx_pre,50.93,1.889
PdOx_pre,50.94,1.923
PdOx_pre,50.95,2.014
PdOx_pre,50.96,2.073
PdOx_pre,50.97,2.015
PdOx_pre,50.98,2.038
PdOx_pre,50.99,1.969
PdOx_pre,51.0,2.099
PdOx_pre,51.01,2.139
PdOx_pre,51.02,2.145
PdOx_pre,51.03,2.03
PdOx_pre,51.04,1.891
PdOx_pre,51.05,1.888
PdOx_pre,51.06,1.889
PdOx_pre,51.07,1.959
PdOx_pre,51.08,2.003
PdOx_pre,51.09,2.016
PdOx_pre,51.1,2.007
PdOx_pre,51.11,1.998
PdOx_pre,51.12,1.981
PdOx_pre,51.13,1.956
PdOx_pre,51.14,2.009
PdOx_pre,51.15,1.997
PdOx_pre,51.16,1.995
PdOx_pre,51.17,1.926
PdOx_pre,51.18,1.98
PdOx_pre,51.19,1.948
PdOx_pre,51.2,1.946
PdOx_pre,51.21,1.924
PdOx_pre,51.22,1.983
PdOx_pre,51.23,2.002
PdOx_pre,51.24,2.018
PdOx_pre,51.25,2.053
PdOx_pre,51.26,2.103
PdOx_pre,51.27,2.145
PdOx_pre,51.28,2.095
PdOx_pre,51.29,2.042
PdOx_pre,51.3,2.066
PdOx_pre,51.31,2.104
PdOx_pre,51.32,2.128
PdOx_pre,51.33,2.037
PdOx_pre,51.34,2.078
PdOx_pre,51.35,2.013
PdOx_pre,51.36,2.001
PdOx_pre,51.37,1.977
PdOx_pre,51.38,2.04
PdOx_pre,51.39,2.055
PdOx_pre,51.4,2.089
PdOx_pre,51.41,2.166
PdOx_pre,51.42,2.163
PdOx_pre,51.43,2.068
PdOx_pre,51.44,1.947
PdOx_pre,51.45,1.959
PdOx_pre,51.46,1.992
PdOx_pre,51.47,2.077
PdOx_pre,51.48,2.074
PdOx_pre,51.49,2.087
PdOx_pre,51.5,2.075
PdOx_pre,51.51,2.077
PdOx_pre,51.52,2.029
PdOx_pre,51.53,1.898
PdOx_pre,51.54,1.845
PdOx_pre,51.55,1.899
PdOx_pre,51.56,2.014
PdOx_pre,51.57,2.089
PdOx_pre,51.58,2.062
PdOx_pre,51.59,2.017
PdOx_pre,51.6,2.002
PdOx_pre,51.61,2.018
PdOx_pre,51.62,2.101
PdOx_pre,51.63,2.093
PdOx_pre,51.64,2.091
PdOx_pre,51.65,2.078
PdOx_pre,51.66,2.096
PdOx_pre,51.67,2.039
PdOx_pre,51.68,2.015
PdOx_pre,51.69,1.975
PdOx_pre,51.7,2.042
PdOx_pre,51.71,2.034
PdOx_pre,51.72,2.071
PdOx_pre,51.73,2.059
PdOx_pre,51.74,2.085
PdOx_pre,51.75,2.004
PdOx_pre,51.76,1.929
PdOx_pre,51.77,1.895
PdOx_pre,51.78,1.947
PdOx_pre,51.79,2.028
PdOx_pre,51.8,2.007
PdOx_pre,51.81,1.943
PdOx_pre,51.82,1.886
PdOx_pre,51.83,1.931
PdOx_pre,51.84,2.094
PdOx_pre,51.85,2.196
PdOx_pre,51.86,2.192
PdOx_pre,51.87,2.17
PdOx_pre,51.88,2.136
PdOx_pre,51.89,2.143
PdOx_pre,51.9,2.179
PdOx_pre,51.91,2.155
PdOx_pre,51.92,2.08
PdOx_pre,51.93,1.991
PdOx_pre,51.94,2.035
PdOx_pre,51.95,2.045
PdOx_pre,51.96,1.972
PdOx_pre,51.97,1.987
PdOx_pre,51.98,2.018
PdOx_pre,51.99,2.034
PdOx_pre,52.0,2.143
PdOx_pre,52.01,2.238
PdOx_pre,52.02,2.307
PdOx_pre,52.03,2.153
PdOx_pre,52.04,2.081
PdOx_pre,52.05,1.963
PdOx_pre,52.06,1.982
PdOx_pre,52.07,2.04
PdOx_pre,52.08,2.156
PdOx_pre,52.09,2.152
PdOx_pre,52.1,2.138
PdOx_pre,52.11,2.149
PdOx_pre,52.12,2.117
PdOx_pre,52.13,2.018
PdOx_pre,52.14,1.912
PdOx_pre,52.15,1.94
PdOx_pre,52.16,1.964
PdOx_pre,52.17,2.087
PdOx_pre,52.18,2.114
PdOx_pre,52.19,2.119
PdOx_pre,52.2,2.0
PdOx_pre,52.21,1.902
PdOx_pre,52.22,1.919
PdOx_pre,52.23,1.997
PdOx_pre,52.24,2.076
PdOx_pre,52.25,2.06
PdOx_pre,52.26,1.975
PdOx_pre,52.27,2.011
PdOx_pre,52.28,2.111
PdOx_pre,52.29,2.223
PdOx_pre,52.3,2.195
PdOx_pre,52.31,2.147
PdOx_pre,52.32,2.11
PdOx_pre,52.33,2.118
PdOx_pre,52.34,2.102
PdOx_pre,52.35,2.061
PdOx_pre,52.36,2.036
PdOx_pre,52.37,2.007
PdOx_pre,52.38,2.107
PdOx_pre,52.39,2.107
PdOx_pre,52.4,2.177
PdOx_pre,52.41,2.189
PdOx_pre,52.42,2.198
PdOx_pre,52.43,2.119
PdOx_pre,52.44,2.05
PdOx_pre,52.45,2.101
PdOx_pre,52.46,2.087
PdOx_pre,52.47,2.09
PdOx_pre,52.48,2.082
PdOx_pre,52.49,2.179
PdOx_pre,52.5,2.174
PdOx_pre,52.51,2.207
PdOx_pre,52.52,2.202
PdOx_pre,52.53,2.225
PdOx_pre,52.54,2.274
PdOx_pre,52.55,2.297
PdOx_pre,52.56,2.255
PdOx_pre,52.57,2.102
PdOx_pre,52.58,2.07
PdOx_pre,52.59,2.143
PdOx_pre,52.6,2.208
PdOx_pre,52.61,2.229
PdOx_pre,52.62,2.199
PdOx_pre,52.63,2.139
PdOx_pre,52.64,2.163
PdOx_pre,52.65,2.194
PdOx_pre,52.66,2.286
PdOx_pre,52.67,2.237
PdOx_pre,52.68,2.148
PdOx_pre,52.69,2.173
PdOx_pre,52.7,2.23
PdOx_pre,52.71,2.402
PdOx_pre,52.72,2.371
PdOx_pre,52.73,2.376
PdOx_pre,52.74,2.354
PdOx_pre,52.75,2.398
PdOx_pre,52.76,2.413
PdOx_pre,52.77,2.437
PdOx_pre,52.78,2.448
PdOx_pre,52.79,2.33
PdOx_pre,52.8,2.224
PdOx_pre,52.81,2.138
PdOx_pre,52.82,2.191
PdOx_pre,52.83,2.234
PdOx_pre,52.84,2.325
PdOx_pre,52.85,2.366
PdOx_pre,52.86,2.357
PdOx_pre,52.87,2.294
PdOx_pre,52.88,2.243
PdOx_pre,52.89,2.3
PdOx_pre,52.9,2.347
PdOx_pre,52.91,2.465
PdOx_pre,52.92,2.45
PdOx_pre,52.93,2.41
PdOx_pre,52.94,2.366
PdOx_pre,52.95,2.341
PdOx_pre,52.96,2.392
PdOx_pre,52.97,2.438
PdOx_pre,52.98,2.487
PdOx_pre,52.99,2.385
PdOx_pre,53.0,2.386
PdOx_pre,53.01,2.367
PdOx_pre,53.02,2.419
PdOx_pre,53.03,2.524
PdOx_pre,53.04,2.595
PdOx_pre,53.05,2.552
PdOx_pre,53.06,2.532
PdOx_pre,53.07,2.491
PdOx_pre,53.08,2.515
PdOx_pre,53.09,2.48
PdOx_pre,53.1,2.496
PdOx_pre,53.11,2.523
PdOx_pre,53.12,2.542
PdOx_pre,53.13,2.492
PdOx_pre,53.14,2.472
PdOx_pre,53.15,2.413
PdOx_pre,53.16,2.486
PdOx_pre,53.17,2.444
PdOx_pre,53.18,2.457
PdOx_pre,53.19,2.431
PdOx_pre,53.2,2.467
PdOx_pre,53.21,2.473
PdOx_pre,53.22,2.438
PdOx_pre,53.23,2.49
PdOx_pre,53.24,2.504
PdOx_pre,53.25,2.573
PdOx_pre,53.26,2.67
PdOx_pre,53.27,2.733
PdOx_pre,53.28,2.75
PdOx_pre,53.29,2.673
PdOx_pre,53.3,2.619
PdOx_pre,53.31,2.604
PdOx_pre,53.32,2.601
PdOx_pre,53.33,2.659
PdOx_pre,53.34,2.757
PdOx_pre,53.35,2.775
PdOx_pre,53.36,2.654
PdOx_pre,53.37,2.562
PdOx_pre,53.38,2.611
PdOx_pre,53.39,2.683
PdOx_pre,53.4,2.744
PdOx_pre,53.41,2.736
PdOx_pre,53.42,2.794
PdOx_pre,53.43,2.742
PdOx_pre,53.44,2.793
PdOx_pre,53.45,2.802
PdOx_pre,53.46,2.829
PdOx_pre,53.47,2.772
PdOx_pre,53.48,2.841
PdOx_pre,53.49,2.888
PdOx_pre,53.5,3.032
PdOx_pre,53.51,3.014
PdOx_pre,53.52,3.067
PdOx_pre,53.53,2.89
PdOx_pre,53.54,2.974
PdOx_pre,53.55,3.101
PdOx_pre,53.56,3.21
PdOx_pre,53.57,3.079
PdOx_pre,53.58,3.051
PdOx_pre,53.59,3.093
PdOx_pre,53.6,3.142
PdOx_pre,53.61,3.038
PdOx_pre,53.62,3.084
PdOx_pre,53.63,3.108
PdOx_pre,53.64,3.193
PdOx_pre,53.65,3.233
PdOx_pre,53.66,3.22
PdOx_pre,53.67,3.261
PdOx_pre,53.68,3.307
PdOx_pre,53.69,3.373
PdOx_pre,53.7,3.371
PdOx_pre,53.71,3.353
PdOx_pre,53.72,3.392
PdOx_pre,53.73,3.432
PdOx_pre,53.74,3.357
PdOx_pre,53.75,3.273
PdOx_pre,53.76,3.429
PdOx_pre,53.77,3.607
PdOx_pre,53.78,3.685
PdOx_pre,53.79,3.631
PdOx_pre,53.8,3.602
PdOx_pre,53.81,3.643
PdOx_pre,53.82,3.675
PdOx_pre,53.83,3.59
PdOx_pre,53.84,3.586
PdOx_pre,53.85,3.622
PdOx_pre,53.86,3.618
PdOx_pre,53.87,3.538
PdOx_pre,53.88,3.463
PdOx_pre,53.89,3.552
PdOx_pre,53.9,3.596
PdOx_pre,53.91,3.684
PdOx_pre,53.92,3.806
PdOx_pre,53.93,3.931
PdOx_pre,53.94,3.914
PdOx_pre,53.95,3.831
PdOx_pre,53.96,3.899
PdOx_pre,53.97,3.923
PdOx_pre,53.98,3.966
PdOx_pre,53.99,3.937
PdOx_pre,54.0,4.076
PdOx_pre,54.01,4.156
PdOx_pre,54.02,4.236
PdOx_pre,54.03,4.172
PdOx_pre,54.04,4.088
PdOx_pre,54.05,4.013
PdOx_pre,54.06,4.108
PdOx_pre,54.07,4.219
PdOx_pre,54.08,4.209
PdOx_pre,54.09,4.293
PdOx_pre,54.1,4.296
PdOx_pre,54.11,4.361
PdOx_pre,54.12,4.371
PdOx_pre,54.13,4.435
PdOx_pre,54.14,4.453
PdOx_pre,54.15,4.446
PdOx_pre,54.16,4.435
PdOx_pre,54.17,4.518
PdOx_pre,54.18,4.495
PdOx_pre,54.19,4.696
PdOx_pre,54.2,4.671
PdOx_pre,54.21,4.695
PdOx_pre,54.22,4.582
PdOx_pre,54.23,4.647
PdOx_pre,54.24,4.831
PdOx_pre,54.25,4.922
PdOx_pre,54.26,4.827
PdOx_pre,54.27,4.828
PdOx_pre,54.28,4.909
PdOx_pre,54.29,5.11
PdOx_pre,54.3,5.247
PdOx_pre,54.31,5.242
PdOx_pre,54.32,5.267
PdOx_pre,54.33,5.162
PdOx_pre,54.34,5.158
PdOx_pre,54.35,5.195
PdOx_pre,54.36,5.307
PdOx_pre,54.37,5.334
PdOx_pre,54.38,5.27
PdOx_pre,54.39,5.28
PdOx_pre,54.4,5.34
PdOx_pre,54.41,5.405
PdOx_pre,54.42,5.466
PdOx_pre,54.43,5.498
PdOx_pre,54.44,5.403
PdOx_pre,54.45,5.395
PdOx_pre,54.46,5.523
PdOx_pre,54.47,5.603
PdOx_pre,54.48,5.564
PdOx_pre,54.49,5.596
PdOx_pre,54.5,5.636
PdOx_pre,54.51,5.66
PdOx_pre,54.52,5.564
PdOx_pre,54.53,5.637
PdOx_pre,54.54,5.571
PdOx_pre,54.55,5.654
PdOx_pre,54.56,5.564
PdOx_pre,54.57,5.729
PdOx_pre,54.58,5.809
PdOx_pre,54.59,5.97
PdOx_pre,54.6,6.056
PdOx_pre,54.61,6.036
PdOx_pre,54.62,5.999
PdOx_pre,54.63,5.926
PdOx_pre,54.64,5.89
PdOx_pre,54.65,5.841
PdOx_pre,54.66,5.904
PdOx_pre,54.67,5.889
PdOx_pre,54.68,5.865
PdOx_pre,54.69,5.741
PdOx_pre,54.7,5.829
PdOx_pre,54.71,5.997
PdOx_pre,54.72,6.106
PdOx_pre,54.73,6.171
PdOx_pre,54.74,6.111
PdOx_pre,54.75,6.121
PdOx_pre,54.76,6.212
PdOx_pre,54.77,6.367
PdOx_pre,54.78,6.302
PdOx_pre,54.79,6.118
PdOx_pre,54.8,5.986
PdOx_pre,54.81,5.936
PdOx_pre,54.82,5.972
PdOx_pre,54.83,6.015
PdOx_pre,54.84,6.055
PdOx_pre,54.85,6.151
PdOx_pre,54.86,6.268
PdOx_pre,54.87,6.26
PdOx_pre,54.88,6.102
PdOx_pre,54.89,6.089
PdOx_pre,54.9,6.08
PdOx_pre,54.91,6.02
PdOx_pre,54.92,5.974
PdOx_pre,54.93,5.984
PdOx_pre,54.94,6.061
PdOx_pre,54.95,6.096
PdOx_pre,54.96,6.173
PdOx_pre,54.97,6.023
PdOx_pre,54.98,6.036
PdOx_pre,54.99,5.868
PdOx_pre,55.0,5.934
PdOx_pre,55.01,5.938
PdOx_pre,55.02,5.988
PdOx_pre,55.03,5.789
PdOx_pre,55.04,5.705
PdOx_pre,55.05,5.731
PdOx_pre,55.06,5.75
PdOx_pre,55.07,5.665
PdOx_pre,55.08,5.707
PdOx_pre,55.09,5.75
PdOx_pre,55.1,5.783
PdOx_pre,55.11,5.536
PdOx_pre,55.12,5.467
PdOx_pre,55.13,5.397
PdOx_pre,55.14,5.476
PdOx_pre,55.15,5.561
PdOx_pre,55.16,5.576
PdOx_pre,55.17,5.596
PdOx_pre,55.18,5.617
PdOx_pre,55.19,5.584
PdOx_pre,55.2,5.468
PdOx_pre,55.21,5.299
PdOx_pre,55.22,5.307
PdOx_pre,55.23,5.321
PdOx_pre,55.24,5.424
PdOx_pre,55.25,5.432
PdOx_pre,55.26,5.253
PdOx_pre,55.27,5.118
PdOx_pre,55.28,5.071
PdOx_pre,55.29,5.065
PdOx_pre,55.3,5.081
PdOx_pre,55.31,5.002
PdOx_pre,55.32,4.976
PdOx_pre,55.33,4.97
PdOx_pre,55.34,5.122
PdOx_pre,55.35,5.088
PdOx_pre,55.36,4.916
PdOx_pre,55.37,4.841
PdOx_pre,55.38,4.862
PdOx_pre,55.39,4.821
PdOx_pre,55.4,4.759
PdOx_pre,55.41,4.748
PdOx_pre,55.42,4.716
PdOx_pre,55.43,4.696
PdOx_pre,55.44,4.71
PdOx_pre,55.45,4.743
PdOx_pre,55.46,4.811
PdOx_pre,55.47,4.813
PdOx_pre,55.48,4.742
PdOx_pre,55.49,4.594
PdOx_pre,55.5,4.542
PdOx_pre,55.51,4.547
PdOx_pre,55.52,4.411
PdOx_pre,55.53,4.187
PdOx_pre,55.54,4.17
PdOx_pre,55.55,4.302
PdOx_pre,55.56,4.269
PdOx_pre,55.57,4.185
PdOx_pre,55.58,4.065
PdOx_pre,55.59,4.056
PdOx_pre,55.6,4.025
PdOx_pre,55.61,4.113
PdOx_pre,55.62,4.096
PdOx_pre,55.63,4.041
PdOx_pre,55.64,4.068
PdOx_pre,55.65,4.103
PdOx_pre,55.66,4.103
PdOx_pre,55.67,3.963
PdOx_pre,55.68,3.936
PdOx_pre,55.69,3.885
PdOx_pre,55.7,3.922
PdOx_pre,55.71,3.841
PdOx_pre,55.72,3.72
PdOx_pre,55.73,3.743
PdOx_pre,55.74,3.769
PdOx_pre,55.75,3.81
PdOx_pre,55.76,3.627
PdOx_pre,55.77,3.718
PdOx_pre,55.78,3.685
PdOx_pre,55.79,3.635
PdOx_pre,55.8,3.421
PdOx_pre,55.81,3.321
PdOx_pre,55.82,3.465
PdOx_pre,55.83,3.533
PdOx_pre,55.84,3.432
PdOx_pre,55.85,3.335
PdOx_pre,55.86,3.347
PdOx_pre,55.87,3.503
PdOx_pre,55.88,3.504
PdOx_pre,55.89,3.429
PdOx_pre,55.9,3.252
PdOx_pre,55.91,3.195
PdOx_pre,55.92,3.25
PdOx_pre,55.93,3.255
PdOx_pre,55.94,3.25
PdOx_pre,55.95,3.24
PdOx_pre,55.96,3.284
PdOx_pre,55.97,3.283
PdOx_pre,55.98,3.282
PdOx_pre,55.99,3.238
PdOx_pre,56.0,3.129
PdOx_pre,56.01,3.071
PdOx_pre,56.02,3.131
PdOx_pre,56.03,3.152
PdOx_pre,56.04,3.075
PdOx_pre,56.05,2.935
PdOx_pre,56.06,2.967
PdOx_pre,56.07,3.071
PdOx_pre,56.08,3.155
PdOx_pre,56.09,3.019
PdOx_pre,56.1,2.924
PdOx_pre,56.11,2.859
PdOx_pre,56.12,2.782
PdOx_pre,56.13,2.689
PdOx_pre,56.14,2.831
PdOx_pre,56.15,2.948
PdOx_pre,56.16,3.017
PdOx_pre,56.17,2.925
PdOx_pre,56.18,2.924
PdOx_pre,56.19,2.927
PdOx_pre,56.2,2.883
PdOx_pre,56.21,2.811
PdOx_pre,56.22,2.709
PdOx_pre,56.23,2.729
PdOx_pre,56.24,2.825
PdOx_pre,56.25,2.867
PdOx_pre,56.26,2.892
PdOx_pre,56.27,2.793
PdOx_pre,56.28,2.692
PdOx_pre,56.29,2.676
PdOx_pre,56.3,2.691
PdOx_pre,56.31,2.784
PdOx_pre,56.32,2.767
PdOx_pre,56.33,2.653
PdOx_pre,56.34,2.473
PdOx_pre,56.35,2.436
PdOx_pre,56.36,2.523
PdOx_pre,56.37,2.588
PdOx_pre,56.38,2.695
PdOx_pre,56.39,2.693
PdOx_pre,56.4,2.644
PdOx_pre,56.41,2.474
PdOx_pre,56.42,2.436
PdOx_pre,56.43,2.397
PdOx_pre,56.44,2.437
PdOx_pre,56.45,2.417
PdOx_pre,56.46,2.469
PdOx_pre,56.47,2.448
PdOx_pre,56.48,2.527
PdOx_pre,56.49,2.477
PdOx_pre,56.5,2.463
PdOx_pre,56.51,2.359
PdOx_pre,56.52,2.326
PdOx_pre,56.53,2.286
PdOx_pre,56.54,2.282
PdOx_pre,56.55,2.252
PdOx_pre,56.56,2.268
PdOx_pre,56.57,2.413
PdOx_pre,56.58,2.506
PdOx_pre,56.59,2.474
PdOx_pre,56.6,2.369
PdOx_pre,56.61,2.325
PdOx_pre,56.62,2.241
PdOx_pre,56.63,2.25
PdOx_pre,56.64,2.165
PdOx_pre,56.65,2.215
PdOx_pre,56.66,2.261
PdOx_pre,56.67,2.467
PdOx_pre,56.68,2.55
PdOx_pre,56.69,2.485
PdOx_pre,56.7,2.343
PdOx_pre,56.71,2.179
PdOx_pre,56.72,2.247
PdOx_pre,56.73,2.211
PdOx_pre,56.74,2.281
PdOx_pre,56.75,2.218
PdOx_pre,56.76,2.281
PdOx_pre,56.77,2.309
PdOx_pre,56.78,2.411
PdOx_pre,56.79,2.443
PdOx_pre,56.8,2.362
PdOx_pre,56.81,2.208
PdOx_pre,56.82,2.143
PdOx_pre,56.83,2.169
PdOx_pre,56.84,2.26
PdOx_pre,56.85,2.264
PdOx_pre,56.86,2.219
PdOx_pre,56.87,2.125
PdOx_pre,56.88,2.141
PdOx_pre,56.89,2.119
PdOx_pre,56.9,2.173
PdOx_pre,56.91,2.187
PdOx_pre,56.92,2.23
PdOx_pre,56.93,2.181
PdOx_pre,56.94,2.096
PdOx_pre,56.95,2.139
PdOx_pre,56.96,2.241
PdOx_pre,56.97,2.362
PdOx_pre,56.98,2.242
PdOx_pre,56.99,2.134
PdOx_pre,57.0,2.117
PdOx_pre,57.01,2.224
PdOx_pre,57.02,2.228
PdOx_pre,57.03,2.239
PdOx_pre,57.04,2.186
PdOx_pre,57.05,2.18
PdOx_pre,57.06,2.145
PdOx_pre,57.07,2.075
PdOx_pre,57.08,2.045
PdOx_pre,57.09,2.111
PdOx_pre,57.1,2.178
PdOx_pre,57.11,2.141
PdOx_pre,57.12,2.018
PdOx_pre,57.13,2.021
PdOx_pre,57.14,2.073
PdOx_pre,57.15,2.171
PdOx_pre,57.16,2.123
PdOx_pre,57.17,2.117
PdOx_pre,57.18,2.106
PdOx_pre,57.19,2.101
PdOx_pre,57.2,2.028
PdOx_pre,57.21,1.978
PdOx_pre,57.22,2.054
PdOx_pre,57.23,2.107
PdOx_pre,57.24,2.104
PdOx_pre,57.25,1.977
PdOx_pre,57.26,1.983
PdOx_pre,57.27,1.993
PdOx_pre,57.28,2.094
PdOx_pre,57.29,2.061
PdOx_pre,57.3,2.069
PdOx_pre,57.31,1.983
PdOx_pre,57.32,2.051
PdOx_pre,57.33,2.053
PdOx_pre,57.34,2.042
PdOx_pre,57.35,1.987
PdOx_pre,57.36,1.983
PdOx_pre,57.37,2.141
PdOx_pre,57.38,2.219
PdOx_pre,57.39,2.174
PdOx_pre,57.4,2.033
PdOx_pre,57.41,1.966
PdOx_pre,57.42,1.952
PdOx_pre,57.43,1.977
PdOx_pre,57.44,1.989
PdOx_pre,57.45,2.007
PdOx_pre,57.46,1.921
PdOx_pre,57.47,1.914
PdOx_pre,57.48,1.911
PdOx_pre,57.49,1.919
PdOx_pre,57.5,1.898
PdOx_pre,57.51,1.912
PdOx_pre,57.52,1.979
PdOx_pre,57.53,2.052
PdOx_pre,57.54,1.991
PdOx_pre,57.55,1.946
PdOx_pre,57.56,1.858
PdOx_pre,57.57,1.861
PdOx_pre,57.58,1.841
PdOx_pre,57.59,1.871
PdOx_pre,57.6,1.983
PdOx_pre,57.61,2.109
PdOx_pre,57.62,2.111
PdOx_pre,57.63,2.041
PdOx_pre,57.64,2.082
PdOx_pre,57.65,2.067
PdOx_pre,57.66,2.012
PdOx_pre,57.67,1.969
PdOx_pre,57.68,2.017
PdOx_pre,57.69,2.057
PdOx_pre,57.7,2.032
PdOx_pre,57.71,2.109
PdOx_pre,57.72,2.072
PdOx_pre,57.73,2.027
PdOx_pre,57.74,1.927
PdOx_pre,57.75,1.946
PdOx_pre,57.76,2.045
PdOx_pre,57.77,2.071
PdOx_pre,57.78,2.053
PdOx_pre,57.79,2.014
PdOx_pre,57.8,2.062
PdOx_pre,57.81,2.05
PdOx_pre,57.82,2.009
PdOx_pre,57.83,1.991
PdOx_pre,57.84,1.974
PdOx_pre,57.85,1.978
PdOx_pre,57.86,1.975
PdOx_pre,57.87,1.967
PdOx_pre,57.88,2.003
PdOx_pre,57.89,1.973
PdOx_pre,57.9,2.034
PdOx_pre,57.91,2.114
PdOx_pre,57.92,2.172
PdOx_pre,57.93,2.177
PdOx_pre,57.94,2.098
PdOx_pre,57.95,2.009
PdOx_pre,57.96,2.045
PdOx_pre,57.97,2.072
PdOx_pre,57.98,2.074
PdOx_pre,57.99,2.066
PdOx_pre,58.0,2.056
PdOx_pre,58.01,2.033
PdOx_pre,58.02,1.971
PdOx_pre,58.03,1.953
PdOx_pre,58.04,1.95
PdOx_pre,58.05,1.999
PdOx_pre,58.06,2.036
PdOx_pre,58.07,2.049
PdOx_pre,58.08,2.014
PdOx_pre,58.09,2.07
PdOx_pre,58.1,2.118
PdOx_pre,58.11,2.151
PdOx_pre,58.12,2.158
PdOx_pre,58.13,2.104
PdOx_pre,58.14,2.082
PdOx_pre,58.15,2.071
PdOx_pre,58.16,2.022
PdOx_pre,58.17,2.024
PdOx_pre,58.18,2.02
PdOx_pre,58.19,2.05
PdOx_pre,58.2,1.991
PdOx_pre,58.21,1.908
PdOx_pre,58.22,1.883
PdOx_pre,58.23,1.965
PdOx_pre,58.24,2.047
PdOx_pre,58.25,2.171
PdOx_pre,58.26,2.092
PdOx_pre,58.27,1.974
PdOx_pre,58.28,1.899
PdOx_pre,58.29,2.029
PdOx_pre,58.3,2.064
PdOx_pre,58.31,2.078
PdOx_pre,58.32,2.117
PdOx_pre,58.33,2.182
PdOx_pre,58.34,2.133
PdOx_pre,58.35,2.013
PdOx_pre,58.36,1.981
PdOx_pre,58.37,1.98
PdOx_pre,58.38,1.924
PdOx_pre,58.39,1.937
PdOx_pre,58.4,2.005
PdOx_pre,58.41,2.069
PdOx_pre,58.42,2.027
PdOx_pre,58.43,1.974
PdOx_pre,58.44,1.957
PdOx_pre,58.45,1.993
PdOx_pre,58.46,1.963
PdOx_pre,58.47,1.954
PdOx_pre,58.48,1.973
PdOx_pre,58.49,2.069
PdOx_pre,58.5,2.169
PdOx_pre,58.51,2.233
PdOx_pre,58.52,2.258
PdOx_pre,58.53,2.21
PdOx_pre,58.54,2.187
PdOx_pre,58.55,2.085
PdOx_pre,58.56,2.054
PdOx_pre,58.57,2.144
PdOx_pre,58.58,2.221
PdOx_pre,58.59,2.296
PdOx_pre,58.6,2.259
PdOx_pre,58.61,2.26
PdOx_pre,58.62,2.164
PdOx_pre,58.63,2.144
PdOx_pre,58.64,2.085
PdOx_pre,58.65,2.1
PdOx_pre,58.66,2.127
PdOx_pre,58.67,2.175
PdOx_pre,58.68,2.202
PdOx_pre,58.69,2.202
PdOx_pre,58.7,2.104
PdOx_pre,58.71,2.029
PdOx_pre,58.72,1.986
PdOx_pre,58.73,2.081
PdOx_pre,58.74,2.191
PdOx_pre,58.75,2.294
PdOx_pre,58.76,2.374
PdOx_pre,58.77,2.419
PdOx_pre,58.78,2.297
PdOx_pre,58.79,2.167
PdOx_pre,58.8,2.077
PdOx_pre,58.81,2.068
PdOx_pre,58.82,2.084
PdOx_pre,58.83,2.188
PdOx_pre,58.84,2.325
PdOx_pre,58.85,2.28
PdOx_pre,58.86,2.326
PdOx_pre,58.87,2.308
PdOx_pre,58.88,2.335
PdOx_pre,58.89,2.327
PdOx_pre,58.9,2.352
PdOx_pre,58.91,2.252
PdOx_pre,58.92,2.148
PdOx_pre,58.93,2.176
PdOx_pre,58.94,2.228
PdOx_pre,58.95,2.27
PdOx_pre,58.96,2.344
PdOx_pre,58.97,2.45
PdOx_pre,58.98,2.503
PdOx_pre,58.99,2.495
PdOx_pre,59.0,2.486
PdOx_pre,59.01,2.486
PdOx_pre,59.02,2.469
PdOx_pre,59.03,2.469
PdOx_pre,59.04,2.522
PdOx_pre,59.05,2.452
PdOx_pre,59.06,2.359
PdOx_pre,59.07,2.375
PdOx_pre,59.08,2.461
PdOx_pre,59.09,2.54
PdOx_pre,59.1,2.524
PdOx_pre,59.11,2.558
PdOx_pre,59.12,2.509
PdOx_pre,59.13,2.417
PdOx_pre,59.14,2.362
PdOx_pre,59.15,2.409
PdOx_pre,59.16,2.559
PdOx_pre,59.17,2.657
PdOx_pre,59.18,2.685
PdOx_pre,59.19,2.565
PdOx_pre,59.2,2.609
PdOx_pre,59.21,2.64
PdOx_pre,59.22,2.623
PdOx_pre,59.23,2.501
PdOx_pre,59.24,2.658
PdOx_pre,59.25,2.819
PdOx_pre,59.26,2.927
PdOx_pre,59.27,2.774
PdOx_pre,59.28,2.64
PdOx_pre,59.29,2.679
PdOx_pre,59.3,2.721
PdOx_pre,59.31,2.81
PdOx_pre,59.32,2.742
PdOx_pre,59.33,2.814
PdOx_pre,59.34,2.844
PdOx_pre,59.35,2.886
PdOx_pre,59.36,2.901
PdOx_pre,59.37,2.764
PdOx_pre,59.38,2.728
PdOx_pre,59.39,2.767
PdOx_pre,59.4,2.875
PdOx_pre,59.41,2.881
PdOx_pre,59.42,2.88
PdOx_pre,59.43,2.895
PdOx_pre,59.44,2.842
PdOx_pre,59.45,2.867
PdOx_pre,59.46,2.966
PdOx_pre,59.47,3.078
PdOx_pre,59.48,3.113
PdOx_pre,59.49,3.035
PdOx_pre,59.5,2.956
PdOx_pre,59.51,2.911
PdOx_pre,59.52,2.943
PdOx_pre,59.53,3.102
PdOx_pre,59.54,3.119
PdOx_pre,59.55,3.075
PdOx_pre,59.56,2.919
PdOx_pre,59.57,2.877
PdOx_pre,59.58,2.991
PdOx_pre,59.59,3.197
PdOx_pre,59.6,3.239
PdOx_pre,59.61,3.202
PdOx_pre,59.62,3.136
PdOx_pre,59.63,3.234
PdOx_pre,59.64,3.199
PdOx_pre,59.65,3.186
PdOx_pre,59.66,3.149
PdOx_pre,59.67,3.112
PdOx_pre,59.68,3.103
PdOx_pre,59.69,3.074
PdOx_pre,59.7,3.258
PdOx_pre,59.71,3.265
PdOx_pre,59.72,3.372
PdOx_pre,59.73,3.339
PdOx_pre,59.74,3.36
PdOx_pre,59.75,3.361
PdOx_pre,59.76,3.38
PdOx_pre,59.77,3.408
PdOx_pre,59.78,3.356
PdOx_pre,59.79,3.383
PdOx_pre,59.8,3.275
PdOx_pre,59.81,3.253
PdOx_pre,59.82,3.26
PdOx_pre,59.83,3.387
PdOx_pre,59.84,3.373
PdOx_pre,59.85,3.311
PdOx_pre,59.86,3.232
PdOx_pre,59.87,3.294
PdOx_pre,59.88,3.391
PdOx_pre,59.89,3.467
PdOx_pre,59.9,3.539
PdOx_pre,59.91,3.575
PdOx_pre,59.92,3.611
PdOx_pre,59.93,3.666
PdOx_pre,59.94,3.495
PdOx_pre,59.95,3.351
PdOx_pre,59.96,3.43
PdOx_pre,59.97,3.587
PdOx_pre,59.98,3.65
PdOx_pre,59.99,3.599
PdOx_pre,60.0,3.487
PdOx_pre,60.01,3.488
PdOx_pre,60.02,3.516
PdOx_pre,60.03,3.48
PdOx_pre,60.04,3.5
PdOx_pre,60.05,3.579
PdOx_pre,60.06,3.614
PdOx_pre,60.07,3.605
PdOx_pre,60.08,3.697
PdOx_pre,60.09,3.847
PdOx_pre,60.1,3.827
PdOx_pre,60.11,3.704
PdOx_pre,60.12,3.52
PdOx_pre,60.13,3.463
PdOx_pre,60.14,3.488
PdOx_pre,60.15,3.492
PdOx_pre,60.16,3.412
PdOx_pre,60.17,3.465
PdOx_pre,60.18,3.488
PdOx_pre,60.19,3.371
PdOx_pre,60.2,3.225
PdOx_pre,60.21,3.295
PdOx_pre,60.22,3.386
PdOx_pre,60.23,3.388
PdOx_pre,60.24,3.382
PdOx_pre,60.25,3.393
PdOx_pre,60.26,3.504
PdOx_pre,60.27,3.542
PdOx_pre,60.28,3.418
PdOx_pre,60.29,3.348
PdOx_pre,60.3,3.413
PdOx_pre,60.31,3.562
PdOx_pre,60.32,3.623
PdOx_pre,60.33,3.569
PdOx_pre,60.34,3.483
PdOx_pre,60.35,3.415
PdOx_pre,60.36,3.363
PdOx_pre,60.37,3.408
PdOx_pre,60.38,3.476
PdOx_pre,60.39,3.545
PdOx_pre,60.4,3.531
PdOx_pre,60.41,3.415
PdOx_pre,60.42,3.319
PdOx_pre,60.43,3.29
PdOx_pre,60.44,3.208
PdOx_pre,60.45,3.19
PdOx_pre,60.46,3.229
PdOx_pre,60.47,3.281
PdOx_pre,60.48,3.08
PdOx_pre,60.49,3.115
PdOx_pre,60.5,3.207
PdOx_pre,60.51,3.315
PdOx_pre,60.52,3.361
PdOx_pre,60.53,3.345
PdOx_pre,60.54,3.273
PdOx_pre,60.55,3.232
PdOx_pre,60.56,3.239
PdOx_pre,60.57,3.222
PdOx_pre,60.58,3.203
PdOx_pre,60.59,3.189
PdOx_pre,60.6,3.15
PdOx_pre,60.61,3.01
PdOx_pre,60.62,2.93
PdOx_pre,60.63,2.915
PdOx_pre,60.64,2.948
PdOx_pre,60.65,3.004
PdOx_pre,60.66,3.062
PdOx_pre,60.67,3.13
PdOx_pre,60.68,3.129
PdOx_pre,60.69,3.119
PdOx_pre,60.7,3.047
PdOx_pre,60.71,3.089
PdOx_pre,60.72,3.076
PdOx_pre,60.73,3.122
PdOx_pre,60.74,3.019
PdOx_pre,60.75,2.819
PdOx_pre,60.76,2.712
PdOx_pre,60.77,2.785
PdOx_pre,60.78,2.84
PdOx_pre,60.79,2.868
PdOx_pre,60.8,2.867
PdOx_pre,60.81,2.928
PdOx_pre,60.82,2.869
PdOx_pre,60.83,2.78
PdOx_pre,60.84,2.68
PdOx_pre,60.85,2.725
PdOx_pre,60.86,2.753
PdOx_pre,60.87,2.728
PdOx_pre,60.88,2.622
PdOx_pre,60.89,2.65
PdOx_pre,60.9,2.765
PdOx_pre,60.91,2.798
PdOx_pre,60.92,2.72
PdOx_pre,60.93,2.622
PdOx_pre,60.94,2.554
PdOx_pre,60.95,2.553
PdOx_pre,60.96,2.561
PdOx_pre,60.97,2.671
PdOx_pre,60.98,2.648
PdOx_pre,60.99,2.604
PdOx_pre,61.0,2.513
PdOx_pre,61.01,2.533
PdOx_pre,61.02,2.5
PdOx_pre,61.03,2.47
PdOx_pre,61.04,2.616
PdOx_pre,61.05,2.665
PdOx_pre,61.06,2.669
PdOx_pre,61.07,2.518
PdOx_pre,61.08,2.49
PdOx_pre,61.09,2.418
PdOx_pre,61.1,2.523
PdOx_pre,61.11,2.506
PdOx_pre,61.12,2.468
PdOx_pre,61.13,2.428
PdOx_pre,61.14,2.45
PdOx_pre,61.15,2.486
PdOx_pre,61.16,2.446
PdOx_pre,61.17,2.396
PdOx_pre,61.18,2.35
PdOx_pre,61.19,2.305
PdOx_pre,61.2,2.312
PdOx_pre,61.21,2.429
PdOx_pre,61.22,2.479
PdOx_pre,61.23,2.457
PdOx_pre,61.24,2.366
PdOx_pre,61.25,2.31
PdOx_pre,61.26,2.296
PdOx_pre,61.27,2.394
PdOx_pre,61.28,2.346
PdOx_pre,61.29,2.285
PdOx_pre,61.3,2.264
PdOx_pre,61.31,2.351
PdOx_pre,61.32,2.364
PdOx_pre,61.33,2.341
PdOx_pre,61.34,2.343
PdOx_pre,61.35,2.383
PdOx_pre,61.36,2.367
PdOx_pre,61.37,2.279
PdOx_pre,61.38,2.183
PdOx_pre,61.39,2.135
PdOx_pre,61.4,2.153
PdOx_pre,61.41,2.213
PdOx_pre,61.42,2.203
PdOx_pre,61.43,2.141
PdOx_pre,61.44,2.051
PdOx_pre,61.45,2.004
PdOx_pre,61.46,1.956
PdOx_pre,61.47,1.947
PdOx_pre,61.48,1.972
PdOx_pre,61.49,2.062
PdOx_pre,61.5,2.113
PdOx_pre,61.51,2.087
PdOx_pre,61.52,2.114
PdOx_pre,61.53,2.173
PdOx_pre,61.54,2.134
PdOx_pre,61.55,2.007
PdOx_pre,61.56,1.962
PdOx_pre,61.57,2.011
PdOx_pre,61.58,2.021
PdOx_pre,61.59,2.096
PdOx_pre,61.6,2.056
PdOx_pre,61.61,2.0
PdOx_pre,61.62,1.984
PdOx_pre,61.63,1.965
PdOx_pre,61.64,1.95
PdOx_pre,61.65,2.006
PdOx_pre,61.66,2.085
PdOx_pre,61.67,2.066
PdOx_pre,61.68,1.912
PdOx_pre,61.69,1.873
PdOx_pre,61.7,1.906
PdOx_pre,61.71,2.039
PdOx_pre,61.72,2.031
PdOx_pre,61.73,1.966
PdOx_pre,61.74,1.889
PdOx_pre,61.75,1.954
PdOx_pre,61.76,2.022
PdOx_pre,61.77,1.998
PdOx_pre,61.78,1.99
PdOx_pre,61.79,1.953
PdOx_pre,61.8,1.986
PdOx_pre,61.81,1.942
PdOx_pre,61.82,1.937
PdOx_pre,61.83,1.863
PdOx_pre,61.84,1.788
PdOx_pre,61.85,1.813
PdOx_pre,61.86,1.772
PdOx_pre,61.87,1.817
PdOx_pre,61.88,1.878
PdOx_pre,61.89,1.91
PdOx_pre,61.9,1.892
PdOx_pre,61.91,1.853
PdOx_pre,61.92,1.874
PdOx_pre,61.93,1.836
PdOx_pre,61.94,1.838
PdOx_pre,61.95,1.834
PdOx_pre,61.96,1.857
PdOx_pre,61.97,1.866
PdOx_pre,61.98,1.871
PdOx_pre,61.99,1.898
PdOx_pre,62.0,1.934
PdOx_pre,62.01,1.903
PdOx_pre,62.02,1.844
PdOx_pre,62.03,1.853
PdOx_pre,62.04,1.869
PdOx_pre,62.05,1.919
PdOx_pre,62.06,1.828
PdOx_pre,62.07,1.865
PdOx_pre,62.08,1.864
PdOx_pre,62.09,1.84
PdOx_pre,62.1,1.753
PdOx_pre,62.11,1.742
PdOx_pre,62.12,1.744
PdOx_pre,62.13,1.761
PdOx_pre,62.14,1.77
PdOx_pre,62.15,1.775
PdOx_pre,62.16,1.76
PdOx_pre,62.17,1.818
PdOx_pre,62.18,1.869
PdOx_pre,62.19,1.88
PdOx_pre,62.2,1.895
PdOx_pre,62.21,1.792
PdOx_pre,62.22,1.756
PdOx_pre,62.23,1.757
PdOx_pre,62.24,1.843
PdOx_pre,62.25,1.86
PdOx_pre,62.26,1.838
PdOx_pre,62.27,1.813
PdOx_pre,62.28,1.774
PdOx_pre,62.29,1.721
PdOx_pre,62.3,1.666
PdOx_pre,62.31,1.696
PdOx_pre,62.32,1.702
PdOx_pre,62.33,1.686
PdOx_pre,62.34,1.643
PdOx_pre,62.35,1.627
PdOx_pre,62.36,1.632
PdOx_pre,62.37,1.68
PdOx_pre,62.38,1.848
PdOx_pre,62.39,1.86
PdOx_pre,62.4,1.861
PdOx_pre,62.41,1.739
PdOx_pre,62.42,1.758
PdOx_pre,62.43,1.813
PdOx_pre,62.44,1.828
PdOx_pre,62.45,1.785
PdOx_pre,62.46,1.79
PdOx_pre,62.47,1.821
PdOx_pre,62.48,1.761
PdOx_pre,62.49,1.772
PdOx_pre,62.5,1.736
PdOx_pre,62.51,1.72
PdOx_pre,62.52,1.736
PdOx_pre,62.53,1.747
PdOx_pre,62.54,1.719
PdOx_pre,62.55,1.664
PdOx_pre,62.56,1.648
PdOx_pre,62.57,1.667
PdOx_pre,62.58,1.708
PdOx_pre,62.59,1.755
PdOx_pre,62.6,1.736
PdOx_pre,62.61,1.728
PdOx_pre,62.62,1.664
PdOx_pre,62.63,1.644
PdOx_pre,62.64,1.667
PdOx_pre,62.65,1.712
PdOx_pre,62.66,1.643
PdOx_pre,62.67,1.655
PdOx_pre,62.68,1.664
PdOx_pre,62.69,1.709
PdOx_pre,62.7,1.709
PdOx_pre,62.71,1.802
PdOx_pre,62.72,1.784
PdOx_pre,62.73,1.756
PdOx_pre,62.74,1.66
PdOx_pre,62.75,1.633
PdOx_pre,62.76,1.573
PdOx_pre,62.77,1.598
PdOx_pre,62.78,1.573
PdOx_pre,62.79,1.588
PdOx_pre,62.8,1.613
PdOx_pre,62.81,1.693
PdOx_pre,62.82,1.729
PdOx_pre,62.83,1.775
PdOx_pre,62.84,1.728
PdOx_pre,62.85,1.688
PdOx_pre,62.86,1.641
PdOx_pre,62.87,1.681
PdOx_pre,62.88,1.653
PdOx_pre,62.89,1.753
PdOx_pre,62.9,1.79
PdOx_pre,62.91,1.811
PdOx_pre,62.92,1.761
PdOx_pre,62.93,1.699
PdOx_pre,62.94,1.616
PdOx_pre,62.95,1.589
PdOx_pre,62.96,1.549
PdOx_pre,62.97,1.584
PdOx_pre,62.98,1.615
PdOx_pre,62.99,1.633
PdOx_pre,63.0,1.66
PdOx_pre,63.01,1.609
PdOx_pre,63.02,1.643
PdOx_pre,63.03,1.653
PdOx_pre,63.04,1.707
PdOx_pre,63.05,1.672
PdOx_pre,63.06,1.685
PdOx_pre,63.07,1.679
PdOx_pre,63.08,1.701
PdOx_pre,63.09,1.661
PdOx_pre,63.1,1.575
PdOx_pre,63.11,1.552
PdOx_pre,63.12,1.575
PdOx_pre,63.13,1.589
PdOx_pre,63.14,1.641
PdOx_pre,63.15,1.704
PdOx_pre,63.16,1.774
PdOx_pre,63.17,1.765
PdOx_pre,63.18,1.667
PdOx_pre,63.19,1.578
PdOx_pre,63.2,1.552
PdOx_pre,63.21,1.619
PdOx_pre,63.22,1.643
PdOx_pre,63.23,1.625
PdOx_pre,63.24,1.551
PdOx_pre,63.25,1.597
PdOx_pre,63.26,1.601
PdOx_pre,63.27,1.724
PdOx_pre,63.28,1.741
PdOx_pre,63.29,1.677
PdOx_pre,63.3,1.643
PdOx_pre,63.31,1.701
PdOx_pre,63.32,1.781
PdOx_pre,63.33,1.758
PdOx_pre,63.34,1.686
PdOx_pre,63.35,1.688
PdOx_pre,63.36,1.637
PdOx_pre,63.37,1.602
PdOx_pre,63.38,1.542
PdOx_pre,63.39,1.605
PdOx_pre,63.4,1.566
PdOx_pre,63.41,1.601
PdOx_pre,63.42,1.658
PdOx_pre,63.43,1.747
PdOx_pre,63.44,1.798
PdOx_pre,63.45,1.779
PdOx_pre,63.46,1.652
PdOx_pre,63.47,1.551
PdOx_pre,63.48,1.556
PdOx_pre,63.49,1.607
PdOx_pre,63.5,1.626
PdOx_pre,63.51,1.591
PdOx_pre,63.52,1.579
PdOx_pre,63.53,1.508
PdOx_pre,63.54,1.534
PdOx_pre,63.55,1.532
PdOx_pre,63.56,1.607
PdOx_pre,63.57,1.594
PdOx_pre,63.58,1.601
PdOx_pre,63.59,1.55
PdOx_pre,63.6,1.52
PdOx_pre,63.61,1.574
PdOx_pre,63.62,1.546
PdOx_pre,63.63,1.553
PdOx_pre,63.64,1.587
PdOx_pre,63.65,1.584
PdOx_pre,63.66,1.604
PdOx_pre,63.67,1.594
PdOx_pre,63.68,1.584
PdOx_pre,63.69,1.502
PdOx_pre,63.7,1.525
PdOx_pre,63.71,1.498
PdOx_pre,63.72,1.484
PdOx_pre,63.73,1.535
PdOx_pre,63.74,1.579
PdOx_pre,63.75,1.637
PdOx_pre,63.76,1.621
PdOx_pre,63.77,1.566
PdOx_pre,63.78,1.536
PdOx_pre,63.79,1.553
PdOx_pre,63.8,1.651
PdOx_pre,63.81,1.654
PdOx_pre,63.82,1.596
PdOx_pre,63.83,1.534
PdOx_pre,63.84,1.484
PdOx_pre,63.85,1.561
PdOx_pre,63.86,1.666
PdOx_pre,63.87,1.747
PdOx_pre,63.88,1.676
PdOx_pre,63.89,1.552
PdOx_pre,63.9,1.447
PdOx_pre,63.91,1.487
PdOx_pre,63.92,1.606
PdOx_pre,63.93,1.584
PdOx_pre,63.94,1.412
PdOx_pre,63.95,1.375
PdOx_pre,63.96,1.51
PdOx_pre,63.97,1.504
PdOx_pre,63.98,1.478
PdOx_pre,63.99,1.487
PdOx_pre,64.0,1.804
PdOx_pre,64.01,1.923
PdOx_pre,64.02,1.933
PdOx_pre,64.03,1.701
PdOx_pre,64.04,1.58
PdOx_pre,64.05,1.756
PdOx_pre,64.06,2.137
PdOx_post,16.02,3.167
PdOx_post,16.03,2.829
PdOx_post,16.04,2.682
PdOx_post,16.05,2.824
PdOx_post,16.06,2.949
PdOx_post,16.07,2.902
PdOx_post,16.08,2.783
PdOx_post,16.09,2.821
PdOx_post,16.1,3.195
PdOx_post,16.11,3.402
PdOx_post,16.12,3.471
PdOx_post,16.13,3.247
PdOx_post,16.14,3.082
PdOx_post,16.15,3.106
PdOx_post,16.16,3.064
PdOx_post,16.17,3.095
PdOx_post,16.18,3.058
PdOx_post,16.19,3.081
PdOx_post,16.2,3.014
PdOx_post,16.21,2.922
PdOx_post,16.22,2.981
PdOx_post,16.23,2.997
PdOx_post,16.24,2.977
PdOx_post,16.25,2.848
PdOx_post,16.26,2.925
PdOx_post,16.27,3.163
PdOx_post,16.28,3.324
PdOx_post,16.29,3.205
PdOx_post,16.3,3.175
PdOx_post,16.31,3.25
PdOx_post,16.32,3.251
PdOx_post,16.33,3.129
PdOx_post,16.34,3.17
PdOx_post,16.35,3.156
PdOx_post,16.36,3.122
PdOx_post,16.37,2.994
PdOx_post,16.38,2.989
PdOx_post,16.39,3.011
PdOx_post,16.4,3.036
PdOx_post,16.41,3.158
PdOx_post,16.42,3.291
PdOx_post,16.43,3.298
PdOx_post,16.44,3.083
PdOx_post,16.45,3.063
PdOx_post,16.46,3.14
PdOx_post,16.47,3.179
PdOx_post,16.48,3.127
PdOx_post,16.49,3.018
PdOx_post,16.5,2.946
PdOx_post,16.51,3.007
PdOx_post,16.52,3.08
PdOx_post,16.53,3.134
PdOx_post,16.54,3.18
PdOx_post,16.55,3.397
PdOx_post,16.56,3.471
PdOx_post,16.57,3.338
PdOx_post,16.58,3.15
PdOx_post,16.59,3.157
PdOx_post,16.6,3.223
PdOx_post,16.61,3.169
PdOx_post,16.62,3.111
PdOx_post,16.63,3.17
PdOx_post,16.64,3.203
PdOx_post,16.65,3.216
PdOx_post,16.66,3.387
PdOx_post,16.67,3.535
PdOx_post,16.68,3.508
PdOx_post,16.69,3.332
PdOx_post,16.7,3.38
PdOx_post,16.71,3.317
PdOx_post,16.72,3.209
PdOx_post,16.73,3.13
PdOx_post,16.74,3.171
PdOx_post,16.75,3.278
PdOx_post,16.76,3.3
PdOx_post,16.77,3.402
PdOx_post,16.78,3.475
PdOx_post,16.79,3.535
PdOx_post,16.8,3.383
PdOx_post,16.81,3.272
PdOx_post,16.82,3.249
PdOx_post,16.83,3.349
PdOx_post,16.84,3.427
PdOx_post,16.85,3.372
PdOx_post,16.86,3.212
PdOx_post,16.87,3.203
PdOx_post,16.88,3.278
PdOx_post,16.89,3.418
PdOx_post,16.9,3.338
PdOx_post,16.91,3.28
PdOx_post,16.92,3.308
PdOx_post,16.93,3.36
PdOx_post,16.94,3.358
PdOx_post,16.95,3.424
PdOx_post,16.96,3.365
PdOx_post,16.97,3.33
PdOx_post,16.98,3.302
PdOx_post,16.99,3.408
PdOx_post,17.0,3.485
PdOx_post,17.01,3.557
PdOx_post,17.02,3.684
PdOx_post,17.03,3.682
PdOx_post,17.04,3.574
PdOx_post,17.05,3.33
PdOx_post,17.06,3.351
PdOx_post,17.07,3.483
PdOx_post,17.08,3.485
PdOx_post,17.09,3.443
PdOx_post,17.1,3.567
PdOx_post,17.11,3.566
PdOx_post,17.12,3.585
PdOx_post,17.13,3.607
PdOx_post,17.14,3.597
PdOx_post,17.15,3.55
PdOx_post,17.16,3.468
PdOx_post,17.17,3.562
PdOx_post,17.18,3.587
PdOx_post,17.19,3.562
PdOx_post,17.2,3.424
PdOx_post,17.21,3.38
PdOx_post,17.22,3.452
PdOx_post,17.23,3.418
PdOx_post,17.24,3.314
PdOx_post,17.25,3.235
PdOx_post,17.26,3.435
PdOx_post,17.27,3.563
PdOx_post,17.28,3.584
PdOx_post,17.29,3.575
PdOx_post,17.3,3.568
PdOx_post,17.31,3.541
PdOx_post,17.32,3.514
PdOx_post,17.33,3.598
PdOx_post,17.34,3.615
PdOx_post,17.35,3.612
PdOx_post,17.36,3.647
PdOx_post,17.37,3.708
PdOx_post,17.38,3.667
PdOx_post,17.39,3.594
PdOx_post,17.4,3.594
PdOx_post,17.41,3.608
PdOx_post,17.42,3.777
PdOx_post,17.43,3.855
PdOx_post,17.44,3.814
PdOx_post,17.45,3.626
PdOx_post,17.46,3.576
PdOx_post,17.47,3.552
PdOx_post,17.48,3.57
PdOx_post,17.49,3.727
PdOx_post,17.5,3.785
PdOx_post,17.51,3.757
PdOx_post,17.52,3.744
PdOx_post,17.53,3.822
PdOx_post,17.54,3.779
PdOx_post,17.55,3.685
PdOx_post,17.56,3.65
PdOx_post,17.57,3.629
PdOx_post,17.58,3.633
PdOx_post,17.59,3.668
PdOx_post,17.6,3.835
PdOx_post,17.61,3.906
PdOx_post,17.62,3.854
PdOx_post,17.63,3.741
PdOx_post,17.64,3.758
PdOx_post,17.65,3.886
PdOx_post,17.66,3.819
PdOx_post,17.67,3.706
PdOx_post,17.68,3.725
PdOx_post,17.69,3.894
PdOx_post,17.7,3.992
PdOx_post,17.71,3.891
PdOx_post,17.72,3.884
PdOx_post,17.73,3.937
PdOx_post,17.74,3.893
PdOx_post,17.75,3.848
PdOx_post,17.76,3.891
PdOx_post,17.77,3.891
PdOx_post,17.78,3.835
PdOx_post,17.79,3.831
PdOx_post,17.8,3.973
PdOx_post,17.81,3.945
PdOx_post,17.82,3.955
PdOx_post,17.83,4.021
PdOx_post,17.84,4.095
PdOx_post,17.85,4.117
PdOx_post,17.86,4.08
PdOx_post,17.87,4.113
PdOx_post,17.88,4.139
PdOx_post,17.89,4.135
PdOx_post,17.9,4.115
PdOx_post,17.91,4.011
PdOx_post,17.92,4.013
PdOx_post,17.93,4.09
PdOx_post,17.94,4.178
PdOx_post,17.95,4.151
PdOx_post,17.96,3.987
PdOx_post,17.97,3.917
PdOx_post,17.98,3.921
PdOx_post,17.99,4.017
PdOx_post,18.0,3.952
PdOx_post,18.01,3.884
PdOx_post,18.02,3.936
PdOx_post,18.03,4.012
PdOx_post,18.04,4.112
PdOx_post,18.05,4.203
PdOx_post,18.06,4.188
PdOx_post,18.07,4.011
PdOx_post,18.08,3.943
PdOx_post,18.09,4.057
PdOx_post,18.1,3.966
PdOx_post,18.11,3.969
PdOx_post,18.12,4.014
PdOx_post,18.13,4.051
PdOx_post,18.14,3.996
PdOx_post,18.15,4.006
PdOx_post,18.16,3.998
PdOx_post,18.17,3.96
PdOx_post,18.18,4.016
PdOx_post,18.19,4.058
PdOx_post,18.2,4.02
PdOx_post,18.21,4.164
PdOx_post,18.22,4.268
PdOx_post,18.23,4.255
PdOx_post,18.24,4.248
PdOx_post,18.25,4.178
PdOx_post,18.26,4.073
PdOx_post,18.27,4.076
PdOx_post,18.28,4.297
PdOx_post,18.29,4.369
PdOx_post,18.3,4.312
PdOx_post,18.31,4.229
PdOx_post,18.32,4.268
PdOx_post,18.33,4.258
PdOx_post,18.34,4.303
PdOx_post,18.35,4.383
PdOx_post,18.36,4.456
PdOx_post,18.37,4.434
PdOx_post,18.38,4.291
PdOx_post,18.39,4.161
PdOx_post,18.4,4.192
PdOx_post,18.41,4.191
PdOx_post,18.42,4.25
PdOx_post,18.43,4.236
PdOx_post,18.44,4.254
PdOx_post,18.45,4.295
PdOx_post,18.46,4.45
PdOx_post,18.47,4.627
PdOx_post,18.48,4.437
PdOx_post,18.49,4.286
PdOx_post,18.5,4.119
PdOx_post,18.51,4.169
PdOx_post,18.52,4.125
PdOx_post,18.53,4.075
PdOx_post,18.54,4.128
PdOx_post,18.55,4.289
PdOx_post,18.56,4.453
PdOx_post,18.57,4.538
PdOx_post,18.58,4.626
PdOx_post,18.59,4.595
PdOx_post,18.6,4.571
PdOx_post,18.61,4.585
PdOx_post,18.62,4.394
PdOx_post,18.63,4.262
PdOx_post,18.64,4.271
PdOx_post,18.65,4.347
PdOx_post,18.66,4.321
PdOx_post,18.67,4.325
PdOx_post,18.68,4.291
PdOx_post,18.69,4.318
PdOx_post,18.7,4.36
PdOx_post,18.71,4.372
PdOx_post,18.72,4.371
PdOx_post,18.73,4.329
PdOx_post,18.74,4.425
PdOx_post,18.75,4.407
PdOx_post,18.76,4.454
PdOx_post,18.77,4.328
PdOx_post,18.78,4.261
PdOx_post,18.79,4.214
PdOx_post,18.8,4.27
PdOx_post,18.81,4.387
PdOx_post,18.82,4.557
PdOx_post,18.83,4.618
PdOx_post,18.84,4.69
PdOx_post,18.85,4.612
PdOx_post,18.86,4.565
PdOx_post,18.87,4.622
PdOx_post,18.88,4.699
PdOx_post,18.89,4.67
PdOx_post,18.9,4.484
PdOx_post,18.91,4.408
PdOx_post,18.92,4.433
PdOx_post,18.93,4.496
PdOx_post,18.94,4.432
PdOx_post,18.95,4.478
PdOx_post,18.96,4.577
PdOx_post,18.97,4.632
PdOx_post,18.98,4.547
PdOx_post,18.99,4.489
PdOx_post,19.0,4.442
PdOx_post,19.01,4.526
PdOx_post,19.02,4.527
PdOx_post,19.03,4.581
PdOx_post,19.04,4.542
PdOx_post,19.05,4.543
PdOx_post,19.06,4.403
PdOx_post,19.07,4.417
PdOx_post,19.08,4.493
PdOx_post,19.09,4.535
PdOx_post,19.1,4.564
PdOx_post,19.11,4.632
PdOx_post,19.12,4.649
PdOx_post,19.13,4.609
PdOx_post,19.14,4.599
PdOx_post,19.15,4.552
PdOx_post,19.16,4.517
PdOx_post,19.17,4.527
PdOx_post,19.18,4.665
PdOx_post,19.19,4.696
PdOx_post,19.2,4.668
PdOx_post,19.21,4.688
PdOx_post,19.22,4.776
PdOx_post,19.23,4.777
PdOx_post,19.24,4.638
PdOx_post,19.25,4.597
PdOx_post,19.26,4.562
PdOx_post,19.27,4.569
PdOx_post,19.28,4.615
PdOx_post,19.29,4.726
PdOx_post,19.3,4.691
PdOx_post,19.31,4.556
PdOx_post,19.32,4.508
PdOx_post,19.33,4.555
PdOx_post,19.34,4.634
PdOx_post,19.35,4.817
PdOx_post,19.36,4.951
PdOx_post,19.37,4.883
PdOx_post,19.38,4.728
PdOx_post,19.39,4.55
PdOx_post,19.4,4.48
PdOx_post,19.41,4.418
PdOx_post,19.42,4.681
PdOx_post,19.43,4.774
PdOx_post,19.44,4.768
PdOx_post,19.45,4.619
PdOx_post,19.46,4.723
PdOx_post,19.47,4.798
PdOx_post,19.48,4.742
PdOx_post,19.49,4.59
PdOx_post,19.5,4.602
PdOx_post,19.51,4.632
PdOx_post,19.52,4.621
PdOx_post,19.53,4.626
PdOx_post,19.54,4.799
PdOx_post,19.55,4.843
PdOx_post,19.56,4.753
PdOx_post,19.57,4.559
PdOx_post,19.58,4.582
PdOx_post,19.59,4.745
PdOx_post,19.6,4.879
PdOx_post,19.61,4.851
PdOx_post,19.62,4.669
PdOx_post,19.63,4.584
PdOx_post,19.64,4.549
PdOx_post,19.65,4.57
PdOx_post,19.66,4.538
PdOx_post,19.67,4.563
PdOx_post,19.68,4.567
PdOx_post,19.69,4.662
PdOx_post,19.7,4.763
PdOx_post,19.71,4.756
PdOx_post,19.72,4.66
PdOx_post,19.73,4.698
PdOx_post,19.74,4.651
PdOx_post,19.75,4.629
PdOx_post,19.76,4.628
PdOx_post,19.77,4.728
PdOx_post,19.78,4.676
PdOx_post,19.79,4.587
PdOx_post,19.8,4.608
PdOx_post,19.81,4.591
PdOx_post,19.82,4.621
PdOx_post,19.83,4.717
PdOx_post,19.84,4.739
PdOx_post,19.85,4.765
PdOx_post,19.86,4.647
PdOx_post,19.87,4.652
PdOx_post,19.88,4.734
PdOx_post,19.89,4.811
PdOx_post,19.9,4.819
PdOx_post,19.91,4.938
PdOx_post,19.92,4.993
PdOx_post,19.93,4.791
PdOx_post,19.94,4.587
PdOx_post,19.95,4.718
PdOx_post,19.96,4.96
PdOx_post,19.97,4.997
PdOx_post,19.98,4.85
PdOx_post,19.99,4.724
PdOx_post,20.0,4.774
PdOx_post,20.01,4.811
PdOx_post,20.02,4.807
PdOx_post,20.03,4.797
PdOx_post,20.04,4.863
PdOx_post,20.05,4.912
PdOx_post,20.06,4.821
PdOx_post,20.07,4.747
PdOx_post,20.08,4.727
PdOx_post,20.09,4.726
PdOx_post,20.1,4.783
PdOx_post,20.11,4.866
PdOx_post,20.12,4.808
PdOx_post,20.13,4.797
PdOx_post,20.14,4.905
PdOx_post,20.15,4.933
PdOx_post,20.16,4.867
PdOx_post,20.17,4.782
PdOx_post,20.18,4.831
PdOx_post,20.19,4.795
PdOx_post,20.2,4.811
PdOx_post,20.21,4.775
PdOx_post,20.22,4.803
PdOx_post,20.23,4.788
PdOx_post,20.24,4.801
PdOx_post,20.25,4.7
PdOx_post,20.26,4.635
PdOx_post,20.27,4.717
PdOx_post,20.28,4.789
PdOx_post,20.29,4.893
PdOx_post,20.3,4.836
PdOx_post,20.31,4.699
PdOx_post,20.32,4.641
PdOx_post,20.33,4.781
PdOx_post,20.34,4.963
PdOx_post,20.35,4.889
PdOx_post,20.36,4.954
PdOx_post,20.37,4.922
PdOx_post,20.38,4.839
PdOx_post,20.39,4.807
PdOx_post,20.4,4.947
PdOx_post,20.41,5.016
PdOx_post,20.42,4.79
PdOx_post,20.43,4.593
PdOx_post,20.44,4.607
PdOx_post,20.45,4.775
PdOx_post,20.46,4.849
PdOx_post,20.47,4.862
PdOx_post,20.48,4.748
PdOx_post,20.49,4.77
PdOx_post,20.5,4.817
PdOx_post,20.51,4.879
PdOx_post,20.52,4.781
PdOx_post,20.53,4.828
PdOx_post,20.54,4.901
PdOx_post,20.55,4.928
PdOx_post,20.56,4.7
PdOx_post,20.57,4.62
PdOx_post,20.58,4.56
PdOx_post,20.59,4.598
PdOx_post,20.6,4.713
PdOx_post,20.61,4.905
PdOx_post,20.62,4.864
PdOx_post,20.63,4.848
PdOx_post,20.64,4.786
PdOx_post,20.65,4.849
PdOx_post,20.66,4.933
PdOx_post,20.67,4.935
PdOx_post,20.68,4.954
PdOx_post,20.69,4.845
PdOx_post,20.7,4.87
PdOx_post,20.71,4.806
PdOx_post,20.72,4.784
PdOx_post,20.73,4.751
PdOx_post,20.74,4.807
PdOx_post,20.75,4.974
PdOx_post,20.76,5.127
PdOx_post,20.77,5.108
PdOx_post,20.78,4.856
PdOx_post,20.79,4.71
PdOx_post,20.8,4.769
PdOx_post,20.81,4.855
PdOx_post,20.82,4.928
PdOx_post,20.83,4.925
PdOx_post,20.84,4.831
PdOx_post,20.85,4.783
PdOx_post,20.86,4.782
PdOx_post,20.87,4.813
PdOx_post,20.88,4.834
PdOx_post,20.89,4.853
PdOx_post,20.9,4.812
PdOx_post,20.91,4.701
PdOx_post,20.92,4.812
PdOx_post,20.93,4.897
PdOx_post,20.94,4.992
PdOx_post,20.95,5.033
PdOx_post,20.96,5.125
PdOx_post,20.97,5.106
PdOx_post,20.98,4.997
PdOx_post,20.99,4.812
PdOx_post,21.0,4.791
PdOx_post,21.01,4.774
PdOx_post,21.02,4.737
PdOx_post,21.03,4.817
PdOx_post,21.04,4.838
PdOx_post,21.05,4.848
PdOx_post,21.06,4.716
PdOx_post,21.07,4.663
PdOx_post,21.08,4.646
PdOx_post,21.09,4.654
PdOx_post,21.1,4.825
PdOx_post,21.11,4.871
PdOx_post,21.12,4.825
PdOx_post,21.13,4.805
PdOx_post,21.14,4.918
PdOx_post,21.15,4.978
PdOx_post,21.16,4.845
PdOx_post,21.17,4.609
PdOx_post,21.18,4.593
PdOx_post,21.19,4.79
PdOx_post,21.2,5.066
PdOx_post,21.21,5.057
PdOx_post,21.22,5.04
PdOx_post,21.23,4.935
PdOx_post,21.24,4.882
PdOx_post,21.25,4.888
PdOx_post,21.26,4.948
PdOx_post,21.27,4.936
PdOx_post,21.28,4.874
PdOx_post,21.29,4.888
PdOx_post,21.3,4.941
PdOx_post,21.31,4.889
PdOx_post,21.32,4.768
PdOx_post,21.33,4.781
PdOx_post,21.34,4.848
PdOx_post,21.35,4.843
PdOx_post,21.36,4.755
PdOx_post,21.37,4.764
PdOx_post,21.38,4.748
PdOx_post,21.39,4.802
PdOx_post,21.4,4.806
PdOx_post,21.41,4.896
PdOx_post,21.42,4.901
PdOx_post,21.43,4.886
PdOx_post,21.44,4.837
PdOx_post,21.45,4.785
PdOx_post,21.46,4.781
PdOx_post,21.47,4.811
PdOx_post,21.48,4.856
PdOx_post,21.49,4.854
PdOx_post,21.5,4.854
PdOx_post,21.51,4.868
PdOx_post,21.52,4.938
PdOx_post,21.53,4.924
PdOx_post,21.54,4.907
PdOx_post,21.55,4.887
PdOx_post,21.56,4.884
PdOx_post,21.57,4.795
PdOx_post,21.58,4.747
PdOx_post,21.59,4.683
PdOx_post,21.6,4.742
PdOx_post,21.61,4.714
PdOx_post,21.62,4.765
PdOx_post,21.63,4.722
PdOx_post,21.64,4.77
PdOx_post,21.65,4.789
PdOx_post,21.66,4.849
PdOx_post,21.67,4.939
PdOx_post,21.68,4.925
PdOx_post,21.69,4.889
PdOx_post,21.7,4.716
PdOx_post,21.71,4.591
PdOx_post,21.72,4.605
PdOx_post,21.73,4.703
PdOx_post,21.74,4.712
PdOx_post,21.75,4.842
PdOx_post,21.76,4.952
PdOx_post,21.77,5.033
PdOx_post,21.78,4.955
PdOx_post,21.79,4.887
PdOx_post,21.8,4.834
PdOx_post,21.81,4.721
PdOx_post,21.82,4.667
PdOx_post,21.83,4.693
PdOx_post,21.84,4.748
PdOx_post,21.85,4.818
PdOx_post,21.86,4.84
PdOx_post,21.87,4.784
PdOx_post,21.88,4.683
PdOx_post,21.89,4.705
PdOx_post,21.9,4.687
PdOx_post,21.91,4.672
PdOx_post,21.92,4.623
PdOx_post,21.93,4.754
PdOx_post,21.94,4.766
PdOx_post,21.95,4.705
PdOx_post,21.96,4.663
PdOx_post,21.97,4.756
PdOx_post,21.98,4.731
PdOx_post,21.99,4.677
PdOx_post,22.0,4.621
PdOx_post,22.01,4.833
PdOx_post,22.02,4.922
PdOx_post,22.03,5.021
PdOx_post,22.04,4.801
PdOx_post,22.05,4.724
PdOx_post,22.06,4.677
PdOx_post,22.07,4.868
PdOx_post,22.08,4.93
PdOx_post,22.09,4.866
PdOx_post,22.1,4.744
PdOx_post,22.11,4.655
PdOx_post,22.12,4.687
PdOx_post,22.13,4.627
PdOx_post,22.14,4.611
PdOx_post,22.15,4.587
PdOx_post,22.16,4.641
PdOx_post,22.17,4.717
PdOx_post,22.18,4.739
PdOx_post,22.19,4.778
PdOx_post,22.2,4.8
PdOx_post,22.21,4.86
PdOx_post,22.22,4.826
PdOx_post,22.23,4.742
PdOx_post,22.24,4.718
PdOx_post,22.25,4.711
PdOx_post,22.26,4.593
PdOx_post,22.27,4.598
PdOx_post,22.28,4.628
PdOx_post,22.29,4.631
PdOx_post,22.3,4.501
PdOx_post,22.31,4.481
PdOx_post,22.32,4.553
PdOx_post,22.33,4.61
PdOx_post,22.34,4.598
PdOx_post,22.35,4.618
PdOx_post,22.36,4.726
PdOx_post,22.37,4.799
PdOx_post,22.38,4.772
PdOx_post,22.39,4.631
PdOx_post,22.4,4.577
PdOx_post,22.41,4.585
PdOx_post,22.42,4.653
PdOx_post,22.43,4.628
PdOx_post,22.44,4.548
PdOx_post,22.45,4.683
PdOx_post,22.46,4.764
PdOx_post,22.47,4.819
PdOx_post,22.48,4.838
PdOx_post,22.49,4.83
PdOx_post,22.5,4.682
PdOx_post,22.51,4.615
PdOx_post,22.52,4.642
PdOx_post,22.53,4.687
PdOx_post,22.54,4.575
PdOx_post,22.55,4.57
PdOx_post,22.56,4.634
PdOx_post,22.57,4.676
PdOx_post,22.58,4.64
PdOx_post,22.59,4.556
PdOx_post,22.6,4.643
PdOx_post,22.61,4.625
PdOx_post,22.62,4.558
PdOx_post,22.63,4.471
PdOx_post,22.64,4.606
PdOx_post,22.65,4.596
PdOx_post,22.66,4.626
PdOx_post,22.67,4.592
PdOx_post,22.68,4.694
PdOx_post,22.69,4.746
PdOx_post,22.7,4.811
PdOx_post,22.71,4.71
PdOx_post,22.72,4.598
PdOx_post,22.73,4.672
PdOx_post,22.74,4.836
PdOx_post,22.75,4.779
PdOx_post,22.76,4.556
PdOx_post,22.77,4.552
PdOx_post,22.78,4.568
PdOx_post,22.79,4.649
PdOx_post,22.8,4.597
PdOx_post,22.81,4.589
PdOx_post,22.82,4.393
PdOx_post,22.83,4.515
PdOx_post,22.84,4.631
PdOx_post,22.85,4.809
PdOx_post,22.86,4.725
PdOx_post,22.87,4.678
PdOx_post,22.88,4.746
PdOx_post,22.89,4.793
PdOx_post,22.9,4.718
PdOx_post,22.91,4.513
PdOx_post,22.92,4.375
PdOx_post,22.93,4.327
PdOx_post,22.94,4.424
PdOx_post,22.95,4.552
PdOx_post,22.96,4.688
PdOx_post,22.97,4.786
PdOx_post,22.98,4.827
PdOx_post,22.99,4.775
PdOx_post,23.0,4.646
PdOx_post,23.01,4.601
PdOx_post,23.02,4.625
PdOx_post,23.03,4.592
PdOx_post,23.04,4.556
PdOx_post,23.05,4.617
PdOx_post,23.06,4.791
PdOx_post,23.07,4.801
PdOx_post,23.08,4.692
PdOx_post,23.09,4.477
PdOx_post,23.1,4.462
PdOx_post,23.11,4.569
PdOx_post,23.12,4.736
PdOx_post,23.13,4.731
PdOx_post,23.14,4.678
PdOx_post,23.15,4.606
PdOx_post,23.16,4.566
PdOx_post,23.17,4.484
PdOx_post,23.18,4.566
PdOx_post,23.19,4.622
PdOx_post,23.2,4.643
PdOx_post,23.21,4.587
PdOx_post,23.22,4.583
PdOx_post,23.23,4.645
PdOx_post,23.24,4.631
PdOx_post,23.25,4.483
PdOx_post,23.26,4.56
PdOx_post,23.27,4.711
PdOx_post,23.28,4.72
PdOx_post,23.29,4.562
PdOx_post,23.3,4.556
PdOx_post,23.31,4.677
PdOx_post,23.32,4.682
PdOx_post,23.33,4.692
PdOx_post,23.34,4.654
PdOx_post,23.35,4.573
PdOx_post,23.36,4.56
PdOx_post,23.37,4.453
PdOx_post,23.38,4.396
PdOx_post,23.39,4.47
PdOx_post,23.4,4.711
PdOx_post,23.41,4.836
PdOx_post,23.42,4.848
PdOx_post,23.43,4.705
PdOx_post,23.44,4.7
PdOx_post,23.45,4.565
PdOx_post,23.46,4.515
PdOx_post,23.47,4.392
PdOx_post,23.48,4.482
PdOx_post,23.49,4.521
PdOx_post,23.5,4.631
PdOx_post,23.51,4.702
PdOx_post,23.52,4.753
PdOx_post,23.53,4.706
PdOx_post,23.54,4.753
PdOx_post,23.55,4.703
PdOx_post,23.56,4.63
PdOx_post,23.57,4.486
PdOx_post,23.58,4.557
PdOx_post,23.59,4.673
PdOx_post,23.6,4.76
PdOx_post,23.61,4.776
PdOx_post,23.62,4.837
PdOx_post,23.63,4.804
PdOx_post,23.64,4.683
PdOx_post,23.65,4.554
PdOx_post,23.66,4.603
PdOx_post,23.67,4.548
PdOx_post,23.68,4.502
PdOx_post,23.69,4.479
PdOx_post,23.7,4.553
PdOx_post,23.71,4.531
PdOx_post,23.72,4.464
PdOx_post,23.73,4.499
PdOx_post,23.74,4.472
PdOx_post,23.75,4.551
PdOx_post,23.76,4.59
PdOx_post,23.77,4.692
PdOx_post,23.78,4.637
PdOx_post,23.79,4.565
PdOx_post,23.8,4.454
PdOx_post,23.81,4.461
PdOx_post,23.82,4.518
PdOx_post,23.83,4.662
PdOx_post,23.84,4.671
PdOx_post,23.85,4.575
PdOx_post,23.86,4.456
PdOx_post,23.87,4.444
PdOx_post,23.88,4.455
PdOx_post,23.89,4.475
PdOx_post,23.9,4.492
PdOx_post,23.91,4.511
PdOx_post,23.92,4.534
PdOx_post,23.93,4.489
PdOx_post,23.94,4.533
PdOx_post,23.95,4.617
PdOx_post,23.96,4.708
PdOx_post,23.97,4.718
PdOx_post,23.98,4.646
PdOx_post,23.99,4.572
PdOx_post,24.0,4.531
PdOx_post,24.01,4.454
PdOx_post,24.02,4.438
PdOx_post,24.03,4.42
PdOx_post,24.04,4.538
PdOx_post,24.05,4.629
PdOx_post,24.06,4.677
PdOx_post,24.07,4.628
PdOx_post,24.08,4.563
PdOx_post,24.09,4.48
PdOx_post,24.1,4.544
PdOx_post,24.11,4.529
PdOx_post,24.12,4.589
PdOx_post,24.13,4.467
PdOx_post,24.14,4.418
PdOx_post,24.15,4.422
PdOx_post,24.16,4.432
PdOx_post,24.17,4.566
PdOx_post,24.18,4.518
PdOx_post,24.19,4.428
PdOx_post,24.2,4.261
PdOx_post,24.21,4.357
PdOx_post,24.22,4.477
PdOx_post,24.23,4.538
PdOx_post,24.24,4.619
PdOx_post,24.25,4.523
PdOx_post,24.26,4.476
PdOx_post,24.27,4.392
PdOx_post,24.28,4.531
PdOx_post,24.29,4.671
PdOx_post,24.3,4.698
PdOx_post,24.31,4.659
PdOx_post,24.32,4.458
PdOx_post,24.33,4.379
PdOx_post,24.34,4.321
PdOx_post,24.35,4.389
PdOx_post,24.36,4.409
PdOx_post,24.37,4.533
PdOx_post,24.38,4.676
PdOx_post,24.39,4.628
PdOx_post,24.4,4.636
PdOx_post,24.41,4.506
PdOx_post,24.42,4.545
PdOx_post,24.43,4.477
PdOx_post,24.44,4.443
PdOx_post,24.45,4.391
PdOx_post,24.46,4.331
PdOx_post,24.47,4.36
PdOx_post,24.48,4.413
PdOx_post,24.49,4.521
PdOx_post,24.5,4.471
PdOx_post,24.51,4.465
PdOx_post,24.52,4.5
PdOx_post,24.53,4.431
PdOx_post,24.54,4.408
PdOx_post,24.55,4.463
PdOx_post,24.56,4.527
PdOx_post,24.57,4.553
PdOx_post,24.58,4.426
PdOx_post,24.59,4.414
PdOx_post,24.6,4.349
PdOx_post,24.61,4.513
PdOx_post,24.62,4.543
PdOx_post,24.63,4.468
PdOx_post,24.64,4.381
PdOx_post,24.65,4.422
PdOx_post,24.66,4.493
PdOx_post,24.67,4.407
PdOx_post,24.68,4.417
PdOx_post,24.69,4.478
PdOx_post,24.7,4.626
PdOx_post,24.71,4.659
PdOx_post,24.72,4.54
PdOx_post,24.73,4.429
PdOx_post,24.74,4.535
PdOx_post,24.75,4.714
PdOx_post,24.76,4.601
PdOx_post,24.77,4.345
PdOx_post,24.78,4.321
PdOx_post,24.79,4.337
PdOx_post,24.8,4.447
PdOx_post,24.81,4.455
PdOx_post,24.82,4.462
PdOx_post,24.83,4.271
PdOx_post,24.84,4.335
PdOx_post,24.85,4.471
PdOx_post,24.86,4.523
PdOx_post,24.87,4.524
PdOx_post,24.88,4.469
PdOx_post,24.89,4.414
PdOx_post,24.9,4.375
PdOx_post,24.91,4.412
PdOx_post,24.92,4.418
PdOx_post,24.93,4.395
PdOx_post,24.94,4.307
PdOx_post,24.95,4.245
PdOx_post,24.96,4.274
PdOx_post,24.97,4.362
PdOx_post,24.98,4.395
PdOx_post,24.99,4.332
PdOx_post,25.0,4.251
PdOx_post,25.01,4.311
PdOx_post,25.02,4.28
PdOx_post,25.03,4.292
PdOx_post,25.04,4.293
PdOx_post,25.05,4.41
PdOx_post,25.06,4.556
PdOx_post,25.07,4.604
PdOx_post,25.08,4.542
PdOx_post,25.09,4.306
PdOx_post,25.1,4.197
PdOx_post,25.11,4.298
PdOx_post,25.12,4.43
PdOx_post,25.13,4.495
PdOx_post,25.14,4.483
PdOx_post,25.15,4.523
PdOx_post,25.16,4.533
PdOx_post,25.17,4.493
PdOx_post,25.18,4.55
PdOx_post,25.19,4.454
PdOx_post,25.2,4.378
PdOx_post,25.21,4.284
PdOx_post,25.22,4.255
PdOx_post,25.23,4.138
PdOx_post,25.24,4.156
PdOx_post,25.25,4.337
PdOx_post,25.26,4.362
PdOx_post,25.27,4.375
PdOx_post,25.28,4.401
PdOx_post,25.29,4.429
PdOx_post,25.3,4.295
PdOx_post,25.31,4.264
PdOx_post,25.32,4.338
PdOx_post,25.33,4.427
PdOx_post,25.34,4.33
PdOx_post,25.35,4.254
PdOx_post,25.36,4.224
PdOx_post,25.37,4.295
PdOx_post,25.38,4.447
PdOx_post,25.39,4.5
PdOx_post,25.4,4.493
PdOx_post,25.41,4.348
PdOx_post,25.42,4.339
PdOx_post,25.43,4.478
PdOx_post,25.44,4.468
PdOx_post,25.45,4.22
PdOx_post,25.46,3.984
PdOx_post,25.47,4.045
PdOx_post,25.48,4.098
PdOx_post,25.49,4.191
PdOx_post,25.5,4.137
PdOx_post,25.51,4.263
PdOx_post,25.52,4.272
PdOx_post,25.53,4.418
PdOx_post,25.54,4.452
PdOx_post,25.55,4.406
PdOx_post,25.56,4.4
PdOx_post,25.57,4.472
PdOx_post,25.58,4.507
PdOx_post,25.59,4.45
PdOx_post,25.6,4.479
PdOx_post,25.61,4.461
PdOx_post,25.62,4.381
PdOx_post,25.63,4.302
PdOx_post,25.64,4.449
PdOx_post,25.65,4.434
PdOx_post,25.66,4.489
PdOx_post,25.67,4.574
PdOx_post,25.68,4.573
PdOx_post,25.69,4.373
PdOx_post,25.7,4.239
PdOx_post,25.71,4.349
PdOx_post,25.72,4.471
PdOx_post,25.73,4.38
PdOx_post,25.74,4.243
PdOx_post,25.75,4.195
PdOx_post,25.76,4.266
PdOx_post,25.77,4.277
PdOx_post,25.78,4.305
PdOx_post,25.79,4.356
PdOx_post,25.8,4.429
PdOx_post,25.81,4.375
PdOx_post,25.82,4.245
PdOx_post,25.83,4.267
PdOx_post,25.84,4.358
PdOx_post,25.85,4.41
PdOx_post,25.86,4.364
PdOx_post,25.87,4.259
PdOx_post,25.88,4.204
PdOx_post,25.89,4.267
PdOx_post,25.9,4.299
PdOx_post,25.91,4.313
PdOx_post,25.92,4.228
PdOx_post,25.93,4.162
PdOx_post,25.94,4.168
PdOx_post,25.95,4.263
PdOx_post,25.96,4.355
PdOx_post,25.97,4.392
PdOx_post,25.98,4.394
PdOx_post,25.99,4.355
PdOx_post,26.0,4.257
PdOx_post,26.01,4.203
PdOx_post,26.02,4.152
PdOx_post,26.03,4.157
PdOx_post,26.04,4.134
PdOx_post,26.05,4.145
PdOx_post,26.06,4.271
PdOx_post,26.07,4.345
PdOx_post,26.08,4.302
PdOx_post,26.09,4.249
PdOx_post,26.1,4.281
PdOx_post,26.11,4.296
PdOx_post,26.12,4.252
PdOx_post,26.13,4.159
PdOx_post,26.14,4.156
PdOx_post,26.15,4.246
PdOx_post,26.16,4.369
PdOx_post,26.17,4.281
PdOx_post,26.18,4.133
PdOx_post,26.19,4.043
PdOx_post,26.2,4.086
PdOx_post,26.21,4.137
PdOx_post,26.22,4.185
PdOx_post,26.23,4.17
PdOx_post,26.24,4.101
PdOx_post,26.25,4.019
PdOx_post,26.26,4.039
PdOx_post,26.27,4.055
PdOx_post,26.28,4.072
PdOx_post,26.29,4.171
PdOx_post,26.3,4.252
PdOx_post,26.31,4.303
PdOx_post,26.32,4.337
PdOx_post,26.33,4.348
PdOx_post,26.34,4.307
PdOx_post,26.35,4.283
PdOx_post,26.36,4.302
PdOx_post,26.37,4.321
PdOx_post,26.38,4.282
PdOx_post,26.39,4.346
PdOx_post,26.4,4.38
PdOx_post,26.41,4.349
PdOx_post,26.42,4.363
PdOx_post,26.43,4.378
PdOx_post,26.44,4.295
PdOx_post,26.45,4.179
PdOx_post,26.46,4.296
PdOx_post,26.47,4.339
PdOx_post,26.48,4.262
PdOx_post,26.49,4.145
PdOx_post,26.5,4.142
PdOx_post,26.51,4.11
PdOx_post,26.52,4.233
PdOx_post,26.53,4.348
PdOx_post,26.54,4.321
PdOx_post,26.55,4.219
PdOx_post,26.56,4.132
PdOx_post,26.57,4.114
PdOx_post,26.58,3.986
PdOx_post,26.59,4.019
PdOx_post,26.6,4.139
PdOx_post,26.61,4.237
PdOx_post,26.62,4.146
PdOx_post,26.63,4.017
PdOx_post,26.64,4.154
PdOx_post,26.65,4.236
PdOx_post,26.66,4.283
PdOx_post,26.67,4.156
PdOx_post,26.68,4.153
PdOx_post,26.69,4.195
PdOx_post,26.7,4.17
PdOx_post,26.71,4.138
PdOx_post,26.72,4.071
PdOx_post,26.73,4.092
PdOx_post,26.74,4.099
PdOx_post,26.75,4.119
PdOx_post,26.76,4.147
PdOx_post,26.77,4.151
PdOx_post,26.78,4.127
PdOx_post,26.79,4.182
PdOx_post,26.8,4.259
PdOx_post,26.81,4.27
PdOx_post,26.82,4.272
PdOx_post,26.83,4.126
PdOx_post,26.84,4.055
PdOx_post,26.85,3.987
PdOx_post,26.86,4.052
PdOx_post,26.87,4.064
PdOx_post,26.88,4.028
PdOx_post,26.89,4.071
PdOx_post,26.9,4.2
PdOx_post,26.91,4.192
PdOx_post,26.92,4.227
PdOx_post,26.93,4.206
PdOx_post,26.94,4.375
PdOx_post,26.95,4.261
PdOx_post,26.96,4.241
PdOx_post,26.97,4.307
PdOx_post,26.98,4.413
PdOx_post,26.99,4.437
PdOx_post,27.0,4.353
PdOx_post,27.01,4.297
PdOx_post,27.02,4.267
PdOx_post,27.03,4.226
PdOx_post,27.04,4.23
PdOx_post,27.05,4.248
PdOx_post,27.06,4.315
PdOx_post,27.07,4.306
PdOx_post,27.08,4.249
PdOx_post,27.09,4.275
PdOx_post,27.1,4.262
PdOx_post,27.11,4.166
PdOx_post,27.12,4.09
PdOx_post,27.13,4.096
PdOx_post,27.14,4.139
PdOx_post,27.15,4.221
PdOx_post,27.16,4.294
PdOx_post,27.17,4.344
PdOx_post,27.18,4.322
PdOx_post,27.19,4.153
PdOx_post,27.2,4.133
PdOx_post,27.21,4.117
PdOx_post,27.22,4.279
PdOx_post,27.23,4.215
PdOx_post,27.24,4.203
PdOx_post,27.25,4.179
PdOx_post,27.26,4.203
PdOx_post,27.27,4.141
PdOx_post,27.28,4.08
PdOx_post,27.29,4.011
PdOx_post,27.3,4.056
PdOx_post,27.31,4.072
PdOx_post,27.32,4.112
PdOx_post,27.33,4.228
PdOx_post,27.34,4.317
PdOx_post,27.35,4.415
PdOx_post,27.36,4.328
PdOx_post,27.37,4.356
PdOx_post,27.38,4.217
PdOx_post,27.39,4.114
PdOx_post,27.4,3.98
PdOx_post,27.41,4.042
PdOx_post,27.42,4.055
PdOx_post,27.43,3.997
PdOx_post,27.44,4.019
PdOx_post,27.45,4.138
PdOx_post,27.46,4.191
PdOx_post,27.47,4.162
PdOx_post,27.48,4.061
PdOx_post,27.49,3.998
PdOx_post,27.5,4.006
PdOx_post,27.51,4.118
PdOx_post,27.52,4.243
PdOx_post,27.53,4.197
PdOx_post,27.54,4.191
PdOx_post,27.55,4.129
PdOx_post,27.56,4.124
PdOx_post,27.57,4.164
PdOx_post,27.58,4.284
PdOx_post,27.59,4.305
PdOx_post,27.6,4.199
PdOx_post,27.61,4.109
PdOx_post,27.62,4.086
PdOx_post,27.63,4.061
PdOx_post,27.64,4.114
PdOx_post,27.65,4.213
PdOx_post,27.66,4.241
PdOx_post,27.67,4.055
PdOx_post,27.68,3.832
PdOx_post,27.69,3.871
PdOx_post,27.7,3.907
PdOx_post,27.71,4.017
PdOx_post,27.72,4.077
PdOx_post,27.73,4.173
PdOx_post,27.74,4.116
PdOx_post,27.75,4.168
PdOx_post,27.76,4.254
PdOx_post,27.77,4.274
PdOx_post,27.78,4.174
PdOx_post,27.79,4.014
PdOx_post,27.8,4.034
PdOx_post,27.81,4.112
PdOx_post,27.82,4.361
PdOx_post,27.83,4.266
PdOx_post,27.84,4.181
PdOx_post,27.85,4.036
PdOx_post,27.86,4.034
PdOx_post,27.87,4.036
PdOx_post,27.88,3.974
PdOx_post,27.89,3.944
PdOx_post,27.9,3.968
PdOx_post,27.91,4.132
PdOx_post,27.92,4.275
PdOx_post,27.93,4.391
PdOx_post,27.94,4.264
PdOx_post,27.95,4.118
PdOx_post,27.96,3.963
PdOx_post,27.97,4.074
PdOx_post,27.98,4.188
PdOx_post,27.99,4.283
PdOx_post,28.0,4.236
PdOx_post,28.01,4.191
PdOx_post,28.02,4.028
PdOx_post,28.03,3.985
PdOx_post,28.04,4.082
PdOx_post,28.05,4.223
PdOx_post,28.06,4.218
PdOx_post,28.07,4.09
PdOx_post,28.08,3.932
PdOx_post,28.09,3.862
PdOx_post,28.1,3.861
PdOx_post,28.11,3.934
PdOx_post,28.12,3.924
PdOx_post,28.13,3.964
PdOx_post,28.14,3.997
PdOx_post,28.15,4.1
PdOx_post,28.16,4.118
PdOx_post,28.17,4.045
PdOx_post,28.18,3.991
PdOx_post,28.19,3.979
PdOx_post,28.2,4.083
PdOx_post,28.21,4.013
PdOx_post,28.22,3.987
PdOx_post,28.23,3.969
PdOx_post,28.24,3.99
PdOx_post,28.25,4.043
PdOx_post,28.26,4.142
PdOx_post,28.27,4.236
PdOx_post,28.28,4.347
PdOx_post,28.29,4.27
PdOx_post,28.3,4.128
PdOx_post,28.31,3.925
PdOx_post,28.32,3.924
PdOx_post,28.33,3.967
PdOx_post,28.34,3.965
PdOx_post,28.35,3.995
PdOx_post,28.36,4.085
PdOx_post,28.37,4.03
PdOx_post,28.38,3.955
PdOx_post,28.39,4.039
PdOx_post,28.4,4.144
PdOx_post,28.41,4.015
PdOx_post,28.42,3.878
PdOx_post,28.43,3.879
PdOx_post,28.44,3.836
PdOx_post,28.45,3.826
PdOx_post,28.46,3.887
PdOx_post,28.47,4.004
PdOx_post,28.48,3.965
PdOx_post,28.49,3.904
PdOx_post,28.5,3.953
PdOx_post,28.51,3.987
PdOx_post,28.52,4.114
PdOx_post,28.53,4.013
PdOx_post,28.54,3.857
PdOx_post,28.55,3.674
PdOx_post,28.56,3.749
PdOx_post,28.57,3.884
PdOx_post,28.58,3.912
PdOx_post,28.59,3.877
PdOx_post,28.6,3.93
PdOx_post,28.61,4.071
PdOx_post,28.62,4.043
PdOx_post,28.63,4.03
PdOx_post,28.64,3.983
PdOx_post,28.65,4.036
PdOx_post,28.66,4.001
PdOx_post,28.67,3.951
PdOx_post,28.68,3.878
PdOx_post,28.69,3.795
PdOx_post,28.7,3.797
PdOx_post,28.71,3.849
PdOx_post,28.72,3.974
PdOx_post,28.73,4.009
PdOx_post,28.74,4.019
PdOx_post,28.75,3.952
PdOx_post,28.76,3.924
PdOx_post,28.77,3.847
PdOx_post,28.78,3.763
PdOx_post,28.79,3.774
PdOx_post,28.8,3.88
PdOx_post,28.81,3.95
PdOx_post,28.82,3.89
PdOx_post,28.83,3.844
PdOx_post,28.84,3.798
PdOx_post,28.85,3.865
PdOx_post,28.86,3.881
PdOx_post,28.87,3.897
PdOx_post,28.88,3.854
PdOx_post,28.89,3.906
PdOx_post,28.9,3.932
PdOx_post,28.91,3.949
PdOx_post,28.92,3.913
PdOx_post,28.93,3.935
PdOx_post,28.94,3.945
PdOx_post,28.95,4.033
PdOx_post,28.96,4.015
PdOx_post,28.97,4.023
PdOx_post,28.98,4.018
PdOx_post,28.99,4.031
PdOx_post,29.0,3.892
PdOx_post,29.01,3.808
PdOx_post,29.02,3.838
PdOx_post,29.03,4.05
PdOx_post,29.04,4.112
PdOx_post,29.05,4.002
PdOx_post,29.06,3.724
PdOx_post,29.07,3.681
PdOx_post,29.08,3.719
PdOx_post,29.09,3.943
PdOx_post,29.1,4.05
PdOx_post,29.11,4.166
PdOx_post,29.12,4.025
PdOx_post,29.13,3.928
PdOx_post,29.14,3.737
PdOx_post,29.15,3.717
PdOx_post,29.16,3.699
PdOx_post,29.17,3.803
PdOx_post,29.18,3.87
PdOx_post,29.19,3.946
PdOx_post,29.2,4.03
PdOx_post,29.21,4.026
PdOx_post,29.22,4.119
PdOx_post,29.23,4.06
PdOx_post,29.24,4.024
PdOx_post,29.25,3.904
PdOx_post,29.26,3.916
PdOx_post,29.27,3.928
PdOx_post,29.28,3.882
PdOx_post,29.29,3.92
PdOx_post,29.3,3.859
PdOx_post,29.31,3.827
PdOx_post,29.32,3.753
PdOx_post,29.33,3.873
PdOx_post,29.34,4.0
PdOx_post,29.35,3.988
PdOx_post,29.36,3.9
PdOx_post,29.37,3.824
PdOx_post,29.38,3.788
PdOx_post,29.39,3.754
PdOx_post,29.4,3.84
PdOx_post,29.41,3.86
PdOx_post,29.42,3.992
PdOx_post,29.43,3.996
PdOx_post,29.44,3.973
PdOx_post,29.45,3.881
PdOx_post,29.46,3.811
PdOx_post,29.47,3.799
PdOx_post,29.48,3.703
PdOx_post,29.49,3.726
PdOx_post,29.5,3.878
PdOx_post,29.51,3.996
PdOx_post,29.52,4.037
PdOx_post,29.53,3.942
PdOx_post,29.54,3.959
PdOx_post,29.55,3.934
PdOx_post,29.56,3.937
PdOx_post,29.57,3.855
PdOx_post,29.58,3.823
PdOx_post,29.59,3.798
PdOx_post,29.6,3.759
PdOx_post,29.61,3.701
PdOx_post,29.62,3.748
PdOx_post,29.63,3.801
PdOx_post,29.64,3.848
PdOx_post,29.65,3.923
PdOx_post,29.66,3.993
PdOx_post,29.67,3.963
PdOx_post,29.68,3.757
PdOx_post,29.69,3.658
PdOx_post,29.7,3.63
PdOx_post,29.71,3.794
PdOx_post,29.72,3.893
PdOx_post,29.73,3.921
PdOx_post,29.74,3.816
PdOx_post,29.75,3.892
PdOx_post,29.76,3.99
PdOx_post,29.77,3.961
PdOx_post,29.78,3.859
PdOx_post,29.79,3.901
PdOx_post,29.8,4.006
PdOx_post,29.81,4.003
PdOx_post,29.82,3.854
PdOx_post,29.83,3.778
PdOx_post,29.84,3.837
PdOx_post,29.85,3.925
PdOx_post,29.86,3.858
PdOx_post,29.87,3.769
PdOx_post,29.88,3.837
PdOx_post,29.89,3.846
PdOx_post,29.9,3.778
PdOx_post,29.91,3.795
PdOx_post,29.92,3.784
PdOx_post,29.93,3.799
PdOx_post,29.94,3.724
PdOx_post,29.95,3.714
PdOx_post,29.96,3.814
PdOx_post,29.97,3.848
PdOx_post,29.98,3.881
PdOx_post,29.99,3.827
PdOx_post,30.0,3.922
PdOx_post,30.01,3.942
PdOx_post,30.02,3.924
PdOx_post,30.03,3.841
PdOx_post,30.04,3.795
PdOx_post,30.05,3.743
PdOx_post,30.06,3.681
PdOx_post,30.07,3.748
PdOx_post,30.08,3.821
PdOx_post,30.09,3.926
PdOx_post,30.1,4.003
PdOx_post,30.11,4.091
PdOx_post,30.12,4.067
PdOx_post,30.13,4.007
PdOx_post,30.14,3.921
PdOx_post,30.15,3.963
PdOx_post,30.16,4.063
PdOx_post,30.17,4.106
PdOx_post,30.18,4.145
PdOx_post,30.19,4.01
PdOx_post,30.2,3.903
PdOx_post,30.21,3.821
PdOx_post,30.22,3.89
PdOx_post,30.23,3.944
PdOx_post,30.24,3.888
PdOx_post,30.25,3.896
PdOx_post,30.26,3.798
PdOx_post,30.27,3.816
PdOx_post,30.28,3.791
PdOx_post,30.29,3.841
PdOx_post,30.3,3.848
PdOx_post,30.31,3.872
PdOx_post,30.32,3.858
PdOx_post,30.33,3.97
PdOx_post,30.34,4.03
PdOx_post,30.35,4.042
PdOx_post,30.36,3.944
PdOx_post,30.37,3.84
PdOx_post,30.38,3.716
PdOx_post,30.39,3.72
PdOx_post,30.4,3.843
PdOx_post,30.41,3.968
PdOx_post,30.42,3.939
PdOx_post,30.43,3.903
PdOx_post,30.44,3.811
PdOx_post,30.45,3.783
PdOx_post,30.46,3.731
PdOx_post,30.47,3.771
PdOx_post,30.48,3.807
PdOx_post,30.49,3.74
PdOx_post,30.5,3.661
PdOx_post,30.51,3.67
PdOx_post,30.52,3.798
PdOx_post,30.53,3.833
PdOx_post,30.54,3.778
PdOx_post,30.55,3.778
PdOx_post,30.56,3.94
PdOx_post,30.57,4.088
PdOx_post,30.58,4.055
PdOx_post,30.59,3.848
PdOx_post,30.6,3.726
PdOx_post,30.61,3.689
PdOx_post,30.62,3.748
PdOx_post,30.63,3.838
PdOx_post,30.64,3.865
PdOx_post,30.65,3.756
PdOx_post,30.66,3.595
PdOx_post,30.67,3.638
PdOx_post,30.68,3.783
PdOx_post,30.69,3.842
PdOx_post,30.7,3.809
PdOx_post,30.71,3.719
PdOx_post,30.72,3.729
PdOx_post,30.73,3.681
PdOx_post,30.74,3.682
PdOx_post,30.75,3.62
PdOx_post,30.76,3.631
PdOx_post,30.77,3.618
PdOx_post,30.78,3.633
PdOx_post,30.79,3.635
PdOx_post,30.8,3.678
PdOx_post,30.81,3.799
PdOx_post,30.82,3.861
PdOx_post,30.83,3.909
PdOx_post,30.84,3.825
PdOx_post,30.85,3.811
PdOx_post,30.86,3.827
PdOx_post,30.87,3.872
PdOx_post,30.88,3.884
PdOx_post,30.89,3.848
PdOx_post,30.9,3.905
PdOx_post,30.91,3.924
PdOx_post,30.92,3.885
PdOx_post,30.93,3.866
PdOx_post,30.94,3.848
PdOx_post,30.95,3.829
PdOx_post,30.96,3.79
PdOx_post,30.97,3.827
PdOx_post,30.98,3.787
PdOx_post,30.99,3.744
PdOx_post,31.0,3.677
PdOx_post,31.01,3.616
PdOx_post,31.02,3.61
PdOx_post,31.03,3.671
PdOx_post,31.04,3.77
PdOx_post,31.05,3.792
PdOx_post,31.06,3.741
PdOx_post,31.07,3.792
PdOx_post,31.08,3.686
PdOx_post,31.09,3.603
PdOx_post,31.1,3.547
PdOx_post,31.11,3.686
PdOx_post,31.12,3.726
PdOx_post,31.13,3.696
PdOx_post,31.14,3.663
PdOx_post,31.15,3.729
PdOx_post,31.16,3.832
PdOx_post,31.17,3.882
PdOx_post,31.18,3.926
PdOx_post,31.19,3.833
PdOx_post,31.2,3.69
PdOx_post,31.21,3.578
PdOx_post,31.22,3.705
PdOx_post,31.23,3.815
PdOx_post,31.24,3.808
PdOx_post,31.25,3.714
PdOx_post,31.26,3.681
PdOx_post,31.27,3.727
PdOx_post,31.28,3.712
PdOx_post,31.29,3.678
PdOx_post,31.3,3.602
PdOx_post,31.31,3.6
PdOx_post,31.32,3.626
PdOx_post,31.33,3.707
PdOx_post,31.34,3.789
PdOx_post,31.35,3.799
PdOx_post,31.36,3.747
PdOx_post,31.37,3.747
PdOx_post,31.38,3.812
PdOx_post,31.39,3.81
PdOx_post,31.4,3.801
PdOx_post,31.41,3.84
PdOx_post,31.42,4.024
PdOx_post,31.43,3.96
PdOx_post,31.44,3.861
PdOx_post,31.45,3.855
PdOx_post,31.46,3.903
PdOx_post,31.47,3.926
PdOx_post,31.48,3.851
PdOx_post,31.49,3.805
PdOx_post,31.5,3.725
PdOx_post,31.51,3.76
PdOx_post,31.52,3.854
PdOx_post,31.53,3.912
PdOx_post,31.54,3.888
PdOx_post,31.55,3.932
PdOx_post,31.56,3.978
PdOx_post,31.57,3.945
PdOx_post,31.58,3.789
PdOx_post,31.59,3.712
PdOx_post,31.6,3.607
PdOx_post,31.61,3.632
PdOx_post,31.62,3.644
PdOx_post,31.63,3.76
PdOx_post,31.64,3.76
PdOx_post,31.65,3.748
PdOx_post,31.66,3.801
PdOx_post,31.67,3.857
PdOx_post,31.68,3.871
PdOx_post,31.69,3.799
PdOx_post,31.7,3.777
PdOx_post,31.71,3.764
PdOx_post,31.72,3.762
PdOx_post,31.73,3.752
PdOx_post,31.74,3.709
PdOx_post,31.75,3.668
PdOx_post,31.76,3.682
PdOx_post,31.77,3.733
PdOx_post,31.78,3.731
PdOx_post,31.79,3.838
PdOx_post,31.8,3.916
PdOx_post,31.81,3.914
PdOx_post,31.82,3.71
PdOx_post,31.83,3.63
PdOx_post,31.84,3.797
PdOx_post,31.85,3.837
PdOx_post,31.86,3.83
PdOx_post,31.87,3.821
PdOx_post,31.88,3.857
PdOx_post,31.89,3.79
PdOx_post,31.9,3.699
PdOx_post,31.91,3.743
PdOx_post,31.92,3.817
PdOx_post,31.93,3.783
PdOx_post,31.94,3.715
PdOx_post,31.95,3.693
PdOx_post,31.96,3.706
PdOx_post,31.97,3.715
PdOx_post,31.98,3.649
PdOx_post,31.99,3.736
PdOx_post,32.0,3.804
PdOx_post,32.01,3.766
PdOx_post,32.02,3.695
PdOx_post,32.03,3.657
PdOx_post,32.04,3.817
PdOx_post,32.05,3.869
PdOx_post,32.06,3.878
PdOx_post,32.07,3.799
PdOx_post,32.08,3.786
PdOx_post,32.09,3.747
PdOx_post,32.1,3.707
PdOx_post,32.11,3.66
PdOx_post,32.12,3.634
PdOx_post,32.13,3.719
PdOx_post,32.14,3.686
PdOx_post,32.15,3.678
PdOx_post,32.16,3.757
PdOx_post,32.17,3.753
PdOx_post,32.18,3.657
PdOx_post,32.19,3.573
PdOx_post,32.2,3.657
PdOx_post,32.21,3.609
PdOx_post,32.22,3.609
PdOx_post,32.23,3.69
PdOx_post,32.24,3.822
PdOx_post,32.25,3.877
PdOx_post,32.26,3.799
PdOx_post,32.27,3.755
PdOx_post,32.28,3.7
PdOx_post,32.29,3.807
PdOx_post,32.3,3.829
PdOx_post,32.31,3.811
PdOx_post,32.32,3.762
PdOx_post,32.33,3.749
PdOx_post,32.34,3.682
PdOx_post,32.35,3.566
PdOx_post,32.36,3.558
PdOx_post,32.37,3.718
PdOx_post,32.38,3.879
PdOx_post,32.39,3.876
PdOx_post,32.4,3.722
PdOx_post,32.41,3.679
PdOx_post,32.42,3.727
PdOx_post,32.43,3.793
PdOx_post,32.44,3.809
PdOx_post,32.45,3.853
PdOx_post,32.46,3.841
PdOx_post,32.47,3.907
PdOx_post,32.48,3.88
PdOx_post,32.49,3.953
PdOx_post,32.5,3.994
PdOx_post,32.51,4.124
PdOx_post,32.52,4.042
PdOx_post,32.53,3.97
PdOx_post,32.54,3.888
PdOx_post,32.55,3.85
PdOx_post,32.56,4.008
PdOx_post,32.57,4.023
PdOx_post,32.58,4.003
PdOx_post,32.59,3.826
PdOx_post,32.6,3.791
PdOx_post,32.61,3.885
PdOx_post,32.62,3.918
PdOx_post,32.63,3.85
PdOx_post,32.64,3.819
PdOx_post,32.65,3.781
PdOx_post,32.66,3.75
PdOx_post,32.67,3.764
PdOx_post,32.68,3.882
PdOx_post,32.69,3.964
PdOx_post,32.7,3.886
PdOx_post,32.71,3.849
PdOx_post,32.72,3.869
PdOx_post,32.73,3.858
PdOx_post,32.74,3.946
PdOx_post,32.75,3.884
PdOx_post,32.76,3.78
PdOx_post,32.77,3.673
PdOx_post,32.78,3.701
PdOx_post,32.79,3.742
PdOx_post,32.8,3.701
PdOx_post,32.81,3.808
PdOx_post,32.82,3.783
PdOx_post,32.83,3.734
PdOx_post,32.84,3.698
PdOx_post,32.85,3.728
PdOx_post,32.86,3.795
PdOx_post,32.87,3.837
PdOx_post,32.88,3.801
PdOx_post,32.89,3.874
PdOx_post,32.9,3.954
PdOx_post,32.91,4.015
PdOx_post,32.92,3.839
PdOx_post,32.93,3.629
PdOx_post,32.94,3.488
PdOx_post,32.95,3.535
PdOx_post,32.96,3.656
PdOx_post,32.97,3.949
PdOx_post,32.98,4.002
PdOx_post,32.99,3.981
PdOx_post,33.0,3.808
PdOx_post,33.01,3.732
PdOx_post,33.02,3.726
PdOx_post,33.03,3.766
PdOx_post,33.04,3.703
PdOx_post,33.05,3.75
PdOx_post,33.06,3.679
PdOx_post,33.07,3.785
PdOx_post,33.08,3.827
PdOx_post,33.09,3.874
PdOx_post,33.1,3.801
PdOx_post,33.11,3.707
PdOx_post,33.12,3.718
PdOx_post,33.13,3.757
PdOx_post,33.14,3.778
PdOx_post,33.15,3.721
PdOx_post,33.16,3.732
PdOx_post,33.17,3.778
PdOx_post,33.18,3.867
PdOx_post,33.19,3.842
PdOx_post,33.2,3.804
PdOx_post,33.21,3.779
PdOx_post,33.22,3.761
PdOx_post,33.23,3.729
PdOx_post,33.24,3.75
PdOx_post,33.25,3.822
PdOx_post,33.26,3.853
PdOx_post,33.27,3.825
PdOx_post,33.28,3.948
PdOx_post,33.29,4.013
PdOx_post,33.3,3.94
PdOx_post,33.31,3.832
PdOx_post,33.32,3.827
PdOx_post,33.33,3.877
PdOx_post,33.34,3.892
PdOx_post,33.35,3.841
PdOx_post,33.36,3.759
PdOx_post,33.37,3.77
PdOx_post,33.38,3.856
PdOx_post,33.39,3.904
PdOx_post,33.4,3.917
PdOx_post,33.41,3.859
PdOx_post,33.42,3.801
PdOx_post,33.43,3.789
PdOx_post,33.44,3.799
PdOx_post,33.45,3.894
PdOx_post,33.46,3.892
PdOx_post,33.47,4.044
PdOx_post,33.48,4.01
PdOx_post,33.49,3.96
PdOx_post,33.5,3.79
PdOx_post,33.51,3.793
PdOx_post,33.52,3.753
PdOx_post,33.53,3.82
PdOx_post,33.54,3.88
PdOx_post,33.55,3.999
PdOx_post,33.56,4.02
PdOx_post,33.57,4.038
PdOx_post,33.58,3.967
PdOx_post,33.59,3.959
PdOx_post,33.6,3.965
PdOx_post,33.61,3.949
PdOx_post,33.62,4.03
PdOx_post,33.63,4.123
PdOx_post,33.64,4.055
PdOx_post,33.65,3.911
PdOx_post,33.66,3.822
PdOx_post,33.67,3.93
PdOx_post,33.68,3.934
PdOx_post,33.69,3.919
PdOx_post,33.7,3.852
PdOx_post,33.71,3.868
PdOx_post,33.72,3.914
PdOx_post,33.73,3.932
PdOx_post,33.74,3.933
PdOx_post,33.75,3.999
PdOx_post,33.76,3.978
PdOx_post,33.77,3.981
PdOx_post,33.78,3.962
PdOx_post,33.79,4.044
PdOx_post,33.8,4.01
PdOx_post,33.81,4.001
PdOx_post,33.82,3.941
PdOx_post,33.83,3.942
PdOx_post,33.84,3.9
PdOx_post,33.85,3.948
PdOx_post,33.86,3.987
PdOx_post,33.87,4.023
PdOx_post,33.88,3.969
PdOx_post,33.89,3.887
PdOx_post,33.9,3.852
PdOx_post,33.91,3.819
PdOx_post,33.92,3.895
PdOx_post,33.93,3.974
PdOx_post,33.94,4.035
PdOx_post,33.95,4.024
PdOx_post,33.96,4.019
PdOx_post,33.97,4.016
PdOx_post,33.98,4.019
PdOx_post,33.99,4.035
PdOx_post,34.0,4.002
PdOx_post,34.01,3.926
PdOx_post,34.02,3.908
PdOx_post,34.03,3.906
PdOx_post,34.04,3.984
PdOx_post,34.05,4.109
PdOx_post,34.06,4.237
PdOx_post,34.07,4.15
PdOx_post,34.08,4.123
PdOx_post,34.09,4.096
PdOx_post,34.1,4.106
PdOx_post,34.11,4.034
PdOx_post,34.12,3.969
PdOx_post,34.13,4.068
PdOx_post,34.14,4.06
PdOx_post,34.15,3.904
PdOx_post,34.16,3.792
PdOx_post,34.17,3.881
PdOx_post,34.18,3.907
PdOx_post,34.19,3.81
PdOx_post,34.2,3.817
PdOx_post,34.21,3.937
PdOx_post,34.22,4.031
PdOx_post,34.23,4.028
PdOx_post,34.24,3.946
PdOx_post,34.25,3.85
PdOx_post,34.26,3.84
PdOx_post,34.27,3.942
PdOx_post,34.28,4.162
PdOx_post,34.29,4.258
PdOx_post,34.3,4.232
PdOx_post,34.31,4.062
PdOx_post,34.32,3.902
PdOx_post,34.33,3.915
PdOx_post,34.34,4.101
PdOx_post,34.35,4.166
PdOx_post,34.36,4.106
PdOx_post,34.37,4.06
PdOx_post,34.38,4.049
PdOx_post,34.39,3.948
PdOx_post,34.4,3.96
PdOx_post,34.41,3.985
PdOx_post,34.42,3.925
PdOx_post,34.43,3.878
PdOx_post,34.44,3.903
PdOx_post,34.45,3.888
PdOx_post,34.46,3.84
PdOx_post,34.47,3.894
PdOx_post,34.48,3.914
PdOx_post,34.49,4.001
PdOx_post,34.5,4.031
PdOx_post,34.51,4.112
PdOx_post,34.52,4.146
PdOx_post,34.53,4.165
PdOx_post,34.54,4.09
PdOx_post,34.55,4.005
PdOx_post,34.56,3.922
PdOx_post,34.57,3.802
PdOx_post,34.58,3.793
PdOx_post,34.59,3.809
PdOx_post,34.6,3.876
PdOx_post,34.61,3.928
PdOx_post,34.62,3.871
PdOx_post,34.63,3.813
PdOx_post,34.64,3.805
PdOx_post,34.65,3.819
PdOx_post,34.66,3.936
PdOx_post,34.67,3.981
PdOx_post,34.68,4.056
PdOx_post,34.69,4.104
PdOx_post,34.7,4.126
PdOx_post,34.71,4.099
PdOx_post,34.72,4.042
PdOx_post,34.73,4.011
PdOx_post,34.74,4.024
PdOx_post,34.75,3.982
PdOx_post,34.76,3.954
PdOx_post,34.77,4.035
PdOx_post,34.78,3.957
PdOx_post,34.79,3.841
PdOx_post,34.8,3.716
PdOx_post,34.81,3.774
PdOx_post,34.82,3.937
PdOx_post,34.83,4.033
PdOx_post,34.84,3.968
PdOx_post,34.85,3.862
PdOx_post,34.86,3.714
PdOx_post,34.87,3.726
PdOx_post,34.88,3.695
PdOx_post,34.89,3.779
PdOx_post,34.9,3.856
PdOx_post,34.91,3.975
PdOx_post,34.92,3.961
PdOx_post,34.93,3.909
PdOx_post,34.94,3.825
PdOx_post,34.95,3.801
PdOx_post,34.96,3.833
PdOx_post,34.97,3.998
PdOx_post,34.98,4.048
PdOx_post,34.99,4.02
PdOx_post,35.0,3.975
PdOx_post,35.01,3.903
PdOx_post,35.02,3.835
PdOx_post,35.03,3.844
PdOx_post,35.04,3.849
PdOx_post,35.05,3.904
PdOx_post,35.06,3.92
PdOx_post,35.07,3.94
PdOx_post,35.08,3.939
PdOx_post,35.09,3.988
PdOx_post,35.1,4.026
PdOx_post,35.11,3.98
PdOx_post,35.12,3.883
PdOx_post,35.13,3.87
PdOx_post,35.14,3.883
PdOx_post,35.15,3.941
PdOx_post,35.16,3.939
PdOx_post,35.17,3.973
PdOx_post,35.18,3.876
PdOx_post,35.19,3.882
PdOx_post,35.2,3.937
PdOx_post,35.21,3.936
PdOx_post,35.22,3.911
PdOx_post,35.23,3.884
PdOx_post,35.24,3.929
PdOx_post,35.25,3.908
PdOx_post,35.26,3.885
PdOx_post,35.27,3.907
PdOx_post,35.28,3.949
PdOx_post,35.29,3.897
PdOx_post,35.3,3.834
PdOx_post,35.31,3.812
PdOx_post,35.32,3.92
PdOx_post,35.33,3.906
PdOx_post,35.34,3.938
PdOx_post,35.35,3.855
PdOx_post,35.36,3.751
PdOx_post,35.37,3.549
PdOx_post,35.38,3.568
PdOx_post,35.39,3.753
PdOx_post,35.4,3.856
PdOx_post,35.41,3.755
PdOx_post,35.42,3.671
PdOx_post,35.43,3.615
PdOx_post,35.44,3.686
PdOx_post,35.45,3.77
PdOx_post,35.46,3.851
PdOx_post,35.47,3.834
PdOx_post,35.48,3.819
PdOx_post,35.49,3.826
PdOx_post,35.5,3.816
PdOx_post,35.51,3.795
PdOx_post,35.52,3.88
PdOx_post,35.53,3.776
PdOx_post,35.54,3.698
PdOx_post,35.55,3.682
PdOx_post,35.56,3.756
PdOx_post,35.57,3.721
PdOx_post,35.58,3.757
PdOx_post,35.59,3.913
PdOx_post,35.6,4.035
PdOx_post,35.61,3.963
PdOx_post,35.62,3.704
PdOx_post,35.63,3.712
PdOx_post,35.64,3.8
PdOx_post,35.65,3.845
PdOx_post,35.66,3.708
PdOx_post,35.67,3.616
PdOx_post,35.68,3.702
PdOx_post,35.69,3.773
PdOx_post,35.7,3.782
PdOx_post,35.71,3.643
PdOx_post,35.72,3.674
PdOx_post,35.73,3.725
PdOx_post,35.74,3.792
PdOx_post,35.75,3.774
PdOx_post,35.76,3.824
PdOx_post,35.77,3.814
PdOx_post,35.78,3.902
PdOx_post,35.79,3.884
PdOx_post,35.8,3.805
PdOx_post,35.81,3.701
PdOx_post,35.82,3.71
PdOx_post,35.83,3.799
PdOx_post,35.84,3.768
PdOx_post,35.85,3.769
PdOx_post,35.86,3.73
PdOx_post,35.87,3.854
PdOx_post,35.88,3.798
PdOx_post,35.89,3.745
PdOx_post,35.9,3.692
PdOx_post,35.91,3.812
PdOx_post,35.92,3.832
PdOx_post,35.93,3.807
PdOx_post,35.94,3.845
PdOx_post,35.95,3.955
PdOx_post,35.96,3.86
PdOx_post,35.97,3.7
PdOx_post,35.98,3.656
PdOx_post,35.99,3.781
PdOx_post,36.0,3.776
PdOx_post,36.01,3.775
PdOx_post,36.02,3.709
PdOx_post,36.03,3.696
PdOx_post,36.04,3.68
PdOx_post,36.05,3.737
PdOx_post,36.06,3.797
PdOx_post,36.07,3.783
PdOx_post,36.08,3.792
PdOx_post,36.09,3.717
PdOx_post,36.1,3.694
PdOx_post,36.11,3.543
PdOx_post,36.12,3.613
PdOx_post,36.13,3.671
PdOx_post,36.14,3.793
PdOx_post,36.15,3.766
PdOx_post,36.16,3.869
PdOx_post,36.17,3.804
PdOx_post,36.18,3.796
PdOx_post,36.19,3.783
PdOx_post,36.2,3.864
PdOx_post,36.21,3.935
PdOx_post,36.22,3.93
PdOx_post,36.23,3.878
PdOx_post,36.24,3.801
PdOx_post,36.25,3.811
PdOx_post,36.26,3.923
PdOx_post,36.27,3.969
PdOx_post,36.28,3.88
PdOx_post,36.29,3.796
PdOx_post,36.3,3.719
PdOx_post,36.31,3.664
PdOx_post,36.32,3.604
PdOx_post,36.33,3.648
PdOx_post,36.34,3.715
PdOx_post,36.35,3.674
PdOx_post,36.36,3.652
PdOx_post,36.37,3.6
PdOx_post,36.38,3.576
PdOx_post,36.39,3.574
PdOx_post,36.4,3.656
PdOx_post,36.41,3.817
PdOx_post,36.42,3.935
PdOx_post,36.43,3.958
PdOx_post,36.44,3.914
PdOx_post,36.45,3.753
PdOx_post,36.46,3.834
PdOx_post,36.47,3.842
PdOx_post,36.48,3.878
PdOx_post,36.49,3.783
PdOx_post,36.5,3.778
PdOx_post,36.51,3.846
PdOx_post,36.52,3.847
PdOx_post,36.53,3.936
PdOx_post,36.54,3.92
PdOx_post,36.55,3.776
PdOx_post,36.56,3.711
PdOx_post,36.57,3.716
PdOx_post,36.58,3.804
PdOx_post,36.59,3.74
PdOx_post,36.6,3.738
PdOx_post,36.61,3.732
PdOx_post,36.62,3.663
PdOx_post,36.63,3.636
PdOx_post,36.64,3.716
PdOx_post,36.65,3.74
PdOx_post,36.66,3.693
PdOx_post,36.67,3.595
PdOx_post,36.68,3.594
PdOx_post,36.69,3.615
PdOx_post,36.7,3.749
PdOx_post,36.71,3.738
PdOx_post,36.72,3.738
PdOx_post,36.73,3.703
PdOx_post,36.74,3.799
PdOx_post,36.75,3.777
PdOx_post,36.76,3.706
PdOx_post,36.77,3.625
PdOx_post,36.78,3.663
PdOx_post,36.79,3.685
PdOx_post,36.8,3.721
PdOx_post,36.81,3.736
PdOx_post,36.82,3.861
PdOx_post,36.83,3.933
PdOx_post,36.84,3.962
PdOx_post,36.85,3.879
PdOx_post,36.86,3.797
PdOx_post,36.87,3.7
PdOx_post,36.88,3.688
PdOx_post,36.89,3.757
PdOx_post,36.9,3.683
PdOx_post,36.91,3.592
PdOx_post,36.92,3.693
PdOx_post,36.93,3.916
PdOx_post,36.94,3.927
PdOx_post,36.95,3.755
PdOx_post,36.96,3.746
PdOx_post,36.97,3.875
PdOx_post,36.98,3.95
PdOx_post,36.99,3.851
PdOx_post,37.0,3.804
PdOx_post,37.01,3.822
PdOx_post,37.02,3.847
PdOx_post,37.03,3.778
PdOx_post,37.04,3.722
PdOx_post,37.05,3.795
PdOx_post,37.06,3.847
PdOx_post,37.07,3.838
PdOx_post,37.08,3.9
PdOx_post,37.09,3.884
PdOx_post,37.1,3.945
PdOx_post,37.11,3.891
PdOx_post,37.12,3.939
PdOx_post,37.13,3.842
PdOx_post,37.14,3.838
PdOx_post,37.15,3.849
PdOx_post,37.16,3.972
PdOx_post,37.17,3.869
PdOx_post,37.18,3.889
PdOx_post,37.19,3.913
PdOx_post,37.2,3.941
PdOx_post,37.21,3.88
PdOx_post,37.22,3.884
PdOx_post,37.23,3.95
PdOx_post,37.24,4.023
PdOx_post,37.25,4.079
PdOx_post,37.26,4.165
PdOx_post,37.27,4.168
PdOx_post,37.28,4.176
PdOx_post,37.29,4.093
PdOx_post,37.3,4.09
PdOx_post,37.31,3.997
PdOx_post,37.32,3.929
PdOx_post,37.33,4.023
PdOx_post,37.34,4.101
PdOx_post,37.35,4.242
PdOx_post,37.36,4.285
PdOx_post,37.37,4.34
PdOx_post,37.38,4.375
PdOx_post,37.39,4.3
PdOx_post,37.4,4.261
PdOx_post,37.41,4.205
PdOx_post,37.42,4.187
PdOx_post,37.43,4.189
PdOx_post,37.44,4.287
PdOx_post,37.45,4.273
PdOx_post,37.46,4.2
PdOx_post,37.47,4.128
PdOx_post,37.48,4.286
PdOx_post,37.49,4.283
PdOx_post,37.5,4.329
PdOx_post,37.51,4.343
PdOx_post,37.52,4.411
PdOx_post,37.53,4.405
PdOx_post,37.54,4.515
PdOx_post,37.55,4.548
PdOx_post,37.56,4.567
PdOx_post,37.57,4.494
PdOx_post,37.58,4.513
PdOx_post,37.59,4.475
PdOx_post,37.6,4.437
PdOx_post,37.61,4.486
PdOx_post,37.62,4.598
PdOx_post,37.63,4.64
PdOx_post,37.64,4.539
PdOx_post,37.65,4.52
PdOx_post,37.66,4.555
PdOx_post,37.67,4.619
PdOx_post,37.68,4.624
PdOx_post,37.69,4.688
PdOx_post,37.7,4.721
PdOx_post,37.71,4.74
PdOx_post,37.72,4.662
PdOx_post,37.73,4.583
PdOx_post,37.74,4.721
PdOx_post,37.75,4.894
PdOx_post,37.76,4.996
PdOx_post,37.77,5.006
PdOx_post,37.78,5.004
PdOx_post,37.79,4.991
PdOx_post,37.8,4.978
PdOx_post,37.81,4.988
PdOx_post,37.82,4.938
PdOx_post,37.83,4.961
PdOx_post,37.84,5.096
PdOx_post,37.85,5.121
PdOx_post,37.86,5.07
PdOx_post,37.87,4.978
PdOx_post,37.88,4.937
PdOx_post,37.89,4.906
PdOx_post,37.9,5.036
PdOx_post,37.91,5.328
PdOx_post,37.92,5.432
PdOx_post,37.93,5.492
PdOx_post,37.94,5.445
PdOx_post,37.95,5.492
PdOx_post,37.96,5.546
PdOx_post,37.97,5.786
PdOx_post,37.98,5.864
PdOx_post,37.99,5.724
PdOx_post,38.0,5.639
PdOx_post,38.01,5.663
PdOx_post,38.02,5.722
PdOx_post,38.03,5.706
PdOx_post,38.04,5.886
PdOx_post,38.05,5.936
PdOx_post,38.06,5.966
PdOx_post,38.07,6.007
PdOx_post,38.08,5.989
PdOx_post,38.09,5.865
PdOx_post,38.1,5.859
PdOx_post,38.11,6.017
PdOx_post,38.12,6.048
PdOx_post,38.13,6.153
PdOx_post,38.14,6.249
PdOx_post,38.15,6.422
PdOx_post,38.16,6.58
PdOx_post,38.17,6.627
PdOx_post,38.18,6.748
PdOx_post,38.19,6.891
PdOx_post,38.2,6.951
PdOx_post,38.21,6.942
PdOx_post,38.22,6.978
PdOx_post,38.23,7.125
PdOx_post,38.24,7.172
PdOx_post,38.25,7.237
PdOx_post,38.26,7.179
PdOx_post,38.27,7.132
PdOx_post,38.28,7.077
PdOx_post,38.29,7.216
PdOx_post,38.3,7.41
PdOx_post,38.31,7.557
PdOx_post,38.32,7.69
PdOx_post,38.33,7.771
PdOx_post,38.34,7.801
PdOx_post,38.35,7.962
PdOx_post,38.36,8.115
PdOx_post,38.37,8.256
PdOx_post,38.38,8.317
PdOx_post,38.39,8.389
PdOx_post,38.4,8.365
PdOx_post,38.41,8.377
PdOx_post,38.42,8.539
PdOx_post,38.43,8.577
PdOx_post,38.44,8.86
PdOx_post,38.45,8.974
PdOx_post,38.46,9.175
PdOx_post,38.47,9.219
PdOx_post,38.48,9.449
PdOx_post,38.49,9.654
PdOx_post,38.5,9.765
PdOx_post,38.51,9.758
PdOx_post,38.52,9.707
PdOx_post,38.53,9.883
PdOx_post,38.54,10.098
PdOx_post,38.55,10.29
PdOx_post,38.56,10.402
PdOx_post,38.57,10.663
PdOx_post,38.58,10.709
PdOx_post,38.59,10.622
PdOx_post,38.6,10.67
PdOx_post,38.61,11.215
PdOx_post,38.62,11.58
PdOx_post,38.63,11.847
PdOx_post,38.64,11.833
PdOx_post,38.65,11.997
PdOx_post,38.66,12.247
PdOx_post,38.67,12.619
PdOx_post,38.68,12.902
PdOx_post,38.69,12.912
PdOx_post,38.7,12.846
PdOx_post,38.71,12.969
PdOx_post,38.72,13.403
PdOx_post,38.73,13.723
PdOx_post,38.74,14.182
PdOx_post,38.75,14.632
PdOx_post,38.76,14.835
PdOx_post,38.77,15.04
PdOx_post,38.78,15.114
PdOx_post,38.79,15.558
PdOx_post,38.8,16.047
PdOx_post,38.81,16.524
PdOx_post,38.82,16.855
PdOx_post,38.83,17.253
PdOx_post,38.84,17.482
PdOx_post,38.85,18.005
PdOx_post,38.86,18.41
PdOx_post,38.87,18.778
PdOx_post,38.88,19.137
PdOx_post,38.89,19.894
PdOx_post,38.9,20.595
PdOx_post,38.91,21.411
PdOx_post,38.92,21.985
PdOx_post,38.93,22.668
PdOx_post,38.94,23.548
PdOx_post,38.95,24.057
PdOx_post,38.96,24.918
PdOx_post,38.97,25.779
PdOx_post,38.98,26.724
PdOx_post,38.99,27.639
PdOx_post,39.0,28.439
PdOx_post,39.01,29.32
PdOx_post,39.02,30.735
PdOx_post,39.03,31.998
PdOx_post,39.04,32.975
PdOx_post,39.05,34.251
PdOx_post,39.06,35.472
PdOx_post,39.07,37.366
PdOx_post,39.08,39.12
PdOx_post,39.09,40.661
PdOx_post,39.1,42.606
PdOx_post,39.11,44.538
PdOx_post,39.12,46.666
PdOx_post,39.13,49.358
PdOx_post,39.14,51.931
PdOx_post,39.15,54.346
PdOx_post,39.16,57.879
PdOx_post,39.17,60.363
PdOx_post,39.18,63.701
PdOx_post,39.19,67.311
PdOx_post,39.2,71.113
PdOx_post,39.21,76.044
PdOx_post,39.22,81.024
PdOx_post,39.23,85.712
PdOx_post,39.24,91.744
PdOx_post,39.25,97.16
PdOx_post,39.26,102.532
PdOx_post,39.27,109.473
PdOx_post,39.28,115.147
PdOx_post,39.29,122.567
PdOx_post,39.3,130.996
PdOx_post,39.31,138.402
PdOx_post,39.32,147.046
PdOx_post,39.33,155.931
PdOx_post,39.34,163.949
PdOx_post,39.35,174.646
PdOx_post,39.36,183.872
PdOx_post,39.37,193.603
PdOx_post,39.38,204.858
PdOx_post,39.39,213.146
PdOx_post,39.4,222.344
PdOx_post,39.41,233.145
PdOx_post,39.42,241.981
PdOx_post,39.43,252.951
PdOx_post,39.44,262.868
PdOx_post,39.45,270.89
PdOx_post,39.46,279.949
PdOx_post,39.47,288.118
PdOx_post,39.48,296.186
PdOx_post,39.49,305.841
PdOx_post,39.5,312.196
PdOx_post,39.51,318.981
PdOx_post,39.52,325.026
PdOx_post,39.53,329.796
PdOx_post,39.54,335.391
PdOx_post,39.55,339.531
PdOx_post,39.56,342.69
PdOx_post,39.57,345.071
PdOx_post,39.58,346.698
PdOx_post,39.59,346.848
PdOx_post,39.6,346.326
PdOx_post,39.61,345.147
PdOx_post,39.62,343.759
PdOx_post,39.63,341.118
PdOx_post,39.64,338.401
PdOx_post,39.65,334.116
PdOx_post,39.66,329.14
PdOx_post,39.67,324.491
PdOx_post,39.68,318.305
PdOx_post,39.69,311.966
PdOx_post,39.7,305.266
PdOx_post,39.71,297.46
PdOx_post,39.72,290.935
PdOx_post,39.73,283.108
PdOx_post,39.74,274.152
PdOx_post,39.75,267.231
PdOx_post,39.76,258.461
PdOx_post,39.77,251.557
PdOx_post,39.78,244.838
PdOx_post,39.79,235.129
PdOx_post,39.8,227.035
PdOx_post,39.81,219.557
PdOx_post,39.82,210.644
PdOx_post,39.83,203.019
PdOx_post,39.84,195.391
PdOx_post,39.85,188.016
PdOx_post,39.86,181.894
PdOx_post,39.87,174.298
PdOx_post,39.88,167.255
PdOx_post,39.89,162.038
PdOx_post,39.9,155.462
PdOx_post,39.91,150.153
PdOx_post,39.92,144.844
PdOx_post,39.93,138.761
PdOx_post,39.94,134.097
PdOx_post,39.95,129.06
PdOx_post,39.96,124.46
PdOx_post,39.97,120.933
PdOx_post,39.98,116.9
PdOx_post,39.99,113.481
PdOx_post,40.0,110.388
PdOx_post,40.01,106.202
PdOx_post,40.02,102.876
PdOx_post,40.03,99.769
PdOx_post,40.04,96.623
PdOx_post,40.05,93.933
PdOx_post,40.06,91.284
PdOx_post,40.07,87.977
PdOx_post,40.08,85.73
PdOx_post,40.09,82.776
PdOx_post,40.1,81.178
PdOx_post,40.11,79.224
PdOx_post,40.12,77.057
PdOx_post,40.13,74.82
PdOx_post,40.14,73.176
PdOx_post,40.15,70.803
PdOx_post,40.16,69.034
PdOx_post,40.17,67.208
PdOx_post,40.18,65.909
PdOx_post,40.19,64.713
PdOx_post,40.2,63.208
PdOx_post,40.21,61.618
PdOx_post,40.22,60.459
PdOx_post,40.23,58.028
PdOx_post,40.24,56.13
PdOx_post,40.25,54.711
PdOx_post,40.26,53.171
PdOx_post,40.27,51.99
PdOx_post,40.28,50.773
PdOx_post,40.29,49.669
PdOx_post,40.3,48.465
PdOx_post,40.31,46.877
PdOx_post,40.32,45.474
PdOx_post,40.33,44.487
PdOx_post,40.34,43.132
PdOx_post,40.35,41.94
PdOx_post,40.36,40.82
PdOx_post,40.37,39.825
PdOx_post,40.38,38.692
PdOx_post,40.39,37.521
PdOx_post,40.4,36.209
PdOx_post,40.41,35.456
PdOx_post,40.42,34.533
PdOx_post,40.43,33.611
PdOx_post,40.44,32.874
PdOx_post,40.45,31.784
PdOx_post,40.46,30.946
PdOx_post,40.47,29.945
PdOx_post,40.48,29.04
PdOx_post,40.49,28.538
PdOx_post,40.5,27.945
PdOx_post,40.51,26.984
PdOx_post,40.52,26.203
PdOx_post,40.53,25.329
PdOx_post,40.54,24.778
PdOx_post,40.55,24.163
PdOx_post,40.56,23.305
PdOx_post,40.57,22.671
PdOx_post,40.58,22.278
PdOx_post,40.59,21.767
PdOx_post,40.6,21.21
PdOx_post,40.61,20.549
PdOx_post,40.62,20.151
PdOx_post,40.63,19.718
PdOx_post,40.64,19.052
PdOx_post,40.65,18.542
PdOx_post,40.66,18.097
PdOx_post,40.67,17.593
PdOx_post,40.68,17.144
PdOx_post,40.69,16.892
PdOx_post,40.7,16.631
PdOx_post,40.71,16.256
PdOx_post,40.72,15.705
PdOx_post,40.73,15.043
PdOx_post,40.74,14.728
PdOx_post,40.75,14.485
PdOx_post,40.76,14.202
PdOx_post,40.77,13.98
PdOx_post,40.78,13.603
PdOx_post,40.79,13.4
PdOx_post,40.8,13.153
PdOx_post,40.81,12.775
PdOx_post,40.82,12.417
PdOx_post,40.83,12.076
PdOx_post,40.84,11.796
PdOx_post,40.85,11.645
PdOx_post,40.86,11.597
PdOx_post,40.87,11.515
PdOx_post,40.88,11.27
PdOx_post,40.89,10.942
PdOx_post,40.9,10.671
PdOx_post,40.91,10.388
PdOx_post,40.92,10.09
PdOx_post,40.93,9.969
PdOx_post,40.94,9.767
PdOx_post,40.95,9.585
PdOx_post,40.96,9.636
PdOx_post,40.97,9.602
PdOx_post,40.98,9.38
PdOx_post,40.99,9.088
PdOx_post,41.0,8.878
PdOx_post,41.01,8.76
PdOx_post,41.02,8.768
PdOx_post,41.03,8.559
PdOx_post,41.04,8.359
PdOx_post,41.05,8.096
PdOx_post,41.06,8.106
PdOx_post,41.07,8.032
PdOx_post,41.08,7.979
PdOx_post,41.09,7.801
PdOx_post,41.1,7.704
PdOx_post,41.11,7.551
PdOx_post,41.12,7.441
PdOx_post,41.13,7.256
PdOx_post,41.14,7.12
PdOx_post,41.15,7.093
PdOx_post,41.16,7.112
PdOx_post,41.17,6.902
PdOx_post,41.18,6.657
PdOx_post,41.19,6.56
PdOx_post,41.2,6.518
PdOx_post,41.21,6.508
PdOx_post,41.22,6.439
PdOx_post,41.23,6.292
PdOx_post,41.24,6.151
PdOx_post,41.25,6.095
PdOx_post,41.26,6.15
PdOx_post,41.27,6.139
PdOx_post,41.28,6.034
PdOx_post,41.29,5.945
PdOx_post,41.3,5.801
PdOx_post,41.31,5.65
PdOx_post,41.32,5.615
PdOx_post,41.33,5.62
PdOx_post,41.34,5.56
PdOx_post,41.35,5.565
PdOx_post,41.36,5.504
PdOx_post,41.37,5.358
PdOx_post,41.38,5.17
PdOx_post,41.39,5.166
PdOx_post,41.4,5.226
PdOx_post,41.41,5.32
PdOx_post,41.42,5.362
PdOx_post,41.43,5.286
PdOx_post,41.44,5.06
PdOx_post,41.45,4.88
PdOx_post,41.46,4.781
PdOx_post,41.47,4.793
PdOx_post,41.48,4.784
PdOx_post,41.49,4.88
PdOx_post,41.5,4.841
PdOx_post,41.51,4.773
PdOx_post,41.52,4.713
PdOx_post,41.53,4.709
PdOx_post,41.54,4.749
PdOx_post,41.55,4.673
PdOx_post,41.56,4.562
PdOx_post,41.57,4.45
PdOx_post,41.58,4.43
PdOx_post,41.59,4.399
PdOx_post,41.6,4.459
PdOx_post,41.61,4.462
PdOx_post,41.62,4.347
PdOx_post,41.63,4.274
PdOx_post,41.64,4.216
PdOx_post,41.65,4.242
PdOx_post,41.66,4.161
PdOx_post,41.67,4.086
PdOx_post,41.68,4.041
PdOx_post,41.69,4.09
PdOx_post,41.7,4.129
PdOx_post,41.71,4.161
PdOx_post,41.72,4.095
PdOx_post,41.73,4.075
PdOx_post,41.74,4.012
PdOx_post,41.75,3.961
PdOx_post,41.76,3.882
PdOx_post,41.77,3.795
PdOx_post,41.78,3.75
PdOx_post,41.79,3.725
PdOx_post,41.8,3.703
PdOx_post,41.81,3.743
PdOx_post,41.82,3.829
PdOx_post,41.83,3.87
PdOx_post,41.84,3.779
PdOx_post,41.85,3.713
PdOx_post,41.86,3.753
PdOx_post,41.87,3.84
PdOx_post,41.88,3.885
PdOx_post,41.89,3.909
PdOx_post,41.9,3.844
PdOx_post,41.91,3.813
PdOx_post,41.92,3.691
PdOx_post,41.93,3.698
PdOx_post,41.94,3.762
PdOx_post,41.95,3.802
PdOx_post,41.96,3.719
PdOx_post,41.97,3.688
PdOx_post,41.98,3.676
PdOx_post,41.99,3.578
PdOx_post,42.0,3.562
PdOx_post,42.01,3.477
PdOx_post,42.02,3.49
PdOx_post,42.03,3.471
PdOx_post,42.04,3.486
PdOx_post,42.05,3.47
PdOx_post,42.06,3.42
PdOx_post,42.07,3.447
PdOx_post,42.08,3.449
PdOx_post,42.09,3.511
PdOx_post,42.1,3.551
PdOx_post,42.11,3.508
PdOx_post,42.12,3.398
PdOx_post,42.13,3.3
PdOx_post,42.14,3.274
PdOx_post,42.15,3.267
PdOx_post,42.16,3.184
PdOx_post,42.17,3.256
PdOx_post,42.18,3.315
PdOx_post,42.19,3.317
PdOx_post,42.2,3.161
PdOx_post,42.21,3.162
PdOx_post,42.22,3.279
PdOx_post,42.23,3.314
PdOx_post,42.24,3.286
PdOx_post,42.25,3.164
PdOx_post,42.26,3.142
PdOx_post,42.27,3.164
PdOx_post,42.28,3.281
PdOx_post,42.29,3.251
PdOx_post,42.3,3.233
PdOx_post,42.31,3.233
PdOx_post,42.32,3.244
PdOx_post,42.33,3.147
PdOx_post,42.34,3.084
PdOx_post,42.35,3.13
PdOx_post,42.36,3.261
PdOx_post,42.37,3.32
PdOx_post,42.38,3.223
PdOx_post,42.39,3.038
PdOx_post,42.4,2.987
PdOx_post,42.41,3.058
PdOx_post,42.42,3.063
PdOx_post,42.43,3.089
PdOx_post,42.44,3.095
PdOx_post,42.45,3.067
PdOx_post,42.46,2.995
PdOx_post,42.47,2.949
PdOx_post,42.48,3.013
PdOx_post,42.49,2.969
PdOx_post,42.5,3.027
PdOx_post,42.51,3.025
PdOx_post,42.52,3.067
PdOx_post,42.53,3.074
PdOx_post,42.54,3.023
PdOx_post,42.55,2.99
PdOx_post,42.56,2.885
PdOx_post,42.57,2.863
PdOx_post,42.58,2.874
PdOx_post,42.59,2.954
PdOx_post,42.6,3.002
PdOx_post,42.61,2.983
PdOx_post,42.62,2.97
PdOx_post,42.63,2.952
PdOx_post,42.64,3.032
PdOx_post,42.65,3.044
PdOx_post,42.66,3.088
PdOx_post,42.67,3.119
PdOx_post,42.68,3.027
PdOx_post,42.69,2.935
PdOx_post,42.7,2.824
PdOx_post,42.71,2.787
PdOx_post,42.72,2.743
PdOx_post,42.73,2.712
PdOx_post,42.74,2.778
PdOx_post,42.75,2.869
PdOx_post,42.76,2.93
PdOx_post,42.77,2.863
PdOx_post,42.78,2.812
PdOx_post,42.79,2.774
PdOx_post,42.8,2.786
PdOx_post,42.81,2.867
PdOx_post,42.82,2.941
PdOx_post,42.83,2.901
PdOx_post,42.84,2.807
PdOx_post,42.85,2.767
PdOx_post,42.86,2.822
PdOx_post,42.87,2.811
PdOx_post,42.88,2.767
PdOx_post,42.89,2.762
PdOx_post,42.9,2.913
PdOx_post,42.91,3.038
PdOx_post,42.92,3.041
PdOx_post,42.93,2.883
PdOx_post,42.94,2.88
PdOx_post,42.95,2.841
PdOx_post,42.96,2.834
PdOx_post,42.97,2.741
PdOx_post,42.98,2.735
PdOx_post,42.99,2.748
PdOx_post,43.0,2.759
PdOx_post,43.01,2.787
PdOx_post,43.02,2.819
PdOx_post,43.03,2.891
PdOx_post,43.04,2.923
PdOx_post,43.05,2.959
PdOx_post,43.06,2.983
PdOx_post,43.07,2.963
PdOx_post,43.08,2.865
PdOx_post,43.09,2.756
PdOx_post,43.1,2.728
PdOx_post,43.11,2.721
PdOx_post,43.12,2.777
PdOx_post,43.13,2.743
PdOx_post,43.14,2.723
PdOx_post,43.15,2.758
PdOx_post,43.16,2.868
PdOx_post,43.17,2.78
PdOx_post,43.18,2.677
PdOx_post,43.19,2.647
PdOx_post,43.2,2.706
PdOx_post,43.21,2.816
PdOx_post,43.22,2.845
PdOx_post,43.23,2.864
PdOx_post,43.24,2.894
PdOx_post,43.25,2.885
PdOx_post,43.26,2.756
PdOx_post,43.27,2.601
PdOx_post,43.28,2.652
PdOx_post,43.29,2.813
PdOx_post,43.3,2.852
PdOx_post,43.31,2.716
PdOx_post,43.32,2.616
PdOx_post,43.33,2.657
PdOx_post,43.34,2.702
PdOx_post,43.35,2.683
PdOx_post,43.36,2.625
PdOx_post,43.37,2.669
PdOx_post,43.38,2.671
PdOx_post,43.39,2.673
PdOx_post,43.4,2.634
PdOx_post,43.41,2.56
PdOx_post,43.42,2.469
PdOx_post,43.43,2.422
PdOx_post,43.44,2.551
PdOx_post,43.45,2.675
PdOx_post,43.46,2.719
PdOx_post,43.47,2.584
PdOx_post,43.48,2.61
PdOx_post,43.49,2.62
PdOx_post,43.5,2.643
PdOx_post,43.51,2.597
PdOx_post,43.52,2.615
PdOx_post,43.53,2.554
PdOx_post,43.54,2.497
PdOx_post,43.55,2.483
PdOx_post,43.56,2.532
PdOx_post,43.57,2.579
PdOx_post,43.58,2.601
PdOx_post,43.59,2.603
PdOx_post,43.6,2.614
PdOx_post,43.61,2.667
PdOx_post,43.62,2.632
PdOx_post,43.63,2.565
PdOx_post,43.64,2.528
PdOx_post,43.65,2.623
PdOx_post,43.66,2.633
PdOx_post,43.67,2.681
PdOx_post,43.68,2.618
PdOx_post,43.69,2.496
PdOx_post,43.7,2.481
PdOx_post,43.71,2.478
PdOx_post,43.72,2.543
PdOx_post,43.73,2.503
PdOx_post,43.74,2.546
PdOx_post,43.75,2.559
PdOx_post,43.76,2.64
PdOx_post,43.77,2.766
PdOx_post,43.78,2.796
PdOx_post,43.79,2.703
PdOx_post,43.8,2.681
PdOx_post,43.81,2.63
PdOx_post,43.82,2.608
PdOx_post,43.83,2.503
PdOx_post,43.84,2.618
PdOx_post,43.85,2.708
PdOx_post,43.86,2.776
PdOx_post,43.87,2.754
PdOx_post,43.88,2.668
PdOx_post,43.89,2.609
PdOx_post,43.9,2.514
PdOx_post,43.91,2.618
PdOx_post,43.92,2.62
PdOx_post,43.93,2.68
PdOx_post,43.94,2.618
PdOx_post,43.95,2.603
PdOx_post,43.96,2.563
PdOx_post,43.97,2.652
PdOx_post,43.98,2.668
PdOx_post,43.99,2.706
PdOx_post,44.0,2.715
PdOx_post,44.01,2.737
PdOx_post,44.02,2.625
PdOx_post,44.03,2.563
PdOx_post,44.04,2.503
PdOx_post,44.05,2.591
PdOx_post,44.06,2.692
PdOx_post,44.07,2.674
PdOx_post,44.08,2.617
PdOx_post,44.09,2.554
PdOx_post,44.1,2.562
PdOx_post,44.11,2.572
PdOx_post,44.12,2.53
PdOx_post,44.13,2.576
PdOx_post,44.14,2.586
PdOx_post,44.15,2.615
PdOx_post,44.16,2.55
PdOx_post,44.17,2.456
PdOx_post,44.18,2.412
PdOx_post,44.19,2.389
PdOx_post,44.2,2.45
PdOx_post,44.21,2.508
PdOx_post,44.22,2.603
PdOx_post,44.23,2.6
PdOx_post,44.24,2.562
PdOx_post,44.25,2.478
PdOx_post,44.26,2.522
PdOx_post,44.27,2.523
PdOx_post,44.28,2.493
PdOx_post,44.29,2.501
PdOx_post,44.3,2.574
PdOx_post,44.31,2.618
PdOx_post,44.32,2.651
PdOx_post,44.33,2.644
PdOx_post,44.34,2.641
PdOx_post,44.35,2.612
PdOx_post,44.36,2.559
PdOx_post,44.37,2.463
PdOx_post,44.38,2.482
PdOx_post,44.39,2.502
PdOx_post,44.4,2.492
PdOx_post,44.41,2.422
PdOx_post,44.42,2.484
PdOx_post,44.43,2.596
PdOx_post,44.44,2.609
PdOx_post,44.45,2.504
PdOx_post,44.46,2.449
PdOx_post,44.47,2.432
PdOx_post,44.48,2.458
PdOx_post,44.49,2.43
PdOx_post,44.5,2.459
PdOx_post,44.51,2.481
PdOx_post,44.52,2.593
PdOx_post,44.53,2.544
PdOx_post,44.54,2.607
PdOx_post,44.55,2.607
PdOx_post,44.56,2.626
PdOx_post,44.57,2.504
PdOx_post,44.58,2.458
PdOx_post,44.59,2.433
PdOx_post,44.6,2.514
PdOx_post,44.61,2.476
PdOx_post,44.62,2.419
PdOx_post,44.63,2.337
PdOx_post,44.64,2.381
PdOx_post,44.65,2.486
PdOx_post,44.66,2.617
PdOx_post,44.67,2.653
PdOx_post,44.68,2.506
PdOx_post,44.69,2.444
PdOx_post,44.7,2.426
PdOx_post,44.71,2.612
PdOx_post,44.72,2.583
PdOx_post,44.73,2.577
PdOx_post,44.74,2.483
PdOx_post,44.75,2.438
PdOx_post,44.76,2.438
PdOx_post,44.77,2.391
PdOx_post,44.78,2.487
PdOx_post,44.79,2.603
PdOx_post,44.8,2.645
PdOx_post,44.81,2.643
PdOx_post,44.82,2.511
PdOx_post,44.83,2.44
PdOx_post,44.84,2.365
PdOx_post,44.85,2.453
PdOx_post,44.86,2.596
PdOx_post,44.87,2.605
PdOx_post,44.88,2.511
PdOx_post,44.89,2.383
PdOx_post,44.9,2.329
PdOx_post,44.91,2.331
PdOx_post,44.92,2.412
PdOx_post,44.93,2.516
PdOx_post,44.94,2.516
PdOx_post,44.95,2.445
PdOx_post,44.96,2.448
PdOx_post,44.97,2.465
PdOx_post,44.98,2.526
PdOx_post,44.99,2.466
PdOx_post,45.0,2.473
PdOx_post,45.01,2.416
PdOx_post,45.02,2.463
PdOx_post,45.03,2.399
PdOx_post,45.04,2.483
PdOx_post,45.05,2.494
PdOx_post,45.06,2.543
PdOx_post,45.07,2.478
PdOx_post,45.08,2.445
PdOx_post,45.09,2.457
PdOx_post,45.1,2.503
PdOx_post,45.11,2.549
PdOx_post,45.12,2.612
PdOx_post,45.13,2.542
PdOx_post,45.14,2.47
PdOx_post,45.15,2.431
PdOx_post,45.16,2.561
PdOx_post,45.17,2.669
PdOx_post,45.18,2.726
PdOx_post,45.19,2.636
PdOx_post,45.2,2.567
PdOx_post,45.21,2.62
PdOx_post,45.22,2.64
PdOx_post,45.23,2.687
PdOx_post,45.24,2.64
PdOx_post,45.25,2.565
PdOx_post,45.26,2.574
PdOx_post,45.27,2.646
PdOx_post,45.28,2.736
PdOx_post,45.29,2.719
PdOx_post,45.3,2.768
PdOx_post,45.31,2.733
PdOx_post,45.32,2.715
PdOx_post,45.33,2.662
PdOx_post,45.34,2.631
PdOx_post,45.35,2.571
PdOx_post,45.36,2.579
PdOx_post,45.37,2.556
PdOx_post,45.38,2.538
PdOx_post,45.39,2.629
PdOx_post,45.4,2.748
PdOx_post,45.41,2.738
PdOx_post,45.42,2.682
PdOx_post,45.43,2.604
PdOx_post,45.44,2.6
PdOx_post,45.45,2.684
PdOx_post,45.46,2.68
PdOx_post,45.47,2.609
PdOx_post,45.48,2.547
PdOx_post,45.49,2.59
PdOx_post,45.5,2.644
PdOx_post,45.51,2.735
PdOx_post,45.52,2.719
PdOx_post,45.53,2.819
PdOx_post,45.54,2.828
PdOx_post,45.55,2.786
PdOx_post,45.56,2.66
PdOx_post,45.57,2.751
PdOx_post,45.58,2.72
PdOx_post,45.59,2.694
PdOx_post,45.6,2.684
PdOx_post,45.61,2.823
PdOx_post,45.62,2.788
PdOx_post,45.63,2.804
PdOx_post,45.64,2.779
PdOx_post,45.65,2.924
PdOx_post,45.66,2.952
PdOx_post,45.67,2.978
PdOx_post,45.68,2.889
PdOx_post,45.69,2.91
PdOx_post,45.7,2.984
PdOx_post,45.71,2.971
PdOx_post,45.72,2.956
PdOx_post,45.73,2.91
PdOx_post,45.74,2.845
PdOx_post,45.75,2.757
PdOx_post,45.76,2.813
PdOx_post,45.77,2.962
PdOx_post,45.78,3.041
PdOx_post,45.79,3.032
PdOx_post,45.8,2.983
PdOx_post,45.81,2.846
PdOx_post,45.82,2.84
PdOx_post,45.83,2.894
PdOx_post,45.84,3.006
PdOx_post,45.85,3.127
PdOx_post,45.86,3.133
PdOx_post,45.87,3.119
PdOx_post,45.88,3.041
PdOx_post,45.89,3.034
PdOx_post,45.9,3.028
PdOx_post,45.91,3.088
PdOx_post,45.92,3.195
PdOx_post,45.93,3.226
PdOx_post,45.94,3.152
PdOx_post,45.95,3.209
PdOx_post,45.96,3.305
PdOx_post,45.97,3.329
PdOx_post,45.98,3.323
PdOx_post,45.99,3.283
PdOx_post,46.0,3.304
PdOx_post,46.01,3.282
PdOx_post,46.02,3.35
PdOx_post,46.03,3.434
PdOx_post,46.04,3.554
PdOx_post,46.05,3.569
PdOx_post,46.06,3.56
PdOx_post,46.07,3.549
PdOx_post,46.08,3.525
PdOx_post,46.09,3.512
PdOx_post,46.1,3.405
PdOx_post,46.11,3.437
PdOx_post,46.12,3.435
PdOx_post,46.13,3.529
PdOx_post,46.14,3.578
PdOx_post,46.15,3.628
PdOx_post,46.16,3.624
PdOx_post,46.17,3.579
PdOx_post,46.18,3.515
PdOx_post,46.19,3.679
PdOx_post,46.2,3.843
PdOx_post,46.21,3.958
PdOx_post,46.22,3.914
PdOx_post,46.23,3.968
PdOx_post,46.24,3.986
PdOx_post,46.25,3.91
PdOx_post,46.26,3.899
PdOx_post,46.27,3.984
PdOx_post,46.28,4.136
PdOx_post,46.29,4.182
PdOx_post,46.3,4.241
PdOx_post,46.31,4.283
PdOx_post,46.32,4.443
PdOx_post,46.33,4.406
PdOx_post,46.34,4.34
PdOx_post,46.35,4.367
PdOx_post,46.36,4.378
PdOx_post,46.37,4.323
PdOx_post,46.38,4.086
PdOx_post,46.39,4.155
PdOx_post,46.4,4.347
PdOx_post,46.41,4.588
PdOx_post,46.42,4.557
PdOx_post,46.43,4.638
PdOx_post,46.44,4.808
PdOx_post,46.45,4.953
PdOx_post,46.46,4.902
PdOx_post,46.47,4.714
PdOx_post,46.48,4.717
PdOx_post,46.49,4.747
PdOx_post,46.5,4.755
PdOx_post,46.51,4.654
PdOx_post,46.52,4.673
PdOx_post,46.53,4.722
PdOx_post,46.54,4.915
PdOx_post,46.55,4.884
PdOx_post,46.56,4.855
PdOx_post,46.57,4.764
PdOx_post,46.58,4.799
PdOx_post,46.59,4.877
PdOx_post,46.6,4.901
PdOx_post,46.61,4.966
PdOx_post,46.62,4.899
PdOx_post,46.63,4.954
PdOx_post,46.64,4.909
PdOx_post,46.65,4.861
PdOx_post,46.66,4.821
PdOx_post,46.67,4.77
PdOx_post,46.68,4.745
PdOx_post,46.69,4.691
PdOx_post,46.7,4.835
PdOx_post,46.71,4.877
PdOx_post,46.72,4.863
PdOx_post,46.73,4.715
PdOx_post,46.74,4.651
PdOx_post,46.75,4.566
PdOx_post,46.76,4.648
PdOx_post,46.77,4.635
PdOx_post,46.78,4.571
PdOx_post,46.79,4.554
PdOx_post,46.8,4.576
PdOx_post,46.81,4.695
PdOx_post,46.82,4.633
PdOx_post,46.83,4.636
PdOx_post,46.84,4.553
PdOx_post,46.85,4.409
PdOx_post,46.86,4.275
PdOx_post,46.87,4.195
PdOx_post,46.88,4.201
PdOx_post,46.89,4.117
PdOx_post,46.9,4.031
PdOx_post,46.91,4.038
PdOx_post,46.92,4.113
PdOx_post,46.93,4.175
PdOx_post,46.94,4.218
PdOx_post,46.95,4.09
PdOx_post,46.96,4.177
PdOx_post,46.97,4.042
PdOx_post,46.98,4.048
PdOx_post,46.99,3.888
PdOx_post,47.0,3.957
PdOx_post,47.01,3.931
PdOx_post,47.02,3.933
PdOx_post,47.03,3.841
PdOx_post,47.04,3.746
PdOx_post,47.05,3.58
PdOx_post,47.06,3.547
PdOx_post,47.07,3.541
PdOx_post,47.08,3.481
PdOx_post,47.09,3.467
PdOx_post,47.1,3.536
PdOx_post,47.11,3.62
PdOx_post,47.12,3.68
PdOx_post,47.13,3.67
PdOx_post,47.14,3.493
PdOx_post,47.15,3.311
PdOx_post,47.16,3.276
PdOx_post,47.17,3.262
PdOx_post,47.18,3.178
PdOx_post,47.19,3.135
PdOx_post,47.2,3.235
PdOx_post,47.21,3.277
PdOx_post,47.22,3.155
PdOx_post,47.23,3.022
PdOx_post,47.24,3.045
PdOx_post,47.25,3.033
PdOx_post,47.26,3.054
PdOx_post,47.27,2.989
PdOx_post,47.28,3.018
PdOx_post,47.29,2.997
PdOx_post,47.3,3.016
PdOx_post,47.31,3.005
PdOx_post,47.32,2.984
PdOx_post,47.33,2.94
PdOx_post,47.34,2.929
PdOx_post,47.35,2.91
PdOx_post,47.36,2.962
PdOx_post,47.37,2.991
PdOx_post,47.38,2.974
PdOx_post,47.39,2.853
PdOx_post,47.4,2.797
PdOx_post,47.41,2.832
PdOx_post,47.42,2.847
PdOx_post,47.43,2.832
PdOx_post,47.44,2.828
PdOx_post,47.45,2.75
PdOx_post,47.46,2.734
PdOx_post,47.47,2.797
PdOx_post,47.48,2.856
PdOx_post,47.49,2.802
PdOx_post,47.5,2.659
PdOx_post,47.51,2.575
PdOx_post,47.52,2.597
PdOx_post,47.53,2.68
PdOx_post,47.54,2.718
PdOx_post,47.55,2.721
PdOx_post,47.56,2.563
PdOx_post,47.57,2.457
PdOx_post,47.58,2.413
PdOx_post,47.59,2.449
PdOx_post,47.6,2.471
PdOx_post,47.61,2.459
PdOx_post,47.62,2.529
PdOx_post,47.63,2.494
PdOx_post,47.64,2.473
PdOx_post,47.65,2.507
PdOx_post,47.66,2.534
PdOx_post,47.67,2.581
PdOx_post,47.68,2.536
PdOx_post,47.69,2.521
PdOx_post,47.7,2.484
PdOx_post,47.71,2.53
PdOx_post,47.72,2.589
PdOx_post,47.73,2.583
PdOx_post,47.74,2.501
PdOx_post,47.75,2.407
PdOx_post,47.76,2.386
PdOx_post,47.77,2.349
PdOx_post,47.78,2.36
PdOx_post,47.79,2.357
PdOx_post,47.8,2.35
PdOx_post,47.81,2.376
PdOx_post,47.82,2.383
PdOx_post,47.83,2.342
PdOx_post,47.84,2.313
PdOx_post,47.85,2.296
PdOx_post,47.86,2.375
PdOx_post,47.87,2.4
PdOx_post,47.88,2.359
PdOx_post,47.89,2.294
PdOx_post,47.9,2.269
PdOx_post,47.91,2.308
PdOx_post,47.92,2.302
PdOx_post,47.93,2.327
PdOx_post,47.94,2.325
PdOx_post,47.95,2.299
PdOx_post,47.96,2.259
PdOx_post,47.97,2.313
PdOx_post,47.98,2.297
PdOx_post,47.99,2.257
PdOx_post,48.0,2.298
PdOx_post,48.01,2.362
PdOx_post,48.02,2.412
PdOx_post,48.03,2.353
PdOx_post,48.04,2.264
PdOx_post,48.05,2.163
PdOx_post,48.06,2.18
PdOx_post,48.07,2.316
PdOx_post,48.08,2.332
PdOx_post,48.09,2.282
PdOx_post,48.1,2.236
PdOx_post,48.11,2.282
PdOx_post,48.12,2.294
PdOx_post,48.13,2.279
PdOx_post,48.14,2.266
PdOx_post,48.15,2.29
PdOx_post,48.16,2.229
PdOx_post,48.17,2.201
PdOx_post,48.18,2.294
PdOx_post,48.19,2.326
PdOx_post,48.2,2.313
PdOx_post,48.21,2.177
PdOx_post,48.22,2.131
PdOx_post,48.23,2.053
PdOx_post,48.24,2.066
PdOx_post,48.25,2.08
PdOx_post,48.26,2.158
PdOx_post,48.27,2.245
PdOx_post,48.28,2.304
PdOx_post,48.29,2.253
PdOx_post,48.3,2.224
PdOx_post,48.31,2.197
PdOx_post,48.32,2.192
PdOx_post,48.33,2.187
PdOx_post,48.34,2.202
PdOx_post,48.35,2.226
PdOx_post,48.36,2.227
PdOx_post,48.37,2.212
PdOx_post,48.38,2.167
PdOx_post,48.39,2.185
PdOx_post,48.4,2.21
PdOx_post,48.41,2.236
PdOx_post,48.42,2.167
PdOx_post,48.43,2.166
PdOx_post,48.44,2.239
PdOx_post,48.45,2.354
PdOx_post,48.46,2.335
PdOx_post,48.47,2.226
PdOx_post,48.48,2.176
PdOx_post,48.49,2.144
PdOx_post,48.5,2.138
PdOx_post,48.51,2.073
PdOx_post,48.52,2.094
PdOx_post,48.53,2.126
PdOx_post,48.54,2.158
PdOx_post,48.55,2.166
PdOx_post,48.56,2.167
PdOx_post,48.57,2.177
PdOx_post,48.58,2.176
PdOx_post,48.59,2.155
PdOx_post,48.6,2.153
PdOx_post,48.61,2.141
PdOx_post,48.62,2.079
PdOx_post,48.63,2.078
PdOx_post,48.64,2.087
PdOx_post,48.65,2.167
PdOx_post,48.66,2.161
PdOx_post,48.67,2.161
PdOx_post,48.68,2.093
PdOx_post,48.69,2.119
PdOx_post,48.7,2.13
PdOx_post,48.71,2.14
PdOx_post,48.72,2.107
PdOx_post,48.73,2.131
PdOx_post,48.74,2.227
PdOx_post,48.75,2.158
PdOx_post,48.76,2.137
PdOx_post,48.77,2.076
PdOx_post,48.78,2.112
PdOx_post,48.79,2.091
PdOx_post,48.8,2.049
PdOx_post,48.81,2.056
PdOx_post,48.82,1.967
PdOx_post,48.83,2.035
PdOx_post,48.84,2.013
PdOx_post,48.85,2.1
PdOx_post,48.86,2.124
PdOx_post,48.87,2.163
PdOx_post,48.88,2.147
PdOx_post,48.89,2.166
PdOx_post,48.9,2.116
PdOx_post,48.91,2.096
PdOx_post,48.92,1.986
PdOx_post,48.93,2.035
PdOx_post,48.94,2.059
PdOx_post,48.95,2.108
PdOx_post,48.96,2.11
PdOx_post,48.97,2.119
PdOx_post,48.98,2.156
PdOx_post,48.99,2.137
PdOx_post,49.0,2.087
PdOx_post,49.01,2.01
PdOx_post,49.02,2.008
PdOx_post,49.03,2.04
PdOx_post,49.04,1.977
PdOx_post,49.05,1.958
PdOx_post,49.06,2.029
PdOx_post,49.07,2.123
PdOx_post,49.08,2.041
PdOx_post,49.09,1.956
PdOx_post,49.1,1.929
PdOx_post,49.11,1.994
PdOx_post,49.12,1.955
PdOx_post,49.13,1.962
PdOx_post,49.14,2.005
PdOx_post,49.15,2.046
PdOx_post,49.16,2.005
PdOx_post,49.17,1.998
PdOx_post,49.18,1.981
PdOx_post,49.19,1.973
PdOx_post,49.2,1.917
PdOx_post,49.21,2.022
PdOx_post,49.22,2.058
PdOx_post,49.23,2.134
PdOx_post,49.24,2.079
PdOx_post,49.25,2.076
PdOx_post,49.26,2.011
PdOx_post,49.27,2.044
PdOx_post,49.28,2.035
PdOx_post,49.29,2.029
PdOx_post,49.3,2.071
PdOx_post,49.31,2.116
PdOx_post,49.32,2.193
PdOx_post,49.33,2.174
PdOx_post,49.34,2.165
PdOx_post,49.35,2.055
PdOx_post,49.36,1.955
PdOx_post,49.37,1.927
PdOx_post,49.38,1.993
PdOx_post,49.39,2.024
PdOx_post,49.4,2.055
PdOx_post,49.41,2.047
PdOx_post,49.42,2.014
PdOx_post,49.43,2.025
PdOx_post,49.44,2.049
PdOx_post,49.45,2.059
PdOx_post,49.46,1.973
PdOx_post,49.47,1.954
PdOx_post,49.48,1.995
PdOx_post,49.49,2.125
PdOx_post,49.5,2.136
PdOx_post,49.51,2.191
PdOx_post,49.52,2.13
PdOx_post,49.53,2.068
PdOx_post,49.54,1.967
PdOx_post,49.55,1.887
PdOx_post,49.56,1.901
PdOx_post,49.57,1.913
PdOx_post,49.58,1.912
PdOx_post,49.59,1.983
PdOx_post,49.6,2.03
PdOx_post,49.61,2.077
PdOx_post,49.62,2.057
PdOx_post,49.63,2.052
PdOx_post,49.64,2.012
PdOx_post,49.65,1.984
PdOx_post,49.66,1.979
PdOx_post,49.67,1.995
PdOx_post,49.68,2.0
PdOx_post,49.69,2.05
PdOx_post,49.7,2.054
PdOx_post,49.71,2.027
PdOx_post,49.72,1.9
PdOx_post,49.73,1.853
PdOx_post,49.74,1.846
PdOx_post,49.75,1.92
PdOx_post,49.76,1.956
PdOx_post,49.77,1.966
PdOx_post,49.78,1.967
PdOx_post,49.79,1.932
PdOx_post,49.8,1.91
PdOx_post,49.81,1.913
PdOx_post,49.82,2.019
PdOx_post,49.83,2.039
PdOx_post,49.84,2.041
PdOx_post,49.85,2.024
PdOx_post,49.86,2.004
PdOx_post,49.87,1.946
PdOx_post,49.88,1.892
PdOx_post,49.89,1.954
PdOx_post,49.9,2.022
PdOx_post,49.91,2.073
PdOx_post,49.92,2.102
PdOx_post,49.93,2.097
PdOx_post,49.94,2.085
PdOx_post,49.95,2.026
PdOx_post,49.96,2.011
PdOx_post,49.97,1.984
PdOx_post,49.98,1.926
PdOx_post,49.99,1.872
PdOx_post,50.0,1.929
PdOx_post,50.01,2.059
PdOx_post,50.02,2.151
PdOx_post,50.03,2.116
PdOx_post,50.04,2.109
PdOx_post,50.05,2.031
PdOx_post,50.06,1.993
PdOx_post,50.07,1.954
PdOx_post,50.08,1.921
PdOx_post,50.09,1.948
PdOx_post,50.1,1.938
PdOx_post,50.11,2.024
PdOx_post,50.12,2.135
PdOx_post,50.13,2.163
PdOx_post,50.14,2.104
PdOx_post,50.15,2.079
PdOx_post,50.16,2.131
PdOx_post,50.17,2.101
PdOx_post,50.18,2.024
PdOx_post,50.19,1.956
PdOx_post,50.2,1.903
PdOx_post,50.21,1.957
PdOx_post,50.22,2.006
PdOx_post,50.23,2.034
PdOx_post,50.24,1.953
PdOx_post,50.25,1.951
PdOx_post,50.26,1.913
PdOx_post,50.27,1.951
PdOx_post,50.28,1.827
PdOx_post,50.29,1.76
PdOx_post,50.3,1.722
PdOx_post,50.31,1.821
PdOx_post,50.32,1.895
PdOx_post,50.33,1.996
PdOx_post,50.34,1.905
PdOx_post,50.35,1.895
PdOx_post,50.36,1.935
PdOx_post,50.37,2.062
PdOx_post,50.38,2.084
PdOx_post,50.39,2.032
PdOx_post,50.4,2.034
PdOx_post,50.41,2.013
PdOx_post,50.42,1.979
PdOx_post,50.43,1.904
PdOx_post,50.44,1.829
PdOx_post,50.45,1.843
PdOx_post,50.46,1.93
PdOx_post,50.47,1.912
PdOx_post,50.48,1.832
PdOx_post,50.49,1.822
PdOx_post,50.5,1.935
PdOx_post,50.51,1.992
PdOx_post,50.52,1.976
PdOx_post,50.53,1.929
PdOx_post,50.54,1.924
PdOx_post,50.55,1.977
PdOx_post,50.56,1.895
PdOx_post,50.57,1.901
PdOx_post,50.58,1.896
PdOx_post,50.59,1.932
PdOx_post,50.6,1.993
PdOx_post,50.61,2.047
PdOx_post,50.62,2.035
PdOx_post,50.63,1.944
PdOx_post,50.64,1.931
PdOx_post,50.65,1.962
PdOx_post,50.66,2.014
PdOx_post,50.67,2.028
PdOx_post,50.68,2.037
PdOx_post,50.69,2.065
PdOx_post,50.7,2.021
PdOx_post,50.71,1.964
PdOx_post,50.72,1.964
PdOx_post,50.73,1.997
PdOx_post,50.74,2.035
PdOx_post,50.75,2.007
PdOx_post,50.76,1.963
PdOx_post,50.77,1.891
PdOx_post,50.78,1.905
PdOx_post,50.79,1.98
PdOx_post,50.8,1.975
PdOx_post,50.81,1.889
PdOx_post,50.82,1.82
PdOx_post,50.83,1.844
PdOx_post,50.84,1.887
PdOx_post,50.85,2.001
PdOx_post,50.86,2.021
PdOx_post,50.87,1.975
PdOx_post,50.88,1.855
PdOx_post,50.89,1.874
PdOx_post,50.9,1.922
PdOx_post,50.91,1.924
PdOx_post,50.92,1.941
PdOx_post,50.93,1.91
PdOx_post,50.94,1.908
PdOx_post,50.95,1.945
PdOx_post,50.96,1.981
PdOx_post,50.97,1.933
PdOx_post,50.98,1.923
PdOx_post,50.99,1.845
PdOx_post,51.0,1.881
PdOx_post,51.01,1.864
PdOx_post,51.02,1.915
PdOx_post,51.03,1.951
PdOx_post,51.04,1.894
PdOx_post,51.05,1.893
PdOx_post,51.06,1.843
PdOx_post,51.07,1.88
PdOx_post,51.08,1.917
PdOx_post,51.09,1.956
PdOx_post,51.1,1.887
PdOx_post,51.11,1.902
PdOx_post,51.12,1.926
PdOx_post,51.13,1.927
PdOx_post,51.14,1.905
PdOx_post,51.15,1.939
PdOx_post,51.16,1.999
PdOx_post,51.17,1.971
PdOx_post,51.18,1.946
PdOx_post,51.19,1.928
PdOx_post,51.2,1.946
PdOx_post,51.21,1.912
PdOx_post,51.22,1.927
PdOx_post,51.23,1.852
PdOx_post,51.24,1.844
PdOx_post,51.25,1.838
PdOx_post,51.26,1.831
PdOx_post,51.27,1.807
PdOx_post,51.28,1.761
PdOx_post,51.29,1.809
PdOx_post,51.3,1.929
PdOx_post,51.31,1.997
PdOx_post,51.32,2.007
PdOx_post,51.33,1.962
PdOx_post,51.34,1.964
PdOx_post,51.35,2.013
PdOx_post,51.36,1.96
PdOx_post,51.37,1.928
PdOx_post,51.38,1.89
PdOx_post,51.39,1.967
PdOx_post,51.4,1.908
PdOx_post,51.41,1.91
PdOx_post,51.42,1.894
PdOx_post,51.43,1.964
PdOx_post,51.44,1.924
PdOx_post,51.45,1.971
PdOx_post,51.46,1.964
PdOx_post,51.47,1.979
PdOx_post,51.48,1.949
PdOx_post,51.49,1.937
PdOx_post,51.5,1.939
PdOx_post,51.51,1.927
PdOx_post,51.52,1.937
PdOx_post,51.53,1.954
PdOx_post,51.54,1.956
PdOx_post,51.55,1.935
PdOx_post,51.56,1.965
PdOx_post,51.57,2.002
PdOx_post,51.58,1.997
PdOx_post,51.59,1.936
PdOx_post,51.6,1.947
PdOx_post,51.61,1.936
PdOx_post,51.62,1.902
PdOx_post,51.63,1.839
PdOx_post,51.64,1.864
PdOx_post,51.65,1.888
PdOx_post,51.66,1.846
PdOx_post,51.67,1.817
PdOx_post,51.68,1.804
PdOx_post,51.69,1.853
PdOx_post,51.7,1.869
PdOx_post,51.71,1.842
PdOx_post,51.72,1.871
PdOx_post,51.73,1.841
PdOx_post,51.74,1.82
PdOx_post,51.75,1.827
PdOx_post,51.76,1.878
PdOx_post,51.77,1.885
PdOx_post,51.78,1.831
PdOx_post,51.79,1.785
PdOx_post,51.8,1.775
PdOx_post,51.81,1.879
PdOx_post,51.82,1.946
PdOx_post,51.83,1.949
PdOx_post,51.84,1.863
PdOx_post,51.85,1.836
PdOx_post,51.86,1.878
PdOx_post,51.87,1.986
PdOx_post,51.88,2.012
PdOx_post,51.89,1.96
PdOx_post,51.9,1.865
PdOx_post,51.91,1.877
PdOx_post,51.92,1.896
PdOx_post,51.93,1.889
PdOx_post,51.94,1.792
PdOx_post,51.95,1.742
PdOx_post,51.96,1.813
PdOx_post,51.97,1.876
PdOx_post,51.98,1.962
PdOx_post,51.99,1.949
PdOx_post,52.0,1.94
PdOx_post,52.01,1.826
PdOx_post,52.02,1.791
PdOx_post,52.03,1.794
PdOx_post,52.04,1.891
PdOx_post,52.05,1.938
PdOx_post,52.06,1.951
PdOx_post,52.07,1.983
PdOx_post,52.08,1.983
PdOx_post,52.09,2.022
PdOx_post,52.1,1.994
PdOx_post,52.11,1.994
PdOx_post,52.12,1.974
PdOx_post,52.13,1.947
PdOx_post,52.14,1.874
PdOx_post,52.15,1.85
PdOx_post,52.16,1.881
PdOx_post,52.17,1.89
PdOx_post,52.18,1.796
PdOx_post,52.19,1.772
PdOx_post,52.2,1.836
PdOx_post,52.21,1.909
PdOx_post,52.22,1.911
PdOx_post,52.23,1.906
PdOx_post,52.24,1.93
PdOx_post,52.25,1.924
PdOx_post,52.26,1.928
PdOx_post,52.27,1.899
PdOx_post,52.28,1.896
PdOx_post,52.29,1.884
PdOx_post,52.3,1.879
PdOx_post,52.31,1.879
PdOx_post,52.32,1.911
PdOx_post,52.33,1.994
PdOx_post,52.34,2.026
PdOx_post,52.35,1.957
PdOx_post,52.36,1.903
PdOx_post,52.37,1.95
PdOx_post,52.38,1.952
PdOx_post,52.39,1.942
PdOx_post,52.4,1.885
PdOx_post,52.41,1.865
PdOx_post,52.42,1.849
PdOx_post,52.43,1.865
PdOx_post,52.44,1.879
PdOx_post,52.45,1.902
PdOx_post,52.46,1.963
PdOx_post,52.47,1.948
PdOx_post,52.48,1.923
PdOx_post,52.49,1.842
PdOx_post,52.5,1.856
PdOx_post,52.51,1.851
PdOx_post,52.52,1.834
PdOx_post,52.53,1.833
PdOx_post,52.54,1.86
PdOx_post,52.55,1.887
PdOx_post,52.56,1.828
PdOx_post,52.57,1.863
PdOx_post,52.58,1.953
PdOx_post,52.59,1.938
PdOx_post,52.6,1.873
PdOx_post,52.61,1.824
PdOx_post,52.62,1.879
PdOx_post,52.63,1.891
PdOx_post,52.64,1.878
PdOx_post,52.65,1.84
PdOx_post,52.66,1.861
PdOx_post,52.67,1.827
PdOx_post,52.68,1.778
PdOx_post,52.69,1.82
PdOx_post,52.7,1.859
PdOx_post,52.71,1.864
PdOx_post,52.72,1.754
PdOx_post,52.73,1.731
PdOx_post,52.74,1.718
PdOx_post,52.75,1.863
PdOx_post,52.76,1.865
PdOx_post,52.77,1.856
PdOx_post,52.78,1.796
PdOx_post,52.79,1.885
PdOx_post,52.8,1.962
PdOx_post,52.81,1.922
PdOx_post,52.82,1.928
PdOx_post,52.83,1.936
PdOx_post,52.84,1.994
PdOx_post,52.85,2.011
PdOx_post,52.86,2.068
PdOx_post,52.87,2.045
PdOx_post,52.88,1.942
PdOx_post,52.89,1.819
PdOx_post,52.9,1.758
PdOx_post,52.91,1.817
PdOx_post,52.92,1.896
PdOx_post,52.93,1.885
PdOx_post,52.94,1.88
PdOx_post,52.95,1.875
PdOx_post,52.96,1.925
PdOx_post,52.97,1.839
PdOx_post,52.98,1.795
PdOx_post,52.99,1.873
PdOx_post,53.0,1.986
PdOx_post,53.01,2.066
PdOx_post,53.02,1.959
PdOx_post,53.03,1.936
PdOx_post,53.04,1.895
PdOx_post,53.05,1.961
PdOx_post,53.06,1.909
PdOx_post,53.07,1.924
PdOx_post,53.08,1.841
PdOx_post,53.09,1.829
PdOx_post,53.1,1.827
PdOx_post,53.11,1.934
PdOx_post,53.12,2.008
PdOx_post,53.13,2.017
PdOx_post,53.14,1.916
PdOx_post,53.15,1.771
PdOx_post,53.16,1.716
PdOx_post,53.17,1.753
PdOx_post,53.18,1.73
PdOx_post,53.19,1.727
PdOx_post,53.2,1.809
PdOx_post,53.21,1.962
PdOx_post,53.22,1.911
PdOx_post,53.23,1.859
PdOx_post,53.24,1.824
PdOx_post,53.25,1.834
PdOx_post,53.26,1.902
PdOx_post,53.27,1.961
PdOx_post,53.28,1.983
PdOx_post,53.29,1.882
PdOx_post,53.3,1.834
PdOx_post,53.31,1.886
PdOx_post,53.32,1.916
PdOx_post,53.33,1.86
PdOx_post,53.34,1.81
PdOx_post,53.35,1.807
PdOx_post,53.36,1.853
PdOx_post,53.37,1.842
PdOx_post,53.38,1.818
PdOx_post,53.39,1.744
PdOx_post,53.4,1.699
PdOx_post,53.41,1.676
PdOx_post,53.42,1.831
PdOx_post,53.43,1.921
PdOx_post,53.44,1.967
PdOx_post,53.45,1.951
PdOx_post,53.46,1.85
PdOx_post,53.47,1.793
PdOx_post,53.48,1.751
PdOx_post,53.49,1.841
PdOx_post,53.5,1.818
PdOx_post,53.51,1.752
PdOx_post,53.52,1.694
PdOx_post,53.53,1.663
PdOx_post,53.54,1.719
PdOx_post,53.55,1.8
PdOx_post,53.56,1.847
PdOx_post,53.57,1.853
PdOx_post,53.58,1.797
PdOx_post,53.59,1.841
PdOx_post,53.6,1.826
PdOx_post,53.61,1.807
PdOx_post,53.62,1.86
PdOx_post,53.63,1.932
PdOx_post,53.64,1.934
PdOx_post,53.65,1.841
PdOx_post,53.66,1.864
PdOx_post,53.67,1.919
PdOx_post,53.68,1.942
PdOx_post,53.69,1.812
PdOx_post,53.7,1.713
PdOx_post,53.71,1.737
PdOx_post,53.72,1.757
PdOx_post,53.73,1.796
PdOx_post,53.74,1.776
PdOx_post,53.75,1.845
PdOx_post,53.76,1.817
PdOx_post,53.77,1.774
PdOx_post,53.78,1.781
PdOx_post,53.79,1.858
PdOx_post,53.8,1.937
PdOx_post,53.81,1.911
PdOx_post,53.82,1.79
PdOx_post,53.83,1.726
PdOx_post,53.84,1.709
PdOx_post,53.85,1.776
PdOx_post,53.86,1.841
PdOx_post,53.87,1.889
PdOx_post,53.88,1.877
PdOx_post,53.89,1.841
PdOx_post,53.9,1.79
PdOx_post,53.91,1.805
PdOx_post,53.92,1.843
PdOx_post,53.93,1.889
PdOx_post,53.94,1.863
PdOx_post,53.95,1.843
PdOx_post,53.96,1.793
PdOx_post,53.97,1.783
PdOx_post,53.98,1.775
PdOx_post,53.99,1.825
PdOx_post,54.0,1.794
PdOx_post,54.01,1.796
PdOx_post,54.02,1.765
PdOx_post,54.03,1.808
PdOx_post,54.04,1.81
PdOx_post,54.05,1.828
PdOx_post,54.06,1.825
PdOx_post,54.07,1.825
PdOx_post,54.08,1.871
PdOx_post,54.09,1.934
PdOx_post,54.1,1.886
PdOx_post,54.11,1.819
PdOx_post,54.12,1.845
PdOx_post,54.13,1.928
PdOx_post,54.14,1.904
PdOx_post,54.15,1.852
PdOx_post,54.16,1.82
PdOx_post,54.17,1.829
PdOx_post,54.18,1.848
PdOx_post,54.19,1.806
PdOx_post,54.2,1.831
PdOx_post,54.21,1.755
PdOx_post,54.22,1.839
PdOx_post,54.23,1.836
PdOx_post,54.24,1.857
PdOx_post,54.25,1.832
PdOx_post,54.26,1.842
PdOx_post,54.27,1.887
PdOx_post,54.28,1.867
PdOx_post,54.29,1.873
PdOx_post,54.3,1.833
PdOx_post,54.31,1.796
PdOx_post,54.32,1.685
PdOx_post,54.33,1.634
PdOx_post,54.34,1.706
PdOx_post,54.35,1.823
PdOx_post,54.36,1.835
PdOx_post,54.37,1.835
PdOx_post,54.38,1.86
PdOx_post,54.39,1.886
PdOx_post,54.4,1.861
PdOx_post,54.41,1.792
PdOx_post,54.42,1.777
PdOx_post,54.43,1.767
PdOx_post,54.44,1.821
PdOx_post,54.45,1.834
PdOx_post,54.46,1.878
PdOx_post,54.47,1.861
PdOx_post,54.48,1.832
PdOx_post,54.49,1.775
PdOx_post,54.5,1.744
PdOx_post,54.51,1.792
PdOx_post,54.52,1.816
PdOx_post,54.53,1.855
PdOx_post,54.54,1.856
PdOx_post,54.55,1.829
PdOx_post,54.56,1.863
PdOx_post,54.57,1.848
PdOx_post,54.58,1.929
PdOx_post,54.59,1.826
PdOx_post,54.6,1.694
PdOx_post,54.61,1.613
PdOx_post,54.62,1.662
PdOx_post,54.63,1.761
PdOx_post,54.64,1.88
PdOx_post,54.65,1.903
PdOx_post,54.66,1.897
PdOx_post,54.67,1.854
PdOx_post,54.68,1.898
PdOx_post,54.69,1.908
PdOx_post,54.7,1.889
PdOx_post,54.71,1.84
PdOx_post,54.72,1.839
PdOx_post,54.73,1.811
PdOx_post,54.74,1.733
PdOx_post,54.75,1.613
PdOx_post,54.76,1.549
PdOx_post,54.77,1.59
PdOx_post,54.78,1.657
PdOx_post,54.79,1.806
PdOx_post,54.8,1.911
PdOx_post,54.81,2.051
PdOx_post,54.82,1.985
PdOx_post,54.83,2.0
PdOx_post,54.84,1.929
PdOx_post,54.85,1.952
PdOx_post,54.86,1.903
PdOx_post,54.87,1.871
PdOx_post,54.88,1.847
PdOx_post,54.89,1.795
PdOx_post,54.9,1.763
PdOx_post,54.91,1.712
PdOx_post,54.92,1.712
PdOx_post,54.93,1.765
PdOx_post,54.94,1.828
PdOx_post,54.95,1.874
PdOx_post,54.96,1.906
PdOx_post,54.97,1.861
PdOx_post,54.98,1.814
PdOx_post,54.99,1.768
PdOx_post,55.0,1.787
PdOx_post,55.01,1.801
PdOx_post,55.02,1.811
PdOx_post,55.03,1.785
PdOx_post,55.04,1.825
PdOx_post,55.05,1.848
PdOx_post,55.06,1.799
PdOx_post,55.07,1.811
PdOx_post,55.08,1.784
PdOx_post,55.09,1.756
PdOx_post,55.1,1.741
PdOx_post,55.11,1.786
PdOx_post,55.12,1.791
PdOx_post,55.13,1.829
PdOx_post,55.14,1.807
PdOx_post,55.15,1.832
PdOx_post,55.16,1.791
PdOx_post,55.17,1.871
PdOx_post,55.18,1.863
PdOx_post,55.19,1.874
PdOx_post,55.2,1.85
PdOx_post,55.21,1.843
PdOx_post,55.22,1.773
PdOx_post,55.23,1.738
PdOx_post,55.24,1.745
PdOx_post,55.25,1.811
PdOx_post,55.26,1.786
PdOx_post,55.27,1.799
PdOx_post,55.28,1.815
PdOx_post,55.29,1.862
PdOx_post,55.3,1.791
PdOx_post,55.31,1.713
PdOx_post,55.32,1.679
PdOx_post,55.33,1.722
PdOx_post,55.34,1.759
PdOx_post,55.35,1.792
PdOx_post,55.36,1.794
PdOx_post,55.37,1.791
PdOx_post,55.38,1.776
PdOx_post,55.39,1.749
PdOx_post,55.4,1.683
PdOx_post,55.41,1.697
PdOx_post,55.42,1.693
PdOx_post,55.43,1.757
PdOx_post,55.44,1.799
PdOx_post,55.45,1.834
PdOx_post,55.46,1.826
PdOx_post,55.47,1.755
PdOx_post,55.48,1.748
PdOx_post,55.49,1.754
PdOx_post,55.5,1.834
PdOx_post,55.51,1.87
PdOx_post,55.52,1.898
PdOx_post,55.53,1.885
PdOx_post,55.54,1.91
PdOx_post,55.55,1.872
PdOx_post,55.56,1.752
PdOx_post,55.57,1.684
PdOx_post,55.58,1.706
PdOx_post,55.59,1.812
PdOx_post,55.6,1.884
PdOx_post,55.61,1.852
PdOx_post,55.62,1.849
PdOx_post,55.63,1.858
PdOx_post,55.64,1.892
PdOx_post,55.65,1.823
PdOx_post,55.66,1.812
PdOx_post,55.67,1.821
PdOx_post,55.68,1.883
PdOx_post,55.69,1.887
PdOx_post,55.7,1.821
PdOx_post,55.71,1.801
PdOx_post,55.72,1.846
PdOx_post,55.73,1.886
PdOx_post,55.74,1.868
PdOx_post,55.75,1.777
PdOx_post,55.76,1.75
PdOx_post,55.77,1.732
PdOx_post,55.78,1.801
PdOx_post,55.79,1.738
PdOx_post,55.8,1.751
PdOx_post,55.81,1.774
PdOx_post,55.82,1.877
PdOx_post,55.83,1.894
PdOx_post,55.84,1.907
PdOx_post,55.85,1.896
PdOx_post,55.86,1.865
PdOx_post,55.87,1.758
PdOx_post,55.88,1.676
PdOx_post,55.89,1.73
PdOx_post,55.9,1.747
PdOx_post,55.91,1.776
PdOx_post,55.92,1.696
PdOx_post,55.93,1.736
PdOx_post,55.94,1.825
PdOx_post,55.95,1.859
PdOx_post,55.96,1.813
PdOx_post,55.97,1.72
PdOx_post,55.98,1.703
PdOx_post,55.99,1.733
PdOx_post,56.0,1.724
PdOx_post,56.01,1.682
PdOx_post,56.02,1.675
PdOx_post,56.03,1.744
PdOx_post,56.04,1.85
PdOx_post,56.05,1.846
PdOx_post,56.06,1.826
PdOx_post,56.07,1.782
PdOx_post,56.08,1.78
PdOx_post,56.09,1.697
PdOx_post,56.1,1.668
PdOx_post,56.11,1.703
PdOx_post,56.12,1.816
PdOx_post,56.13,1.801
PdOx_post,56.14,1.782
PdOx_post,56.15,1.656
PdOx_post,56.16,1.705
PdOx_post,56.17,1.773
PdOx_post,56.18,1.877
PdOx_post,56.19,1.929
PdOx_post,56.2,1.901
PdOx_post,56.21,1.939
PdOx_post,56.22,1.854
PdOx_post,56.23,1.834
PdOx_post,56.24,1.761
PdOx_post,56.25,1.771
PdOx_post,56.26,1.806
PdOx_post,56.27,1.898
PdOx_post,56.28,1.918
PdOx_post,56.29,1.806
PdOx_post,56.3,1.736
PdOx_post,56.31,1.685
PdOx_post,56.32,1.653
PdOx_post,56.33,1.726
PdOx_post,56.34,1.783
PdOx_post,56.35,1.838
PdOx_post,56.36,1.773
PdOx_post,56.37,1.87
PdOx_post,56.38,1.855
PdOx_post,56.39,1.824
PdOx_post,56.4,1.697
PdOx_post,56.41,1.744
PdOx_post,56.42,1.693
PdOx_post,56.43,1.709
PdOx_post,56.44,1.714
PdOx_post,56.45,1.775
PdOx_post,56.46,1.774
PdOx_post,56.47,1.757
PdOx_post,56.48,1.775
PdOx_post,56.49,1.827
PdOx_post,56.5,1.833
PdOx_post,56.51,1.782
PdOx_post,56.52,1.745
PdOx_post,56.53,1.773
PdOx_post,56.54,1.778
PdOx_post,56.55,1.797
PdOx_post,56.56,1.781
PdOx_post,56.57,1.745
PdOx_post,56.58,1.754
PdOx_post,56.59,1.717
PdOx_post,56.6,1.802
PdOx_post,56.61,1.752
PdOx_post,56.62,1.804
PdOx_post,56.63,1.834
PdOx_post,56.64,1.817
PdOx_post,56.65,1.751
PdOx_post,56.66,1.704
PdOx_post,56.67,1.719
PdOx_post,56.68,1.727
PdOx_post,56.69,1.729
PdOx_post,56.7,1.803
PdOx_post,56.71,1.862
PdOx_post,56.72,1.871
PdOx_post,56.73,1.863
PdOx_post,56.74,1.773
PdOx_post,56.75,1.706
PdOx_post,56.76,1.621
PdOx_post,56.77,1.607
PdOx_post,56.78,1.667
PdOx_post,56.79,1.812
PdOx_post,56.8,1.888
PdOx_post,56.81,1.88
PdOx_post,56.82,1.747
PdOx_post,56.83,1.698
PdOx_post,56.84,1.717
PdOx_post,56.85,1.784
PdOx_post,56.86,1.807
PdOx_post,56.87,1.787
PdOx_post,56.88,1.831
PdOx_post,56.89,1.797
PdOx_post,56.9,1.787
PdOx_post,56.91,1.764
PdOx_post,56.92,1.806
PdOx_post,56.93,1.825
PdOx_post,56.94,1.852
PdOx_post,56.95,1.913
PdOx_post,56.96,1.856
PdOx_post,56.97,1.792
PdOx_post,56.98,1.741
PdOx_post,56.99,1.728
PdOx_post,57.0,1.736
PdOx_post,57.01,1.788
PdOx_post,57.02,1.808
PdOx_post,57.03,1.767
PdOx_post,57.04,1.753
PdOx_post,57.05,1.797
PdOx_post,57.06,1.808
PdOx_post,57.07,1.687
PdOx_post,57.08,1.622
PdOx_post,57.09,1.657
PdOx_post,57.1,1.704
PdOx_post,57.11,1.688
PdOx_post,57.12,1.679
PdOx_post,57.13,1.708
PdOx_post,57.14,1.728
PdOx_post,57.15,1.705
PdOx_post,57.16,1.734
PdOx_post,57.17,1.814
PdOx_post,57.18,1.802
PdOx_post,57.19,1.686
PdOx_post,57.2,1.614
PdOx_post,57.21,1.666
PdOx_post,57.22,1.673
PdOx_post,57.23,1.608
PdOx_post,57.24,1.636
PdOx_post,57.25,1.768
PdOx_post,57.26,1.855
PdOx_post,57.27,1.828
PdOx_post,57.28,1.754
PdOx_post,57.29,1.748
PdOx_post,57.3,1.705
PdOx_post,57.31,1.744
PdOx_post,57.32,1.771
PdOx_post,57.33,1.847
PdOx_post,57.34,1.824
PdOx_post,57.35,1.839
PdOx_post,57.36,1.845
PdOx_post,57.37,1.848
PdOx_post,57.38,1.813
PdOx_post,57.39,1.808
PdOx_post,57.4,1.82
PdOx_post,57.41,1.851
PdOx_post,57.42,1.794
PdOx_post,57.43,1.757
PdOx_post,57.44,1.72
PdOx_post,57.45,1.731
PdOx_post,57.46,1.656
PdOx_post,57.47,1.692
PdOx_post,57.48,1.668
PdOx_post,57.49,1.727
PdOx_post,57.5,1.707
PdOx_post,57.51,1.71
PdOx_post,57.52,1.763
PdOx_post,57.53,1.859
PdOx_post,57.54,1.869
PdOx_post,57.55,1.826
PdOx_post,57.56,1.785
PdOx_post,57.57,1.793
PdOx_post,57.58,1.767
PdOx_post,57.59,1.787
PdOx_post,57.6,1.772
PdOx_post,57.61,1.808
PdOx_post,57.62,1.82
PdOx_post,57.63,1.806
PdOx_post,57.64,1.76
PdOx_post,57.65,1.73
PdOx_post,57.66,1.793
PdOx_post,57.67,1.792
PdOx_post,57.68,1.76
PdOx_post,57.69,1.706
PdOx_post,57.7,1.718
PdOx_post,57.71,1.733
PdOx_post,57.72,1.696
PdOx_post,57.73,1.721
PdOx_post,57.74,1.726
PdOx_post,57.75,1.725
PdOx_post,57.76,1.74
PdOx_post,57.77,1.812
PdOx_post,57.78,1.806
PdOx_post,57.79,1.777
PdOx_post,57.8,1.714
PdOx_post,57.81,1.702
PdOx_post,57.82,1.718
PdOx_post,57.83,1.729
PdOx_post,57.84,1.71
PdOx_post,57.85,1.681
PdOx_post,57.86,1.707
PdOx_post,57.87,1.733
PdOx_post,57.88,1.778
PdOx_post,57.89,1.788
PdOx_post,57.9,1.726
PdOx_post,57.91,1.696
PdOx_post,57.92,1.7
PdOx_post,57.93,1.727
PdOx_post,57.94,1.666
PdOx_post,57.95,1.666
PdOx_post,57.96,1.627
PdOx_post,57.97,1.575
PdOx_post,57.98,1.611
PdOx_post,57.99,1.735
PdOx_post,58.0,1.822
PdOx_post,58.01,1.783
PdOx_post,58.02,1.756
PdOx_post,58.03,1.733
PdOx_post,58.04,1.768
PdOx_post,58.05,1.847
PdOx_post,58.06,1.901
PdOx_post,58.07,1.879
PdOx_post,58.08,1.858
PdOx_post,58.09,1.827
PdOx_post,58.1,1.786
PdOx_post,58.11,1.778
PdOx_post,58.12,1.779
PdOx_post,58.13,1.701
PdOx_post,58.14,1.645
PdOx_post,58.15,1.66
PdOx_post,58.16,1.708
PdOx_post,58.17,1.751
PdOx_post,58.18,1.781
PdOx_post,58.19,1.835
PdOx_post,58.2,1.901
PdOx_post,58.21,1.891
PdOx_post,58.22,1.735
PdOx_post,58.23,1.696
PdOx_post,58.24,1.805
PdOx_post,58.25,1.969
PdOx_post,58.26,1.923
PdOx_post,58.27,1.801
PdOx_post,58.28,1.702
PdOx_post,58.29,1.787
PdOx_post,58.3,1.858
PdOx_post,58.31,1.858
PdOx_post,58.32,1.777
PdOx_post,58.33,1.749
PdOx_post,58.34,1.694
PdOx_post,58.35,1.657
PdOx_post,58.36,1.623
PdOx_post,58.37,1.623
PdOx_post,58.38,1.662
PdOx_post,58.39,1.668
PdOx_post,58.4,1.706
PdOx_post,58.41,1.787
PdOx_post,58.42,1.85
PdOx_post,58.43,1.792
PdOx_post,58.44,1.705
PdOx_post,58.45,1.705
PdOx_post,58.46,1.727
PdOx_post,58.47,1.739
PdOx_post,58.48,1.73
PdOx_post,58.49,1.707
PdOx_post,58.5,1.711
PdOx_post,58.51,1.729
PdOx_post,58.52,1.759
PdOx_post,58.53,1.774
PdOx_post,58.54,1.725
PdOx_post,58.55,1.717
PdOx_post,58.56,1.697
PdOx_post,58.57,1.742
PdOx_post,58.58,1.654
PdOx_post,58.59,1.607
PdOx_post,58.6,1.592
PdOx_post,58.61,1.693
PdOx_post,58.62,1.773
PdOx_post,58.63,1.814
PdOx_post,58.64,1.768
PdOx_post,58.65,1.772
PdOx_post,58.66,1.777
PdOx_post,58.67,1.799
PdOx_post,58.68,1.756
PdOx_post,58.69,1.691
PdOx_post,58.7,1.669
PdOx_post,58.71,1.612
PdOx_post,58.72,1.618
PdOx_post,58.73,1.692
PdOx_post,58.74,1.754
PdOx_post,58.75,1.764
PdOx_post,58.76,1.652
PdOx_post,58.77,1.605
PdOx_post,58.78,1.585
PdOx_post,58.79,1.721
PdOx_post,58.8,1.817
PdOx_post,58.81,1.904
PdOx_post,58.82,1.804
PdOx_post,58.83,1.797
PdOx_post,58.84,1.78
PdOx_post,58.85,1.74
PdOx_post,58.86,1.637
PdOx_post,58.87,1.588
PdOx_post,58.88,1.654
PdOx_post,58.89,1.711
PdOx_post,58.9,1.751
PdOx_post,58.91,1.783
PdOx_post,58.92,1.761
PdOx_post,58.93,1.757
PdOx_post,58.94,1.737
PdOx_post,58.95,1.751
PdOx_post,58.96,1.821
PdOx_post,58.97,1.839
PdOx_post,58.98,1.854
PdOx_post,58.99,1.832
PdOx_post,59.0,1.771
PdOx_post,59.01,1.754
PdOx_post,59.02,1.742
PdOx_post,59.03,1.863
PdOx_post,59.04,1.89
PdOx_post,59.05,1.889
PdOx_post,59.06,1.812
PdOx_post,59.07,1.772
PdOx_post,59.08,1.75
PdOx_post,59.09,1.744
PdOx_post,59.1,1.744
PdOx_post,59.11,1.73
PdOx_post,59.12,1.657
PdOx_post,59.13,1.644
PdOx_post,59.14,1.687
PdOx_post,59.15,1.751
PdOx_post,59.16,1.761
PdOx_post,59.17,1.693
PdOx_post,59.18,1.759
PdOx_post,59.19,1.803
PdOx_post,59.2,1.838
PdOx_post,59.21,1.818
PdOx_post,59.22,1.774
PdOx_post,59.23,1.721
PdOx_post,59.24,1.718
PdOx_post,59.25,1.815
PdOx_post,59.26,1.82
PdOx_post,59.27,1.769
PdOx_post,59.28,1.797
PdOx_post,59.29,1.801
PdOx_post,59.3,1.822
PdOx_post,59.31,1.735
PdOx_post,59.32,1.711
PdOx_post,59.33,1.652
PdOx_post,59.34,1.652
PdOx_post,59.35,1.644
PdOx_post,59.36,1.742
PdOx_post,59.37,1.806
PdOx_post,59.38,1.749
PdOx_post,59.39,1.716
PdOx_post,59.4,1.758
PdOx_post,59.41,1.829
PdOx_post,59.42,1.897
PdOx_post,59.43,1.893
PdOx_post,59.44,1.803
PdOx_post,59.45,1.772
PdOx_post,59.46,1.754
PdOx_post,59.47,1.797
PdOx_post,59.48,1.787
PdOx_post,59.49,1.834
PdOx_post,59.5,1.775
PdOx_post,59.51,1.736
PdOx_post,59.52,1.706
PdOx_post,59.53,1.715
PdOx_post,59.54,1.718
PdOx_post,59.55,1.689
PdOx_post,59.56,1.765
PdOx_post,59.57,1.837
PdOx_post,59.58,1.818
PdOx_post,59.59,1.743
PdOx_post,59.6,1.698
PdOx_post,59.61,1.794
PdOx_post,59.62,1.775
PdOx_post,59.63,1.768
PdOx_post,59.64,1.737
PdOx_post,59.65,1.796
PdOx_post,59.66,1.779
PdOx_post,59.67,1.753
PdOx_post,59.68,1.839
PdOx_post,59.69,1.868
PdOx_post,59.7,1.901
PdOx_post,59.71,1.821
PdOx_post,59.72,1.814
PdOx_post,59.73,1.728
PdOx_post,59.74,1.777
PdOx_post,59.75,1.73
PdOx_post,59.76,1.707
PdOx_post,59.77,1.623
PdOx_post,59.78,1.624
PdOx_post,59.79,1.692
PdOx_post,59.8,1.753
PdOx_post,59.81,1.752
PdOx_post,59.82,1.786
PdOx_post,59.83,1.845
PdOx_post,59.84,1.969
PdOx_post,59.85,1.909
PdOx_post,59.86,1.819
PdOx_post,59.87,1.76
PdOx_post,59.88,1.841
PdOx_post,59.89,1.852
PdOx_post,59.9,1.736
PdOx_post,59.91,1.68
PdOx_post,59.92,1.719
PdOx_post,59.93,1.748
PdOx_post,59.94,1.806
PdOx_post,59.95,1.832
PdOx_post,59.96,1.847
PdOx_post,59.97,1.765
PdOx_post,59.98,1.734
PdOx_post,59.99,1.758
PdOx_post,60.0,1.773
PdOx_post,60.01,1.731
PdOx_post,60.02,1.715
PdOx_post,60.03,1.733
PdOx_post,60.04,1.762
PdOx_post,60.05,1.836
PdOx_post,60.06,1.952
PdOx_post,60.07,1.959
PdOx_post,60.08,1.848
PdOx_post,60.09,1.733
PdOx_post,60.1,1.742
PdOx_post,60.11,1.785
PdOx_post,60.12,1.864
PdOx_post,60.13,1.793
PdOx_post,60.14,1.773
PdOx_post,60.15,1.794
PdOx_post,60.16,1.797
PdOx_post,60.17,1.748
PdOx_post,60.18,1.776
PdOx_post,60.19,1.86
PdOx_post,60.2,1.858
PdOx_post,60.21,1.84
PdOx_post,60.22,1.774
PdOx_post,60.23,1.703
PdOx_post,60.24,1.666
PdOx_post,60.25,1.635
PdOx_post,60.26,1.612
PdOx_post,60.27,1.64
PdOx_post,60.28,1.733
PdOx_post,60.29,1.709
PdOx_post,60.3,1.782
PdOx_post,60.31,1.754
PdOx_post,60.32,1.835
PdOx_post,60.33,1.794
PdOx_post,60.34,1.821
PdOx_post,60.35,1.796
PdOx_post,60.36,1.813
PdOx_post,60.37,1.784
PdOx_post,60.38,1.817
PdOx_post,60.39,1.835
PdOx_post,60.4,1.892
PdOx_post,60.41,1.915
PdOx_post,60.42,1.878
PdOx_post,60.43,1.749
PdOx_post,60.44,1.656
PdOx_post,60.45,1.633
PdOx_post,60.46,1.632
PdOx_post,60.47,1.679
PdOx_post,60.48,1.773
PdOx_post,60.49,1.883
PdOx_post,60.5,1.855
PdOx_post,60.51,1.85
PdOx_post,60.52,1.872
PdOx_post,60.53,1.945
PdOx_post,60.54,1.912
PdOx_post,60.55,1.863
PdOx_post,60.56,1.802
PdOx_post,60.57,1.838
PdOx_post,60.58,1.823
PdOx_post,60.59,1.813
PdOx_post,60.6,1.781
PdOx_post,60.61,1.772
PdOx_post,60.62,1.741
PdOx_post,60.63,1.74
PdOx_post,60.64,1.758
PdOx_post,60.65,1.747
PdOx_post,60.66,1.716
PdOx_post,60.67,1.766
PdOx_post,60.68,1.789
PdOx_post,60.69,1.817
PdOx_post,60.7,1.82
PdOx_post,60.71,1.847
PdOx_post,60.72,1.76
PdOx_post,60.73,1.718
PdOx_post,60.74,1.747
PdOx_post,60.75,1.856
PdOx_post,60.76,1.85
PdOx_post,60.77,1.815
PdOx_post,60.78,1.821
PdOx_post,60.79,1.792
PdOx_post,60.8,1.777
PdOx_post,60.81,1.719
PdOx_post,60.82,1.72
PdOx_post,60.83,1.728
PdOx_post,60.84,1.77
PdOx_post,60.85,1.793
PdOx_post,60.86,1.77
PdOx_post,60.87,1.711
PdOx_post,60.88,1.671
PdOx_post,60.89,1.722
PdOx_post,60.9,1.756
PdOx_post,60.91,1.761
PdOx_post,60.92,1.731
PdOx_post,60.93,1.774
PdOx_post,60.94,1.735
PdOx_post,60.95,1.799
PdOx_post,60.96,1.848
PdOx_post,60.97,1.891
PdOx_post,60.98,1.848
PdOx_post,60.99,1.821
PdOx_post,61.0,1.737
PdOx_post,61.01,1.711
PdOx_post,61.02,1.75
PdOx_post,61.03,1.789
PdOx_post,61.04,1.845
PdOx_post,61.05,1.754
PdOx_post,61.06,1.684
PdOx_post,61.07,1.658
PdOx_post,61.08,1.837
PdOx_post,61.09,1.926
PdOx_post,61.1,1.941
PdOx_post,61.11,1.896
PdOx_post,61.12,1.892
PdOx_post,61.13,1.843
PdOx_post,61.14,1.826
PdOx_post,61.15,1.854
PdOx_post,61.16,1.811
PdOx_post,61.17,1.751
PdOx_post,61.18,1.692
PdOx_post,61.19,1.741
PdOx_post,61.2,1.771
PdOx_post,61.21,1.811
PdOx_post,61.22,1.8
PdOx_post,61.23,1.853
PdOx_post,61.24,2.023
PdOx_post,61.25,2.027
PdOx_post,61.26,1.926
PdOx_post,61.27,1.853
PdOx_post,61.28,1.924
PdOx_post,61.29,1.877
PdOx_post,61.3,1.788
PdOx_post,61.31,1.777
PdOx_post,61.32,1.812
PdOx_post,61.33,1.783
PdOx_post,61.34,1.781
PdOx_post,61.35,1.808
PdOx_post,61.36,1.799
PdOx_post,61.37,1.723
PdOx_post,61.38,1.684
PdOx_post,61.39,1.685
PdOx_post,61.4,1.778
PdOx_post,61.41,1.766
PdOx_post,61.42,1.882
PdOx_post,61.43,1.865
PdOx_post,61.44,1.859
PdOx_post,61.45,1.797
PdOx_post,61.46,1.822
PdOx_post,61.47,1.833
PdOx_post,61.48,1.841
PdOx_post,61.49,1.845
PdOx_post,61.5,1.873
PdOx_post,61.51,1.835
PdOx_post,61.52,1.824
PdOx_post,61.53,1.846
PdOx_post,61.54,1.901
PdOx_post,61.55,1.862
PdOx_post,61.56,1.715
PdOx_post,61.57,1.702
PdOx_post,61.58,1.748
PdOx_post,61.59,1.853
PdOx_post,61.6,1.821
PdOx_post,61.61,1.811
PdOx_post,61.62,1.826
PdOx_post,61.63,1.8
PdOx_post,61.64,1.761
PdOx_post,61.65,1.643
PdOx_post,61.66,1.626
PdOx_post,61.67,1.662
PdOx_post,61.68,1.729
PdOx_post,61.69,1.743
PdOx_post,61.7,1.783
PdOx_post,61.71,1.851
PdOx_post,61.72,1.847
PdOx_post,61.73,1.824
PdOx_post,61.74,1.815
PdOx_post,61.75,1.779
PdOx_post,61.76,1.686
PdOx_post,61.77,1.722
PdOx_post,61.78,1.773
PdOx_post,61.79,1.791
PdOx_post,61.8,1.753
PdOx_post,61.81,1.785
PdOx_post,61.82,1.793
PdOx_post,61.83,1.778
PdOx_post,61.84,1.759
PdOx_post,61.85,1.731
PdOx_post,61.86,1.729
PdOx_post,61.87,1.694
PdOx_post,61.88,1.672
PdOx_post,61.89,1.601
PdOx_post,61.9,1.558
PdOx_post,61.91,1.588
PdOx_post,61.92,1.731
PdOx_post,61.93,1.77
PdOx_post,61.94,1.773
PdOx_post,61.95,1.672
PdOx_post,61.96,1.616
PdOx_post,61.97,1.634
PdOx_post,61.98,1.684
PdOx_post,61.99,1.723
PdOx_post,62.0,1.709
PdOx_post,62.01,1.76
PdOx_post,62.02,1.805
PdOx_post,62.03,1.841
PdOx_post,62.04,1.847
PdOx_post,62.05,1.847
PdOx_post,62.06,1.784
PdOx_post,62.07,1.725
PdOx_post,62.08,1.713
PdOx_post,62.09,1.695
PdOx_post,62.1,1.661
PdOx_post,62.11,1.702
PdOx_post,62.12,1.745
PdOx_post,62.13,1.772
PdOx_post,62.14,1.77
PdOx_post,62.15,1.734
PdOx_post,62.16,1.711
PdOx_post,62.17,1.646
PdOx_post,62.18,1.608
PdOx_post,62.19,1.602
PdOx_post,62.2,1.653
PdOx_post,62.21,1.724
PdOx_post,62.22,1.753
PdOx_post,62.23,1.779
PdOx_post,62.24,1.737
PdOx_post,62.25,1.716
PdOx_post,62.26,1.716
PdOx_post,62.27,1.714
PdOx_post,62.28,1.712
PdOx_post,62.29,1.654
PdOx_post,62.3,1.68
PdOx_post,62.31,1.61
PdOx_post,62.32,1.616
PdOx_post,62.33,1.606
PdOx_post,62.34,1.625
PdOx_post,62.35,1.578
PdOx_post,62.36,1.536
PdOx_post,62.37,1.559
PdOx_post,62.38,1.673
PdOx_post,62.39,1.766
PdOx_post,62.4,1.804
PdOx_post,62.41,1.808
PdOx_post,62.42,1.78
PdOx_post,62.43,1.743
PdOx_post,62.44,1.741
PdOx_post,62.45,1.745
PdOx_post,62.46,1.755
PdOx_post,62.47,1.693
PdOx_post,62.48,1.613
PdOx_post,62.49,1.567
PdOx_post,62.5,1.606
PdOx_post,62.51,1.653
PdOx_post,62.52,1.71
PdOx_post,62.53,1.696
PdOx_post,62.54,1.684
PdOx_post,62.55,1.696
PdOx_post,62.56,1.75
PdOx_post,62.57,1.829
PdOx_post,62.58,1.83
PdOx_post,62.59,1.735
PdOx_post,62.6,1.65
PdOx_post,62.61,1.583
PdOx_post,62.62,1.68
PdOx_post,62.63,1.742
PdOx_post,62.64,1.833
PdOx_post,62.65,1.747
PdOx_post,62.66,1.746
PdOx_post,62.67,1.699
PdOx_post,62.68,1.736
PdOx_post,62.69,1.726
PdOx_post,62.7,1.7
PdOx_post,62.71,1.713
PdOx_post,62.72,1.75
PdOx_post,62.73,1.775
PdOx_post,62.74,1.787
PdOx_post,62.75,1.751
PdOx_post,62.76,1.758
PdOx_post,62.77,1.769
PdOx_post,62.78,1.778
PdOx_post,62.79,1.733
PdOx_post,62.8,1.657
PdOx_post,62.81,1.618
PdOx_post,62.82,1.676
PdOx_post,62.83,1.703
PdOx_post,62.84,1.641
PdOx_post,62.85,1.608
PdOx_post,62.86,1.609
PdOx_post,62.87,1.673
PdOx_post,62.88,1.723
PdOx_post,62.89,1.791
PdOx_post,62.9,1.795
PdOx_post,62.91,1.863
PdOx_post,62.92,1.821
PdOx_post,62.93,1.793
PdOx_post,62.94,1.742
PdOx_post,62.95,1.752
PdOx_post,62.96,1.611
PdOx_post,62.97,1.561
PdOx_post,62.98,1.578
PdOx_post,62.99,1.649
PdOx_post,63.0,1.686
PdOx_post,63.01,1.712
PdOx_post,63.02,1.662
PdOx_post,63.03,1.651
PdOx_post,63.04,1.664
PdOx_post,63.05,1.759
PdOx_post,63.06,1.716
PdOx_post,63.07,1.771
PdOx_post,63.08,1.644
PdOx_post,63.09,1.66
PdOx_post,63.1,1.598
PdOx_post,63.11,1.609
PdOx_post,63.12,1.548
PdOx_post,63.13,1.519
PdOx_post,63.14,1.581
PdOx_post,63.15,1.678
PdOx_post,63.16,1.723
PdOx_post,63.17,1.64
PdOx_post,63.18,1.541
PdOx_post,63.19,1.56
PdOx_post,63.2,1.542
PdOx_post,63.21,1.603
PdOx_post,63.22,1.626
PdOx_post,63.23,1.743
PdOx_post,63.24,1.682
PdOx_post,63.25,1.673
PdOx_post,63.26,1.599
PdOx_post,63.27,1.644
PdOx_post,63.28,1.654
PdOx_post,63.29,1.672
PdOx_post,63.3,1.608
PdOx_post,63.31,1.57
PdOx_post,63.32,1.653
PdOx_post,63.33,1.718
PdOx_post,63.34,1.671
PdOx_post,63.35,1.694
PdOx_post,63.36,1.771
PdOx_post,63.37,1.816
PdOx_post,63.38,1.684
PdOx_post,63.39,1.625
PdOx_post,63.4,1.636
PdOx_post,63.41,1.615
PdOx_post,63.42,1.626
PdOx_post,63.43,1.663
PdOx_post,63.44,1.655
PdOx_post,63.45,1.642
PdOx_post,63.46,1.692
PdOx_post,63.47,1.717
PdOx_post,63.48,1.578
PdOx_post,63.49,1.582
PdOx_post,63.5,1.629
PdOx_post,63.51,1.743
PdOx_post,63.52,1.692
PdOx_post,63.53,1.65
PdOx_post,63.54,1.621
PdOx_post,63.55,1.657
PdOx_post,63.56,1.669
PdOx_post,63.57,1.626
PdOx_post,63.58,1.565
PdOx_post,63.59,1.604
PdOx_post,63.6,1.585
PdOx_post,63.61,1.587
PdOx_post,63.62,1.563
PdOx_post,63.63,1.65
PdOx_post,63.64,1.659
PdOx_post,63.65,1.594
PdOx_post,63.66,1.571
PdOx_post,63.67,1.732
PdOx_post,63.68,1.832
PdOx_post,63.69,1.762
PdOx_post,63.7,1.613
PdOx_post,63.71,1.664
PdOx_post,63.72,1.69
PdOx_post,63.73,1.615
PdOx_post,63.74,1.59
PdOx_post,63.75,1.584
PdOx_post,63.76,1.695
PdOx_post,63.77,1.707
PdOx_post,63.78,1.715
PdOx_post,63.79,1.609
PdOx_post,63.8,1.547
PdOx_post,63.81,1.523
PdOx_post,63.82,1.56
PdOx_post,63.83,1.508
PdOx_post,63.84,1.449
PdOx_post,63.85,1.406
PdOx_post,63.86,1.516
PdOx_post,63.87,1.593
PdOx_post,63.88,1.63
PdOx_post,63.89,1.617
PdOx_post,63.9,1.659
PdOx_post,63.91,1.857
PdOx_post,63.92,1.966
PdOx_post,63.93,1.878
PdOx_post,63.94,1.796
PdOx_post,63.95,1.937
PdOx_post,63.96,2.086
PdOx_post,63.97,1.802
PdOx_post,63.98,1.585
PtSi,16.23,7.691
PtSi,16.24,7.374
PtSi,16.25,7.149
PtSi,16.26,6.498
PtSi,16.27,6.392
PtSi,16.28,6.446
PtSi,16.29,6.376
PtSi,16.3,6.12
PtSi,16.31,5.892
PtSi,16.32,5.905
PtSi,16.33,5.954
PtSi,16.34,5.897
PtSi,16.35,6.086
PtSi,16.36,6.052
PtSi,16.37,5.971
PtSi,16.38,5.744
PtSi,16.39,5.975
PtSi,16.4,5.9
PtSi,16.41,5.844
PtSi,16.42,5.759
PtSi,16.43,5.86
PtSi,16.44,5.873
PtSi,16.45,5.941
PtSi,16.46,5.875
PtSi,16.47,5.681
PtSi,16.48,5.601
PtSi,16.49,5.732
PtSi,16.5,5.656
PtSi,16.51,5.456
PtSi,16.52,5.461
PtSi,16.53,5.629
PtSi,16.54,5.621
PtSi,16.55,5.599
PtSi,16.56,5.608
PtSi,16.57,5.667
PtSi,16.58,5.679
PtSi,16.59,5.693
PtSi,16.6,5.612
PtSi,16.61,5.37
PtSi,16.62,5.235
PtSi,16.63,5.158
PtSi,16.64,5.351
PtSi,16.65,5.7
PtSi,16.66,5.807
PtSi,16.67,5.673
PtSi,16.68,5.417
PtSi,16.69,5.37
PtSi,16.7,5.429
PtSi,16.71,5.381
PtSi,16.72,5.334
PtSi,16.73,5.287
PtSi,16.74,5.338
PtSi,16.75,5.288
PtSi,16.76,5.376
PtSi,16.77,5.491
PtSi,16.78,5.657
PtSi,16.79,5.683
PtSi,16.8,5.781
PtSi,16.81,5.561
PtSi,16.82,5.509
PtSi,16.83,5.41
PtSi,16.84,5.408
PtSi,16.85,5.27
PtSi,16.86,5.347
PtSi,16.87,5.42
PtSi,16.88,5.35
PtSi,16.89,5.377
PtSi,16.9,5.403
PtSi,16.91,5.349
PtSi,16.92,5.284
PtSi,16.93,5.278
PtSi,16.94,5.242
PtSi,16.95,5.233
PtSi,16.96,5.296
PtSi,16.97,5.523
PtSi,16.98,5.703
PtSi,16.99,5.703
PtSi,17.0,5.538
PtSi,17.01,5.333
PtSi,17.02,5.352
PtSi,17.03,5.343
PtSi,17.04,5.231
PtSi,17.05,5.267
PtSi,17.06,5.462
PtSi,17.07,5.445
PtSi,17.08,5.272
PtSi,17.09,5.281
PtSi,17.1,5.452
PtSi,17.11,5.602
PtSi,17.12,5.567
PtSi,17.13,5.453
PtSi,17.14,5.505
PtSi,17.15,5.505
PtSi,17.16,5.442
PtSi,17.17,5.392
PtSi,17.18,5.363
PtSi,17.19,5.258
PtSi,17.2,5.134
PtSi,17.21,5.168
PtSi,17.22,5.271
PtSi,17.23,5.343
PtSi,17.24,5.377
PtSi,17.25,5.383
PtSi,17.26,5.402
PtSi,17.27,5.375
PtSi,17.28,5.413
PtSi,17.29,5.422
PtSi,17.3,5.362
PtSi,17.31,5.381
PtSi,17.32,5.31
PtSi,17.33,5.251
PtSi,17.34,5.317
PtSi,17.35,5.478
PtSi,17.36,5.414
PtSi,17.37,5.175
PtSi,17.38,5.06
PtSi,17.39,5.177
PtSi,17.4,5.314
PtSi,17.41,5.232
PtSi,17.42,5.271
PtSi,17.43,5.347
PtSi,17.44,5.269
PtSi,17.45,5.214
PtSi,17.46,5.302
PtSi,17.47,5.336
PtSi,17.48,5.145
PtSi,17.49,5.146
PtSi,17.5,5.265
PtSi,17.51,5.419
PtSi,17.52,5.439
PtSi,17.53,5.355
PtSi,17.54,5.307
PtSi,17.55,5.226
PtSi,17.56,5.219
PtSi,17.57,5.153
PtSi,17.58,5.161
PtSi,17.59,5.084
PtSi,17.6,5.194
PtSi,17.61,5.194
PtSi,17.62,5.223
PtSi,17.63,5.305
PtSi,17.64,5.333
PtSi,17.65,5.223
PtSi,17.66,5.195
PtSi,17.67,5.092
PtSi,17.68,5.131
PtSi,17.69,5.132
PtSi,17.7,5.192
PtSi,17.71,5.165
PtSi,17.72,5.252
PtSi,17.73,5.184
PtSi,17.74,5.118
PtSi,17.75,5.197
PtSi,17.76,5.307
PtSi,17.77,5.297
PtSi,17.78,5.247
PtSi,17.79,5.188
PtSi,17.8,5.27
PtSi,17.81,5.241
PtSi,17.82,5.176
PtSi,17.83,4.983
PtSi,17.84,5.059
PtSi,17.85,5.156
PtSi,17.86,5.266
PtSi,17.87,5.228
PtSi,17.88,5.235
PtSi,17.89,5.274
PtSi,17.9,5.226
PtSi,17.91,5.119
PtSi,17.92,5.234
PtSi,17.93,5.256
PtSi,17.94,5.118
PtSi,17.95,5.026
PtSi,17.96,5.116
PtSi,17.97,5.168
PtSi,17.98,5.075
PtSi,17.99,5.033
PtSi,18.0,4.969
PtSi,18.01,4.996
PtSi,18.02,4.997
PtSi,18.03,5.029
PtSi,18.04,5.15
PtSi,18.05,5.338
PtSi,18.06,5.332
PtSi,18.07,5.166
PtSi,18.08,5.226
PtSi,18.09,5.339
PtSi,18.1,5.305
PtSi,18.11,5.242
PtSi,18.12,5.102
PtSi,18.13,5.044
PtSi,18.14,5.142
PtSi,18.15,5.226
PtSi,18.16,5.127
PtSi,18.17,5.069
PtSi,18.18,5.257
PtSi,18.19,5.323
PtSi,18.2,5.27
PtSi,18.21,5.204
PtSi,18.22,5.188
PtSi,18.23,5.257
PtSi,18.24,5.245
PtSi,18.25,5.219
PtSi,18.26,5.202
PtSi,18.27,5.275
PtSi,18.28,5.243
PtSi,18.29,5.24
PtSi,18.3,5.188
PtSi,18.31,5.286
PtSi,18.32,5.288
PtSi,18.33,5.201
PtSi,18.34,5.021
PtSi,18.35,5.026
PtSi,18.36,5.08
PtSi,18.37,5.216
PtSi,18.38,5.298
PtSi,18.39,5.341
PtSi,18.4,5.206
PtSi,18.41,5.177
PtSi,18.42,5.193
PtSi,18.43,5.156
PtSi,18.44,5.226
PtSi,18.45,5.348
PtSi,18.46,5.416
PtSi,18.47,5.24
PtSi,18.48,5.125
PtSi,18.49,5.209
PtSi,18.5,5.349
PtSi,18.51,5.34
PtSi,18.52,5.244
PtSi,18.53,5.035
PtSi,18.54,4.84
PtSi,18.55,4.818
PtSi,18.56,5.003
PtSi,18.57,5.154
PtSi,18.58,5.144
PtSi,18.59,5.089
PtSi,18.6,5.082
PtSi,18.61,5.139
PtSi,18.62,5.09
PtSi,18.63,5.154
PtSi,18.64,5.22
PtSi,18.65,5.235
PtSi,18.66,5.172
PtSi,18.67,5.253
PtSi,18.68,5.237
PtSi,18.69,5.132
PtSi,18.7,5.135
PtSi,18.71,5.242
PtSi,18.72,5.317
PtSi,18.73,5.416
PtSi,18.74,5.382
PtSi,18.75,5.285
PtSi,18.76,5.019
PtSi,18.77,5.004
PtSi,18.78,4.915
PtSi,18.79,4.968
PtSi,18.8,5.119
PtSi,18.81,5.248
PtSi,18.82,5.187
PtSi,18.83,5.116
PtSi,18.84,5.135
PtSi,18.85,4.992
PtSi,18.86,4.959
PtSi,18.87,4.988
PtSi,18.88,5.119
PtSi,18.89,5.084
PtSi,18.9,5.001
PtSi,18.91,5.012
PtSi,18.92,5.091
PtSi,18.93,5.285
PtSi,18.94,5.332
PtSi,18.95,5.274
PtSi,18.96,5.137
PtSi,18.97,5.27
PtSi,18.98,5.304
PtSi,18.99,5.297
PtSi,19.0,5.207
PtSi,19.01,5.245
PtSi,19.02,5.319
PtSi,19.03,5.196
PtSi,19.04,5.105
PtSi,19.05,5.094
PtSi,19.06,5.202
PtSi,19.07,5.109
PtSi,19.08,4.94
PtSi,19.09,4.988
PtSi,19.1,5.103
PtSi,19.11,5.085
PtSi,19.12,5.085
PtSi,19.13,5.097
PtSi,19.14,5.044
PtSi,19.15,5.108
PtSi,19.16,5.218
PtSi,19.17,5.332
PtSi,19.18,5.313
PtSi,19.19,5.269
PtSi,19.2,5.215
PtSi,19.21,5.132
PtSi,19.22,5.124
PtSi,19.23,5.057
PtSi,19.24,5.045
PtSi,19.25,5.101
PtSi,19.26,5.251
PtSi,19.27,5.333
PtSi,19.28,5.237
PtSi,19.29,5.138
PtSi,19.3,5.002
PtSi,19.31,5.094
PtSi,19.32,5.092
PtSi,19.33,5.114
PtSi,19.34,5.022
PtSi,19.35,5.05
PtSi,19.36,5.198
PtSi,19.37,5.161
PtSi,19.38,5.171
PtSi,19.39,5.038
PtSi,19.4,5.027
PtSi,19.41,4.992
PtSi,19.42,5.133
PtSi,19.43,5.297
PtSi,19.44,5.226
PtSi,19.45,5.044
PtSi,19.46,5.033
PtSi,19.47,5.045
PtSi,19.48,4.974
PtSi,19.49,4.942
PtSi,19.5,4.972
PtSi,19.51,5.05
PtSi,19.52,5.068
PtSi,19.53,5.184
PtSi,19.54,5.129
PtSi,19.55,5.038
PtSi,19.56,5.005
PtSi,19.57,5.062
PtSi,19.58,5.096
PtSi,19.59,4.997
PtSi,19.6,4.92
PtSi,19.61,4.998
PtSi,19.62,5.094
PtSi,19.63,5.062
PtSi,19.64,5.071
PtSi,19.65,5.12
PtSi,19.66,5.098
PtSi,19.67,5.131
PtSi,19.68,5.022
PtSi,19.69,4.918
PtSi,19.7,4.844
PtSi,19.71,4.825
PtSi,19.72,4.919
PtSi,19.73,4.961
PtSi,19.74,5.031
PtSi,19.75,4.915
PtSi,19.76,4.969
PtSi,19.77,5.071
PtSi,19.78,5.184
PtSi,19.79,5.145
PtSi,19.8,5.093
PtSi,19.81,5.178
PtSi,19.82,5.123
PtSi,19.83,5.227
PtSi,19.84,5.054
PtSi,19.85,5.048
PtSi,19.86,5.048
PtSi,19.87,5.241
PtSi,19.88,5.314
PtSi,19.89,5.254
PtSi,19.9,5.099
PtSi,19.91,5.094
PtSi,19.92,5.146
PtSi,19.93,5.106
PtSi,19.94,5.065
PtSi,19.95,5.003
PtSi,19.96,5.005
PtSi,19.97,4.99
PtSi,19.98,5.018
PtSi,19.99,4.958
PtSi,20.0,4.864
PtSi,20.01,4.909
PtSi,20.02,4.914
PtSi,20.03,4.96
PtSi,20.04,4.873
PtSi,20.05,4.866
PtSi,20.06,4.759
PtSi,20.07,4.78
PtSi,20.08,4.954
PtSi,20.09,5.134
PtSi,20.1,5.174
PtSi,20.11,5.123
PtSi,20.12,5.066
PtSi,20.13,4.959
PtSi,20.14,4.902
PtSi,20.15,4.986
PtSi,20.16,5.067
PtSi,20.17,4.961
PtSi,20.18,4.764
PtSi,20.19,4.75
PtSi,20.2,4.892
PtSi,20.21,5.058
PtSi,20.22,5.148
PtSi,20.23,5.136
PtSi,20.24,5.1
PtSi,20.25,5.061
PtSi,20.26,5.101
PtSi,20.27,5.164
PtSi,20.28,5.114
PtSi,20.29,5.135
PtSi,20.3,5.067
PtSi,20.31,5.153
PtSi,20.32,5.09
PtSi,20.33,4.987
PtSi,20.34,4.818
PtSi,20.35,4.729
PtSi,20.36,4.902
PtSi,20.37,5.036
PtSi,20.38,5.025
PtSi,20.39,4.929
PtSi,20.4,5.001
PtSi,20.41,4.959
PtSi,20.42,4.89
PtSi,20.43,4.878
PtSi,20.44,4.817
PtSi,20.45,4.875
PtSi,20.46,4.917
PtSi,20.47,5.024
PtSi,20.48,5.02
PtSi,20.49,5.068
PtSi,20.5,5.04
PtSi,20.51,4.942
PtSi,20.52,4.962
PtSi,20.53,5.031
PtSi,20.54,5.11
PtSi,20.55,4.986
PtSi,20.56,4.9
PtSi,20.57,4.965
PtSi,20.58,5.073
PtSi,20.59,5.176
PtSi,20.6,5.172
PtSi,20.61,5.105
PtSi,20.62,5.004
PtSi,20.63,4.932
PtSi,20.64,4.979
PtSi,20.65,4.924
PtSi,20.66,4.828
PtSi,20.67,4.836
PtSi,20.68,4.891
PtSi,20.69,4.957
PtSi,20.7,4.872
PtSi,20.71,4.853
PtSi,20.72,4.937
PtSi,20.73,5.054
PtSi,20.74,5.018
PtSi,20.75,4.957
PtSi,20.76,4.905
PtSi,20.77,4.699
PtSi,20.78,4.62
PtSi,20.79,4.788
PtSi,20.8,4.914
PtSi,20.81,4.693
PtSi,20.82,4.639
PtSi,20.83,4.912
PtSi,20.84,5.024
PtSi,20.85,5.104
PtSi,20.86,4.933
PtSi,20.87,4.927
PtSi,20.88,4.836
PtSi,20.89,4.897
PtSi,20.9,4.862
PtSi,20.91,4.941
PtSi,20.92,4.847
PtSi,20.93,4.799
PtSi,20.94,4.817
PtSi,20.95,4.9
PtSi,20.96,4.925
PtSi,20.97,4.954
PtSi,20.98,4.92
PtSi,20.99,4.935
PtSi,21.0,4.988
PtSi,21.01,5.063
PtSi,21.02,4.987
PtSi,21.03,4.924
PtSi,21.04,4.963
PtSi,21.05,4.905
PtSi,21.06,4.897
PtSi,21.07,4.943
PtSi,21.08,5.005
PtSi,21.09,4.908
PtSi,21.1,4.8
PtSi,21.11,4.817
PtSi,21.12,4.862
PtSi,21.13,4.982
PtSi,21.14,4.892
PtSi,21.15,4.813
PtSi,21.16,4.796
PtSi,21.17,4.847
PtSi,21.18,4.833
PtSi,21.19,4.62
PtSi,21.2,4.643
PtSi,21.21,4.805
PtSi,21.22,5.036
PtSi,21.23,4.96
PtSi,21.24,4.849
PtSi,21.25,4.796
PtSi,21.26,4.772
PtSi,21.27,4.789
PtSi,21.28,4.882
PtSi,21.29,4.921
PtSi,21.3,4.752
PtSi,21.31,4.552
PtSi,21.32,4.509
PtSi,21.33,4.572
PtSi,21.34,4.725
PtSi,21.35,4.909
PtSi,21.36,4.968
PtSi,21.37,4.942
PtSi,21.38,4.911
PtSi,21.39,4.826
PtSi,21.4,4.832
PtSi,21.41,4.952
PtSi,21.42,5.087
PtSi,21.43,4.995
PtSi,21.44,4.813
PtSi,21.45,4.829
PtSi,21.46,4.958
PtSi,21.47,5.145
PtSi,21.48,5.063
PtSi,21.49,4.955
PtSi,21.5,4.827
PtSi,21.51,4.764
PtSi,21.52,4.939
PtSi,21.53,5.017
PtSi,21.54,5.032
PtSi,21.55,4.834
PtSi,21.56,4.766
PtSi,21.57,4.761
PtSi,21.58,4.932
PtSi,21.59,4.912
PtSi,21.6,5.031
PtSi,21.61,4.963
PtSi,21.62,4.878
PtSi,21.63,4.736
PtSi,21.64,4.821
PtSi,21.65,4.859
PtSi,21.66,4.939
PtSi,21.67,5.015
PtSi,21.68,4.964
PtSi,21.69,4.786
PtSi,21.7,4.752
PtSi,21.71,4.857
PtSi,21.72,5.03
PtSi,21.73,5.02
PtSi,21.74,4.876
PtSi,21.75,4.821
PtSi,21.76,4.771
PtSi,21.77,4.728
PtSi,21.78,4.859
PtSi,21.79,5.067
PtSi,21.8,4.988
PtSi,21.81,4.719
PtSi,21.82,4.62
PtSi,21.83,4.779
PtSi,21.84,4.954
PtSi,21.85,5.079
PtSi,21.86,5.04
PtSi,21.87,4.963
PtSi,21.88,4.718
PtSi,21.89,4.677
PtSi,21.9,4.674
PtSi,21.91,4.904
PtSi,21.92,4.982
PtSi,21.93,4.901
PtSi,21.94,4.786
PtSi,21.95,4.79
PtSi,21.96,4.982
PtSi,21.97,4.943
PtSi,21.98,4.902
PtSi,21.99,4.788
PtSi,22.0,4.862
PtSi,22.01,4.881
PtSi,22.02,4.885
PtSi,22.03,4.87
PtSi,22.04,4.823
PtSi,22.05,4.85
PtSi,22.06,4.845
PtSi,22.07,4.844
PtSi,22.08,4.821
PtSi,22.09,4.757
PtSi,22.1,4.705
PtSi,22.11,4.803
PtSi,22.12,4.997
PtSi,22.13,5.069
PtSi,22.14,4.909
PtSi,22.15,4.761
PtSi,22.16,4.718
PtSi,22.17,4.735
PtSi,22.18,4.781
PtSi,22.19,4.751
PtSi,22.2,4.741
PtSi,22.21,4.737
PtSi,22.22,4.768
PtSi,22.23,4.744
PtSi,22.24,4.788
PtSi,22.25,4.832
PtSi,22.26,4.865
PtSi,22.27,4.747
PtSi,22.28,4.724
PtSi,22.29,4.603
PtSi,22.3,4.628
PtSi,22.31,4.68
PtSi,22.32,4.798
PtSi,22.33,4.762
PtSi,22.34,4.709
PtSi,22.35,4.797
PtSi,22.36,4.792
PtSi,22.37,4.851
PtSi,22.38,4.821
PtSi,22.39,4.853
PtSi,22.4,4.752
PtSi,22.41,4.843
PtSi,22.42,4.899
PtSi,22.43,4.979
PtSi,22.44,4.839
PtSi,22.45,4.711
PtSi,22.46,4.664
PtSi,22.47,4.776
PtSi,22.48,4.83
PtSi,22.49,4.832
PtSi,22.5,4.851
PtSi,22.51,4.862
PtSi,22.52,4.787
PtSi,22.53,4.738
PtSi,22.54,4.7
PtSi,22.55,4.693
PtSi,22.56,4.713
PtSi,22.57,4.704
PtSi,22.58,4.651
PtSi,22.59,4.631
PtSi,22.6,4.699
PtSi,22.61,4.794
PtSi,22.62,4.86
PtSi,22.63,4.895
PtSi,22.64,4.885
PtSi,22.65,4.816
PtSi,22.66,4.687
PtSi,22.67,4.553
PtSi,22.68,4.54
PtSi,22.69,4.646
PtSi,22.7,4.603
PtSi,22.71,4.644
PtSi,22.72,4.611
PtSi,22.73,4.708
PtSi,22.74,4.768
PtSi,22.75,4.898
PtSi,22.76,4.856
PtSi,22.77,4.776
PtSi,22.78,4.812
PtSi,22.79,4.938
PtSi,22.8,4.911
PtSi,22.81,4.791
PtSi,22.82,4.686
PtSi,22.83,4.698
PtSi,22.84,4.838
PtSi,22.85,4.833
PtSi,22.86,4.687
PtSi,22.87,4.507
PtSi,22.88,4.582
PtSi,22.89,4.606
PtSi,22.9,4.539
PtSi,22.91,4.44
PtSi,22.92,4.436
PtSi,22.93,4.516
PtSi,22.94,4.609
PtSi,22.95,4.668
PtSi,22.96,4.667
PtSi,22.97,4.619
PtSi,22.98,4.724
PtSi,22.99,4.683
PtSi,23.0,4.702
PtSi,23.01,4.64
PtSi,23.02,4.87
PtSi,23.03,4.992
PtSi,23.04,5.04
PtSi,23.05,4.925
PtSi,23.06,4.869
PtSi,23.07,4.757
PtSi,23.08,4.701
PtSi,23.09,4.559
PtSi,23.1,4.562
PtSi,23.11,4.614
PtSi,23.12,4.781
PtSi,23.13,4.71
PtSi,23.14,4.709
PtSi,23.15,4.645
PtSi,23.16,4.676
PtSi,23.17,4.625
PtSi,23.18,4.607
PtSi,23.19,4.643
PtSi,23.2,4.684
PtSi,23.21,4.727
PtSi,23.22,4.646
PtSi,23.23,4.662
PtSi,23.24,4.675
PtSi,23.25,4.824
PtSi,23.26,4.76
PtSi,23.27,4.625
PtSi,23.28,4.597
PtSi,23.29,4.69
PtSi,23.3,4.803
PtSi,23.31,4.79
PtSi,23.32,4.794
PtSi,23.33,4.789
PtSi,23.34,4.735
PtSi,23.35,4.635
PtSi,23.36,4.624
PtSi,23.37,4.582
PtSi,23.38,4.538
PtSi,23.39,4.522
PtSi,23.4,4.646
PtSi,23.41,4.61
PtSi,23.42,4.562
PtSi,23.43,4.487
PtSi,23.44,4.568
PtSi,23.45,4.605
PtSi,23.46,4.554
PtSi,23.47,4.546
PtSi,23.48,4.62
PtSi,23.49,4.695
PtSi,23.5,4.615
PtSi,23.51,4.647
PtSi,23.52,4.694
PtSi,23.53,4.805
PtSi,23.54,4.848
PtSi,23.55,4.839
PtSi,23.56,4.734
PtSi,23.57,4.691
PtSi,23.58,4.6
PtSi,23.59,4.529
PtSi,23.6,4.52
PtSi,23.61,4.674
PtSi,23.62,4.728
PtSi,23.63,4.661
PtSi,23.64,4.519
PtSi,23.65,4.535
PtSi,23.66,4.658
PtSi,23.67,4.701
PtSi,23.68,4.636
PtSi,23.69,4.505
PtSi,23.7,4.567
PtSi,23.71,4.69
PtSi,23.72,4.738
PtSi,23.73,4.626
PtSi,23.74,4.599
PtSi,23.75,4.596
PtSi,23.76,4.654
PtSi,23.77,4.724
PtSi,23.78,4.873
PtSi,23.79,4.917
PtSi,23.8,4.876
PtSi,23.81,4.734
PtSi,23.82,4.6
PtSi,23.83,4.538
PtSi,23.84,4.627
PtSi,23.85,4.732
PtSi,23.86,4.802
PtSi,23.87,4.706
PtSi,23.88,4.576
PtSi,23.89,4.642
PtSi,23.9,4.695
PtSi,23.91,4.773
PtSi,23.92,4.72
PtSi,23.93,4.72
PtSi,23.94,4.769
PtSi,23.95,4.817
PtSi,23.96,4.733
PtSi,23.97,4.555
PtSi,23.98,4.505
PtSi,23.99,4.487
PtSi,24.0,4.524
PtSi,24.01,4.551
PtSi,24.02,4.633
PtSi,24.03,4.691
PtSi,24.04,4.687
PtSi,24.05,4.612
PtSi,24.06,4.539
PtSi,24.07,4.606
PtSi,24.08,4.567
PtSi,24.09,4.563
PtSi,24.1,4.543
PtSi,24.11,4.616
PtSi,24.12,4.707
PtSi,24.13,4.76
PtSi,24.14,4.649
PtSi,24.15,4.544
PtSi,24.16,4.621
PtSi,24.17,4.547
PtSi,24.18,4.518
PtSi,24.19,4.485
PtSi,24.2,4.504
PtSi,24.21,4.474
PtSi,24.22,4.495
PtSi,24.23,4.609
PtSi,24.24,4.602
PtSi,24.25,4.579
PtSi,24.26,4.441
PtSi,24.27,4.322
PtSi,24.28,4.389
PtSi,24.29,4.451
PtSi,24.3,4.461
PtSi,24.31,4.451
PtSi,24.32,4.49
PtSi,24.33,4.636
PtSi,24.34,4.615
PtSi,24.35,4.532
PtSi,24.36,4.383
PtSi,24.37,4.298
PtSi,24.38,4.356
PtSi,24.39,4.368
PtSi,24.4,4.517
PtSi,24.41,4.574
PtSi,24.42,4.53
PtSi,24.43,4.449
PtSi,24.44,4.523
PtSi,24.45,4.666
PtSi,24.46,4.633
PtSi,24.47,4.637
PtSi,24.48,4.676
PtSi,24.49,4.656
PtSi,24.5,4.605
PtSi,24.51,4.578
PtSi,24.52,4.6
PtSi,24.53,4.493
PtSi,24.54,4.48
PtSi,24.55,4.372
PtSi,24.56,4.411
PtSi,24.57,4.411
PtSi,24.58,4.442
PtSi,24.59,4.381
PtSi,24.6,4.344
PtSi,24.61,4.519
PtSi,24.62,4.616
PtSi,24.63,4.638
PtSi,24.64,4.351
PtSi,24.65,4.304
PtSi,24.66,4.373
PtSi,24.67,4.515
PtSi,24.68,4.454
PtSi,24.69,4.449
PtSi,24.7,4.429
PtSi,24.71,4.431
PtSi,24.72,4.422
PtSi,24.73,4.446
PtSi,24.74,4.514
PtSi,24.75,4.549
PtSi,24.76,4.656
PtSi,24.77,4.522
PtSi,24.78,4.415
PtSi,24.79,4.321
PtSi,24.8,4.327
PtSi,24.81,4.414
PtSi,24.82,4.461
PtSi,24.83,4.426
PtSi,24.84,4.351
PtSi,24.85,4.27
PtSi,24.86,4.26
PtSi,24.87,4.358
PtSi,24.88,4.506
PtSi,24.89,4.54
PtSi,24.9,4.481
PtSi,24.91,4.316
PtSi,24.92,4.391
PtSi,24.93,4.476
PtSi,24.94,4.715
PtSi,24.95,4.567
PtSi,24.96,4.464
PtSi,24.97,4.369
PtSi,24.98,4.35
PtSi,24.99,4.238
PtSi,25.0,4.215
PtSi,25.01,4.406
PtSi,25.02,4.459
PtSi,25.03,4.432
PtSi,25.04,4.41
PtSi,25.05,4.497
PtSi,25.06,4.524
PtSi,25.07,4.443
PtSi,25.08,4.37
PtSi,25.09,4.412
PtSi,25.1,4.391
PtSi,25.11,4.331
PtSi,25.12,4.308
PtSi,25.13,4.317
PtSi,25.14,4.354
PtSi,25.15,4.416
PtSi,25.16,4.517
PtSi,25.17,4.509
PtSi,25.18,4.295
PtSi,25.19,4.143
PtSi,25.2,4.278
PtSi,25.21,4.536
PtSi,25.22,4.585
PtSi,25.23,4.376
PtSi,25.24,4.25
PtSi,25.25,4.26
PtSi,25.26,4.304
PtSi,25.27,4.315
PtSi,25.28,4.274
PtSi,25.29,4.383
PtSi,25.3,4.446
PtSi,25.31,4.498
PtSi,25.32,4.493
PtSi,25.33,4.436
PtSi,25.34,4.409
PtSi,25.35,4.407
PtSi,25.36,4.507
PtSi,25.37,4.517
PtSi,25.38,4.452
PtSi,25.39,4.352
PtSi,25.4,4.249
PtSi,25.41,4.29
PtSi,25.42,4.388
PtSi,25.43,4.524
PtSi,25.44,4.62
PtSi,25.45,4.589
PtSi,25.46,4.364
PtSi,25.47,4.154
PtSi,25.48,4.205
PtSi,25.49,4.252
PtSi,25.5,4.296
PtSi,25.51,4.205
PtSi,25.52,4.341
PtSi,25.53,4.45
PtSi,25.54,4.525
PtSi,25.55,4.427
PtSi,25.56,4.409
PtSi,25.57,4.48
PtSi,25.58,4.565
PtSi,25.59,4.39
PtSi,25.6,4.274
PtSi,25.61,4.247
PtSi,25.62,4.405
PtSi,25.63,4.494
PtSi,25.64,4.586
PtSi,25.65,4.491
PtSi,25.66,4.446
PtSi,25.67,4.431
PtSi,25.68,4.376
PtSi,25.69,4.301
PtSi,25.7,4.343
PtSi,25.71,4.475
PtSi,25.72,4.534
PtSi,25.73,4.377
PtSi,25.74,4.281
PtSi,25.75,4.223
PtSi,25.76,4.178
PtSi,25.77,4.13
PtSi,25.78,4.12
PtSi,25.79,4.304
PtSi,25.8,4.352
PtSi,25.81,4.28
PtSi,25.82,4.245
PtSi,25.83,4.3
PtSi,25.84,4.325
PtSi,25.85,4.196
PtSi,25.86,4.076
PtSi,25.87,4.021
PtSi,25.88,4.126
PtSi,25.89,4.251
PtSi,25.9,4.373
PtSi,25.91,4.358
PtSi,25.92,4.357
PtSi,25.93,4.459
PtSi,25.94,4.588
PtSi,25.95,4.627
PtSi,25.96,4.418
PtSi,25.97,4.279
PtSi,25.98,4.281
PtSi,25.99,4.426
PtSi,26.0,4.353
PtSi,26.01,4.249
PtSi,26.02,4.147
PtSi,26.03,4.207
PtSi,26.04,4.238
PtSi,26.05,4.281
PtSi,26.06,4.334
PtSi,26.07,4.327
PtSi,26.08,4.288
PtSi,26.09,4.203
PtSi,26.1,4.123
PtSi,26.11,4.158
PtSi,26.12,4.267
PtSi,26.13,4.313
PtSi,26.14,4.296
PtSi,26.15,4.299
PtSi,26.16,4.403
PtSi,26.17,4.545
PtSi,26.18,4.486
PtSi,26.19,4.307
PtSi,26.2,4.212
PtSi,26.21,4.293
PtSi,26.22,4.332
PtSi,26.23,4.308
PtSi,26.24,4.275
PtSi,26.25,4.307
PtSi,26.26,4.236
PtSi,26.27,4.248
PtSi,26.28,4.089
PtSi,26.29,4.01
PtSi,26.3,4.009
PtSi,26.31,4.146
PtSi,26.32,4.215
PtSi,26.33,4.261
PtSi,26.34,4.393
PtSi,26.35,4.36
PtSi,26.36,4.31
PtSi,26.37,4.343
PtSi,26.38,4.393
PtSi,26.39,4.296
PtSi,26.4,4.18
PtSi,26.41,4.282
PtSi,26.42,4.336
PtSi,26.43,4.345
PtSi,26.44,4.277
PtSi,26.45,4.291
PtSi,26.46,4.22
PtSi,26.47,4.155
PtSi,26.48,4.077
PtSi,26.49,4.068
PtSi,26.5,4.129
PtSi,26.51,4.236
PtSi,26.52,4.319
PtSi,26.53,4.313
PtSi,26.54,4.331
PtSi,26.55,4.35
PtSi,26.56,4.36
PtSi,26.57,4.323
PtSi,26.58,4.335
PtSi,26.59,4.396
PtSi,26.6,4.525
PtSi,26.61,4.439
PtSi,26.62,4.335
PtSi,26.63,4.228
PtSi,26.64,4.218
PtSi,26.65,4.196
PtSi,26.66,4.26
PtSi,26.67,4.164
PtSi,26.68,4.117
PtSi,26.69,4.104
PtSi,26.7,4.355
PtSi,26.71,4.373
PtSi,26.72,4.331
PtSi,26.73,4.301
PtSi,26.74,4.218
PtSi,26.75,4.138
PtSi,26.76,4.066
PtSi,26.77,4.204
PtSi,26.78,4.301
PtSi,26.79,4.286
PtSi,26.8,4.265
PtSi,26.81,4.304
PtSi,26.82,4.247
PtSi,26.83,4.138
PtSi,26.84,4.051
PtSi,26.85,4.238
PtSi,26.86,4.393
PtSi,26.87,4.427
PtSi,26.88,4.349
PtSi,26.89,4.297
PtSi,26.9,4.374
PtSi,26.91,4.325
PtSi,26.92,4.235
PtSi,26.93,4.188
PtSi,26.94,4.245
PtSi,26.95,4.261
PtSi,26.96,4.171
PtSi,26.97,4.085
PtSi,26.98,4.175
PtSi,26.99,4.218
PtSi,27.0,4.267
PtSi,27.01,4.148
PtSi,27.02,4.155
PtSi,27.03,4.111
PtSi,27.04,4.21
PtSi,27.05,4.233
PtSi,27.06,4.238
PtSi,27.07,4.111
PtSi,27.08,4.137
PtSi,27.09,4.185
PtSi,27.1,4.203
PtSi,27.11,4.238
PtSi,27.12,4.168
PtSi,27.13,4.202
PtSi,27.14,4.107
PtSi,27.15,4.137
PtSi,27.16,4.137
PtSi,27.17,4.172
PtSi,27.18,4.03
PtSi,27.19,4.075
PtSi,27.2,4.13
PtSi,27.21,4.223
PtSi,27.22,4.21
PtSi,27.23,4.06
PtSi,27.24,4.019
PtSi,27.25,3.89
PtSi,27.26,3.907
PtSi,27.27,3.947
PtSi,27.28,4.068
PtSi,27.29,4.236
PtSi,27.3,4.294
PtSi,27.31,4.213
PtSi,27.32,4.042
PtSi,27.33,3.934
PtSi,27.34,3.915
PtSi,27.35,3.992
PtSi,27.36,4.094
PtSi,27.37,4.129
PtSi,27.38,4.03
PtSi,27.39,4.042
PtSi,27.4,4.136
PtSi,27.41,4.227
PtSi,27.42,4.215
PtSi,27.43,4.223
PtSi,27.44,4.205
PtSi,27.45,4.189
PtSi,27.46,4.008
PtSi,27.47,3.981
PtSi,27.48,3.985
PtSi,27.49,4.035
PtSi,27.5,4.039
PtSi,27.51,4.0
PtSi,27.52,4.086
PtSi,27.53,4.103
PtSi,27.54,4.154
PtSi,27.55,4.146
PtSi,27.56,4.172
PtSi,27.57,4.19
PtSi,27.58,4.18
PtSi,27.59,4.139
PtSi,27.6,4.066
PtSi,27.61,4.061
PtSi,27.62,4.148
PtSi,27.63,4.115
PtSi,27.64,4.004
PtSi,27.65,4.048
PtSi,27.66,4.09
PtSi,27.67,4.149
PtSi,27.68,4.131
PtSi,27.69,4.205
PtSi,27.7,4.231
PtSi,27.71,4.165
PtSi,27.72,4.085
PtSi,27.73,4.134
PtSi,27.74,4.265
PtSi,27.75,4.292
PtSi,27.76,4.217
PtSi,27.77,4.22
PtSi,27.78,4.168
PtSi,27.79,4.169
PtSi,27.8,4.101
PtSi,27.81,4.112
PtSi,27.82,4.016
PtSi,27.83,4.06
PtSi,27.84,4.054
PtSi,27.85,4.065
PtSi,27.86,4.093
PtSi,27.87,4.202
PtSi,27.88,4.156
PtSi,27.89,4.057
PtSi,27.9,3.949
PtSi,27.91,3.944
PtSi,27.92,3.958
PtSi,27.93,3.945
PtSi,27.94,3.998
PtSi,27.95,3.988
PtSi,27.96,4.032
PtSi,27.97,4.043
PtSi,27.98,4.115
PtSi,27.99,4.168
PtSi,28.0,4.139
PtSi,28.01,4.015
PtSi,28.02,3.993
PtSi,28.03,4.088
PtSi,28.04,4.139
PtSi,28.05,4.086
PtSi,28.06,3.972
PtSi,28.07,3.923
PtSi,28.08,3.971
PtSi,28.09,4.0
PtSi,28.1,4.052
PtSi,28.11,4.064
PtSi,28.12,4.075
PtSi,28.13,4.06
PtSi,28.14,4.058
PtSi,28.15,4.052
PtSi,28.16,4.011
PtSi,28.17,3.944
PtSi,28.18,3.866
PtSi,28.19,3.873
PtSi,28.2,3.889
PtSi,28.21,3.974
PtSi,28.22,4.088
PtSi,28.23,4.036
PtSi,28.24,3.92
PtSi,28.25,3.846
PtSi,28.26,3.921
PtSi,28.27,3.961
PtSi,28.28,3.975
PtSi,28.29,3.983
PtSi,28.3,3.993
PtSi,28.31,3.939
PtSi,28.32,3.884
PtSi,28.33,3.915
PtSi,28.34,4.089
PtSi,28.35,4.141
PtSi,28.36,4.084
PtSi,28.37,3.919
PtSi,28.38,3.847
PtSi,28.39,3.808
PtSi,28.4,3.825
PtSi,28.41,3.883
PtSi,28.42,3.864
PtSi,28.43,3.82
PtSi,28.44,3.854
PtSi,28.45,3.902
PtSi,28.46,3.891
PtSi,28.47,3.926
PtSi,28.48,3.86
PtSi,28.49,3.899
PtSi,28.5,3.914
PtSi,28.51,3.917
PtSi,28.52,3.786
PtSi,28.53,3.684
PtSi,28.54,3.875
PtSi,28.55,3.969
PtSi,28.56,3.983
PtSi,28.57,3.9
PtSi,28.58,3.966
PtSi,28.59,4.066
PtSi,28.6,4.14
PtSi,28.61,4.116
PtSi,28.62,4.149
PtSi,28.63,4.042
PtSi,28.64,3.941
PtSi,28.65,3.854
PtSi,28.66,3.877
PtSi,28.67,3.846
PtSi,28.68,3.831
PtSi,28.69,3.847
PtSi,28.7,3.886
PtSi,28.71,3.862
PtSi,28.72,3.918
PtSi,28.73,3.833
PtSi,28.74,3.814
PtSi,28.75,3.799
PtSi,28.76,3.934
PtSi,28.77,4.05
PtSi,28.78,4.05
PtSi,28.79,4.055
PtSi,28.8,3.978
PtSi,28.81,4.053
PtSi,28.82,4.053
PtSi,28.83,4.069
PtSi,28.84,3.972
PtSi,28.85,4.051
PtSi,28.86,3.997
PtSi,28.87,3.918
PtSi,28.88,3.747
PtSi,28.89,3.697
PtSi,28.9,3.692
PtSi,28.91,3.833
PtSi,28.92,3.955
PtSi,28.93,4.016
PtSi,28.94,3.961
PtSi,28.95,3.896
PtSi,28.96,3.99
PtSi,28.97,4.086
PtSi,28.98,4.103
PtSi,28.99,4.054
PtSi,29.0,4.006
PtSi,29.01,4.021
PtSi,29.02,3.946
PtSi,29.03,4.005
PtSi,29.04,4.073
PtSi,29.05,4.069
PtSi,29.06,4.028
PtSi,29.07,3.91
PtSi,29.08,3.833
PtSi,29.09,3.84
PtSi,29.1,4.048
PtSi,29.11,4.067
PtSi,29.12,3.942
PtSi,29.13,3.82
PtSi,29.14,3.73
PtSi,29.15,3.714
PtSi,29.16,3.825
PtSi,29.17,3.979
PtSi,29.18,4.029
PtSi,29.19,3.906
PtSi,29.2,3.867
PtSi,29.21,3.717
PtSi,29.22,3.596
PtSi,29.23,3.624
PtSi,29.24,3.83
PtSi,29.25,3.915
PtSi,29.26,3.868
PtSi,29.27,3.788
PtSi,29.28,3.867
PtSi,29.29,3.934
PtSi,29.3,4.017
PtSi,29.31,3.961
PtSi,29.32,3.943
PtSi,29.33,3.883
PtSi,29.34,3.758
PtSi,29.35,3.797
PtSi,29.36,3.884
PtSi,29.37,3.949
PtSi,29.38,3.904
PtSi,29.39,3.812
PtSi,29.4,3.821
PtSi,29.41,3.883
PtSi,29.42,3.936
PtSi,29.43,3.872
PtSi,29.44,3.767
PtSi,29.45,3.764
PtSi,29.46,3.802
PtSi,29.47,3.827
PtSi,29.48,3.745
PtSi,29.49,3.654
PtSi,29.5,3.778
PtSi,29.51,3.873
PtSi,29.52,3.868
PtSi,29.53,3.754
PtSi,29.54,3.689
PtSi,29.55,3.663
PtSi,29.56,3.714
PtSi,29.57,3.781
PtSi,29.58,3.894
PtSi,29.59,3.892
PtSi,29.6,3.982
PtSi,29.61,3.979
PtSi,29.62,3.988
PtSi,29.63,3.918
PtSi,29.64,3.856
PtSi,29.65,3.759
PtSi,29.66,3.754
PtSi,29.67,3.967
PtSi,29.68,3.986
PtSi,29.69,3.907
PtSi,29.7,3.736
PtSi,29.71,3.813
PtSi,29.72,3.858
PtSi,29.73,3.869
PtSi,29.74,3.862
PtSi,29.75,3.792
PtSi,29.76,3.851
PtSi,29.77,3.815
PtSi,29.78,3.891
PtSi,29.79,3.864
PtSi,29.8,3.857
PtSi,29.81,3.769
PtSi,29.82,3.789
PtSi,29.83,3.796
PtSi,29.84,3.876
PtSi,29.85,3.843
PtSi,29.86,3.869
PtSi,29.87,3.85
PtSi,29.88,3.787
PtSi,29.89,3.817
PtSi,29.9,3.853
PtSi,29.91,3.898
PtSi,29.92,3.808
PtSi,29.93,3.837
PtSi,29.94,3.779
PtSi,29.95,3.901
PtSi,29.96,3.885
PtSi,29.97,3.883
PtSi,29.98,3.878
PtSi,29.99,3.84
PtSi,30.0,3.772
PtSi,30.01,3.656
PtSi,30.02,3.666
PtSi,30.03,3.749
PtSi,30.04,3.816
PtSi,30.05,3.868
PtSi,30.06,3.813
PtSi,30.07,3.798
PtSi,30.08,3.863
PtSi,30.09,3.935
PtSi,30.1,3.927
PtSi,30.11,3.924
PtSi,30.12,3.911
PtSi,30.13,3.829
PtSi,30.14,3.794
PtSi,30.15,3.698
PtSi,30.16,3.633
PtSi,30.17,3.669
PtSi,30.18,3.719
PtSi,30.19,3.817
PtSi,30.2,3.848
PtSi,30.21,3.951
PtSi,30.22,3.787
PtSi,30.23,3.654
PtSi,30.24,3.508
PtSi,30.25,3.585
PtSi,30.26,3.572
PtSi,30.27,3.649
PtSi,30.28,3.734
PtSi,30.29,3.849
PtSi,30.3,3.916
PtSi,30.31,3.891
PtSi,30.32,3.867
PtSi,30.33,3.797
PtSi,30.34,3.845
PtSi,30.35,3.768
PtSi,30.36,3.79
PtSi,30.37,3.84
PtSi,30.38,3.99
PtSi,30.39,4.015
PtSi,30.4,3.938
PtSi,30.41,3.862
PtSi,30.42,3.813
PtSi,30.43,3.835
PtSi,30.44,3.832
PtSi,30.45,3.875
PtSi,30.46,3.938
PtSi,30.47,3.947
PtSi,30.48,3.906
PtSi,30.49,3.72
PtSi,30.5,3.569
PtSi,30.51,3.554
PtSi,30.52,3.565
PtSi,30.53,3.52
PtSi,30.54,3.49
PtSi,30.55,3.592
PtSi,30.56,3.7
PtSi,30.57,3.685
PtSi,30.58,3.67
PtSi,30.59,3.671
PtSi,30.6,3.74
PtSi,30.61,3.788
PtSi,30.62,3.801
PtSi,30.63,3.809
PtSi,30.64,3.815
PtSi,30.65,3.824
PtSi,30.66,3.727
PtSi,30.67,3.7
PtSi,30.68,3.713
PtSi,30.69,3.726
PtSi,30.7,3.613
PtSi,30.71,3.612
PtSi,30.72,3.729
PtSi,30.73,3.9
PtSi,30.74,3.966
PtSi,30.75,3.917
PtSi,30.76,3.767
PtSi,30.77,3.719
PtSi,30.78,3.771
PtSi,30.79,3.808
PtSi,30.8,3.762
PtSi,30.81,3.653
PtSi,30.82,3.67
PtSi,30.83,3.725
PtSi,30.84,3.845
PtSi,30.85,3.79
PtSi,30.86,3.818
PtSi,30.87,3.8
PtSi,30.88,3.92
PtSi,30.89,3.927
PtSi,30.9,3.891
PtSi,30.91,3.816
PtSi,30.92,3.767
PtSi,30.93,3.786
PtSi,30.94,3.752
PtSi,30.95,3.775
PtSi,30.96,3.902
PtSi,30.97,3.972
PtSi,30.98,3.986
PtSi,30.99,3.845
PtSi,31.0,3.851
PtSi,31.01,3.81
PtSi,31.02,3.822
PtSi,31.03,3.697
PtSi,31.04,3.664
PtSi,31.05,3.602
PtSi,31.06,3.621
PtSi,31.07,3.676
PtSi,31.08,3.772
PtSi,31.09,3.676
PtSi,31.1,3.554
PtSi,31.11,3.49
PtSi,31.12,3.49
PtSi,31.13,3.551
PtSi,31.14,3.607
PtSi,31.15,3.625
PtSi,31.16,3.638
PtSi,31.17,3.712
PtSi,31.18,3.728
PtSi,31.19,3.68
PtSi,31.2,3.637
PtSi,31.21,3.646
PtSi,31.22,3.652
PtSi,31.23,3.691
PtSi,31.24,3.649
PtSi,31.25,3.652
PtSi,31.26,3.699
PtSi,31.27,3.849
PtSi,31.28,3.839
PtSi,31.29,3.786
PtSi,31.3,3.804
PtSi,31.31,3.719
PtSi,31.32,3.663
PtSi,31.33,3.518
PtSi,31.34,3.703
PtSi,31.35,3.696
PtSi,31.36,3.808
PtSi,31.37,3.776
PtSi,31.38,3.839
PtSi,31.39,3.787
PtSi,31.4,3.74
PtSi,31.41,3.632
PtSi,31.42,3.547
PtSi,31.43,3.592
PtSi,31.44,3.644
PtSi,31.45,3.574
PtSi,31.46,3.406
PtSi,31.47,3.455
PtSi,31.48,3.595
PtSi,31.49,3.747
PtSi,31.5,3.804
PtSi,31.51,3.778
PtSi,31.52,3.672
PtSi,31.53,3.604
PtSi,31.54,3.541
PtSi,31.55,3.562
PtSi,31.56,3.538
PtSi,31.57,3.5
PtSi,31.58,3.472
PtSi,31.59,3.507
PtSi,31.6,3.515
PtSi,31.61,3.487
PtSi,31.62,3.437
PtSi,31.63,3.451
PtSi,31.64,3.513
PtSi,31.65,3.535
PtSi,31.66,3.529
PtSi,31.67,3.439
PtSi,31.68,3.518
PtSi,31.69,3.603
PtSi,31.7,3.58
PtSi,31.71,3.629
PtSi,31.72,3.609
PtSi,31.73,3.724
PtSi,31.74,3.758
PtSi,31.75,3.79
PtSi,31.76,3.675
PtSi,31.77,3.569
PtSi,31.78,3.473
PtSi,31.79,3.324
PtSi,31.8,3.287
PtSi,31.81,3.473
PtSi,31.82,3.595
PtSi,31.83,3.58
PtSi,31.84,3.57
PtSi,31.85,3.626
PtSi,31.86,3.72
PtSi,31.87,3.723
PtSi,31.88,3.647
PtSi,31.89,3.623
PtSi,31.9,3.575
PtSi,31.91,3.512
PtSi,31.92,3.452
PtSi,31.93,3.55
PtSi,31.94,3.682
PtSi,31.95,3.674
PtSi,31.96,3.532
PtSi,31.97,3.464
PtSi,31.98,3.449
PtSi,31.99,3.431
PtSi,32.0,3.467
PtSi,32.01,3.597
PtSi,32.02,3.615
PtSi,32.03,3.537
PtSi,32.04,3.373
PtSi,32.05,3.452
PtSi,32.06,3.497
PtSi,32.07,3.621
PtSi,32.08,3.632
PtSi,32.09,3.653
PtSi,32.1,3.609
PtSi,32.11,3.613
PtSi,32.12,3.636
PtSi,32.13,3.672
PtSi,32.14,3.62
PtSi,32.15,3.523
PtSi,32.16,3.604
PtSi,32.17,3.765
PtSi,32.18,3.738
PtSi,32.19,3.692
PtSi,32.2,3.541
PtSi,32.21,3.61
PtSi,32.22,3.611
PtSi,32.23,3.725
PtSi,32.24,3.647
PtSi,32.25,3.625
PtSi,32.26,3.644
PtSi,32.27,3.653
PtSi,32.28,3.689
PtSi,32.29,3.646
PtSi,32.3,3.584
PtSi,32.31,3.489
PtSi,32.32,3.549
PtSi,32.33,3.675
PtSi,32.34,3.7
PtSi,32.35,3.664
PtSi,32.36,3.576
PtSi,32.37,3.536
PtSi,32.38,3.537
PtSi,32.39,3.566
PtSi,32.4,3.623
PtSi,32.41,3.586
PtSi,32.42,3.501
PtSi,32.43,3.498
PtSi,32.44,3.527
PtSi,32.45,3.582
PtSi,32.46,3.578
PtSi,32.47,3.65
PtSi,32.48,3.594
PtSi,32.49,3.563
PtSi,32.5,3.467
PtSi,32.51,3.544
PtSi,32.52,3.601
PtSi,32.53,3.702
PtSi,32.54,3.664
PtSi,32.55,3.543
PtSi,32.56,3.389
PtSi,32.57,3.34
PtSi,32.58,3.496
PtSi,32.59,3.537
PtSi,32.6,3.573
PtSi,32.61,3.421
PtSi,32.62,3.375
PtSi,32.63,3.401
PtSi,32.64,3.403
PtSi,32.65,3.382
PtSi,32.66,3.431
PtSi,32.67,3.576
PtSi,32.68,3.619
PtSi,32.69,3.533
PtSi,32.7,3.557
PtSi,32.71,3.568
PtSi,32.72,3.508
PtSi,32.73,3.503
PtSi,32.74,3.538
PtSi,32.75,3.631
PtSi,32.76,3.778
PtSi,32.77,3.848
PtSi,32.78,3.666
PtSi,32.79,3.524
PtSi,32.8,3.448
PtSi,32.81,3.512
PtSi,32.82,3.532
PtSi,32.83,3.571
PtSi,32.84,3.465
PtSi,32.85,3.435
PtSi,32.86,3.555
PtSi,32.87,3.572
PtSi,32.88,3.483
PtSi,32.89,3.45
PtSi,32.9,3.574
PtSi,32.91,3.682
PtSi,32.92,3.622
PtSi,32.93,3.591
PtSi,32.94,3.491
PtSi,32.95,3.554
PtSi,32.96,3.583
PtSi,32.97,3.648
PtSi,32.98,3.492
PtSi,32.99,3.478
PtSi,33.0,3.513
PtSi,33.01,3.578
PtSi,33.02,3.484
PtSi,33.03,3.374
PtSi,33.04,3.459
PtSi,33.05,3.569
PtSi,33.06,3.663
PtSi,33.07,3.591
PtSi,33.08,3.552
PtSi,33.09,3.59
PtSi,33.1,3.592
PtSi,33.11,3.574
PtSi,33.12,3.531
PtSi,33.13,3.578
PtSi,33.14,3.549
PtSi,33.15,3.66
PtSi,33.16,3.672
PtSi,33.17,3.688
PtSi,33.18,3.601
PtSi,33.19,3.587
PtSi,33.2,3.571
PtSi,33.21,3.505
PtSi,33.22,3.397
PtSi,33.23,3.44
PtSi,33.24,3.454
PtSi,33.25,3.463
PtSi,33.26,3.586
PtSi,33.27,3.657
PtSi,33.28,3.707
PtSi,33.29,3.593
PtSi,33.3,3.588
PtSi,33.31,3.593
PtSi,33.32,3.562
PtSi,33.33,3.544
PtSi,33.34,3.487
PtSi,33.35,3.469
PtSi,33.36,3.458
PtSi,33.37,3.536
PtSi,33.38,3.575
PtSi,33.39,3.588
PtSi,33.4,3.561
PtSi,33.41,3.474
PtSi,33.42,3.43
PtSi,33.43,3.431
PtSi,33.44,3.516
PtSi,33.45,3.481
PtSi,33.46,3.429
PtSi,33.47,3.4
PtSi,33.48,3.438
PtSi,33.49,3.512
PtSi,33.5,3.499
PtSi,33.51,3.52
PtSi,33.52,3.634
PtSi,33.53,3.618
PtSi,33.54,3.541
PtSi,33.55,3.528
PtSi,33.56,3.584
PtSi,33.57,3.553
PtSi,33.58,3.462
PtSi,33.59,3.461
PtSi,33.6,3.416
PtSi,33.61,3.505
PtSi,33.62,3.57
PtSi,33.63,3.732
PtSi,33.64,3.608
PtSi,33.65,3.486
PtSi,33.66,3.407
PtSi,33.67,3.369
PtSi,33.68,3.348
PtSi,33.69,3.268
PtSi,33.7,3.232
PtSi,33.71,3.289
PtSi,33.72,3.369
PtSi,33.73,3.435
PtSi,33.74,3.421
PtSi,33.75,3.418
PtSi,33.76,3.342
PtSi,33.77,3.427
PtSi,33.78,3.483
PtSi,33.79,3.569
PtSi,33.8,3.479
PtSi,33.81,3.435
PtSi,33.82,3.342
PtSi,33.83,3.42
PtSi,33.84,3.464
PtSi,33.85,3.463
PtSi,33.86,3.386
PtSi,33.87,3.329
PtSi,33.88,3.378
PtSi,33.89,3.323
PtSi,33.9,3.28
PtSi,33.91,3.29
PtSi,33.92,3.37
PtSi,33.93,3.385
PtSi,33.94,3.347
PtSi,33.95,3.373
PtSi,33.96,3.452
PtSi,33.97,3.462
PtSi,33.98,3.344
PtSi,33.99,3.246
PtSi,34.0,3.231
PtSi,34.01,3.357
PtSi,34.02,3.449
PtSi,34.03,3.572
PtSi,34.04,3.501
PtSi,34.05,3.419
PtSi,34.06,3.253
PtSi,34.07,3.193
PtSi,34.08,3.258
PtSi,34.09,3.473
PtSi,34.1,3.601
PtSi,34.11,3.592
PtSi,34.12,3.446
PtSi,34.13,3.461
PtSi,34.14,3.528
PtSi,34.15,3.554
PtSi,34.16,3.574
PtSi,34.17,3.614
PtSi,34.18,3.569
PtSi,34.19,3.536
PtSi,34.2,3.473
PtSi,34.21,3.511
PtSi,34.22,3.458
PtSi,34.23,3.538
PtSi,34.24,3.594
PtSi,34.25,3.678
PtSi,34.26,3.649
PtSi,34.27,3.51
PtSi,34.28,3.402
PtSi,34.29,3.429
PtSi,34.3,3.498
PtSi,34.31,3.633
PtSi,34.32,3.671
PtSi,34.33,3.594
PtSi,34.34,3.386
PtSi,34.35,3.231
PtSi,34.36,3.301
PtSi,34.37,3.501
PtSi,34.38,3.644
PtSi,34.39,3.504
PtSi,34.4,3.407
PtSi,34.41,3.417
PtSi,34.42,3.499
PtSi,34.43,3.47
PtSi,34.44,3.4
PtSi,34.45,3.386
PtSi,34.46,3.38
PtSi,34.47,3.399
PtSi,34.48,3.342
PtSi,34.49,3.352
PtSi,34.5,3.408
PtSi,34.51,3.538
PtSi,34.52,3.519
PtSi,34.53,3.469
PtSi,34.54,3.443
PtSi,34.55,3.532
PtSi,34.56,3.554
PtSi,34.57,3.568
PtSi,34.58,3.503
PtSi,34.59,3.458
PtSi,34.6,3.364
PtSi,34.61,3.378
PtSi,34.62,3.407
PtSi,34.63,3.49
PtSi,34.64,3.581
PtSi,34.65,3.578
PtSi,34.66,3.53
PtSi,34.67,3.498
PtSi,34.68,3.558
PtSi,34.69,3.524
PtSi,34.7,3.458
PtSi,34.71,3.405
PtSi,34.72,3.398
PtSi,34.73,3.437
PtSi,34.74,3.483
PtSi,34.75,3.498
PtSi,34.76,3.493
PtSi,34.77,3.513
PtSi,34.78,3.539
PtSi,34.79,3.488
PtSi,34.8,3.463
PtSi,34.81,3.411
PtSi,34.82,3.365
PtSi,34.83,3.342
PtSi,34.84,3.331
PtSi,34.85,3.411
PtSi,34.86,3.408
PtSi,34.87,3.548
PtSi,34.88,3.59
PtSi,34.89,3.663
PtSi,34.9,3.619
PtSi,34.91,3.561
PtSi,34.92,3.508
PtSi,34.93,3.624
PtSi,34.94,3.69
PtSi,34.95,3.601
PtSi,34.96,3.519
PtSi,34.97,3.513
PtSi,34.98,3.548
PtSi,34.99,3.615
PtSi,35.0,3.645
PtSi,35.01,3.589
PtSi,35.02,3.511
PtSi,35.03,3.362
PtSi,35.04,3.344
PtSi,35.05,3.376
PtSi,35.06,3.374
PtSi,35.07,3.329
PtSi,35.08,3.381
PtSi,35.09,3.512
PtSi,35.1,3.651
PtSi,35.11,3.576
PtSi,35.12,3.46
PtSi,35.13,3.454
PtSi,35.14,3.57
PtSi,35.15,3.752
PtSi,35.16,3.723
PtSi,35.17,3.681
PtSi,35.18,3.475
PtSi,35.19,3.429
PtSi,35.2,3.354
PtSi,35.21,3.472
PtSi,35.22,3.531
PtSi,35.23,3.504
PtSi,35.24,3.361
PtSi,35.25,3.372
PtSi,35.26,3.475
PtSi,35.27,3.631
PtSi,35.28,3.612
PtSi,35.29,3.628
PtSi,35.3,3.548
PtSi,35.31,3.503
PtSi,35.32,3.41
PtSi,35.33,3.373
PtSi,35.34,3.4
PtSi,35.35,3.491
PtSi,35.36,3.509
PtSi,35.37,3.518
PtSi,35.38,3.61
PtSi,35.39,3.594
PtSi,35.4,3.572
PtSi,35.41,3.472
PtSi,35.42,3.41
PtSi,35.43,3.348
PtSi,35.44,3.385
PtSi,35.45,3.49
PtSi,35.46,3.468
PtSi,35.47,3.516
PtSi,35.48,3.578
PtSi,35.49,3.642
PtSi,35.5,3.594
PtSi,35.51,3.628
PtSi,35.52,3.719
PtSi,35.53,3.724
PtSi,35.54,3.69
PtSi,35.55,3.618
PtSi,35.56,3.662
PtSi,35.57,3.604
PtSi,35.58,3.615
PtSi,35.59,3.607
PtSi,35.6,3.722
PtSi,35.61,3.719
PtSi,35.62,3.679
PtSi,35.63,3.628
PtSi,35.64,3.545
PtSi,35.65,3.543
PtSi,35.66,3.525
PtSi,35.67,3.615
PtSi,35.68,3.656
PtSi,35.69,3.756
PtSi,35.7,3.805
PtSi,35.71,3.782
PtSi,35.72,3.726
PtSi,35.73,3.644
PtSi,35.74,3.707
PtSi,35.75,3.735
PtSi,35.76,3.741
PtSi,35.77,3.574
PtSi,35.78,3.548
PtSi,35.79,3.611
PtSi,35.8,3.659
PtSi,35.81,3.738
PtSi,35.82,3.785
PtSi,35.83,3.79
PtSi,35.84,3.731
PtSi,35.85,3.674
PtSi,35.86,3.603
PtSi,35.87,3.587
PtSi,35.88,3.534
PtSi,35.89,3.574
PtSi,35.9,3.583
PtSi,35.91,3.651
PtSi,35.92,3.664
PtSi,35.93,3.778
PtSi,35.94,3.741
PtSi,35.95,3.567
PtSi,35.96,3.535
PtSi,35.97,3.569
PtSi,35.98,3.649
PtSi,35.99,3.613
PtSi,36.0,3.524
PtSi,36.01,3.454
PtSi,36.02,3.422
PtSi,36.03,3.511
PtSi,36.04,3.583
PtSi,36.05,3.669
PtSi,36.06,3.737
PtSi,36.07,3.67
PtSi,36.08,3.573
PtSi,36.09,3.493
PtSi,36.1,3.607
PtSi,36.11,3.708
PtSi,36.12,3.803
PtSi,36.13,3.764
PtSi,36.14,3.765
PtSi,36.15,3.791
PtSi,36.16,3.822
PtSi,36.17,3.705
PtSi,36.18,3.681
PtSi,36.19,3.668
PtSi,36.2,3.718
PtSi,36.21,3.763
PtSi,36.22,3.834
PtSi,36.23,3.833
PtSi,36.24,3.771
PtSi,36.25,3.737
PtSi,36.26,3.688
PtSi,36.27,3.638
PtSi,36.28,3.488
PtSi,36.29,3.563
PtSi,36.3,3.706
PtSi,36.31,3.814
PtSi,36.32,3.772
PtSi,36.33,3.683
PtSi,36.34,3.757
PtSi,36.35,3.814
PtSi,36.36,3.809
PtSi,36.37,3.691
PtSi,36.38,3.658
PtSi,36.39,3.824
PtSi,36.4,3.83
PtSi,36.41,3.869
PtSi,36.42,3.774
PtSi,36.43,3.803
PtSi,36.44,3.829
PtSi,36.45,3.866
PtSi,36.46,3.839
PtSi,36.47,3.786
PtSi,36.48,3.713
PtSi,36.49,3.756
PtSi,36.5,3.812
PtSi,36.51,3.913
PtSi,36.52,3.915
PtSi,36.53,3.876
PtSi,36.54,3.803
PtSi,36.55,3.812
PtSi,36.56,3.988
PtSi,36.57,4.027
PtSi,36.58,3.98
PtSi,36.59,3.985
PtSi,36.6,4.07
PtSi,36.61,4.126
PtSi,36.62,3.994
PtSi,36.63,3.938
PtSi,36.64,3.893
PtSi,36.65,3.926
PtSi,36.66,3.937
PtSi,36.67,3.992
PtSi,36.68,3.983
PtSi,36.69,3.974
PtSi,36.7,4.015
PtSi,36.71,4.097
PtSi,36.72,4.12
PtSi,36.73,4.058
PtSi,36.74,3.965
PtSi,36.75,3.972
PtSi,36.76,4.026
PtSi,36.77,4.117
PtSi,36.78,4.163
PtSi,36.79,4.235
PtSi,36.8,4.233
PtSi,36.81,4.168
PtSi,36.82,3.95
PtSi,36.83,4.042
PtSi,36.84,4.055
PtSi,36.85,4.058
PtSi,36.86,3.915
PtSi,36.87,3.969
PtSi,36.88,4.018
PtSi,36.89,4.163
PtSi,36.9,4.326
PtSi,36.91,4.417
PtSi,36.92,4.355
PtSi,36.93,4.211
PtSi,36.94,4.231
PtSi,36.95,4.296
PtSi,36.96,4.36
PtSi,36.97,4.338
PtSi,36.98,4.367
PtSi,36.99,4.275
PtSi,37.0,4.287
PtSi,37.01,4.332
PtSi,37.02,4.359
PtSi,37.03,4.312
PtSi,37.04,4.312
PtSi,37.05,4.38
PtSi,37.06,4.358
PtSi,37.07,4.377
PtSi,37.08,4.411
PtSi,37.09,4.42
PtSi,37.1,4.429
PtSi,37.11,4.393
PtSi,37.12,4.41
PtSi,37.13,4.341
PtSi,37.14,4.519
PtSi,37.15,4.566
PtSi,37.16,4.597
PtSi,37.17,4.613
PtSi,37.18,4.703
PtSi,37.19,4.664
PtSi,37.2,4.614
PtSi,37.21,4.591
PtSi,37.22,4.604
PtSi,37.23,4.542
PtSi,37.24,4.5
PtSi,37.25,4.584
PtSi,37.26,4.723
PtSi,37.27,4.929
PtSi,37.28,5.002
PtSi,37.29,5.079
PtSi,37.3,4.988
PtSi,37.31,5.073
PtSi,37.32,5.037
PtSi,37.33,5.019
PtSi,37.34,5.14
PtSi,37.35,5.251
PtSi,37.36,5.342
PtSi,37.37,5.334
PtSi,37.38,5.34
PtSi,37.39,5.264
PtSi,37.4,5.345
PtSi,37.41,5.425
PtSi,37.42,5.539
PtSi,37.43,5.488
PtSi,37.44,5.427
PtSi,37.45,5.406
PtSi,37.46,5.503
PtSi,37.47,5.55
PtSi,37.48,5.54
PtSi,37.49,5.621
PtSi,37.5,5.8
PtSi,37.51,5.894
PtSi,37.52,5.745
PtSi,37.53,5.751
PtSi,37.54,5.884
PtSi,37.55,5.989
PtSi,37.56,6.091
PtSi,37.57,6.237
PtSi,37.58,6.302
PtSi,37.59,6.142
PtSi,37.6,6.089
PtSi,37.61,6.164
PtSi,37.62,6.613
PtSi,37.63,6.718
PtSi,37.64,6.684
PtSi,37.65,6.571
PtSi,37.66,6.586
PtSi,37.67,6.768
PtSi,37.68,6.919
PtSi,37.69,7.05
PtSi,37.7,7.002
PtSi,37.71,7.004
PtSi,37.72,7.014
PtSi,37.73,7.178
PtSi,37.74,7.224
PtSi,37.75,7.314
PtSi,37.76,7.363
PtSi,37.77,7.4
PtSi,37.78,7.661
PtSi,37.79,7.919
PtSi,37.8,8.071
PtSi,37.81,8.299
PtSi,37.82,8.441
PtSi,37.83,8.39
PtSi,37.84,8.228
PtSi,37.85,8.272
PtSi,37.86,8.357
PtSi,37.87,8.656
PtSi,37.88,8.775
PtSi,37.89,8.79
PtSi,37.9,8.744
PtSi,37.91,8.691
PtSi,37.92,8.912
PtSi,37.93,8.966
PtSi,37.94,9.084
PtSi,37.95,9.155
PtSi,37.96,9.375
PtSi,37.97,9.415
PtSi,37.98,9.667
PtSi,37.99,9.791
PtSi,38.0,9.912
PtSi,38.01,10.02
PtSi,38.02,9.991
PtSi,38.03,10.063
PtSi,38.04,10.352
PtSi,38.05,10.643
PtSi,38.06,10.846
PtSi,38.07,10.917
PtSi,38.08,10.914
PtSi,38.09,11.047
PtSi,38.1,11.151
PtSi,38.11,11.095
PtSi,38.12,11.399
PtSi,38.13,11.61
PtSi,38.14,11.835
PtSi,38.15,11.977
PtSi,38.16,11.893
PtSi,38.17,12.111
PtSi,38.18,12.15
PtSi,38.19,12.169
PtSi,38.2,12.387
PtSi,38.21,12.526
PtSi,38.22,12.584
PtSi,38.23,12.643
PtSi,38.24,12.828
PtSi,38.25,13.141
PtSi,38.26,13.552
PtSi,38.27,13.728
PtSi,38.28,13.944
PtSi,38.29,14.09
PtSi,38.3,14.087
PtSi,38.31,14.187
PtSi,38.32,14.328
PtSi,38.33,14.41
PtSi,38.34,14.778
PtSi,38.35,14.997
PtSi,38.36,15.194
PtSi,38.37,15.356
PtSi,38.38,15.307
PtSi,38.39,15.321
PtSi,38.4,15.714
PtSi,38.41,16.024
PtSi,38.42,16.378
PtSi,38.43,16.398
PtSi,38.44,16.524
PtSi,38.45,16.752
PtSi,38.46,16.902
PtSi,38.47,17.023
PtSi,38.48,17.442
PtSi,38.49,17.66
PtSi,38.5,17.901
PtSi,38.51,18.505
PtSi,38.52,18.955
PtSi,38.53,19.297
PtSi,38.54,19.6
PtSi,38.55,19.661
PtSi,38.56,19.904
PtSi,38.57,19.891
PtSi,38.58,20.145
PtSi,38.59,20.634
PtSi,38.6,20.98
PtSi,38.61,21.142
PtSi,38.62,21.798
PtSi,38.63,22.189
PtSi,38.64,22.907
PtSi,38.65,23.5
PtSi,38.66,23.831
PtSi,38.67,24.172
PtSi,38.68,24.494
PtSi,38.69,24.808
PtSi,38.7,25.487
PtSi,38.71,25.971
PtSi,38.72,26.456
PtSi,38.73,27.425
PtSi,38.74,27.871
PtSi,38.75,28.17
PtSi,38.76,28.524
PtSi,38.77,29.164
PtSi,38.78,29.83
PtSi,38.79,30.6
PtSi,38.8,31.092
PtSi,38.81,32.053
PtSi,38.82,32.58
PtSi,38.83,33.114
PtSi,38.84,34.159
PtSi,38.85,34.753
PtSi,38.86,35.507
PtSi,38.87,36.763
PtSi,38.88,37.883
PtSi,38.89,39.067
PtSi,38.9,40.546
PtSi,38.91,41.252
PtSi,38.92,42.765
PtSi,38.93,44.269
PtSi,38.94,45.183
PtSi,38.95,47.204
PtSi,38.96,48.689
PtSi,38.97,49.864
PtSi,38.98,52.395
PtSi,38.99,54.099
PtSi,39.0,55.725
PtSi,39.01,58.447
PtSi,39.02,59.914
PtSi,39.03,62.189
PtSi,39.04,64.767
PtSi,39.05,66.705
PtSi,39.06,71.17
PtSi,39.07,74.245
PtSi,39.08,76.11
PtSi,39.09,80.596
PtSi,39.1,83.649
PtSi,39.11,87.27
PtSi,39.12,93.691
PtSi,39.13,97.256
PtSi,39.14,102.78
PtSi,39.15,109.873
PtSi,39.16,113.129
PtSi,39.17,121.413
PtSi,39.18,127.448
PtSi,39.19,131.846
PtSi,39.2,143.651
PtSi,39.21,151.901
PtSi,39.22,159.449
PtSi,39.23,174.146
PtSi,39.24,181.987
PtSi,39.25,194.172
PtSi,39.26,212.343
PtSi,39.27,219.463
PtSi,39.28,240.789
PtSi,39.29,260.307
PtSi,39.3,270.629
PtSi,39.31,301.579
PtSi,39.32,320.608
PtSi,39.33,336.754
PtSi,39.34,376.132
PtSi,39.35,394.883
PtSi,39.36,421.773
PtSi,39.37,463.547
PtSi,39.38,479.218
PtSi,39.39,522.278
PtSi,39.4,561.13
PtSi,39.41,578.323
PtSi,39.42,632.721
PtSi,39.43,663.724
PtSi,39.44,686.704
PtSi,39.45,742.627
PtSi,39.46,764.603
PtSi,39.47,794.355
PtSi,39.48,840.776
PtSi,39.49,855.947
PtSi,39.5,891.089
PtSi,39.51,920.589
PtSi,39.52,931.871
PtSi,39.53,962.695
PtSi,39.54,978.698
PtSi,39.55,987.459
PtSi,39.56,1002.914
PtSi,39.57,1007.513
PtSi,39.58,1011.766
PtSi,39.59,1013.683
PtSi,39.6,1013.118
PtSi,39.61,1005.433
PtSi,39.62,997.413
PtSi,39.63,993.207
PtSi,39.64,972.472
PtSi,39.65,959.441
PtSi,39.66,950.168
PtSi,39.67,919.065
PtSi,39.68,906.354
PtSi,39.69,887.545
PtSi,39.7,856.382
PtSi,39.71,845.999
PtSi,39.72,815.76
PtSi,39.73,784.86
PtSi,39.74,773.114
PtSi,39.75,733.3
PtSi,39.76,711.424
PtSi,39.77,697.533
PtSi,39.78,656.537
PtSi,39.79,640.896
PtSi,39.8,620.017
PtSi,39.81,583.395
PtSi,39.82,571.081
PtSi,39.83,543.448
PtSi,39.84,517.888
PtSi,39.85,507.946
PtSi,39.86,474.133
PtSi,39.87,456.444
PtSi,39.88,445.402
PtSi,39.89,413.605
PtSi,39.9,401.299
PtSi,39.91,386.749
PtSi,39.92,362.945
PtSi,39.93,354.657
PtSi,39.94,335.929
PtSi,39.95,317.872
PtSi,39.96,312.07
PtSi,39.97,292.687
PtSi,39.98,281.555
PtSi,39.99,273.726
PtSi,40.0,255.052
PtSi,40.01,247.712
PtSi,40.02,238.901
PtSi,40.03,224.162
PtSi,40.04,219.283
PtSi,40.05,209.291
PtSi,40.06,198.812
PtSi,40.07,194.654
PtSi,40.08,182.378
PtSi,40.09,175.43
PtSi,40.1,171.312
PtSi,40.11,161.466
PtSi,40.12,157.37
PtSi,40.13,152.3
PtSi,40.14,144.132
PtSi,40.15,141.237
PtSi,40.16,134.935
PtSi,40.17,128.777
PtSi,40.18,126.197
PtSi,40.19,119.979
PtSi,40.2,116.035
PtSi,40.21,113.531
PtSi,40.22,108.079
PtSi,40.23,105.958
PtSi,40.24,102.85
PtSi,40.25,97.461
PtSi,40.26,95.516
PtSi,40.27,91.76
PtSi,40.28,87.865
PtSi,40.29,86.425
PtSi,40.3,82.681
PtSi,40.31,80.502
PtSi,40.32,78.71
PtSi,40.33,75.35
PtSi,40.34,73.948
PtSi,40.35,72.066
PtSi,40.36,68.902
PtSi,40.37,67.643
PtSi,40.38,65.452
PtSi,40.39,63.254
PtSi,40.4,62.205
PtSi,40.41,59.503
PtSi,40.42,57.851
PtSi,40.43,57.046
PtSi,40.44,54.4
PtSi,40.45,53.355
PtSi,40.46,52.118
PtSi,40.47,50.338
PtSi,40.48,49.432
PtSi,40.49,48.006
PtSi,40.5,46.626
PtSi,40.51,46.045
PtSi,40.52,44.606
PtSi,40.53,43.548
PtSi,40.54,42.881
PtSi,40.55,41.079
PtSi,40.56,40.535
PtSi,40.57,39.45
PtSi,40.58,37.873
PtSi,40.59,37.262
PtSi,40.6,36.542
PtSi,40.61,35.6
PtSi,40.62,35.01
PtSi,40.63,33.849
PtSi,40.64,33.417
PtSi,40.65,32.878
PtSi,40.66,31.599
PtSi,40.67,30.841
PtSi,40.68,30.253
PtSi,40.69,29.373
PtSi,40.7,29.136
PtSi,40.71,28.734
PtSi,40.72,28.105
PtSi,40.73,27.451
PtSi,40.74,26.258
PtSi,40.75,25.594
PtSi,40.76,25.304
PtSi,40.77,24.758
PtSi,40.78,24.541
PtSi,40.79,24.055
PtSi,40.8,23.469
PtSi,40.81,22.997
PtSi,40.82,22.456
PtSi,40.83,22.021
PtSi,40.84,21.919
PtSi,40.85,21.465
PtSi,40.86,20.752
PtSi,40.87,20.207
PtSi,40.88,19.33
PtSi,40.89,19.19
PtSi,40.9,18.964
PtSi,40.91,18.604
PtSi,40.92,18.292
PtSi,40.93,17.959
PtSi,40.94,17.606
PtSi,40.95,17.414
PtSi,40.96,16.88
PtSi,40.97,16.571
PtSi,40.98,16.319
PtSi,40.99,16.009
PtSi,41.0,15.769
PtSi,41.01,15.588
PtSi,41.02,15.026
PtSi,41.03,14.797
PtSi,41.04,14.475
PtSi,41.05,14.163
PtSi,41.06,13.895
PtSi,41.07,13.7
PtSi,41.08,13.66
PtSi,41.09,13.622
PtSi,41.1,13.332
PtSi,41.11,13.141
PtSi,41.12,12.863
PtSi,41.13,12.396
PtSi,41.14,12.135
PtSi,41.15,12.006
PtSi,41.16,11.826
PtSi,41.17,11.645
PtSi,41.18,11.392
PtSi,41.19,11.075
PtSi,41.2,10.866
PtSi,41.21,10.746
PtSi,41.22,10.777
PtSi,41.23,10.51
PtSi,41.24,10.414
PtSi,41.25,10.337
PtSi,41.26,10.274
PtSi,41.27,9.914
PtSi,41.28,9.764
PtSi,41.29,9.48
PtSi,41.3,9.316
PtSi,41.31,9.185
PtSi,41.32,9.047
PtSi,41.33,8.968
PtSi,41.34,8.947
PtSi,41.35,8.861
PtSi,41.36,8.707
PtSi,41.37,8.501
PtSi,41.38,8.325
PtSi,41.39,8.281
PtSi,41.4,8.292
PtSi,41.41,8.226
PtSi,41.42,8.201
PtSi,41.43,7.997
PtSi,41.44,7.777
PtSi,41.45,7.653
PtSi,41.46,7.585
PtSi,41.47,7.568
PtSi,41.48,7.494
PtSi,41.49,7.351
PtSi,41.5,7.252
PtSi,41.51,7.299
PtSi,41.52,7.204
PtSi,41.53,7.091
PtSi,41.54,7.0
PtSi,41.55,6.804
PtSi,41.56,6.643
PtSi,41.57,6.58
PtSi,41.58,6.663
PtSi,41.59,6.683
PtSi,41.6,6.663
PtSi,41.61,6.417
PtSi,41.62,6.272
PtSi,41.63,6.203
PtSi,41.64,6.279
PtSi,41.65,6.136
PtSi,41.66,5.943
PtSi,41.67,5.857
PtSi,41.68,5.831
PtSi,41.69,5.751
PtSi,41.7,5.681
PtSi,41.71,5.595
PtSi,41.72,5.526
PtSi,41.73,5.555
PtSi,41.74,5.637
PtSi,41.75,5.621
PtSi,41.76,5.481
PtSi,41.77,5.315
PtSi,41.78,5.261
PtSi,41.79,5.24
PtSi,41.8,5.193
PtSi,41.81,5.232
PtSi,41.82,5.078
PtSi,41.83,4.979
PtSi,41.84,4.983
PtSi,41.85,5.013
PtSi,41.86,4.963
PtSi,41.87,4.906
PtSi,41.88,4.875
PtSi,41.89,4.754
PtSi,41.9,4.764
PtSi,41.91,4.74
PtSi,41.92,4.862
PtSi,41.93,4.72
PtSi,41.94,4.588
PtSi,41.95,4.49
PtSi,41.96,4.532
PtSi,41.97,4.574
PtSi,41.98,4.54
PtSi,41.99,4.435
PtSi,42.0,4.401
PtSi,42.01,4.435
PtSi,42.02,4.552
PtSi,42.03,4.542
PtSi,42.04,4.508
PtSi,42.05,4.394
PtSi,42.06,4.392
PtSi,42.07,4.158
PtSi,42.08,4.1
PtSi,42.09,4.088
PtSi,42.1,4.171
PtSi,42.11,4.186
PtSi,42.12,4.139
PtSi,42.13,4.152
PtSi,42.14,4.081
PtSi,42.15,4.011
PtSi,42.16,3.868
PtSi,42.17,3.87
PtSi,42.18,3.9
PtSi,42.19,3.955
PtSi,42.2,3.925
PtSi,42.21,3.861
PtSi,42.22,3.946
PtSi,42.23,3.894
PtSi,42.24,3.899
PtSi,42.25,3.827
PtSi,42.26,3.866
PtSi,42.27,3.753
PtSi,42.28,3.726
PtSi,42.29,3.76
PtSi,42.3,3.718
PtSi,42.31,3.763
PtSi,42.32,3.726
PtSi,42.33,3.705
PtSi,42.34,3.595
PtSi,42.35,3.549
PtSi,42.36,3.602
PtSi,42.37,3.646
PtSi,42.38,3.562
PtSi,42.39,3.529
PtSi,42.4,3.561
PtSi,42.41,3.623
PtSi,42.42,3.59
PtSi,42.43,3.531
PtSi,42.44,3.486
PtSi,42.45,3.529
PtSi,42.46,3.57
PtSi,42.47,3.574
PtSi,42.48,3.449
PtSi,42.49,3.37
PtSi,42.5,3.432
PtSi,42.51,3.513
PtSi,42.52,3.506
PtSi,42.53,3.415
PtSi,42.54,3.341
PtSi,42.55,3.269
PtSi,42.56,3.242
PtSi,42.57,3.174
PtSi,42.58,3.24
PtSi,42.59,3.261
PtSi,42.6,3.254
PtSi,42.61,3.201
PtSi,42.62,3.271
PtSi,42.63,3.398
PtSi,42.64,3.387
PtSi,42.65,3.305
PtSi,42.66,3.214
PtSi,42.67,3.182
PtSi,42.68,3.161
PtSi,42.69,3.042
PtSi,42.7,3.01
PtSi,42.71,3.019
PtSi,42.72,3.106
PtSi,42.73,3.185
PtSi,42.74,3.156
PtSi,42.75,3.169
PtSi,42.76,3.017
PtSi,42.77,2.918
PtSi,42.78,2.801
PtSi,42.79,2.851
PtSi,42.8,2.978
PtSi,42.81,3.052
PtSi,42.82,3.001
PtSi,42.83,2.945
PtSi,42.84,2.966
PtSi,42.85,3.031
PtSi,42.86,3.013
PtSi,42.87,3.002
PtSi,42.88,3.012
PtSi,42.89,3.02
PtSi,42.9,2.977
PtSi,42.91,2.929
PtSi,42.92,2.897
PtSi,42.93,2.97
PtSi,42.94,3.036
PtSi,42.95,3.012
PtSi,42.96,2.849
PtSi,42.97,2.728
PtSi,42.98,2.801
PtSi,42.99,2.839
PtSi,43.0,2.772
PtSi,43.01,2.734
PtSi,43.02,2.775
PtSi,43.03,2.809
PtSi,43.04,2.8
PtSi,43.05,2.779
PtSi,43.06,2.812
PtSi,43.07,2.83
PtSi,43.08,2.788
PtSi,43.09,2.766
PtSi,43.1,2.815
PtSi,43.11,2.855
PtSi,43.12,2.829
PtSi,43.13,2.781
PtSi,43.14,2.737
PtSi,43.15,2.745
PtSi,43.16,2.743
PtSi,43.17,2.825
PtSi,43.18,2.819
PtSi,43.19,2.974
PtSi,43.2,2.929
PtSi,43.21,2.905
PtSi,43.22,2.821
PtSi,43.23,2.876
PtSi,43.24,2.914
PtSi,43.25,2.925
PtSi,43.26,2.893
PtSi,43.27,2.729
PtSi,43.28,2.717
PtSi,43.29,2.767
PtSi,43.3,2.816
PtSi,43.31,2.66
PtSi,43.32,2.58
PtSi,43.33,2.63
PtSi,43.34,2.743
PtSi,43.35,2.772
PtSi,43.36,2.712
PtSi,43.37,2.616
PtSi,43.38,2.458
PtSi,43.39,2.487
PtSi,43.4,2.564
PtSi,43.41,2.66
PtSi,43.42,2.588
PtSi,43.43,2.606
PtSi,43.44,2.725
PtSi,43.45,2.757
PtSi,43.46,2.71
PtSi,43.47,2.578
PtSi,43.48,2.578
PtSi,43.49,2.637
PtSi,43.5,2.743
PtSi,43.51,2.85
PtSi,43.52,2.871
PtSi,43.53,2.847
PtSi,43.54,2.719
PtSi,43.55,2.635
PtSi,43.56,2.602
PtSi,43.57,2.564
PtSi,43.58,2.534
PtSi,43.59,2.561
PtSi,43.6,2.545
PtSi,43.61,2.486
PtSi,43.62,2.504
PtSi,43.63,2.617
PtSi,43.64,2.701
PtSi,43.65,2.724
PtSi,43.66,2.7
PtSi,43.67,2.695
PtSi,43.68,2.706
PtSi,43.69,2.66
PtSi,43.7,2.569
PtSi,43.71,2.534
PtSi,43.72,2.548
PtSi,43.73,2.583
PtSi,43.74,2.561
PtSi,43.75,2.578
PtSi,43.76,2.606
PtSi,43.77,2.63
PtSi,43.78,2.653
PtSi,43.79,2.565
PtSi,43.8,2.549
PtSi,43.81,2.521
PtSi,43.82,2.622
PtSi,43.83,2.605
PtSi,43.84,2.649
PtSi,43.85,2.655
PtSi,43.86,2.665
PtSi,43.87,2.614
PtSi,43.88,2.591
PtSi,43.89,2.488
PtSi,43.9,2.437
PtSi,43.91,2.392
PtSi,43.92,2.463
PtSi,43.93,2.548
PtSi,43.94,2.664
PtSi,43.95,2.563
PtSi,43.96,2.457
PtSi,43.97,2.343
PtSi,43.98,2.451
PtSi,43.99,2.607
PtSi,44.0,2.603
PtSi,44.01,2.624
PtSi,44.02,2.565
PtSi,44.03,2.602
PtSi,44.04,2.491
PtSi,44.05,2.478
PtSi,44.06,2.513
PtSi,44.07,2.482
PtSi,44.08,2.491
PtSi,44.09,2.44
PtSi,44.1,2.436
PtSi,44.11,2.369
PtSi,44.12,2.39
PtSi,44.13,2.379
PtSi,44.14,2.417
PtSi,44.15,2.474
PtSi,44.16,2.56
PtSi,44.17,2.521
PtSi,44.18,2.446
PtSi,44.19,2.394
PtSi,44.2,2.446
PtSi,44.21,2.526
PtSi,44.22,2.471
PtSi,44.23,2.474
PtSi,44.24,2.476
PtSi,44.25,2.541
PtSi,44.26,2.44
PtSi,44.27,2.351
PtSi,44.28,2.344
PtSi,44.29,2.419
PtSi,44.3,2.427
PtSi,44.31,2.349
PtSi,44.32,2.323
PtSi,44.33,2.309
PtSi,44.34,2.319
PtSi,44.35,2.338
PtSi,44.36,2.368
PtSi,44.37,2.479
PtSi,44.38,2.481
PtSi,44.39,2.446
PtSi,44.4,2.416
PtSi,44.41,2.498
PtSi,44.42,2.506
PtSi,44.43,2.398
PtSi,44.44,2.33
PtSi,44.45,2.389
PtSi,44.46,2.422
PtSi,44.47,2.348
PtSi,44.48,2.325
PtSi,44.49,2.302
PtSi,44.5,2.36
PtSi,44.51,2.426
PtSi,44.52,2.436
PtSi,44.53,2.395
PtSi,44.54,2.296
PtSi,44.55,2.355
PtSi,44.56,2.381
PtSi,44.57,2.34
PtSi,44.58,2.306
PtSi,44.59,2.344
PtSi,44.6,2.328
PtSi,44.61,2.228
PtSi,44.62,2.21
PtSi,44.63,2.249
PtSi,44.64,2.29
PtSi,44.65,2.313
PtSi,44.66,2.417
PtSi,44.67,2.405
PtSi,44.68,2.452
PtSi,44.69,2.402
PtSi,44.7,2.407
PtSi,44.71,2.338
PtSi,44.72,2.333
PtSi,44.73,2.277
PtSi,44.74,2.198
PtSi,44.75,2.181
PtSi,44.76,2.259
PtSi,44.77,2.329
PtSi,44.78,2.308
PtSi,44.79,2.221
PtSi,44.8,2.179
PtSi,44.81,2.167
PtSi,44.82,2.184
PtSi,44.83,2.26
PtSi,44.84,2.331
PtSi,44.85,2.349
PtSi,44.86,2.229
PtSi,44.87,2.166
PtSi,44.88,2.192
PtSi,44.89,2.231
PtSi,44.9,2.262
PtSi,44.91,2.258
PtSi,44.92,2.32
PtSi,44.93,2.228
PtSi,44.94,2.238
PtSi,44.95,2.272
PtSi,44.96,2.332
PtSi,44.97,2.34
PtSi,44.98,2.35
PtSi,44.99,2.383
PtSi,45.0,2.387
PtSi,45.01,2.349
PtSi,45.02,2.392
PtSi,45.03,2.406
PtSi,45.04,2.426
PtSi,45.05,2.336
PtSi,45.06,2.227
PtSi,45.07,2.09
PtSi,45.08,2.101
PtSi,45.09,2.188
PtSi,45.1,2.228
PtSi,45.11,2.238
PtSi,45.12,2.288
PtSi,45.13,2.328
PtSi,45.14,2.391
PtSi,45.15,2.486
PtSi,45.16,2.505
PtSi,45.17,2.388
PtSi,45.18,2.276
PtSi,45.19,2.249
PtSi,45.2,2.208
PtSi,45.21,2.174
PtSi,45.22,2.167
PtSi,45.23,2.263
PtSi,45.24,2.283
PtSi,45.25,2.295
PtSi,45.26,2.241
PtSi,45.27,2.178
PtSi,45.28,2.218
PtSi,45.29,2.191
PtSi,45.3,2.216
PtSi,45.31,2.218
PtSi,45.32,2.316
PtSi,45.33,2.265
PtSi,45.34,2.151
PtSi,45.35,2.235
PtSi,45.36,2.36
PtSi,45.37,2.398
PtSi,45.38,2.269
PtSi,45.39,2.155
PtSi,45.4,2.186
PtSi,45.41,2.331
PtSi,45.42,2.361
PtSi,45.43,2.4
PtSi,45.44,2.34
PtSi,45.45,2.34
PtSi,45.46,2.266
PtSi,45.47,2.285
PtSi,45.48,2.237
PtSi,45.49,2.213
PtSi,45.5,2.24
PtSi,45.51,2.283
PtSi,45.52,2.402
PtSi,45.53,2.393
PtSi,45.54,2.397
PtSi,45.55,2.287
PtSi,45.56,2.255
PtSi,45.57,2.211
PtSi,45.58,2.239
PtSi,45.59,2.223
PtSi,45.6,2.317
PtSi,45.61,2.276
PtSi,45.62,2.24
PtSi,45.63,2.194
PtSi,45.64,2.258
PtSi,45.65,2.298
PtSi,45.66,2.29
PtSi,45.67,2.247
PtSi,45.68,2.26
PtSi,45.69,2.224
PtSi,45.7,2.284
PtSi,45.71,2.338
PtSi,45.72,2.398
PtSi,45.73,2.349
PtSi,45.74,2.234
PtSi,45.75,2.163
PtSi,45.76,2.211
PtSi,45.77,2.31
PtSi,45.78,2.354
PtSi,45.79,2.322
PtSi,45.8,2.27
PtSi,45.81,2.25
PtSi,45.82,2.151
PtSi,45.83,2.12
PtSi,45.84,2.143
PtSi,45.85,2.16
PtSi,45.86,2.144
PtSi,45.87,2.162
PtSi,45.88,2.189
PtSi,45.89,2.201
PtSi,45.9,2.241
PtSi,45.91,2.253
PtSi,45.92,2.255
PtSi,45.93,2.218
PtSi,45.94,2.218
PtSi,45.95,2.257
PtSi,45.96,2.236
PtSi,45.97,2.241
PtSi,45.98,2.119
PtSi,45.99,2.181
PtSi,46.0,2.204
PtSi,46.01,2.271
PtSi,46.02,2.17
PtSi,46.03,2.215
PtSi,46.04,2.237
PtSi,46.05,2.261
PtSi,46.06,2.169
PtSi,46.07,2.139
PtSi,46.08,2.111
PtSi,46.09,2.123
PtSi,46.1,2.131
PtSi,46.11,2.152
PtSi,46.12,2.139
PtSi,46.13,2.092
PtSi,46.14,2.153
PtSi,46.15,2.241
PtSi,46.16,2.269
PtSi,46.17,2.253
PtSi,46.18,2.221
PtSi,46.19,2.282
PtSi,46.2,2.292
PtSi,46.21,2.315
PtSi,46.22,2.247
PtSi,46.23,2.193
PtSi,46.24,2.056
PtSi,46.25,2.053
PtSi,46.26,2.148
PtSi,46.27,2.238
PtSi,46.28,2.237
PtSi,46.29,2.258
PtSi,46.3,2.282
PtSi,46.31,2.289
PtSi,46.32,2.2
PtSi,46.33,2.215
PtSi,46.34,2.177
PtSi,46.35,2.101
PtSi,46.36,2.037
PtSi,46.37,2.041
PtSi,46.38,2.054
PtSi,46.39,2.201
PtSi,46.4,2.282
PtSi,46.41,2.28
PtSi,46.42,2.119
PtSi,46.43,2.148
PtSi,46.44,2.247
PtSi,46.45,2.258
PtSi,46.46,2.199
PtSi,46.47,2.079
PtSi,46.48,2.133
PtSi,46.49,2.202
PtSi,46.5,2.247
PtSi,46.51,2.21
PtSi,46.52,2.203
PtSi,46.53,2.234
PtSi,46.54,2.235
PtSi,46.55,2.202
PtSi,46.56,2.184
PtSi,46.57,2.077
PtSi,46.58,2.121
PtSi,46.59,2.167
PtSi,46.6,2.332
PtSi,46.61,2.301
PtSi,46.62,2.208
PtSi,46.63,2.057
PtSi,46.64,2.075
PtSi,46.65,2.13
PtSi,46.66,2.116
PtSi,46.67,2.072
PtSi,46.68,2.11
PtSi,46.69,2.244
PtSi,46.7,2.236
PtSi,46.71,2.227
PtSi,46.72,2.154
PtSi,46.73,2.135
PtSi,46.74,2.12
PtSi,46.75,2.223
PtSi,46.76,2.263
PtSi,46.77,2.337
PtSi,46.78,2.313
PtSi,46.79,2.255
PtSi,46.8,2.114
PtSi,46.81,2.057
PtSi,46.82,1.992
PtSi,46.83,2.02
PtSi,46.84,2.089
PtSi,46.85,2.141
PtSi,46.86,2.086
PtSi,46.87,2.098
PtSi,46.88,2.089
PtSi,46.89,2.088
PtSi,46.9,2.042
PtSi,46.91,2.104
PtSi,46.92,2.108
PtSi,46.93,2.152
PtSi,46.94,2.099
PtSi,46.95,2.144
PtSi,46.96,2.244
PtSi,46.97,2.286
PtSi,46.98,2.258
PtSi,46.99,2.095
PtSi,47.0,2.108
PtSi,47.01,2.108
PtSi,47.02,2.14
PtSi,47.03,2.085
PtSi,47.04,2.116
PtSi,47.05,2.107
PtSi,47.06,2.086
PtSi,47.07,2.044
PtSi,47.08,2.064
PtSi,47.09,2.02
PtSi,47.1,2.03
PtSi,47.11,2.115
PtSi,47.12,2.19
PtSi,47.13,2.13
PtSi,47.14,2.007
PtSi,47.15,1.997
PtSi,47.16,2.038
PtSi,47.17,2.067
PtSi,47.18,2.051
PtSi,47.19,2.061
PtSi,47.2,2.029
PtSi,47.21,2.017
PtSi,47.22,2.06
PtSi,47.23,2.116
PtSi,47.24,2.106
PtSi,47.25,2.074
PtSi,47.26,2.049
PtSi,47.27,2.011
PtSi,47.28,1.966
PtSi,47.29,1.961
PtSi,47.3,2.013
PtSi,47.31,2.045
PtSi,47.32,2.096
PtSi,47.33,2.17
PtSi,47.34,2.193
PtSi,47.35,2.264
PtSi,47.36,2.165
PtSi,47.37,2.099
PtSi,47.38,2.032
PtSi,47.39,2.077
PtSi,47.4,2.009
PtSi,47.41,1.949
PtSi,47.42,1.903
PtSi,47.43,1.996
PtSi,47.44,2.064
PtSi,47.45,2.079
PtSi,47.46,2.032
PtSi,47.47,1.977
PtSi,47.48,1.99
PtSi,47.49,2.07
PtSi,47.5,2.154
PtSi,47.51,2.162
PtSi,47.52,2.129
PtSi,47.53,2.094
PtSi,47.54,2.049
PtSi,47.55,1.99
PtSi,47.56,2.053
PtSi,47.57,2.195
PtSi,47.58,2.231
PtSi,47.59,2.162
PtSi,47.6,2.078
PtSi,47.61,2.089
PtSi,47.62,2.129
PtSi,47.63,2.08
PtSi,47.64,2.028
PtSi,47.65,2.013
PtSi,47.66,2.078
PtSi,47.67,2.115
PtSi,47.68,2.16
PtSi,47.69,2.152
PtSi,47.7,2.048
PtSi,47.71,2.017
PtSi,47.72,2.073
PtSi,47.73,2.084
PtSi,47.74,2.05
PtSi,47.75,2.01
PtSi,47.76,2.026
PtSi,47.77,2.025
PtSi,47.78,2.071
PtSi,47.79,2.132
PtSi,47.8,2.11
PtSi,47.81,2.056
PtSi,47.82,1.956
PtSi,47.83,1.895
PtSi,47.84,1.89
PtSi,47.85,1.912
PtSi,47.86,1.987
PtSi,47.87,2.006
PtSi,47.88,2.032
PtSi,47.89,2.009
PtSi,47.9,1.948
PtSi,47.91,1.952
PtSi,47.92,1.994
PtSi,47.93,2.044
PtSi,47.94,2.021
PtSi,47.95,1.964
PtSi,47.96,1.906
PtSi,47.97,1.867
PtSi,47.98,1.778
PtSi,47.99,1.765
PtSi,48.0,1.917
PtSi,48.01,2.187
PtSi,48.02,2.16
PtSi,48.03,2.025
PtSi,48.04,2.006
PtSi,48.05,2.132
PtSi,48.06,2.219
PtSi,48.07,2.121
PtSi,48.08,2.041
PtSi,48.09,1.996
PtSi,48.1,2.05
PtSi,48.11,2.102
PtSi,48.12,2.06
PtSi,48.13,2.045
PtSi,48.14,2.023
PtSi,48.15,2.045
PtSi,48.16,2.008
PtSi,48.17,2.079
PtSi,48.18,2.127
PtSi,48.19,2.094
PtSi,48.2,2.006
PtSi,48.21,1.951
PtSi,48.22,1.917
PtSi,48.23,1.911
PtSi,48.24,1.965
PtSi,48.25,1.988
PtSi,48.26,1.977
PtSi,48.27,1.968
PtSi,48.28,2.008
PtSi,48.29,1.977
PtSi,48.3,1.967
PtSi,48.31,2.012
PtSi,48.32,2.063
PtSi,48.33,2.067
PtSi,48.34,2.066
PtSi,48.35,2.006
PtSi,48.36,1.916
PtSi,48.37,1.901
PtSi,48.38,1.908
PtSi,48.39,1.967
PtSi,48.4,2.031
PtSi,48.41,2.075
PtSi,48.42,2.085
PtSi,48.43,2.097
PtSi,48.44,2.089
PtSi,48.45,2.021
PtSi,48.46,2.029
PtSi,48.47,2.011
PtSi,48.48,1.918
PtSi,48.49,1.856
PtSi,48.5,1.908
PtSi,48.51,1.991
PtSi,48.52,1.96
PtSi,48.53,1.938
PtSi,48.54,1.92
PtSi,48.55,1.932
PtSi,48.56,1.89
PtSi,48.57,1.921
PtSi,48.58,1.974
PtSi,48.59,2.086
PtSi,48.6,2.055
PtSi,48.61,2.034
PtSi,48.62,2.058
PtSi,48.63,2.102
PtSi,48.64,2.067
PtSi,48.65,1.957
PtSi,48.66,2.005
PtSi,48.67,2.035
PtSi,48.68,2.118
PtSi,48.69,2.006
PtSi,48.7,1.96
PtSi,48.71,1.967
PtSi,48.72,2.024
PtSi,48.73,2.024
PtSi,48.74,2.005
PtSi,48.75,1.962
PtSi,48.76,1.955
PtSi,48.77,1.863
PtSi,48.78,1.897
PtSi,48.79,1.926
PtSi,48.8,1.995
PtSi,48.81,1.93
PtSi,48.82,1.962
PtSi,48.83,1.971
PtSi,48.84,2.078
PtSi,48.85,2.084
PtSi,48.86,2.122
PtSi,48.87,2.008
PtSi,48.88,1.929
PtSi,48.89,1.915
PtSi,48.9,1.921
PtSi,48.91,1.947
PtSi,48.92,1.955
PtSi,48.93,1.913
PtSi,48.94,1.921
PtSi,48.95,1.929
PtSi,48.96,1.935
PtSi,48.97,1.961
PtSi,48.98,1.902
PtSi,48.99,1.89
PtSi,49.0,1.928
PtSi,49.01,1.981
PtSi,49.02,1.969
PtSi,49.03,1.936
PtSi,49.04,1.922
PtSi,49.05,1.98
PtSi,49.06,1.949
PtSi,49.07,1.894
PtSi,49.08,1.868
PtSi,49.09,1.866
PtSi,49.1,1.911
PtSi,49.11,1.836
PtSi,49.12,1.825
PtSi,49.13,1.852
PtSi,49.14,1.922
PtSi,49.15,1.924
PtSi,49.16,1.914
PtSi,49.17,1.926
PtSi,49.18,1.947
PtSi,49.19,1.968
PtSi,49.2,2.003
PtSi,49.21,2.053
PtSi,49.22,1.995
PtSi,49.23,1.976
PtSi,49.24,1.921
PtSi,49.25,1.921
PtSi,49.26,1.967
PtSi,49.27,1.937
PtSi,49.28,1.935
PtSi,49.29,1.944
PtSi,49.3,2.017
PtSi,49.31,2.005
PtSi,49.32,1.925
PtSi,49.33,1.882
PtSi,49.34,1.94
PtSi,49.35,1.932
PtSi,49.36,1.933
PtSi,49.37,1.872
PtSi,49.38,1.905
PtSi,49.39,1.855
PtSi,49.4,1.858
PtSi,49.41,2.001
PtSi,49.42,2.082
PtSi,49.43,2.066
PtSi,49.44,1.958
PtSi,49.45,2.005
PtSi,49.46,1.992
PtSi,49.47,1.964
PtSi,49.48,1.9
PtSi,49.49,1.882
PtSi,49.5,1.887
PtSi,49.51,1.943
PtSi,49.52,1.946
PtSi,49.53,1.905
PtSi,49.54,1.877
PtSi,49.55,1.924
PtSi,49.56,1.987
PtSi,49.57,2.032
PtSi,49.58,2.045
PtSi,49.59,1.982
PtSi,49.6,1.94
PtSi,49.61,2.033
PtSi,49.62,2.089
PtSi,49.63,2.026
PtSi,49.64,1.961
PtSi,49.65,1.922
PtSi,49.66,1.92
PtSi,49.67,1.82
PtSi,49.68,1.826
PtSi,49.69,1.816
PtSi,49.7,1.892
PtSi,49.71,1.941
PtSi,49.72,2.005
PtSi,49.73,2.035
PtSi,49.74,1.959
PtSi,49.75,1.896
PtSi,49.76,1.865
PtSi,49.77,1.88
PtSi,49.78,1.851
PtSi,49.79,1.834
PtSi,49.8,1.844
PtSi,49.81,1.858
PtSi,49.82,1.915
PtSi,49.83,1.861
PtSi,49.84,1.84
PtSi,49.85,1.817
PtSi,49.86,1.9
PtSi,49.87,1.911
PtSi,49.88,1.902
PtSi,49.89,1.851
PtSi,49.9,1.885
PtSi,49.91,1.89
PtSi,49.92,1.937
PtSi,49.93,1.954
PtSi,49.94,1.971
PtSi,49.95,1.923
PtSi,49.96,1.893
PtSi,49.97,1.873
PtSi,49.98,1.917
PtSi,49.99,1.901
PtSi,50.0,1.945
PtSi,50.01,1.881
PtSi,50.02,1.87
PtSi,50.03,1.905
PtSi,50.04,1.962
PtSi,50.05,1.976
PtSi,50.06,1.875
PtSi,50.07,1.778
PtSi,50.08,1.754
PtSi,50.09,1.784
PtSi,50.1,1.787
PtSi,50.11,1.757
PtSi,50.12,1.792
PtSi,50.13,1.875
PtSi,50.14,1.885
PtSi,50.15,1.916
PtSi,50.16,1.843
PtSi,50.17,1.759
PtSi,50.18,1.796
PtSi,50.19,1.894
PtSi,50.2,2.003
PtSi,50.21,1.994
PtSi,50.22,1.972
PtSi,50.23,1.912
PtSi,50.24,1.878
PtSi,50.25,1.872
PtSi,50.26,1.896
PtSi,50.27,1.86
PtSi,50.28,1.811
PtSi,50.29,1.815
PtSi,50.3,1.881
PtSi,50.31,1.91
PtSi,50.32,1.946
PtSi,50.33,1.979
PtSi,50.34,2.049
PtSi,50.35,2.012
PtSi,50.36,1.972
PtSi,50.37,1.892
PtSi,50.38,1.829
PtSi,50.39,1.783
PtSi,50.4,1.851
PtSi,50.41,1.925
PtSi,50.42,1.974
PtSi,50.43,1.903
PtSi,50.44,1.848
PtSi,50.45,1.883
PtSi,50.46,1.911
PtSi,50.47,1.915
PtSi,50.48,1.868
PtSi,50.49,1.873
PtSi,50.5,1.844
PtSi,50.51,1.84
PtSi,50.52,1.818
PtSi,50.53,1.814
PtSi,50.54,1.854
PtSi,50.55,1.916
PtSi,50.56,1.941
PtSi,50.57,1.913
PtSi,50.58,1.862
PtSi,50.59,1.822
PtSi,50.6,1.846
PtSi,50.61,1.918
PtSi,50.62,1.932
PtSi,50.63,1.891
PtSi,50.64,1.799
PtSi,50.65,1.734
PtSi,50.66,1.755
PtSi,50.67,1.809
PtSi,50.68,1.859
PtSi,50.69,1.889
PtSi,50.7,1.87
PtSi,50.71,1.899
PtSi,50.72,1.944
PtSi,50.73,2.024
PtSi,50.74,2.041
PtSi,50.75,1.936
PtSi,50.76,1.887
PtSi,50.77,1.828
PtSi,50.78,1.848
PtSi,50.79,1.828
PtSi,50.8,1.88
PtSi,50.81,1.96
PtSi,50.82,2.02
PtSi,50.83,1.995
PtSi,50.84,1.92
PtSi,50.85,1.891
PtSi,50.86,1.863
PtSi,50.87,1.825
PtSi,50.88,1.8
PtSi,50.89,1.866
PtSi,50.9,1.958
PtSi,50.91,2.016
PtSi,50.92,2.084
PtSi,50.93,2.033
PtSi,50.94,1.983
PtSi,50.95,1.872
PtSi,50.96,1.822
PtSi,50.97,1.792
PtSi,50.98,1.797
PtSi,50.99,1.791
PtSi,51.0,1.809
PtSi,51.01,1.829
PtSi,51.02,1.843
PtSi,51.03,1.807
PtSi,51.04,1.755
PtSi,51.05,1.813
PtSi,51.06,1.879
PtSi,51.07,1.937
PtSi,51.08,1.89
PtSi,51.09,1.858
PtSi,51.1,1.865
PtSi,51.11,1.83
PtSi,51.12,1.808
PtSi,51.13,1.771
PtSi,51.14,1.874
PtSi,51.15,1.897
PtSi,51.16,1.893
PtSi,51.17,1.861
PtSi,51.18,1.796
PtSi,51.19,1.81
PtSi,51.2,1.893
PtSi,51.21,1.943
PtSi,51.22,1.885
PtSi,51.23,1.852
PtSi,51.24,1.844
PtSi,51.25,1.86
PtSi,51.26,1.75
PtSi,51.27,1.729
PtSi,51.28,1.752
PtSi,51.29,1.807
PtSi,51.3,1.871
PtSi,51.31,1.905
PtSi,51.32,1.911
PtSi,51.33,1.861
PtSi,51.34,1.799
PtSi,51.35,1.793
PtSi,51.36,1.762
PtSi,51.37,1.832
PtSi,51.38,1.837
PtSi,51.39,1.836
PtSi,51.4,1.877
PtSi,51.41,1.922
PtSi,51.42,1.934
PtSi,51.43,1.871
PtSi,51.44,1.873
PtSi,51.45,1.92
PtSi,51.46,2.017
PtSi,51.47,1.962
PtSi,51.48,1.886
PtSi,51.49,1.744
PtSi,51.5,1.767
PtSi,51.51,1.833
PtSi,51.52,1.86
PtSi,51.53,1.801
PtSi,51.54,1.764
PtSi,51.55,1.709
PtSi,51.56,1.711
PtSi,51.57,1.817
PtSi,51.58,1.902
PtSi,51.59,1.919
PtSi,51.6,1.914
PtSi,51.61,1.912
PtSi,51.62,1.945
PtSi,51.63,1.957
PtSi,51.64,2.031
PtSi,51.65,1.935
PtSi,51.66,1.784
PtSi,51.67,1.675
PtSi,51.68,1.683
PtSi,51.69,1.696
PtSi,51.7,1.726
PtSi,51.71,1.794
PtSi,51.72,1.873
PtSi,51.73,1.894
PtSi,51.74,1.881
PtSi,51.75,1.815
PtSi,51.76,1.775
PtSi,51.77,1.725
PtSi,51.78,1.703
PtSi,51.79,1.723
PtSi,51.8,1.791
PtSi,51.81,1.795
PtSi,51.82,1.738
PtSi,51.83,1.675
PtSi,51.84,1.706
PtSi,51.85,1.705
PtSi,51.86,1.744
PtSi,51.87,1.78
PtSi,51.88,1.799
PtSi,51.89,1.758
PtSi,51.9,1.75
PtSi,51.91,1.807
PtSi,51.92,1.892
PtSi,51.93,1.914
PtSi,51.94,1.858
PtSi,51.95,1.824
PtSi,51.96,1.77
PtSi,51.97,1.765
PtSi,51.98,1.671
PtSi,51.99,1.697
PtSi,52.0,1.763
PtSi,52.01,1.807
PtSi,52.02,1.792
PtSi,52.03,1.768
PtSi,52.04,1.82
PtSi,52.05,1.835
PtSi,52.06,1.881
PtSi,52.07,1.877
PtSi,52.08,1.825
PtSi,52.09,1.794
PtSi,52.1,1.854
PtSi,52.11,1.909
PtSi,52.12,1.887
PtSi,52.13,1.764
PtSi,52.14,1.697
PtSi,52.15,1.665
PtSi,52.16,1.719
PtSi,52.17,1.703
PtSi,52.18,1.792
PtSi,52.19,1.886
PtSi,52.2,1.981
PtSi,52.21,1.904
PtSi,52.22,1.865
PtSi,52.23,1.819
PtSi,52.24,1.894
PtSi,52.25,1.907
PtSi,52.26,1.936
PtSi,52.27,1.92
PtSi,52.28,1.869
PtSi,52.29,1.862
PtSi,52.3,1.811
PtSi,52.31,1.865
PtSi,52.32,1.826
PtSi,52.33,1.853
PtSi,52.34,1.794
PtSi,52.35,1.802
PtSi,52.36,1.842
PtSi,52.37,1.893
PtSi,52.38,1.896
PtSi,52.39,1.818
PtSi,52.4,1.783
PtSi,52.41,1.733
PtSi,52.42,1.745
PtSi,52.43,1.799
PtSi,52.44,1.919
PtSi,52.45,1.864
PtSi,52.46,1.845
PtSi,52.47,1.824
PtSi,52.48,1.817
PtSi,52.49,1.754
PtSi,52.5,1.747
PtSi,52.51,1.838
PtSi,52.52,1.893
PtSi,52.53,1.849
PtSi,52.54,1.807
PtSi,52.55,1.727
PtSi,52.56,1.8
PtSi,52.57,1.813
PtSi,52.58,1.867
PtSi,52.59,1.837
PtSi,52.6,1.826
PtSi,52.61,1.832
PtSi,52.62,1.813
PtSi,52.63,1.859
PtSi,52.64,1.782
PtSi,52.65,1.778
PtSi,52.66,1.713
PtSi,52.67,1.736
PtSi,52.68,1.784
PtSi,52.69,1.83
PtSi,52.7,1.814
PtSi,52.71,1.706
PtSi,52.72,1.657
PtSi,52.73,1.707
PtSi,52.74,1.776
PtSi,52.75,1.791
PtSi,52.76,1.747
PtSi,52.77,1.82
PtSi,52.78,1.906
PtSi,52.79,1.947
PtSi,52.8,1.902
PtSi,52.81,1.844
PtSi,52.82,1.763
PtSi,52.83,1.759
PtSi,52.84,1.793
PtSi,52.85,1.758
PtSi,52.86,1.721
PtSi,52.87,1.727
PtSi,52.88,1.752
PtSi,52.89,1.76
PtSi,52.9,1.76
PtSi,52.91,1.812
PtSi,52.92,1.79
PtSi,52.93,1.79
PtSi,52.94,1.789
PtSi,52.95,1.831
PtSi,52.96,1.833
PtSi,52.97,1.855
PtSi,52.98,1.849
PtSi,52.99,1.796
PtSi,53.0,1.738
PtSi,53.01,1.722
PtSi,53.02,1.802
PtSi,53.03,1.837
PtSi,53.04,1.841
PtSi,53.05,1.802
PtSi,53.06,1.851
PtSi,53.07,1.852
PtSi,53.08,1.847
PtSi,53.09,1.792
PtSi,53.1,1.766
PtSi,53.11,1.793
PtSi,53.12,1.833
PtSi,53.13,1.848
PtSi,53.14,1.747
PtSi,53.15,1.718
PtSi,53.16,1.706
PtSi,53.17,1.639
PtSi,53.18,1.679
PtSi,53.19,1.72
PtSi,53.2,1.743
PtSi,53.21,1.719
PtSi,53.22,1.736
PtSi,53.23,1.773
PtSi,53.24,1.813
PtSi,53.25,1.828
PtSi,53.26,1.805
PtSi,53.27,1.835
PtSi,53.28,1.872
PtSi,53.29,1.894
PtSi,53.3,1.783
PtSi,53.31,1.705
PtSi,53.32,1.669
PtSi,53.33,1.71
PtSi,53.34,1.751
PtSi,53.35,1.743
PtSi,53.36,1.759
PtSi,53.37,1.797
PtSi,53.38,1.804
PtSi,53.39,1.79
PtSi,53.4,1.765
PtSi,53.41,1.672
PtSi,53.42,1.615
PtSi,53.43,1.604
PtSi,53.44,1.664
PtSi,53.45,1.734
PtSi,53.46,1.814
PtSi,53.47,1.762
PtSi,53.48,1.73
PtSi,53.49,1.657
PtSi,53.5,1.647
PtSi,53.51,1.663
PtSi,53.52,1.708
PtSi,53.53,1.715
PtSi,53.54,1.688
PtSi,53.55,1.686
PtSi,53.56,1.671
PtSi,53.57,1.756
PtSi,53.58,1.757
PtSi,53.59,1.742
PtSi,53.6,1.654
PtSi,53.61,1.689
PtSi,53.62,1.714
PtSi,53.63,1.8
PtSi,53.64,1.842
PtSi,53.65,1.836
PtSi,53.66,1.781
PtSi,53.67,1.738
PtSi,53.68,1.663
PtSi,53.69,1.664
PtSi,53.7,1.691
PtSi,53.71,1.744
PtSi,53.72,1.72
PtSi,53.73,1.743
PtSi,53.74,1.707
PtSi,53.75,1.656
PtSi,53.76,1.671
PtSi,53.77,1.754
PtSi,53.78,1.783
PtSi,53.79,1.779
PtSi,53.8,1.767
PtSi,53.81,1.744
PtSi,53.82,1.784
PtSi,53.83,1.776
PtSi,53.84,1.761
PtSi,53.85,1.741
PtSi,53.86,1.774
PtSi,53.87,1.846
PtSi,53.88,1.821
PtSi,53.89,1.812
PtSi,53.9,1.763
PtSi,53.91,1.72
PtSi,53.92,1.681
PtSi,53.93,1.669
PtSi,53.94,1.763
PtSi,53.95,1.813
PtSi,53.96,1.789
PtSi,53.97,1.785
PtSi,53.98,1.715
PtSi,53.99,1.681
PtSi,54.0,1.63
PtSi,54.01,1.659
PtSi,54.02,1.667
PtSi,54.03,1.664
PtSi,54.04,1.697
PtSi,54.05,1.715
PtSi,54.06,1.727
PtSi,54.07,1.741
PtSi,54.08,1.71
PtSi,54.09,1.701
PtSi,54.1,1.684
PtSi,54.11,1.709
PtSi,54.12,1.758
PtSi,54.13,1.77
PtSi,54.14,1.794
PtSi,54.15,1.742
PtSi,54.16,1.741
PtSi,54.17,1.709
PtSi,54.18,1.721
PtSi,54.19,1.729
PtSi,54.2,1.72
PtSi,54.21,1.681
PtSi,54.22,1.662
PtSi,54.23,1.687
PtSi,54.24,1.74
PtSi,54.25,1.75
PtSi,54.26,1.794
PtSi,54.27,1.755
PtSi,54.28,1.778
PtSi,54.29,1.782
PtSi,54.3,1.782
PtSi,54.31,1.749
PtSi,54.32,1.678
PtSi,54.33,1.661
PtSi,54.34,1.686
PtSi,54.35,1.674
PtSi,54.36,1.649
PtSi,54.37,1.577
PtSi,54.38,1.633
PtSi,54.39,1.705
PtSi,54.4,1.78
PtSi,54.41,1.803
PtSi,54.42,1.866
PtSi,54.43,1.838
PtSi,54.44,1.71
PtSi,54.45,1.646
PtSi,54.46,1.695
PtSi,54.47,1.762
PtSi,54.48,1.764
PtSi,54.49,1.718
PtSi,54.5,1.77
PtSi,54.51,1.767
PtSi,54.52,1.785
PtSi,54.53,1.72
PtSi,54.54,1.761
PtSi,54.55,1.783
PtSi,54.56,1.758
PtSi,54.57,1.727
PtSi,54.58,1.704
PtSi,54.59,1.757
PtSi,54.6,1.711
PtSi,54.61,1.681
PtSi,54.62,1.638
PtSi,54.63,1.698
PtSi,54.64,1.712
PtSi,54.65,1.751
PtSi,54.66,1.73
PtSi,54.67,1.655
PtSi,54.68,1.642
PtSi,54.69,1.671
PtSi,54.7,1.776
PtSi,54.71,1.758
PtSi,54.72,1.707
PtSi,54.73,1.692
PtSi,54.74,1.673
PtSi,54.75,1.68
PtSi,54.76,1.615
PtSi,54.77,1.608
PtSi,54.78,1.621
PtSi,54.79,1.646
PtSi,54.8,1.741
PtSi,54.81,1.752
PtSi,54.82,1.782
PtSi,54.83,1.691
PtSi,54.84,1.672
PtSi,54.85,1.674
PtSi,54.86,1.729
PtSi,54.87,1.743
PtSi,54.88,1.741
PtSi,54.89,1.742
PtSi,54.9,1.806
PtSi,54.91,1.84
PtSi,54.92,1.817
PtSi,54.93,1.718
PtSi,54.94,1.635
PtSi,54.95,1.628
PtSi,54.96,1.616
PtSi,54.97,1.654
PtSi,54.98,1.664
PtSi,54.99,1.663
PtSi,55.0,1.628
PtSi,55.01,1.579
PtSi,55.02,1.671
PtSi,55.03,1.731
PtSi,55.04,1.819
PtSi,55.05,1.751
PtSi,55.06,1.696
PtSi,55.07,1.587
PtSi,55.08,1.618
PtSi,55.09,1.668
PtSi,55.1,1.724
PtSi,55.11,1.655
PtSi,55.12,1.623
PtSi,55.13,1.642
PtSi,55.14,1.739
PtSi,55.15,1.786
PtSi,55.16,1.802
PtSi,55.17,1.716
PtSi,55.18,1.708
PtSi,55.19,1.662
PtSi,55.2,1.646
PtSi,55.21,1.614
PtSi,55.22,1.62
PtSi,55.23,1.688
PtSi,55.24,1.698
PtSi,55.25,1.727
PtSi,55.26,1.616
PtSi,55.27,1.608
PtSi,55.28,1.698
PtSi,55.29,1.803
PtSi,55.3,1.758
PtSi,55.31,1.691
PtSi,55.32,1.659
PtSi,55.33,1.691
PtSi,55.34,1.711
PtSi,55.35,1.71
PtSi,55.36,1.721
PtSi,55.37,1.759
PtSi,55.38,1.788
PtSi,55.39,1.678
PtSi,55.4,1.677
PtSi,55.41,1.665
PtSi,55.42,1.727
PtSi,55.43,1.742
PtSi,55.44,1.804
PtSi,55.45,1.749
PtSi,55.46,1.693
PtSi,55.47,1.706
PtSi,55.48,1.769
PtSi,55.49,1.768
PtSi,55.5,1.674
PtSi,55.51,1.623
PtSi,55.52,1.574
PtSi,55.53,1.646
PtSi,55.54,1.744
PtSi,55.55,1.785
PtSi,55.56,1.714
PtSi,55.57,1.624
PtSi,55.58,1.578
PtSi,55.59,1.556
PtSi,55.6,1.602
PtSi,55.61,1.72
PtSi,55.62,1.8
PtSi,55.63,1.793
PtSi,55.64,1.712
PtSi,55.65,1.645
PtSi,55.66,1.59
PtSi,55.67,1.607
PtSi,55.68,1.612
PtSi,55.69,1.652
PtSi,55.7,1.68
PtSi,55.71,1.775
PtSi,55.72,1.766
PtSi,55.73,1.684
PtSi,55.74,1.569
PtSi,55.75,1.651
PtSi,55.76,1.682
PtSi,55.77,1.671
PtSi,55.78,1.682
PtSi,55.79,1.678
PtSi,55.8,1.643
PtSi,55.81,1.686
PtSi,55.82,1.703
PtSi,55.83,1.715
PtSi,55.84,1.714
PtSi,55.85,1.731
PtSi,55.86,1.668
PtSi,55.87,1.598
PtSi,55.88,1.619
PtSi,55.89,1.61
PtSi,55.9,1.613
PtSi,55.91,1.599
PtSi,55.92,1.644
PtSi,55.93,1.653
PtSi,55.94,1.663
PtSi,55.95,1.689
PtSi,55.96,1.688
PtSi,55.97,1.683
PtSi,55.98,1.665
PtSi,55.99,1.678
PtSi,56.0,1.7
PtSi,56.01,1.68
PtSi,56.02,1.643
PtSi,56.03,1.638
PtSi,56.04,1.694
PtSi,56.05,1.732
PtSi,56.06,1.68
PtSi,56.07,1.651
PtSi,56.08,1.657
PtSi,56.09,1.672
PtSi,56.1,1.691
PtSi,56.11,1.755
PtSi,56.12,1.742
PtSi,56.13,1.658
PtSi,56.14,1.616
PtSi,56.15,1.651
PtSi,56.16,1.695
PtSi,56.17,1.663
PtSi,56.18,1.588
PtSi,56.19,1.6
PtSi,56.2,1.714
PtSi,56.21,1.795
PtSi,56.22,1.866
PtSi,56.23,1.799
PtSi,56.24,1.746
PtSi,56.25,1.652
PtSi,56.26,1.652
PtSi,56.27,1.689
PtSi,56.28,1.667
PtSi,56.29,1.703
PtSi,56.3,1.695
PtSi,56.31,1.712
PtSi,56.32,1.742
PtSi,56.33,1.716
PtSi,56.34,1.758
PtSi,56.35,1.69
PtSi,56.36,1.666
PtSi,56.37,1.664
PtSi,56.38,1.675
PtSi,56.39,1.644
PtSi,56.4,1.633
PtSi,56.41,1.662
PtSi,56.42,1.745
PtSi,56.43,1.807
PtSi,56.44,1.764
PtSi,56.45,1.715
PtSi,56.46,1.695
PtSi,56.47,1.729
PtSi,56.48,1.676
PtSi,56.49,1.708
PtSi,56.5,1.728
PtSi,56.51,1.661
PtSi,56.52,1.53
PtSi,56.53,1.561
PtSi,56.54,1.642
PtSi,56.55,1.677
PtSi,56.56,1.694
PtSi,56.57,1.68
PtSi,56.58,1.628
PtSi,56.59,1.58
PtSi,56.6,1.621
PtSi,56.61,1.623
PtSi,56.62,1.647
PtSi,56.63,1.695
PtSi,56.64,1.724
PtSi,56.65,1.776
PtSi,56.66,1.779
PtSi,56.67,1.766
PtSi,56.68,1.728
PtSi,56.69,1.716
PtSi,56.7,1.774
PtSi,56.71,1.818
PtSi,56.72,1.796
PtSi,56.73,1.757
PtSi,56.74,1.686
PtSi,56.75,1.616
PtSi,56.76,1.584
PtSi,56.77,1.672
PtSi,56.78,1.703
PtSi,56.79,1.715
PtSi,56.8,1.693
PtSi,56.81,1.689
PtSi,56.82,1.727
PtSi,56.83,1.755
PtSi,56.84,1.814
PtSi,56.85,1.762
PtSi,56.86,1.693
PtSi,56.87,1.658
PtSi,56.88,1.688
PtSi,56.89,1.687
PtSi,56.9,1.614
PtSi,56.91,1.6
PtSi,56.92,1.712
PtSi,56.93,1.754
PtSi,56.94,1.709
PtSi,56.95,1.583
PtSi,56.96,1.584
PtSi,56.97,1.608
PtSi,56.98,1.682
PtSi,56.99,1.741
PtSi,57.0,1.76
PtSi,57.01,1.731
PtSi,57.02,1.669
PtSi,57.03,1.625
PtSi,57.04,1.602
PtSi,57.05,1.663
PtSi,57.06,1.662
PtSi,57.07,1.709
PtSi,57.08,1.713
PtSi,57.09,1.754
PtSi,57.1,1.662
PtSi,57.11,1.618
PtSi,57.12,1.588
PtSi,57.13,1.672
PtSi,57.14,1.727
PtSi,57.15,1.763
PtSi,57.16,1.69
PtSi,57.17,1.666
PtSi,57.18,1.652
PtSi,57.19,1.691
PtSi,57.2,1.682
PtSi,57.21,1.639
PtSi,57.22,1.577
PtSi,57.23,1.655
PtSi,57.24,1.669
PtSi,57.25,1.674
PtSi,57.26,1.618
PtSi,57.27,1.683
PtSi,57.28,1.628
PtSi,57.29,1.587
PtSi,57.3,1.536
PtSi,57.31,1.635
PtSi,57.32,1.686
PtSi,57.33,1.751
PtSi,57.34,1.677
PtSi,57.35,1.694
PtSi,57.36,1.671
PtSi,57.37,1.723
PtSi,57.38,1.712
PtSi,57.39,1.655
PtSi,57.4,1.628
PtSi,57.41,1.605
PtSi,57.42,1.67
PtSi,57.43,1.667
PtSi,57.44,1.621
PtSi,57.45,1.633
PtSi,57.46,1.643
PtSi,57.47,1.694
PtSi,57.48,1.718
PtSi,57.49,1.715
PtSi,57.5,1.664
PtSi,57.51,1.638
PtSi,57.52,1.586
PtSi,57.53,1.597
PtSi,57.54,1.62
PtSi,57.55,1.71
PtSi,57.56,1.736
PtSi,57.57,1.79
PtSi,57.58,1.768
PtSi,57.59,1.722
PtSi,57.6,1.651
PtSi,57.61,1.613
PtSi,57.62,1.691
PtSi,57.63,1.779
PtSi,57.64,1.874
PtSi,57.65,1.851
PtSi,57.66,1.815
PtSi,57.67,1.736
PtSi,57.68,1.711
PtSi,57.69,1.695
PtSi,57.7,1.616
PtSi,57.71,1.542
PtSi,57.72,1.51
PtSi,57.73,1.658
PtSi,57.74,1.786
PtSi,57.75,1.779
PtSi,57.76,1.658
PtSi,57.77,1.604
PtSi,57.78,1.634
PtSi,57.79,1.719
PtSi,57.8,1.768
PtSi,57.81,1.779
PtSi,57.82,1.666
PtSi,57.83,1.593
PtSi,57.84,1.516
PtSi,57.85,1.55
PtSi,57.86,1.533
PtSi,57.87,1.603
PtSi,57.88,1.658
PtSi,57.89,1.789
PtSi,57.9,1.79
PtSi,57.91,1.802
PtSi,57.92,1.698
PtSi,57.93,1.596
PtSi,57.94,1.57
PtSi,57.95,1.62
PtSi,57.96,1.668
PtSi,57.97,1.645
PtSi,57.98,1.568
PtSi,57.99,1.508
PtSi,58.0,1.534
PtSi,58.01,1.616
PtSi,58.02,1.677
PtSi,58.03,1.651
PtSi,58.04,1.589
PtSi,58.05,1.596
PtSi,58.06,1.562
PtSi,58.07,1.596
PtSi,58.08,1.583
PtSi,58.09,1.637
PtSi,58.1,1.652
PtSi,58.11,1.681
PtSi,58.12,1.686
PtSi,58.13,1.715
PtSi,58.14,1.78
PtSi,58.15,1.832
PtSi,58.16,1.767
PtSi,58.17,1.687
PtSi,58.18,1.688
PtSi,58.19,1.673
PtSi,58.2,1.643
PtSi,58.21,1.643
PtSi,58.22,1.613
PtSi,58.23,1.607
PtSi,58.24,1.671
PtSi,58.25,1.745
PtSi,58.26,1.757
PtSi,58.27,1.772
PtSi,58.28,1.741
PtSi,58.29,1.722
PtSi,58.3,1.643
PtSi,58.31,1.62
PtSi,58.32,1.633
PtSi,58.33,1.656
PtSi,58.34,1.653
PtSi,58.35,1.647
PtSi,58.36,1.668
PtSi,58.37,1.652
PtSi,58.38,1.633
PtSi,58.39,1.619
PtSi,58.4,1.719
PtSi,58.41,1.803
PtSi,58.42,1.788
PtSi,58.43,1.745
PtSi,58.44,1.665
PtSi,58.45,1.647
PtSi,58.46,1.592
PtSi,58.47,1.651
PtSi,58.48,1.716
PtSi,58.49,1.677
PtSi,58.5,1.653
PtSi,58.51,1.72
PtSi,58.52,1.899
PtSi,58.53,1.885
PtSi,58.54,1.818
PtSi,58.55,1.694
PtSi,58.56,1.681
PtSi,58.57,1.619
PtSi,58.58,1.642
PtSi,58.59,1.684
PtSi,58.6,1.653
PtSi,58.61,1.571
PtSi,58.62,1.579
PtSi,58.63,1.686
PtSi,58.64,1.713
PtSi,58.65,1.629
PtSi,58.66,1.63
PtSi,58.67,1.683
PtSi,58.68,1.75
PtSi,58.69,1.759
PtSi,58.7,1.769
PtSi,58.71,1.763
PtSi,58.72,1.715
PtSi,58.73,1.695
PtSi,58.74,1.691
PtSi,58.75,1.74
PtSi,58.76,1.683
PtSi,58.77,1.625
PtSi,58.78,1.57
PtSi,58.79,1.567
PtSi,58.8,1.589
PtSi,58.81,1.644
PtSi,58.82,1.696
PtSi,58.83,1.675
PtSi,58.84,1.614
PtSi,58.85,1.551
PtSi,58.86,1.543
PtSi,58.87,1.576
PtSi,58.88,1.612
PtSi,58.89,1.648
PtSi,58.9,1.669
PtSi,58.91,1.709
PtSi,58.92,1.733
PtSi,58.93,1.771
PtSi,58.94,1.752
PtSi,58.95,1.722
PtSi,58.96,1.682
PtSi,58.97,1.708
PtSi,58.98,1.702
PtSi,58.99,1.714
PtSi,59.0,1.689
PtSi,59.01,1.774
PtSi,59.02,1.747
PtSi,59.03,1.782
PtSi,59.04,1.705
PtSi,59.05,1.729
PtSi,59.06,1.725
PtSi,59.07,1.732
PtSi,59.08,1.688
PtSi,59.09,1.654
PtSi,59.1,1.624
PtSi,59.11,1.682
PtSi,59.12,1.7
PtSi,59.13,1.721
PtSi,59.14,1.702
PtSi,59.15,1.724
PtSi,59.16,1.679
PtSi,59.17,1.66
PtSi,59.18,1.628
PtSi,59.19,1.685
PtSi,59.2,1.696
PtSi,59.21,1.672
PtSi,59.22,1.703
PtSi,59.23,1.697
PtSi,59.24,1.66
PtSi,59.25,1.558
PtSi,59.26,1.568
PtSi,59.27,1.612
PtSi,59.28,1.609
PtSi,59.29,1.628
PtSi,59.3,1.631
PtSi,59.31,1.644
PtSi,59.32,1.656
PtSi,59.33,1.672
PtSi,59.34,1.694
PtSi,59.35,1.717
PtSi,59.36,1.714
PtSi,59.37,1.658
PtSi,59.38,1.657
PtSi,59.39,1.707
PtSi,59.4,1.797
PtSi,59.41,1.783
PtSi,59.42,1.88
PtSi,59.43,1.802
PtSi,59.44,1.741
PtSi,59.45,1.629
PtSi,59.46,1.67
PtSi,59.47,1.657
PtSi,59.48,1.668
PtSi,59.49,1.653
PtSi,59.5,1.701
PtSi,59.51,1.722
PtSi,59.52,1.759
PtSi,59.53,1.696
PtSi,59.54,1.652
PtSi,59.55,1.663
PtSi,59.56,1.771
PtSi,59.57,1.828
PtSi,59.58,1.844
PtSi,59.59,1.788
PtSi,59.6,1.712
PtSi,59.61,1.714
PtSi,59.62,1.619
PtSi,59.63,1.601
PtSi,59.64,1.534
PtSi,59.65,1.638
PtSi,59.66,1.691
PtSi,59.67,1.663
PtSi,59.68,1.669
PtSi,59.69,1.608
PtSi,59.7,1.564
PtSi,59.71,1.456
PtSi,59.72,1.559
PtSi,59.73,1.698
PtSi,59.74,1.802
PtSi,59.75,1.817
PtSi,59.76,1.693
PtSi,59.77,1.627
PtSi,59.78,1.574
PtSi,59.79,1.591
PtSi,59.8,1.603
PtSi,59.81,1.605
PtSi,59.82,1.689
PtSi,59.83,1.696
PtSi,59.84,1.637
PtSi,59.85,1.65
PtSi,59.86,1.736
PtSi,59.87,1.769
PtSi,59.88,1.752
PtSi,59.89,1.717
PtSi,59.9,1.844
PtSi,59.91,1.895
PtSi,59.92,1.932
PtSi,59.93,1.795
PtSi,59.94,1.697
PtSi,59.95,1.535
PtSi,59.96,1.57
PtSi,59.97,1.706
PtSi,59.98,1.771
PtSi,59.99,1.708
PtSi,60.0,1.601
PtSi,60.01,1.629
PtSi,60.02,1.667
PtSi,60.03,1.738
PtSi,60.04,1.714
PtSi,60.05,1.724
PtSi,60.06,1.722
PtSi,60.07,1.738
PtSi,60.08,1.675
PtSi,60.09,1.582
PtSi,60.1,1.63
PtSi,60.11,1.768
PtSi,60.12,1.759
PtSi,60.13,1.668
PtSi,60.14,1.621
PtSi,60.15,1.63
PtSi,60.16,1.615
PtSi,60.17,1.595
PtSi,60.18,1.67
PtSi,60.19,1.659
PtSi,60.2,1.65
PtSi,60.21,1.615
PtSi,60.22,1.691
PtSi,60.23,1.652
PtSi,60.24,1.573
PtSi,60.25,1.543
PtSi,60.26,1.598
PtSi,60.27,1.623
PtSi,60.28,1.644
PtSi,60.29,1.699
PtSi,60.3,1.702
PtSi,60.31,1.709
PtSi,60.32,1.671
PtSi,60.33,1.652
PtSi,60.34,1.588
PtSi,60.35,1.557
PtSi,60.36,1.628
PtSi,60.37,1.665
PtSi,60.38,1.711
PtSi,60.39,1.73
PtSi,60.4,1.728
PtSi,60.41,1.669
PtSi,60.42,1.629
PtSi,60.43,1.675
PtSi,60.44,1.77
PtSi,60.45,1.834
PtSi,60.46,1.842
PtSi,60.47,1.719
PtSi,60.48,1.628
PtSi,60.49,1.557
PtSi,60.5,1.564
PtSi,60.51,1.552
PtSi,60.52,1.556
PtSi,60.53,1.563
PtSi,60.54,1.644
PtSi,60.55,1.66
PtSi,60.56,1.607
PtSi,60.57,1.639
PtSi,60.58,1.705
PtSi,60.59,1.752
PtSi,60.6,1.646
PtSi,60.61,1.632
PtSi,60.62,1.642
PtSi,60.63,1.639
PtSi,60.64,1.646
PtSi,60.65,1.683
PtSi,60.66,1.738
PtSi,60.67,1.68
PtSi,60.68,1.614
PtSi,60.69,1.557
PtSi,60.7,1.61
PtSi,60.71,1.691
PtSi,60.72,1.693
PtSi,60.73,1.659
PtSi,60.74,1.61
PtSi,60.75,1.586
PtSi,60.76,1.581
PtSi,60.77,1.605
PtSi,60.78,1.544
PtSi,60.79,1.568
PtSi,60.8,1.61
PtSi,60.81,1.693
PtSi,60.82,1.675
PtSi,60.83,1.686
PtSi,60.84,1.706
PtSi,60.85,1.727
PtSi,60.86,1.767
PtSi,60.87,1.713
PtSi,60.88,1.589
PtSi,60.89,1.563
PtSi,60.9,1.593
PtSi,60.91,1.633
PtSi,60.92,1.606
PtSi,60.93,1.641
PtSi,60.94,1.637
PtSi,60.95,1.612
PtSi,60.96,1.701
PtSi,60.97,1.757
PtSi,60.98,1.724
PtSi,60.99,1.665
PtSi,61.0,1.67
PtSi,61.01,1.695
PtSi,61.02,1.677
PtSi,61.03,1.676
PtSi,61.04,1.626
PtSi,61.05,1.616
PtSi,61.06,1.605
PtSi,61.07,1.62
PtSi,61.08,1.577
PtSi,61.09,1.609
PtSi,61.1,1.654
PtSi,61.11,1.672
PtSi,61.12,1.602
PtSi,61.13,1.58
PtSi,61.14,1.574
PtSi,61.15,1.613
PtSi,61.16,1.583
PtSi,61.17,1.662
PtSi,61.18,1.707
PtSi,61.19,1.68
PtSi,61.2,1.527
PtSi,61.21,1.471
PtSi,61.22,1.463
PtSi,61.23,1.562
PtSi,61.24,1.609
PtSi,61.25,1.701
PtSi,61.26,1.748
PtSi,61.27,1.783
PtSi,61.28,1.635
PtSi,61.29,1.623
PtSi,61.3,1.592
PtSi,61.31,1.636
PtSi,61.32,1.623
PtSi,61.33,1.631
PtSi,61.34,1.693
PtSi,61.35,1.699
PtSi,61.36,1.678
PtSi,61.37,1.62
PtSi,61.38,1.595
PtSi,61.39,1.6
PtSi,61.4,1.659
PtSi,61.41,1.718
PtSi,61.42,1.677
PtSi,61.43,1.618
PtSi,61.44,1.533
PtSi,61.45,1.514
PtSi,61.46,1.495
PtSi,61.47,1.544
PtSi,61.48,1.671
PtSi,61.49,1.675
PtSi,61.5,1.606
PtSi,61.51,1.557
PtSi,61.52,1.659
PtSi,61.53,1.711
PtSi,61.54,1.695
PtSi,61.55,1.593
PtSi,61.56,1.488
PtSi,61.57,1.464
PtSi,61.58,1.542
PtSi,61.59,1.575
PtSi,61.6,1.614
PtSi,61.61,1.574
PtSi,61.62,1.574
PtSi,61.63,1.658
PtSi,61.64,1.647
PtSi,61.65,1.629
PtSi,61.66,1.618
PtSi,61.67,1.684
PtSi,61.68,1.631
PtSi,61.69,1.588
PtSi,61.7,1.589
PtSi,61.71,1.612
PtSi,61.72,1.667
PtSi,61.73,1.691
PtSi,61.74,1.698
PtSi,61.75,1.618
PtSi,61.76,1.599
PtSi,61.77,1.651
PtSi,61.78,1.68
PtSi,61.79,1.637
PtSi,61.8,1.585
PtSi,61.81,1.565
PtSi,61.82,1.631
PtSi,61.83,1.69
PtSi,61.84,1.745
PtSi,61.85,1.71
PtSi,61.86,1.655
PtSi,61.87,1.602
PtSi,61.88,1.628
PtSi,61.89,1.631
PtSi,61.9,1.635
PtSi,61.91,1.581
PtSi,61.92,1.614
PtSi,61.93,1.668
PtSi,61.94,1.666
PtSi,61.95,1.584
PtSi,61.96,1.569
PtSi,61.97,1.539
PtSi,61.98,1.619
PtSi,61.99,1.643
PtSi,62.0,1.644
PtSi,62.01,1.626
PtSi,62.02,1.56
PtSi,62.03,1.555
PtSi,62.04,1.501
PtSi,62.05,1.515
PtSi,62.06,1.522
PtSi,62.07,1.583
PtSi,62.08,1.62
PtSi,62.09,1.615
PtSi,62.1,1.595
PtSi,62.11,1.533
PtSi,62.12,1.486
PtSi,62.13,1.425
PtSi,62.14,1.457
PtSi,62.15,1.53
PtSi,62.16,1.528
PtSi,62.17,1.525
PtSi,62.18,1.555
PtSi,62.19,1.606
PtSi,62.2,1.622
PtSi,62.21,1.64
PtSi,62.22,1.61
PtSi,62.23,1.648
PtSi,62.24,1.668
PtSi,62.25,1.657
PtSi,62.26,1.555
PtSi,62.27,1.491
PtSi,62.28,1.488
PtSi,62.29,1.655
PtSi,62.3,1.715
PtSi,62.31,1.661
PtSi,62.32,1.564
PtSi,62.33,1.588
PtSi,62.34,1.605
PtSi,62.35,1.665
PtSi,62.36,1.628
PtSi,62.37,1.645
PtSi,62.38,1.524
PtSi,62.39,1.572
PtSi,62.4,1.599
PtSi,62.41,1.612
PtSi,62.42,1.494
PtSi,62.43,1.414
PtSi,62.44,1.505
PtSi,62.45,1.581
PtSi,62.46,1.588
PtSi,62.47,1.561
PtSi,62.48,1.547
PtSi,62.49,1.631
PtSi,62.5,1.689
PtSi,62.51,1.694
PtSi,62.52,1.631
PtSi,62.53,1.663
PtSi,62.54,1.683
PtSi,62.55,1.684
PtSi,62.56,1.72
PtSi,62.57,1.742
PtSi,62.58,1.685
PtSi,62.59,1.571
PtSi,62.6,1.585
PtSi,62.61,1.636
PtSi,62.62,1.695
PtSi,62.63,1.684
PtSi,62.64,1.657
PtSi,62.65,1.595
PtSi,62.66,1.509
PtSi,62.67,1.511
PtSi,62.68,1.527
PtSi,62.69,1.563
PtSi,62.7,1.509
PtSi,62.71,1.548
PtSi,62.72,1.659
PtSi,62.73,1.728
PtSi,62.74,1.678
PtSi,62.75,1.596
PtSi,62.76,1.577
PtSi,62.77,1.597
PtSi,62.78,1.57
PtSi,62.79,1.589
PtSi,62.8,1.613
PtSi,62.81,1.589
PtSi,62.82,1.509
PtSi,62.83,1.48
PtSi,62.84,1.509
PtSi,62.85,1.54
PtSi,62.86,1.599
PtSi,62.87,1.595
PtSi,62.88,1.679
PtSi,62.89,1.8
PtSi,62.9,1.827
PtSi,62.91,1.71
PtSi,62.92,1.577
PtSi,62.93,1.605
PtSi,62.94,1.645
PtSi,62.95,1.616
PtSi,62.96,1.559
PtSi,62.97,1.571
PtSi,62.98,1.599
PtSi,62.99,1.612
PtSi,63.0,1.611
PtSi,63.01,1.544
PtSi,63.02,1.473
PtSi,63.03,1.513
PtSi,63.04,1.551
PtSi,63.05,1.547
PtSi,63.06,1.519
PtSi,63.07,1.526
PtSi,63.08,1.533
PtSi,63.09,1.548
PtSi,63.1,1.588
PtSi,63.11,1.629
PtSi,63.12,1.635
PtSi,63.13,1.553
PtSi,63.14,1.5
PtSi,63.15,1.478
PtSi,63.16,1.512
PtSi,63.17,1.541
PtSi,63.18,1.58
PtSi,63.19,1.479
PtSi,63.2,1.422
PtSi,63.21,1.323
PtSi,63.22,1.349
PtSi,63.23,1.336
PtSi,63.24,1.51
PtSi,63.25,1.561
PtSi,63.26,1.578
PtSi,63.27,1.469
PtSi,63.28,1.529
PtSi,63.29,1.595
PtSi,63.3,1.616
PtSi,63.31,1.597
PtSi,63.32,1.6
PtSi,63.33,1.612
PtSi,63.34,1.544
PtSi,63.35,1.569
PtSi,63.36,1.546
PtSi,63.37,1.529
PtSi,63.38,1.473
PtSi,63.39,1.531
PtSi,63.4,1.593
PtSi,63.41,1.588
PtSi,63.42,1.556
PtSi,63.43,1.553
PtSi,63.44,1.509
PtSi,63.45,1.571
PtSi,63.46,1.652
PtSi,63.47,1.665
PtSi,63.48,1.653
PtSi,63.49,1.68
PtSi,63.5,1.701
PtSi,63.51,1.635
PtSi,63.52,1.557
PtSi,63.53,1.531
PtSi,63.54,1.552
PtSi,63.55,1.602
PtSi,63.56,1.562
PtSi,63.57,1.531
PtSi,63.58,1.478
PtSi,63.59,1.489
PtSi,63.6,1.6
PtSi,63.61,1.673
PtSi,63.62,1.654
PtSi,63.63,1.577
PtSi,63.64,1.553
PtSi,63.65,1.498
PtSi,63.66,1.454
PtSi,63.67,1.481
PtSi,63.68,1.549
PtSi,63.69,1.664
PtSi,63.7,1.668
PtSi,63.71,1.645
PtSi,63.72,1.537
PtSi,63.73,1.532
PtSi,63.74,1.501
PtSi,63.75,1.466
PtSi,63.76,1.475
PtSi,63.77,1.504
PtSi,63.78,1.465
PtSi,63.79,1.427
PtSi,63.8,1.484
PtSi,63.81,1.487
PtSi,63.82,1.445
PtSi,63.83,1.403
PtSi,63.84,1.445
PtSi,63.85,1.443
PtSi,63.86,1.486
PtSi,63.87,1.523
PtSi,63.88,1.606
PtSi,63.89,1.562
PtSi,63.9,1.487
PtSi,63.91,1.47
PtSi,63.92,1.482
PtSi,63.93,1.43
PtSi,63.94,1.475
PtSi,63.95,1.435
PtSi,63.96,1.418
PtSi,63.97,1.405
PtSi,63.98,1.489
PtSi,63.99,1.539
PtSi,64.0,1.54
PtSi,64.01,1.558
PtSi,64.02,1.536
PtSi,64.03,1.511
PtSi,64.04,1.489
PtSi,64.05,1.495
PtSi,64.06,1.432
PtSi,64.07,1.303
PtSi,64.08,1.328
PtSi,64.09,1.234
PtSi,64.1,1.277
PtSi,64.11,1.383
PtSi,64.12,1.514
PtSi,64.13,1.455
PtSi,64.14,1.35
PtSi,64.15,1.532
PtSi,64.16,1.606
PtSi,64.17,1.48
PtSi,64.18,0.983
PtSi,64.19,1.025
RuOx,16.03,5.143
RuOx,16.04,5.269
RuOx,16.05,5.334
RuOx,16.06,5.018
RuOx,16.07,4.906
RuOx,16.08,4.714
RuOx,16.09,4.614
RuOx,16.1,4.401
RuOx,16.11,4.55
RuOx,16.12,4.576
RuOx,16.13,4.646
RuOx,16.14,4.467
RuOx,16.15,4.15
RuOx,16.16,4.314
RuOx,16.17,4.409
RuOx,16.18,4.451
RuOx,16.19,4.572
RuOx,16.2,4.577
RuOx,16.21,4.289
RuOx,16.22,3.961
RuOx,16.23,4.048
RuOx,16.24,4.345
RuOx,16.25,4.262
RuOx,16.26,4.136
RuOx,16.27,4.125
RuOx,16.28,4.149
RuOx,16.29,4.435
RuOx,16.3,4.56
RuOx,16.31,4.506
RuOx,16.32,4.344
RuOx,16.33,4.267
RuOx,16.34,4.268
RuOx,16.35,4.102
RuOx,16.36,4.255
RuOx,16.37,4.13
RuOx,16.38,4.22
RuOx,16.39,4.229
RuOx,16.4,4.365
RuOx,16.41,4.255
RuOx,16.42,4.224
RuOx,16.43,4.212
RuOx,16.44,4.133
RuOx,16.45,4.232
RuOx,16.46,4.371
RuOx,16.47,4.586
RuOx,16.48,4.504
RuOx,16.49,4.391
RuOx,16.5,4.188
RuOx,16.51,4.144
RuOx,16.52,4.139
RuOx,16.53,4.22
RuOx,16.54,4.15
RuOx,16.55,4.104
RuOx,16.56,4.123
RuOx,16.57,4.142
RuOx,16.58,4.133
RuOx,16.59,4.118
RuOx,16.6,4.099
RuOx,16.61,4.016
RuOx,16.62,4.156
RuOx,16.63,4.266
RuOx,16.64,4.353
RuOx,16.65,4.141
RuOx,16.66,4.001
RuOx,16.67,3.978
RuOx,16.68,4.012
RuOx,16.69,3.912
RuOx,16.7,3.909
RuOx,16.71,4.089
RuOx,16.72,4.315
RuOx,16.73,4.313
RuOx,16.74,4.22
RuOx,16.75,4.154
RuOx,16.76,4.185
RuOx,16.77,4.223
RuOx,16.78,4.286
RuOx,16.79,4.268
RuOx,16.8,4.156
RuOx,16.81,4.058
RuOx,16.82,4.117
RuOx,16.83,4.263
RuOx,16.84,4.52
RuOx,16.85,4.538
RuOx,16.86,4.376
RuOx,16.87,4.375
RuOx,16.88,4.276
RuOx,16.89,4.18
RuOx,16.9,4.193
RuOx,16.91,4.206
RuOx,16.92,4.098
RuOx,16.93,4.113
RuOx,16.94,4.258
RuOx,16.95,4.378
RuOx,16.96,4.246
RuOx,16.97,4.228
RuOx,16.98,4.101
RuOx,16.99,4.18
RuOx,17.0,4.196
RuOx,17.01,4.291
RuOx,17.02,4.188
RuOx,17.03,4.088
RuOx,17.04,4.025
RuOx,17.05,4.052
RuOx,17.06,4.023
RuOx,17.07,4.047
RuOx,17.08,4.176
RuOx,17.09,4.321
RuOx,17.1,4.388
RuOx,17.11,4.281
RuOx,17.12,4.222
RuOx,17.13,4.297
RuOx,17.14,4.384
RuOx,17.15,4.417
RuOx,17.16,4.366
RuOx,17.17,4.334
RuOx,17.18,4.385
RuOx,17.19,4.377
RuOx,17.2,4.312
RuOx,17.21,4.247
RuOx,17.22,4.22
RuOx,17.23,4.279
RuOx,17.24,4.359
RuOx,17.25,4.409
RuOx,17.26,4.35
RuOx,17.27,4.128
RuOx,17.28,4.1
RuOx,17.29,4.192
RuOx,17.3,4.341
RuOx,17.31,4.24
RuOx,17.32,4.064
RuOx,17.33,4.018
RuOx,17.34,4.125
RuOx,17.35,4.249
RuOx,17.36,4.178
RuOx,17.37,4.211
RuOx,17.38,4.258
RuOx,17.39,4.25
RuOx,17.4,4.231
RuOx,17.41,4.28
RuOx,17.42,4.317
RuOx,17.43,4.323
RuOx,17.44,4.364
RuOx,17.45,4.419
RuOx,17.46,4.513
RuOx,17.47,4.517
RuOx,17.48,4.384
RuOx,17.49,4.181
RuOx,17.5,4.127
RuOx,17.51,4.24
RuOx,17.52,4.239
RuOx,17.53,4.233
RuOx,17.54,4.141
RuOx,17.55,4.132
RuOx,17.56,4.164
RuOx,17.57,4.332
RuOx,17.58,4.488
RuOx,17.59,4.423
RuOx,17.6,4.368
RuOx,17.61,4.388
RuOx,17.62,4.402
RuOx,17.63,4.225
RuOx,17.64,4.182
RuOx,17.65,4.3
RuOx,17.66,4.398
RuOx,17.67,4.258
RuOx,17.68,4.223
RuOx,17.69,4.284
RuOx,17.7,4.295
RuOx,17.71,4.227
RuOx,17.72,4.209
RuOx,17.73,4.283
RuOx,17.74,4.389
RuOx,17.75,4.388
RuOx,17.76,4.286
RuOx,17.77,4.274
RuOx,17.78,4.329
RuOx,17.79,4.346
RuOx,17.8,4.31
RuOx,17.81,4.382
RuOx,17.82,4.325
RuOx,17.83,4.348
RuOx,17.84,4.402
RuOx,17.85,4.395
RuOx,17.86,4.474
RuOx,17.87,4.647
RuOx,17.88,4.728
RuOx,17.89,4.483
RuOx,17.9,4.469
RuOx,17.91,4.595
RuOx,17.92,4.596
RuOx,17.93,4.34
RuOx,17.94,4.218
RuOx,17.95,4.261
RuOx,17.96,4.356
RuOx,17.97,4.445
RuOx,17.98,4.507
RuOx,17.99,4.502
RuOx,18.0,4.41
RuOx,18.01,4.311
RuOx,18.02,4.349
RuOx,18.03,4.383
RuOx,18.04,4.573
RuOx,18.05,4.69
RuOx,18.06,4.514
RuOx,18.07,4.327
RuOx,18.08,4.295
RuOx,18.09,4.443
RuOx,18.1,4.388
RuOx,18.11,4.327
RuOx,18.12,4.286
RuOx,18.13,4.487
RuOx,18.14,4.483
RuOx,18.15,4.508
RuOx,18.16,4.396
RuOx,18.17,4.311
RuOx,18.18,4.215
RuOx,18.19,4.297
RuOx,18.2,4.317
RuOx,18.21,4.373
RuOx,18.22,4.312
RuOx,18.23,4.428
RuOx,18.24,4.341
RuOx,18.25,4.462
RuOx,18.26,4.39
RuOx,18.27,4.362
RuOx,18.28,4.267
RuOx,18.29,4.437
RuOx,18.3,4.554
RuOx,18.31,4.578
RuOx,18.32,4.415
RuOx,18.33,4.22
RuOx,18.34,4.231
RuOx,18.35,4.363
RuOx,18.36,4.516
RuOx,18.37,4.34
RuOx,18.38,4.295
RuOx,18.39,4.21
RuOx,18.4,4.339
RuOx,18.41,4.441
RuOx,18.42,4.56
RuOx,18.43,4.577
RuOx,18.44,4.494
RuOx,18.45,4.335
RuOx,18.46,4.322
RuOx,18.47,4.437
RuOx,18.48,4.648
RuOx,18.49,4.653
RuOx,18.5,4.549
RuOx,18.51,4.441
RuOx,18.52,4.362
RuOx,18.53,4.33
RuOx,18.54,4.485
RuOx,18.55,4.633
RuOx,18.56,4.645
RuOx,18.57,4.561
RuOx,18.58,4.462
RuOx,18.59,4.456
RuOx,18.6,4.341
RuOx,18.61,4.369
RuOx,18.62,4.467
RuOx,18.63,4.568
RuOx,18.64,4.572
RuOx,18.65,4.502
RuOx,18.66,4.51
RuOx,18.67,4.425
RuOx,18.68,4.466
RuOx,18.69,4.41
RuOx,18.7,4.44
RuOx,18.71,4.429
RuOx,18.72,4.503
RuOx,18.73,4.585
RuOx,18.74,4.514
RuOx,18.75,4.461
RuOx,18.76,4.464
RuOx,18.77,4.573
RuOx,18.78,4.531
RuOx,18.79,4.418
RuOx,18.8,4.292
RuOx,18.81,4.253
RuOx,18.82,4.37
RuOx,18.83,4.529
RuOx,18.84,4.664
RuOx,18.85,4.56
RuOx,18.86,4.424
RuOx,18.87,4.487
RuOx,18.88,4.583
RuOx,18.89,4.605
RuOx,18.9,4.635
RuOx,18.91,4.646
RuOx,18.92,4.584
RuOx,18.93,4.387
RuOx,18.94,4.302
RuOx,18.95,4.285
RuOx,18.96,4.313
RuOx,18.97,4.349
RuOx,18.98,4.46
RuOx,18.99,4.622
RuOx,19.0,4.652
RuOx,19.01,4.544
RuOx,19.02,4.446
RuOx,19.03,4.466
RuOx,19.04,4.547
RuOx,19.05,4.565
RuOx,19.06,4.604
RuOx,19.07,4.521
RuOx,19.08,4.441
RuOx,19.09,4.541
RuOx,19.1,4.546
RuOx,19.11,4.533
RuOx,19.12,4.498
RuOx,19.13,4.483
RuOx,19.14,4.48
RuOx,19.15,4.466
RuOx,19.16,4.623
RuOx,19.17,4.654
RuOx,19.18,4.594
RuOx,19.19,4.469
RuOx,19.2,4.459
RuOx,19.21,4.649
RuOx,19.22,4.736
RuOx,19.23,4.737
RuOx,19.24,4.665
RuOx,19.25,4.561
RuOx,19.26,4.42
RuOx,19.27,4.401
RuOx,19.28,4.392
RuOx,19.29,4.424
RuOx,19.3,4.471
RuOx,19.31,4.574
RuOx,19.32,4.615
RuOx,19.33,4.572
RuOx,19.34,4.586
RuOx,19.35,4.542
RuOx,19.36,4.409
RuOx,19.37,4.421
RuOx,19.38,4.459
RuOx,19.39,4.546
RuOx,19.4,4.56
RuOx,19.41,4.535
RuOx,19.42,4.499
RuOx,19.43,4.444
RuOx,19.44,4.472
RuOx,19.45,4.431
RuOx,19.46,4.648
RuOx,19.47,4.683
RuOx,19.48,4.719
RuOx,19.49,4.64
RuOx,19.5,4.615
RuOx,19.51,4.43
RuOx,19.52,4.396
RuOx,19.53,4.476
RuOx,19.54,4.661
RuOx,19.55,4.7
RuOx,19.56,4.567
RuOx,19.57,4.443
RuOx,19.58,4.423
RuOx,19.59,4.417
RuOx,19.6,4.467
RuOx,19.61,4.586
RuOx,19.62,4.61
RuOx,19.63,4.509
RuOx,19.64,4.431
RuOx,19.65,4.425
RuOx,19.66,4.518
RuOx,19.67,4.532
RuOx,19.68,4.523
RuOx,19.69,4.669
RuOx,19.7,4.709
RuOx,19.71,4.649
RuOx,19.72,4.527
RuOx,19.73,4.553
RuOx,19.74,4.55
RuOx,19.75,4.579
RuOx,19.76,4.675
RuOx,19.77,4.698
RuOx,19.78,4.711
RuOx,19.79,4.753
RuOx,19.8,4.841
RuOx,19.81,4.89
RuOx,19.82,4.771
RuOx,19.83,4.695
RuOx,19.84,4.741
RuOx,19.85,4.87
RuOx,19.86,4.851
RuOx,19.87,4.703
RuOx,19.88,4.523
RuOx,19.89,4.383
RuOx,19.9,4.315
RuOx,19.91,4.421
RuOx,19.92,4.505
RuOx,19.93,4.53
RuOx,19.94,4.493
RuOx,19.95,4.575
RuOx,19.96,4.497
RuOx,19.97,4.458
RuOx,19.98,4.397
RuOx,19.99,4.501
RuOx,20.0,4.648
RuOx,20.01,4.603
RuOx,20.02,4.557
RuOx,20.03,4.601
RuOx,20.04,4.753
RuOx,20.05,4.699
RuOx,20.06,4.616
RuOx,20.07,4.577
RuOx,20.08,4.609
RuOx,20.09,4.598
RuOx,20.1,4.705
RuOx,20.11,4.79
RuOx,20.12,4.778
RuOx,20.13,4.627
RuOx,20.14,4.551
RuOx,20.15,4.62
RuOx,20.16,4.739
RuOx,20.17,4.819
RuOx,20.18,4.804
RuOx,20.19,4.819
RuOx,20.2,4.66
RuOx,20.21,4.46
RuOx,20.22,4.403
RuOx,20.23,4.49
RuOx,20.24,4.602
RuOx,20.25,4.546
RuOx,20.26,4.557
RuOx,20.27,4.571
RuOx,20.28,4.657
RuOx,20.29,4.632
RuOx,20.3,4.558
RuOx,20.31,4.472
RuOx,20.32,4.384
RuOx,20.33,4.447
RuOx,20.34,4.522
RuOx,20.35,4.618
RuOx,20.36,4.618
RuOx,20.37,4.674
RuOx,20.38,4.606
RuOx,20.39,4.538
RuOx,20.4,4.506
RuOx,20.41,4.538
RuOx,20.42,4.532
RuOx,20.43,4.523
RuOx,20.44,4.648
RuOx,20.45,4.72
RuOx,20.46,4.669
RuOx,20.47,4.578
RuOx,20.48,4.551
RuOx,20.49,4.628
RuOx,20.5,4.714
RuOx,20.51,4.613
RuOx,20.52,4.555
RuOx,20.53,4.599
RuOx,20.54,4.656
RuOx,20.55,4.614
RuOx,20.56,4.623
RuOx,20.57,4.664
RuOx,20.58,4.688
RuOx,20.59,4.593
RuOx,20.6,4.488
RuOx,20.61,4.457
RuOx,20.62,4.537
RuOx,20.63,4.606
RuOx,20.64,4.666
RuOx,20.65,4.594
RuOx,20.66,4.67
RuOx,20.67,4.635
RuOx,20.68,4.611
RuOx,20.69,4.57
RuOx,20.7,4.685
RuOx,20.71,4.801
RuOx,20.72,4.779
RuOx,20.73,4.686
RuOx,20.74,4.693
RuOx,20.75,4.616
RuOx,20.76,4.509
RuOx,20.77,4.544
RuOx,20.78,4.633
RuOx,20.79,4.624
RuOx,20.8,4.486
RuOx,20.81,4.407
RuOx,20.82,4.415
RuOx,20.83,4.382
RuOx,20.84,4.391
RuOx,20.85,4.451
RuOx,20.86,4.502
RuOx,20.87,4.547
RuOx,20.88,4.558
RuOx,20.89,4.624
RuOx,20.9,4.572
RuOx,20.91,4.511
RuOx,20.92,4.439
RuOx,20.93,4.401
RuOx,20.94,4.377
RuOx,20.95,4.451
RuOx,20.96,4.439
RuOx,20.97,4.457
RuOx,20.98,4.485
RuOx,20.99,4.667
RuOx,21.0,4.644
RuOx,21.01,4.63
RuOx,21.02,4.575
RuOx,21.03,4.601
RuOx,21.04,4.525
RuOx,21.05,4.491
RuOx,21.06,4.444
RuOx,21.07,4.475
RuOx,21.08,4.505
RuOx,21.09,4.556
RuOx,21.1,4.602
RuOx,21.11,4.602
RuOx,21.12,4.619
RuOx,21.13,4.672
RuOx,21.14,4.611
RuOx,21.15,4.568
RuOx,21.16,4.607
RuOx,21.17,4.617
RuOx,21.18,4.531
RuOx,21.19,4.51
RuOx,21.2,4.628
RuOx,21.21,4.69
RuOx,21.22,4.676
RuOx,21.23,4.565
RuOx,21.24,4.588
RuOx,21.25,4.59
RuOx,21.26,4.735
RuOx,21.27,4.758
RuOx,21.28,4.733
RuOx,21.29,4.54
RuOx,21.3,4.591
RuOx,21.31,4.686
RuOx,21.32,4.858
RuOx,21.33,4.91
RuOx,21.34,5.008
RuOx,21.35,4.979
RuOx,21.36,4.753
RuOx,21.37,4.494
RuOx,21.38,4.511
RuOx,21.39,4.554
RuOx,21.4,4.512
RuOx,21.41,4.489
RuOx,21.42,4.533
RuOx,21.43,4.583
RuOx,21.44,4.622
RuOx,21.45,4.563
RuOx,21.46,4.714
RuOx,21.47,4.705
RuOx,21.48,4.691
RuOx,21.49,4.67
RuOx,21.5,4.658
RuOx,21.51,4.637
RuOx,21.52,4.64
RuOx,21.53,4.729
RuOx,21.54,4.721
RuOx,21.55,4.642
RuOx,21.56,4.604
RuOx,21.57,4.627
RuOx,21.58,4.729
RuOx,21.59,4.743
RuOx,21.6,4.593
RuOx,21.61,4.517
RuOx,21.62,4.528
RuOx,21.63,4.581
RuOx,21.64,4.535
RuOx,21.65,4.54
RuOx,21.66,4.503
RuOx,21.67,4.534
RuOx,21.68,4.603
RuOx,21.69,4.589
RuOx,21.7,4.529
RuOx,21.71,4.598
RuOx,21.72,4.702
RuOx,21.73,4.604
RuOx,21.74,4.434
RuOx,21.75,4.513
RuOx,21.76,4.781
RuOx,21.77,4.833
RuOx,21.78,4.763
RuOx,21.79,4.636
RuOx,21.8,4.59
RuOx,21.81,4.662
RuOx,21.82,4.706
RuOx,21.83,4.721
RuOx,21.84,4.648
RuOx,21.85,4.701
RuOx,21.86,4.677
RuOx,21.87,4.745
RuOx,21.88,4.646
RuOx,21.89,4.603
RuOx,21.9,4.467
RuOx,21.91,4.475
RuOx,21.92,4.506
RuOx,21.93,4.629
RuOx,21.94,4.662
RuOx,21.95,4.538
RuOx,21.96,4.437
RuOx,21.97,4.514
RuOx,21.98,4.573
RuOx,21.99,4.558
RuOx,22.0,4.471
RuOx,22.01,4.624
RuOx,22.02,4.602
RuOx,22.03,4.58
RuOx,22.04,4.477
RuOx,22.05,4.577
RuOx,22.06,4.474
RuOx,22.07,4.396
RuOx,22.08,4.482
RuOx,22.09,4.617
RuOx,22.1,4.619
RuOx,22.11,4.599
RuOx,22.12,4.617
RuOx,22.13,4.573
RuOx,22.14,4.581
RuOx,22.15,4.712
RuOx,22.16,4.858
RuOx,22.17,4.917
RuOx,22.18,4.828
RuOx,22.19,4.671
RuOx,22.2,4.6
RuOx,22.21,4.599
RuOx,22.22,4.599
RuOx,22.23,4.592
RuOx,22.24,4.578
RuOx,22.25,4.653
RuOx,22.26,4.628
RuOx,22.27,4.66
RuOx,22.28,4.708
RuOx,22.29,4.734
RuOx,22.3,4.876
RuOx,22.31,4.874
RuOx,22.32,4.866
RuOx,22.33,4.829
RuOx,22.34,4.748
RuOx,22.35,4.625
RuOx,22.36,4.565
RuOx,22.37,4.588
RuOx,22.38,4.714
RuOx,22.39,4.862
RuOx,22.4,4.952
RuOx,22.41,4.983
RuOx,22.42,4.941
RuOx,22.43,4.805
RuOx,22.44,4.679
RuOx,22.45,4.63
RuOx,22.46,4.667
RuOx,22.47,4.626
RuOx,22.48,4.55
RuOx,22.49,4.602
RuOx,22.5,4.719
RuOx,22.51,4.862
RuOx,22.52,4.836
RuOx,22.53,4.773
RuOx,22.54,4.694
RuOx,22.55,4.672
RuOx,22.56,4.717
RuOx,22.57,4.78
RuOx,22.58,4.754
RuOx,22.59,4.691
RuOx,22.6,4.689
RuOx,22.61,4.778
RuOx,22.62,4.661
RuOx,22.63,4.52
RuOx,22.64,4.478
RuOx,22.65,4.564
RuOx,22.66,4.711
RuOx,22.67,4.731
RuOx,22.68,4.624
RuOx,22.69,4.543
RuOx,22.7,4.489
RuOx,22.71,4.544
RuOx,22.72,4.551
RuOx,22.73,4.6
RuOx,22.74,4.619
RuOx,22.75,4.644
RuOx,22.76,4.679
RuOx,22.77,4.611
RuOx,22.78,4.494
RuOx,22.79,4.42
RuOx,22.8,4.473
RuOx,22.81,4.517
RuOx,22.82,4.492
RuOx,22.83,4.585
RuOx,22.84,4.675
RuOx,22.85,4.692
RuOx,22.86,4.467
RuOx,22.87,4.415
RuOx,22.88,4.493
RuOx,22.89,4.549
RuOx,22.9,4.593
RuOx,22.91,4.581
RuOx,22.92,4.645
RuOx,22.93,4.645
RuOx,22.94,4.644
RuOx,22.95,4.694
RuOx,22.96,4.683
RuOx,22.97,4.601
RuOx,22.98,4.563
RuOx,22.99,4.661
RuOx,23.0,4.645
RuOx,23.01,4.635
RuOx,23.02,4.597
RuOx,23.03,4.714
RuOx,23.04,4.715
RuOx,23.05,4.567
RuOx,23.06,4.485
RuOx,23.07,4.449
RuOx,23.08,4.537
RuOx,23.09,4.598
RuOx,23.1,4.523
RuOx,23.11,4.451
RuOx,23.12,4.375
RuOx,23.13,4.511
RuOx,23.14,4.558
RuOx,23.15,4.616
RuOx,23.16,4.608
RuOx,23.17,4.657
RuOx,23.18,4.648
RuOx,23.19,4.572
RuOx,23.2,4.518
RuOx,23.21,4.509
RuOx,23.22,4.629
RuOx,23.23,4.644
RuOx,23.24,4.632
RuOx,23.25,4.648
RuOx,23.26,4.68
RuOx,23.27,4.707
RuOx,23.28,4.647
RuOx,23.29,4.667
RuOx,23.3,4.733
RuOx,23.31,4.827
RuOx,23.32,4.818
RuOx,23.33,4.828
RuOx,23.34,4.768
RuOx,23.35,4.596
RuOx,23.36,4.396
RuOx,23.37,4.281
RuOx,23.38,4.302
RuOx,23.39,4.39
RuOx,23.4,4.603
RuOx,23.41,4.72
RuOx,23.42,4.79
RuOx,23.43,4.815
RuOx,23.44,4.827
RuOx,23.45,4.764
RuOx,23.46,4.644
RuOx,23.47,4.499
RuOx,23.48,4.412
RuOx,23.49,4.321
RuOx,23.5,4.446
RuOx,23.51,4.61
RuOx,23.52,4.681
RuOx,23.53,4.603
RuOx,23.54,4.546
RuOx,23.55,4.521
RuOx,23.56,4.502
RuOx,23.57,4.467
RuOx,23.58,4.51
RuOx,23.59,4.563
RuOx,23.6,4.662
RuOx,23.61,4.677
RuOx,23.62,4.634
RuOx,23.63,4.638
RuOx,23.64,4.613
RuOx,23.65,4.693
RuOx,23.66,4.717
RuOx,23.67,4.727
RuOx,23.68,4.621
RuOx,23.69,4.57
RuOx,23.7,4.552
RuOx,23.71,4.545
RuOx,23.72,4.482
RuOx,23.73,4.441
RuOx,23.74,4.374
RuOx,23.75,4.496
RuOx,23.76,4.625
RuOx,23.77,4.75
RuOx,23.78,4.666
RuOx,23.79,4.654
RuOx,23.8,4.633
RuOx,23.81,4.653
RuOx,23.82,4.51
RuOx,23.83,4.533
RuOx,23.84,4.574
RuOx,23.85,4.553
RuOx,23.86,4.413
RuOx,23.87,4.416
RuOx,23.88,4.475
RuOx,23.89,4.683
RuOx,23.9,4.812
RuOx,23.91,4.838
RuOx,23.92,4.698
RuOx,23.93,4.562
RuOx,23.94,4.409
RuOx,23.95,4.389
RuOx,23.96,4.348
RuOx,23.97,4.357
RuOx,23.98,4.4
RuOx,23.99,4.524
RuOx,24.0,4.598
RuOx,24.01,4.532
RuOx,24.02,4.555
RuOx,24.03,4.602
RuOx,24.04,4.571
RuOx,24.05,4.616
RuOx,24.06,4.557
RuOx,24.07,4.59
RuOx,24.08,4.636
RuOx,24.09,4.521
RuOx,24.1,4.473
RuOx,24.11,4.575
RuOx,24.12,4.692
RuOx,24.13,4.674
RuOx,24.14,4.544
RuOx,24.15,4.52
RuOx,24.16,4.44
RuOx,24.17,4.387
RuOx,24.18,4.369
RuOx,24.19,4.53
RuOx,24.2,4.588
RuOx,24.21,4.538
RuOx,24.22,4.363
RuOx,24.23,4.377
RuOx,24.24,4.536
RuOx,24.25,4.593
RuOx,24.26,4.542
RuOx,24.27,4.475
RuOx,24.28,4.518
RuOx,24.29,4.499
RuOx,24.3,4.535
RuOx,24.31,4.562
RuOx,24.32,4.546
RuOx,24.33,4.487
RuOx,24.34,4.375
RuOx,24.35,4.383
RuOx,24.36,4.368
RuOx,24.37,4.37
RuOx,24.38,4.529
RuOx,24.39,4.717
RuOx,24.4,4.698
RuOx,24.41,4.519
RuOx,24.42,4.476
RuOx,24.43,4.493
RuOx,24.44,4.365
RuOx,24.45,4.372
RuOx,24.46,4.512
RuOx,24.47,4.634
RuOx,24.48,4.508
RuOx,24.49,4.42
RuOx,24.5,4.396
RuOx,24.51,4.399
RuOx,24.52,4.424
RuOx,24.53,4.465
RuOx,24.54,4.586
RuOx,24.55,4.588
RuOx,24.56,4.544
RuOx,24.57,4.455
RuOx,24.58,4.563
RuOx,24.59,4.643
RuOx,24.6,4.635
RuOx,24.61,4.53
RuOx,24.62,4.407
RuOx,24.63,4.34
RuOx,24.64,4.262
RuOx,24.65,4.216
RuOx,24.66,4.195
RuOx,24.67,4.34
RuOx,24.68,4.506
RuOx,24.69,4.566
RuOx,24.7,4.571
RuOx,24.71,4.518
RuOx,24.72,4.531
RuOx,24.73,4.598
RuOx,24.74,4.647
RuOx,24.75,4.581
RuOx,24.76,4.451
RuOx,24.77,4.286
RuOx,24.78,4.225
RuOx,24.79,4.297
RuOx,24.8,4.478
RuOx,24.81,4.494
RuOx,24.82,4.437
RuOx,24.83,4.44
RuOx,24.84,4.567
RuOx,24.85,4.541
RuOx,24.86,4.52
RuOx,24.87,4.493
RuOx,24.88,4.51
RuOx,24.89,4.43
RuOx,24.9,4.367
RuOx,24.91,4.358
RuOx,24.92,4.389
RuOx,24.93,4.532
RuOx,24.94,4.594
RuOx,24.95,4.596
RuOx,24.96,4.601
RuOx,24.97,4.633
RuOx,24.98,4.635
RuOx,24.99,4.544
RuOx,25.0,4.442
RuOx,25.01,4.32
RuOx,25.02,4.451
RuOx,25.03,4.647
RuOx,25.04,4.671
RuOx,25.05,4.528
RuOx,25.06,4.473
RuOx,25.07,4.529
RuOx,25.08,4.636
RuOx,25.09,4.634
RuOx,25.1,4.695
RuOx,25.11,4.673
RuOx,25.12,4.644
RuOx,25.13,4.576
RuOx,25.14,4.499
RuOx,25.15,4.43
RuOx,25.16,4.382
RuOx,25.17,4.312
RuOx,25.18,4.269
RuOx,25.19,4.31
RuOx,25.2,4.415
RuOx,25.21,4.454
RuOx,25.22,4.464
RuOx,25.23,4.543
RuOx,25.24,4.547
RuOx,25.25,4.577
RuOx,25.26,4.523
RuOx,25.27,4.587
RuOx,25.28,4.548
RuOx,25.29,4.612
RuOx,25.3,4.589
RuOx,25.31,4.604
RuOx,25.32,4.476
RuOx,25.33,4.373
RuOx,25.34,4.284
RuOx,25.35,4.3
RuOx,25.36,4.362
RuOx,25.37,4.43
RuOx,25.38,4.513
RuOx,25.39,4.603
RuOx,25.4,4.61
RuOx,25.41,4.553
RuOx,25.42,4.469
RuOx,25.43,4.436
RuOx,25.44,4.403
RuOx,25.45,4.344
RuOx,25.46,4.286
RuOx,25.47,4.287
RuOx,25.48,4.457
RuOx,25.49,4.471
RuOx,25.5,4.461
RuOx,25.51,4.45
RuOx,25.52,4.503
RuOx,25.53,4.393
RuOx,25.54,4.272
RuOx,25.55,4.258
RuOx,25.56,4.271
RuOx,25.57,4.237
RuOx,25.58,4.156
RuOx,25.59,4.187
RuOx,25.6,4.307
RuOx,25.61,4.389
RuOx,25.62,4.387
RuOx,25.63,4.405
RuOx,25.64,4.478
RuOx,25.65,4.403
RuOx,25.66,4.31
RuOx,25.67,4.258
RuOx,25.68,4.321
RuOx,25.69,4.369
RuOx,25.7,4.396
RuOx,25.71,4.477
RuOx,25.72,4.55
RuOx,25.73,4.57
RuOx,25.74,4.471
RuOx,25.75,4.439
RuOx,25.76,4.444
RuOx,25.77,4.55
RuOx,25.78,4.525
RuOx,25.79,4.498
RuOx,25.8,4.426
RuOx,25.81,4.39
RuOx,25.82,4.365
RuOx,25.83,4.438
RuOx,25.84,4.463
RuOx,25.85,4.38
RuOx,25.86,4.32
RuOx,25.87,4.366
RuOx,25.88,4.361
RuOx,25.89,4.363
RuOx,25.9,4.402
RuOx,25.91,4.418
RuOx,25.92,4.359
RuOx,25.93,4.268
RuOx,25.94,4.297
RuOx,25.95,4.401
RuOx,25.96,4.438
RuOx,25.97,4.448
RuOx,25.98,4.306
RuOx,25.99,4.277
RuOx,26.0,4.297
RuOx,26.01,4.452
RuOx,26.02,4.432
RuOx,26.03,4.442
RuOx,26.04,4.345
RuOx,26.05,4.275
RuOx,26.06,4.224
RuOx,26.07,4.281
RuOx,26.08,4.339
RuOx,26.09,4.457
RuOx,26.1,4.553
RuOx,26.11,4.497
RuOx,26.12,4.385
RuOx,26.13,4.382
RuOx,26.14,4.426
RuOx,26.15,4.292
RuOx,26.16,4.203
RuOx,26.17,4.237
RuOx,26.18,4.272
RuOx,26.19,4.184
RuOx,26.2,4.211
RuOx,26.21,4.34
RuOx,26.22,4.398
RuOx,26.23,4.442
RuOx,26.24,4.435
RuOx,26.25,4.364
RuOx,26.26,4.341
RuOx,26.27,4.301
RuOx,26.28,4.349
RuOx,26.29,4.305
RuOx,26.3,4.261
RuOx,26.31,4.235
RuOx,26.32,4.293
RuOx,26.33,4.213
RuOx,26.34,4.147
RuOx,26.35,4.269
RuOx,26.36,4.427
RuOx,26.37,4.355
RuOx,26.38,4.222
RuOx,26.39,4.175
RuOx,26.4,4.178
RuOx,26.41,4.123
RuOx,26.42,4.268
RuOx,26.43,4.509
RuOx,26.44,4.612
RuOx,26.45,4.46
RuOx,26.46,4.267
RuOx,26.47,4.243
RuOx,26.48,4.33
RuOx,26.49,4.403
RuOx,26.5,4.497
RuOx,26.51,4.578
RuOx,26.52,4.581
RuOx,26.53,4.438
RuOx,26.54,4.265
RuOx,26.55,4.235
RuOx,26.56,4.143
RuOx,26.57,4.206
RuOx,26.58,4.277
RuOx,26.59,4.364
RuOx,26.6,4.283
RuOx,26.61,4.362
RuOx,26.62,4.369
RuOx,26.63,4.305
RuOx,26.64,4.104
RuOx,26.65,4.13
RuOx,26.66,4.262
RuOx,26.67,4.345
RuOx,26.68,4.274
RuOx,26.69,4.339
RuOx,26.7,4.415
RuOx,26.71,4.42
RuOx,26.72,4.375
RuOx,26.73,4.238
RuOx,26.74,4.205
RuOx,26.75,4.33
RuOx,26.76,4.477
RuOx,26.77,4.36
RuOx,26.78,4.16
RuOx,26.79,4.107
RuOx,26.8,4.211
RuOx,26.81,4.309
RuOx,26.82,4.377
RuOx,26.83,4.377
RuOx,26.84,4.339
RuOx,26.85,4.255
RuOx,26.86,4.176
RuOx,26.87,4.127
RuOx,26.88,4.178
RuOx,26.89,4.18
RuOx,26.9,4.167
RuOx,26.91,4.088
RuOx,26.92,4.107
RuOx,26.93,4.141
RuOx,26.94,4.218
RuOx,26.95,4.251
RuOx,26.96,4.292
RuOx,26.97,4.394
RuOx,26.98,4.461
RuOx,26.99,4.443
RuOx,27.0,4.386
RuOx,27.01,4.285
RuOx,27.02,4.212
RuOx,27.03,4.109
RuOx,27.04,4.021
RuOx,27.05,3.982
RuOx,27.06,3.96
RuOx,27.07,4.005
RuOx,27.08,4.157
RuOx,27.09,4.287
RuOx,27.1,4.249
RuOx,27.11,4.146
RuOx,27.12,4.148
RuOx,27.13,4.36
RuOx,27.14,4.505
RuOx,27.15,4.473
RuOx,27.16,4.357
RuOx,27.17,4.246
RuOx,27.18,4.245
RuOx,27.19,4.184
RuOx,27.2,4.121
RuOx,27.21,3.992
RuOx,27.22,4.022
RuOx,27.23,4.061
RuOx,27.24,4.14
RuOx,27.25,4.135
RuOx,27.26,4.169
RuOx,27.27,4.307
RuOx,27.28,4.308
RuOx,27.29,4.265
RuOx,27.3,4.16
RuOx,27.31,4.105
RuOx,27.32,4.075
RuOx,27.33,4.077
RuOx,27.34,4.203
RuOx,27.35,4.252
RuOx,27.36,4.319
RuOx,27.37,4.346
RuOx,27.38,4.417
RuOx,27.39,4.387
RuOx,27.4,4.278
RuOx,27.41,4.254
RuOx,27.42,4.227
RuOx,27.43,4.285
RuOx,27.44,4.259
RuOx,27.45,4.313
RuOx,27.46,4.299
RuOx,27.47,4.269
RuOx,27.48,4.207
RuOx,27.49,4.273
RuOx,27.5,4.28
RuOx,27.51,4.263
RuOx,27.52,4.182
RuOx,27.53,4.244
RuOx,27.54,4.245
RuOx,27.55,4.25
RuOx,27.56,4.121
RuOx,27.57,4.126
RuOx,27.58,4.292
RuOx,27.59,4.504
RuOx,27.6,4.515
RuOx,27.61,4.402
RuOx,27.62,4.211
RuOx,27.63,4.258
RuOx,27.64,4.345
RuOx,27.65,4.432
RuOx,27.66,4.381
RuOx,27.67,4.403
RuOx,27.68,4.453
RuOx,27.69,4.515
RuOx,27.7,4.508
RuOx,27.71,4.522
RuOx,27.72,4.555
RuOx,27.73,4.648
RuOx,27.74,4.594
RuOx,27.75,4.527
RuOx,27.76,4.462
RuOx,27.77,4.512
RuOx,27.78,4.628
RuOx,27.79,4.701
RuOx,27.8,4.917
RuOx,27.81,5.007
RuOx,27.82,5.027
RuOx,27.83,4.905
RuOx,27.84,4.974
RuOx,27.85,5.165
RuOx,27.86,5.368
RuOx,27.87,5.478
RuOx,27.88,5.419
RuOx,27.89,5.487
RuOx,27.9,5.5
RuOx,27.91,5.635
RuOx,27.92,5.578
RuOx,27.93,5.591
RuOx,27.94,5.335
RuOx,27.95,5.262
RuOx,27.96,5.208
RuOx,27.97,5.257
RuOx,27.98,5.181
RuOx,27.99,5.02
RuOx,28.0,4.835
RuOx,28.01,4.632
RuOx,28.02,4.473
RuOx,28.03,4.424
RuOx,28.04,4.432
RuOx,28.05,4.415
RuOx,28.06,4.399
RuOx,28.07,4.365
RuOx,28.08,4.429
RuOx,28.09,4.354
RuOx,28.1,4.335
RuOx,28.11,4.254
RuOx,28.12,4.36
RuOx,28.13,4.284
RuOx,28.14,4.33
RuOx,28.15,4.33
RuOx,28.16,4.384
RuOx,28.17,4.232
RuOx,28.18,4.196
RuOx,28.19,4.245
RuOx,28.2,4.256
RuOx,28.21,4.135
RuOx,28.22,4.105
RuOx,28.23,4.264
RuOx,28.24,4.386
RuOx,28.25,4.284
RuOx,28.26,4.256
RuOx,28.27,4.205
RuOx,28.28,4.204
RuOx,28.29,4.164
RuOx,28.3,4.314
RuOx,28.31,4.518
RuOx,28.32,4.528
RuOx,28.33,4.369
RuOx,28.34,4.152
RuOx,28.35,4.159
RuOx,28.36,4.244
RuOx,28.37,4.244
RuOx,28.38,4.271
RuOx,28.39,4.302
RuOx,28.4,4.378
RuOx,28.41,4.254
RuOx,28.42,4.219
RuOx,28.43,4.231
RuOx,28.44,4.269
RuOx,28.45,4.299
RuOx,28.46,4.323
RuOx,28.47,4.343
RuOx,28.48,4.283
RuOx,28.49,4.237
RuOx,28.5,4.168
RuOx,28.51,4.207
RuOx,28.52,4.218
RuOx,28.53,4.241
RuOx,28.54,4.219
RuOx,28.55,4.204
RuOx,28.56,4.088
RuOx,28.57,3.962
RuOx,28.58,3.957
RuOx,28.59,3.869
RuOx,28.6,3.868
RuOx,28.61,3.911
RuOx,28.62,3.98
RuOx,28.63,3.946
RuOx,28.64,3.953
RuOx,28.65,4.042
RuOx,28.66,4.105
RuOx,28.67,4.099
RuOx,28.68,4.084
RuOx,28.69,4.165
RuOx,28.7,4.229
RuOx,28.71,4.175
RuOx,28.72,4.032
RuOx,28.73,3.999
RuOx,28.74,4.042
RuOx,28.75,4.11
RuOx,28.76,4.019
RuOx,28.77,4.047
RuOx,28.78,4.072
RuOx,28.79,4.076
RuOx,28.8,4.063
RuOx,28.81,4.116
RuOx,28.82,4.256
RuOx,28.83,4.18
RuOx,28.84,4.119
RuOx,28.85,4.055
RuOx,28.86,4.064
RuOx,28.87,4.055
RuOx,28.88,3.948
RuOx,28.89,3.888
RuOx,28.9,3.903
RuOx,28.91,4.013
RuOx,28.92,4.016
RuOx,28.93,4.029
RuOx,28.94,4.167
RuOx,28.95,4.281
RuOx,28.96,4.223
RuOx,28.97,4.077
RuOx,28.98,4.093
RuOx,28.99,4.126
RuOx,29.0,4.143
RuOx,29.01,4.061
RuOx,29.02,4.07
RuOx,29.03,4.073
RuOx,29.04,4.09
RuOx,29.05,3.968
RuOx,29.06,3.824
RuOx,29.07,3.854
RuOx,29.08,3.925
RuOx,29.09,4.047
RuOx,29.1,4.014
RuOx,29.11,4.122
RuOx,29.12,4.116
RuOx,29.13,4.116
RuOx,29.14,4.071
RuOx,29.15,4.139
RuOx,29.16,4.151
RuOx,29.17,4.019
RuOx,29.18,3.946
RuOx,29.19,3.904
RuOx,29.2,4.012
RuOx,29.21,4.072
RuOx,29.22,4.174
RuOx,29.23,4.107
RuOx,29.24,4.069
RuOx,29.25,4.034
RuOx,29.26,3.97
RuOx,29.27,3.921
RuOx,29.28,3.968
RuOx,29.29,4.059
RuOx,29.3,4.025
RuOx,29.31,3.897
RuOx,29.32,3.878
RuOx,29.33,3.958
RuOx,29.34,4.018
RuOx,29.35,4.025
RuOx,29.36,3.962
RuOx,29.37,3.935
RuOx,29.38,3.919
RuOx,29.39,3.886
RuOx,29.4,3.907
RuOx,29.41,4.059
RuOx,29.42,4.165
RuOx,29.43,4.138
RuOx,29.44,4.021
RuOx,29.45,4.023
RuOx,29.46,4.048
RuOx,29.47,4.03
RuOx,29.48,3.984
RuOx,29.49,3.983
RuOx,29.5,4.083
RuOx,29.51,4.171
RuOx,29.52,4.115
RuOx,29.53,4.082
RuOx,29.54,3.998
RuOx,29.55,3.998
RuOx,29.56,3.863
RuOx,29.57,3.878
RuOx,29.58,3.89
RuOx,29.59,3.976
RuOx,29.6,3.909
RuOx,29.61,3.865
RuOx,29.62,3.811
RuOx,29.63,3.759
RuOx,29.64,3.798
RuOx,29.65,3.886
RuOx,29.66,4.029
RuOx,29.67,4.014
RuOx,29.68,4.028
RuOx,29.69,3.992
RuOx,29.7,3.982
RuOx,29.71,4.015
RuOx,29.72,4.064
RuOx,29.73,4.085
RuOx,29.74,3.97
RuOx,29.75,3.947
RuOx,29.76,3.929
RuOx,29.77,4.014
RuOx,29.78,4.017
RuOx,29.79,4.073
RuOx,29.8,3.947
RuOx,29.81,3.866
RuOx,29.82,3.796
RuOx,29.83,3.851
RuOx,29.84,3.902
RuOx,29.85,3.957
RuOx,29.86,3.916
RuOx,29.87,3.851
RuOx,29.88,3.926
RuOx,29.89,4.091
RuOx,29.9,4.069
RuOx,29.91,3.992
RuOx,29.92,4.009
RuOx,29.93,3.993
RuOx,29.94,3.963
RuOx,29.95,3.828
RuOx,29.96,3.813
RuOx,29.97,3.744
RuOx,29.98,3.821
RuOx,29.99,3.84
RuOx,30.0,3.942
RuOx,30.01,3.982
RuOx,30.02,4.039
RuOx,30.03,3.996
RuOx,30.04,4.031
RuOx,30.05,3.988
RuOx,30.06,4.003
RuOx,30.07,3.978
RuOx,30.08,4.041
RuOx,30.09,4.017
RuOx,30.1,3.968
RuOx,30.11,3.936
RuOx,30.12,3.921
RuOx,30.13,3.932
RuOx,30.14,3.862
RuOx,30.15,3.894
RuOx,30.16,3.9
RuOx,30.17,3.908
RuOx,30.18,3.774
RuOx,30.19,3.728
RuOx,30.2,3.77
RuOx,30.21,3.877
RuOx,30.22,3.846
RuOx,30.23,3.72
RuOx,30.24,3.705
RuOx,30.25,3.879
RuOx,30.26,3.956
RuOx,30.27,4.003
RuOx,30.28,3.993
RuOx,30.29,3.991
RuOx,30.3,3.98
RuOx,30.31,3.991
RuOx,30.32,3.992
RuOx,30.33,3.992
RuOx,30.34,3.974
RuOx,30.35,3.899
RuOx,30.36,3.827
RuOx,30.37,3.747
RuOx,30.38,3.776
RuOx,30.39,3.784
RuOx,30.4,3.855
RuOx,30.41,3.873
RuOx,30.42,3.95
RuOx,30.43,3.971
RuOx,30.44,3.975
RuOx,30.45,3.866
RuOx,30.46,3.809
RuOx,30.47,3.839
RuOx,30.48,3.854
RuOx,30.49,3.815
RuOx,30.5,3.794
RuOx,30.51,3.801
RuOx,30.52,3.971
RuOx,30.53,4.014
RuOx,30.54,4.022
RuOx,30.55,3.876
RuOx,30.56,3.81
RuOx,30.57,3.804
RuOx,30.58,3.898
RuOx,30.59,3.994
RuOx,30.6,4.019
RuOx,30.61,3.985
RuOx,30.62,3.918
RuOx,30.63,3.871
RuOx,30.64,3.831
RuOx,30.65,3.8
RuOx,30.66,3.78
RuOx,30.67,3.762
RuOx,30.68,3.748
RuOx,30.69,3.821
RuOx,30.7,3.806
RuOx,30.71,3.818
RuOx,30.72,3.858
RuOx,30.73,3.921
RuOx,30.74,3.929
RuOx,30.75,3.924
RuOx,30.76,3.936
RuOx,30.77,3.902
RuOx,30.78,3.901
RuOx,30.79,3.834
RuOx,30.8,3.804
RuOx,30.81,3.822
RuOx,30.82,3.822
RuOx,30.83,3.873
RuOx,30.84,3.891
RuOx,30.85,3.92
RuOx,30.86,3.919
RuOx,30.87,3.92
RuOx,30.88,3.894
RuOx,30.89,3.741
RuOx,30.9,3.808
RuOx,30.91,3.911
RuOx,30.92,3.929
RuOx,30.93,3.992
RuOx,30.94,3.964
RuOx,30.95,3.983
RuOx,30.96,3.955
RuOx,30.97,4.051
RuOx,30.98,4.079
RuOx,30.99,3.958
RuOx,31.0,3.777
RuOx,31.01,3.687
RuOx,31.02,3.675
RuOx,31.03,3.746
RuOx,31.04,3.815
RuOx,31.05,3.845
RuOx,31.06,3.833
RuOx,31.07,3.842
RuOx,31.08,3.74
RuOx,31.09,3.664
RuOx,31.1,3.684
RuOx,31.11,3.729
RuOx,31.12,3.606
RuOx,31.13,3.567
RuOx,31.14,3.658
RuOx,31.15,3.852
RuOx,31.16,3.863
RuOx,31.17,3.848
RuOx,31.18,3.791
RuOx,31.19,3.757
RuOx,31.2,3.769
RuOx,31.21,3.761
RuOx,31.22,3.772
RuOx,31.23,3.845
RuOx,31.24,3.884
RuOx,31.25,3.891
RuOx,31.26,3.854
RuOx,31.27,3.859
RuOx,31.28,3.885
RuOx,31.29,3.935
RuOx,31.3,3.927
RuOx,31.31,3.847
RuOx,31.32,3.793
RuOx,31.33,3.732
RuOx,31.34,3.798
RuOx,31.35,3.735
RuOx,31.36,3.782
RuOx,31.37,3.782
RuOx,31.38,3.863
RuOx,31.39,3.82
RuOx,31.4,3.878
RuOx,31.41,3.95
RuOx,31.42,3.977
RuOx,31.43,3.883
RuOx,31.44,3.877
RuOx,31.45,3.942
RuOx,31.46,4.0
RuOx,31.47,4.002
RuOx,31.48,4.017
RuOx,31.49,3.979
RuOx,31.5,3.92
RuOx,31.51,3.836
RuOx,31.52,3.822
RuOx,31.53,3.839
RuOx,31.54,3.971
RuOx,31.55,3.931
RuOx,31.56,3.86
RuOx,31.57,3.775
RuOx,31.58,3.897
RuOx,31.59,3.954
RuOx,31.6,3.896
RuOx,31.61,3.768
RuOx,31.62,3.787
RuOx,31.63,3.775
RuOx,31.64,3.696
RuOx,31.65,3.678
RuOx,31.66,3.79
RuOx,31.67,3.835
RuOx,31.68,3.783
RuOx,31.69,3.776
RuOx,31.7,3.854
RuOx,31.71,3.78
RuOx,31.72,3.764
RuOx,31.73,3.758
RuOx,31.74,3.751
RuOx,31.75,3.723
RuOx,31.76,3.684
RuOx,31.77,3.707
RuOx,31.78,3.711
RuOx,31.79,3.698
RuOx,31.8,3.704
RuOx,31.81,3.792
RuOx,31.82,3.892
RuOx,31.83,3.9
RuOx,31.84,3.799
RuOx,31.85,3.705
RuOx,31.86,3.711
RuOx,31.87,3.761
RuOx,31.88,3.791
RuOx,31.89,3.745
RuOx,31.9,3.755
RuOx,31.91,3.758
RuOx,31.92,3.801
RuOx,31.93,3.828
RuOx,31.94,3.871
RuOx,31.95,3.788
RuOx,31.96,3.779
RuOx,31.97,3.742
RuOx,31.98,3.757
RuOx,31.99,3.732
RuOx,32.0,3.772
RuOx,32.01,3.845
RuOx,32.02,3.833
RuOx,32.03,3.796
RuOx,32.04,3.855
RuOx,32.05,3.836
RuOx,32.06,3.82
RuOx,32.07,3.803
RuOx,32.08,3.847
RuOx,32.09,3.827
RuOx,32.1,3.806
RuOx,32.11,3.83
RuOx,32.12,3.836
RuOx,32.13,3.667
RuOx,32.14,3.537
RuOx,32.15,3.562
RuOx,32.16,3.671
RuOx,32.17,3.723
RuOx,32.18,3.726
RuOx,32.19,3.784
RuOx,32.2,3.764
RuOx,32.21,3.748
RuOx,32.22,3.648
RuOx,32.23,3.622
RuOx,32.24,3.595
RuOx,32.25,3.571
RuOx,32.26,3.619
RuOx,32.27,3.73
RuOx,32.28,3.835
RuOx,32.29,3.825
RuOx,32.3,3.791
RuOx,32.31,3.727
RuOx,32.32,3.752
RuOx,32.33,3.742
RuOx,32.34,3.709
RuOx,32.35,3.638
RuOx,32.36,3.669
RuOx,32.37,3.761
RuOx,32.38,3.834
RuOx,32.39,3.723
RuOx,32.4,3.648
RuOx,32.41,3.643
RuOx,32.42,3.737
RuOx,32.43,3.765
RuOx,32.44,3.76
RuOx,32.45,3.785
RuOx,32.46,3.791
RuOx,32.47,3.886
RuOx,32.48,3.857
RuOx,32.49,3.811
RuOx,32.5,3.7
RuOx,32.51,3.727
RuOx,32.52,3.709
RuOx,32.53,3.554
RuOx,32.54,3.555
RuOx,32.55,3.588
RuOx,32.56,3.701
RuOx,32.57,3.733
RuOx,32.58,3.755
RuOx,32.59,3.798
RuOx,32.6,3.861
RuOx,32.61,3.825
RuOx,32.62,3.803
RuOx,32.63,3.653
RuOx,32.64,3.588
RuOx,32.65,3.47
RuOx,32.66,3.499
RuOx,32.67,3.647
RuOx,32.68,3.743
RuOx,32.69,3.79
RuOx,32.7,3.69
RuOx,32.71,3.708
RuOx,32.72,3.798
RuOx,32.73,3.826
RuOx,32.74,3.807
RuOx,32.75,3.733
RuOx,32.76,3.768
RuOx,32.77,3.757
RuOx,32.78,3.577
RuOx,32.79,3.455
RuOx,32.8,3.491
RuOx,32.81,3.681
RuOx,32.82,3.753
RuOx,32.83,3.721
RuOx,32.84,3.67
RuOx,32.85,3.666
RuOx,32.86,3.748
RuOx,32.87,3.737
RuOx,32.88,3.673
RuOx,32.89,3.64
RuOx,32.9,3.687
RuOx,32.91,3.745
RuOx,32.92,3.688
RuOx,32.93,3.605
RuOx,32.94,3.628
RuOx,32.95,3.665
RuOx,32.96,3.685
RuOx,32.97,3.648
RuOx,32.98,3.675
RuOx,32.99,3.711
RuOx,33.0,3.676
RuOx,33.01,3.685
RuOx,33.02,3.693
RuOx,33.03,3.778
RuOx,33.04,3.731
RuOx,33.05,3.76
RuOx,33.06,3.761
RuOx,33.07,3.867
RuOx,33.08,3.91
RuOx,33.09,3.834
RuOx,33.1,3.771
RuOx,33.11,3.725
RuOx,33.12,3.751
RuOx,33.13,3.923
RuOx,33.14,4.013
RuOx,33.15,4.046
RuOx,33.16,3.768
RuOx,33.17,3.714
RuOx,33.18,3.794
RuOx,33.19,3.872
RuOx,33.2,3.865
RuOx,33.21,3.771
RuOx,33.22,3.783
RuOx,33.23,3.761
RuOx,33.24,3.8
RuOx,33.25,3.818
RuOx,33.26,3.804
RuOx,33.27,3.726
RuOx,33.28,3.814
RuOx,33.29,3.819
RuOx,33.3,3.806
RuOx,33.31,3.669
RuOx,33.32,3.726
RuOx,33.33,3.779
RuOx,33.34,3.851
RuOx,33.35,3.87
RuOx,33.36,3.889
RuOx,33.37,3.893
RuOx,33.38,3.903
RuOx,33.39,3.845
RuOx,33.4,3.771
RuOx,33.41,3.743
RuOx,33.42,3.833
RuOx,33.43,3.891
RuOx,33.44,3.953
RuOx,33.45,3.906
RuOx,33.46,3.86
RuOx,33.47,3.81
RuOx,33.48,3.89
RuOx,33.49,3.815
RuOx,33.5,3.712
RuOx,33.51,3.713
RuOx,33.52,3.886
RuOx,33.53,3.92
RuOx,33.54,3.9
RuOx,33.55,3.79
RuOx,33.56,3.877
RuOx,33.57,3.883
RuOx,33.58,3.926
RuOx,33.59,3.915
RuOx,33.6,4.1
RuOx,33.61,4.119
RuOx,33.62,4.054
RuOx,33.63,3.941
RuOx,33.64,3.978
RuOx,33.65,4.076
RuOx,33.66,4.043
RuOx,33.67,3.97
RuOx,33.68,3.991
RuOx,33.69,4.083
RuOx,33.7,4.15
RuOx,33.71,4.197
RuOx,33.72,4.225
RuOx,33.73,4.255
RuOx,33.74,4.111
RuOx,33.75,4.121
RuOx,33.76,4.175
RuOx,33.77,4.153
RuOx,33.78,4.01
RuOx,33.79,3.959
RuOx,33.8,4.115
RuOx,33.81,4.182
RuOx,33.82,4.144
RuOx,33.83,4.075
RuOx,33.84,4.001
RuOx,33.85,4.004
RuOx,33.86,4.094
RuOx,33.87,4.166
RuOx,33.88,4.201
RuOx,33.89,4.287
RuOx,33.9,4.38
RuOx,33.91,4.36
RuOx,33.92,4.315
RuOx,33.93,4.286
RuOx,33.94,4.228
RuOx,33.95,4.151
RuOx,33.96,4.194
RuOx,33.97,4.245
RuOx,33.98,4.218
RuOx,33.99,4.192
RuOx,34.0,4.248
RuOx,34.01,4.205
RuOx,34.02,4.234
RuOx,34.03,4.352
RuOx,34.04,4.536
RuOx,34.05,4.456
RuOx,34.06,4.372
RuOx,34.07,4.307
RuOx,34.08,4.367
RuOx,34.09,4.426
RuOx,34.1,4.487
RuOx,34.11,4.552
RuOx,34.12,4.762
RuOx,34.13,4.751
RuOx,34.14,4.634
RuOx,34.15,4.363
RuOx,34.16,4.366
RuOx,34.17,4.359
RuOx,34.18,4.465
RuOx,34.19,4.525
RuOx,34.2,4.616
RuOx,34.21,4.565
RuOx,34.22,4.446
RuOx,34.23,4.353
RuOx,34.24,4.469
RuOx,34.25,4.641
RuOx,34.26,4.728
RuOx,34.27,4.594
RuOx,34.28,4.624
RuOx,34.29,4.654
RuOx,34.3,4.814
RuOx,34.31,4.815
RuOx,34.32,4.808
RuOx,34.33,4.788
RuOx,34.34,4.763
RuOx,34.35,4.779
RuOx,34.36,4.715
RuOx,34.37,4.776
RuOx,34.38,4.788
RuOx,34.39,4.868
RuOx,34.4,4.953
RuOx,34.41,5.017
RuOx,34.42,5.104
RuOx,34.43,5.137
RuOx,34.44,5.165
RuOx,34.45,5.212
RuOx,34.46,5.241
RuOx,34.47,5.255
RuOx,34.48,5.375
RuOx,34.49,5.443
RuOx,34.5,5.543
RuOx,34.51,5.638
RuOx,34.52,5.723
RuOx,34.53,5.827
RuOx,34.54,5.856
RuOx,34.55,5.84
RuOx,34.56,5.816
RuOx,34.57,5.772
RuOx,34.58,5.935
RuOx,34.59,6.122
RuOx,34.6,6.282
RuOx,34.61,6.392
RuOx,34.62,6.573
RuOx,34.63,6.742
RuOx,34.64,6.836
RuOx,34.65,6.954
RuOx,34.66,7.241
RuOx,34.67,7.606
RuOx,34.68,7.84
RuOx,34.69,8.246
RuOx,34.7,8.622
RuOx,34.71,9.194
RuOx,34.72,9.62
RuOx,34.73,10.676
RuOx,34.74,11.538
RuOx,34.75,12.376
RuOx,34.76,13.194
RuOx,34.77,14.305
RuOx,34.78,15.887
RuOx,34.79,17.855
RuOx,34.8,19.69
RuOx,34.81,22.3
RuOx,34.82,25.342
RuOx,34.83,29.008
RuOx,34.84,33.642
RuOx,34.85,38.699
RuOx,34.86,44.424
RuOx,34.87,52.59
RuOx,34.88,61.31
RuOx,34.89,71.805
RuOx,34.9,83.548
RuOx,34.91,94.567
RuOx,34.92,106.043
RuOx,34.93,117.575
RuOx,34.94,126.331
RuOx,34.95,132.355
RuOx,34.96,136.89
RuOx,34.97,138.234
RuOx,34.98,136.818
RuOx,34.99,132.617
RuOx,35.0,128.105
RuOx,35.01,122.453
RuOx,35.02,116.358
RuOx,35.03,109.984
RuOx,35.04,102.172
RuOx,35.05,95.005
RuOx,35.06,87.326
RuOx,35.07,79.237
RuOx,35.08,70.932
RuOx,35.09,61.989
RuOx,35.1,54.08
RuOx,35.11,47.487
RuOx,35.12,40.913
RuOx,35.13,35.09
RuOx,35.14,30.455
RuOx,35.15,25.867
RuOx,35.16,22.6
RuOx,35.17,19.677
RuOx,35.18,17.407
RuOx,35.19,15.366
RuOx,35.2,13.66
RuOx,35.21,12.14
RuOx,35.22,11.256
RuOx,35.23,10.387
RuOx,35.24,9.579
RuOx,35.25,8.952
RuOx,35.26,8.402
RuOx,35.27,7.895
RuOx,35.28,7.439
RuOx,35.29,7.104
RuOx,35.3,6.691
RuOx,35.31,6.507
RuOx,35.32,6.368
RuOx,35.33,6.387
RuOx,35.34,6.294
RuOx,35.35,6.041
RuOx,35.36,5.652
RuOx,35.37,5.41
RuOx,35.38,5.262
RuOx,35.39,5.305
RuOx,35.4,5.295
RuOx,35.41,5.165
RuOx,35.42,5.148
RuOx,35.43,5.043
RuOx,35.44,5.073
RuOx,35.45,4.886
RuOx,35.46,4.825
RuOx,35.47,4.911
RuOx,35.48,4.944
RuOx,35.49,4.87
RuOx,35.5,4.734
RuOx,35.51,4.698
RuOx,35.52,4.585
RuOx,35.53,4.491
RuOx,35.54,4.433
RuOx,35.55,4.355
RuOx,35.56,4.371
RuOx,35.57,4.33
RuOx,35.58,4.33
RuOx,35.59,4.315
RuOx,35.6,4.322
RuOx,35.61,4.365
RuOx,35.62,4.255
RuOx,35.63,4.204
RuOx,35.64,4.109
RuOx,35.65,4.178
RuOx,35.66,4.218
RuOx,35.67,4.192
RuOx,35.68,4.026
RuOx,35.69,4.004
RuOx,35.7,4.052
RuOx,35.71,4.114
RuOx,35.72,4.076
RuOx,35.73,4.021
RuOx,35.74,3.946
RuOx,35.75,3.967
RuOx,35.76,3.961
RuOx,35.77,3.946
RuOx,35.78,3.97
RuOx,35.79,3.974
RuOx,35.8,3.907
RuOx,35.81,3.835
RuOx,35.82,3.759
RuOx,35.83,3.746
RuOx,35.84,3.761
RuOx,35.85,3.753
RuOx,35.86,3.85
RuOx,35.87,3.816
RuOx,35.88,3.897
RuOx,35.89,3.748
RuOx,35.9,3.736
RuOx,35.91,3.765
RuOx,35.92,3.816
RuOx,35.93,3.804
RuOx,35.94,3.679
RuOx,35.95,3.611
RuOx,35.96,3.62
RuOx,35.97,3.724
RuOx,35.98,3.76
RuOx,35.99,3.652
RuOx,36.0,3.637
RuOx,36.01,3.615
RuOx,36.02,3.682
RuOx,36.03,3.65
RuOx,36.04,3.735
RuOx,36.05,3.673
RuOx,36.06,3.615
RuOx,36.07,3.514
RuOx,36.08,3.499
RuOx,36.09,3.505
RuOx,36.1,3.594
RuOx,36.11,3.638
RuOx,36.12,3.569
RuOx,36.13,3.559
RuOx,36.14,3.66
RuOx,36.15,3.739
RuOx,36.16,3.614
RuOx,36.17,3.544
RuOx,36.18,3.484
RuOx,36.19,3.495
RuOx,36.2,3.499
RuOx,36.21,3.482
RuOx,36.22,3.394
RuOx,36.23,3.349
RuOx,36.24,3.481
RuOx,36.25,3.514
RuOx,36.26,3.508
RuOx,36.27,3.407
RuOx,36.28,3.446
RuOx,36.29,3.477
RuOx,36.3,3.496
RuOx,36.31,3.528
RuOx,36.32,3.568
RuOx,36.33,3.591
RuOx,36.34,3.519
RuOx,36.35,3.449
RuOx,36.36,3.438
RuOx,36.37,3.462
RuOx,36.38,3.44
RuOx,36.39,3.457
RuOx,36.4,3.454
RuOx,36.41,3.542
RuOx,36.42,3.618
RuOx,36.43,3.559
RuOx,36.44,3.504
RuOx,36.45,3.42
RuOx,36.46,3.322
RuOx,36.47,3.265
RuOx,36.48,3.393
RuOx,36.49,3.549
RuOx,36.5,3.561
RuOx,36.51,3.45
RuOx,36.52,3.429
RuOx,36.53,3.5
RuOx,36.54,3.579
RuOx,36.55,3.593
RuOx,36.56,3.62
RuOx,36.57,3.615
RuOx,36.58,3.618
RuOx,36.59,3.538
RuOx,36.6,3.455
RuOx,36.61,3.509
RuOx,36.62,3.477
RuOx,36.63,3.454
RuOx,36.64,3.376
RuOx,36.65,3.478
RuOx,36.66,3.448
RuOx,36.67,3.372
RuOx,36.68,3.32
RuOx,36.69,3.391
RuOx,36.7,3.445
RuOx,36.71,3.512
RuOx,36.72,3.539
RuOx,36.73,3.604
RuOx,36.74,3.549
RuOx,36.75,3.458
RuOx,36.76,3.334
RuOx,36.77,3.269
RuOx,36.78,3.253
RuOx,36.79,3.272
RuOx,36.8,3.284
RuOx,36.81,3.31
RuOx,36.82,3.361
RuOx,36.83,3.25
RuOx,36.84,3.254
RuOx,36.85,3.276
RuOx,36.86,3.402
RuOx,36.87,3.523
RuOx,36.88,3.564
RuOx,36.89,3.558
RuOx,36.9,3.439
RuOx,36.91,3.288
RuOx,36.92,3.237
RuOx,36.93,3.267
RuOx,36.94,3.376
RuOx,36.95,3.468
RuOx,36.96,3.517
RuOx,36.97,3.558
RuOx,36.98,3.626
RuOx,36.99,3.575
RuOx,37.0,3.469
RuOx,37.01,3.377
RuOx,37.02,3.413
RuOx,37.03,3.488
RuOx,37.04,3.52
RuOx,37.05,3.529
RuOx,37.06,3.446
RuOx,37.07,3.419
RuOx,37.08,3.434
RuOx,37.09,3.482
RuOx,37.1,3.504
RuOx,37.11,3.459
RuOx,37.12,3.323
RuOx,37.13,3.258
RuOx,37.14,3.329
RuOx,37.15,3.405
RuOx,37.16,3.353
RuOx,37.17,3.297
RuOx,37.18,3.329
RuOx,37.19,3.335
RuOx,37.2,3.278
RuOx,37.21,3.207
RuOx,37.22,3.29
RuOx,37.23,3.352
RuOx,37.24,3.356
RuOx,37.25,3.343
RuOx,37.26,3.329
RuOx,37.27,3.261
RuOx,37.28,3.3
RuOx,37.29,3.379
RuOx,37.3,3.407
RuOx,37.31,3.352
RuOx,37.32,3.44
RuOx,37.33,3.485
RuOx,37.34,3.529
RuOx,37.35,3.449
RuOx,37.36,3.378
RuOx,37.37,3.334
RuOx,37.38,3.314
RuOx,37.39,3.43
RuOx,37.4,3.362
RuOx,37.41,3.331
RuOx,37.42,3.354
RuOx,37.43,3.434
RuOx,37.44,3.472
RuOx,37.45,3.425
RuOx,37.46,3.386
RuOx,37.47,3.387
RuOx,37.48,3.439
RuOx,37.49,3.437
RuOx,37.5,3.408
RuOx,37.51,3.335
RuOx,37.52,3.27
RuOx,37.53,3.226
RuOx,37.54,3.318
RuOx,37.55,3.353
RuOx,37.56,3.302
RuOx,37.57,3.256
RuOx,37.58,3.262
RuOx,37.59,3.344
RuOx,37.6,3.431
RuOx,37.61,3.459
RuOx,37.62,3.456
RuOx,37.63,3.415
RuOx,37.64,3.352
RuOx,37.65,3.36
RuOx,37.66,3.348
RuOx,37.67,3.357
RuOx,37.68,3.312
RuOx,37.69,3.334
RuOx,37.7,3.363
RuOx,37.71,3.456
RuOx,37.72,3.567
RuOx,37.73,3.61
RuOx,37.74,3.497
RuOx,37.75,3.452
RuOx,37.76,3.406
RuOx,37.77,3.407
RuOx,37.78,3.371
RuOx,37.79,3.42
RuOx,37.8,3.437
RuOx,37.81,3.467
RuOx,37.82,3.506
RuOx,37.83,3.545
RuOx,37.84,3.518
RuOx,37.85,3.425
RuOx,37.86,3.513
RuOx,37.87,3.538
RuOx,37.88,3.537
RuOx,37.89,3.459
RuOx,37.9,3.514
RuOx,37.91,3.466
RuOx,37.92,3.369
RuOx,37.93,3.295
RuOx,37.94,3.354
RuOx,37.95,3.467
RuOx,37.96,3.497
RuOx,37.97,3.488
RuOx,37.98,3.454
RuOx,37.99,3.416
RuOx,38.0,3.372
RuOx,38.01,3.428
RuOx,38.02,3.493
RuOx,38.03,3.518
RuOx,38.04,3.494
RuOx,38.05,3.454
RuOx,38.06,3.386
RuOx,38.07,3.373
RuOx,38.08,3.485
RuOx,38.09,3.604
RuOx,38.1,3.644
RuOx,38.11,3.514
RuOx,38.12,3.479
RuOx,38.13,3.455
RuOx,38.14,3.522
RuOx,38.15,3.585
RuOx,38.16,3.525
RuOx,38.17,3.448
RuOx,38.18,3.43
RuOx,38.19,3.544
RuOx,38.2,3.644
RuOx,38.21,3.636
RuOx,38.22,3.598
RuOx,38.23,3.664
RuOx,38.24,3.711
RuOx,38.25,3.797
RuOx,38.26,3.695
RuOx,38.27,3.676
RuOx,38.28,3.738
RuOx,38.29,3.722
RuOx,38.3,3.601
RuOx,38.31,3.45
RuOx,38.32,3.459
RuOx,38.33,3.55
RuOx,38.34,3.579
RuOx,38.35,3.609
RuOx,38.36,3.645
RuOx,38.37,3.7
RuOx,38.38,3.676
RuOx,38.39,3.705
RuOx,38.4,3.761
RuOx,38.41,3.84
RuOx,38.42,3.761
RuOx,38.43,3.602
RuOx,38.44,3.659
RuOx,38.45,3.778
RuOx,38.46,3.795
RuOx,38.47,3.742
RuOx,38.48,3.824
RuOx,38.49,3.972
RuOx,38.5,3.99
RuOx,38.51,3.99
RuOx,38.52,3.924
RuOx,38.53,3.865
RuOx,38.54,3.902
RuOx,38.55,3.998
RuOx,38.56,4.075
RuOx,38.57,3.957
RuOx,38.58,3.825
RuOx,38.59,3.851
RuOx,38.6,3.997
RuOx,38.61,4.119
RuOx,38.62,4.04
RuOx,38.63,3.992
RuOx,38.64,3.963
RuOx,38.65,3.952
RuOx,38.66,4.036
RuOx,38.67,4.122
RuOx,38.68,4.184
RuOx,38.69,4.206
RuOx,38.7,4.24
RuOx,38.71,4.3
RuOx,38.72,4.326
RuOx,38.73,4.274
RuOx,38.74,4.146
RuOx,38.75,4.131
RuOx,38.76,4.215
RuOx,38.77,4.248
RuOx,38.78,4.28
RuOx,38.79,4.361
RuOx,38.8,4.464
RuOx,38.81,4.574
RuOx,38.82,4.549
RuOx,38.83,4.551
RuOx,38.84,4.474
RuOx,38.85,4.454
RuOx,38.86,4.435
RuOx,38.87,4.646
RuOx,38.88,4.831
RuOx,38.89,4.989
RuOx,38.9,4.976
RuOx,38.91,4.838
RuOx,38.92,4.758
RuOx,38.93,4.772
RuOx,38.94,4.899
RuOx,38.95,5.013
RuOx,38.96,5.053
RuOx,38.97,5.188
RuOx,38.98,5.238
RuOx,38.99,5.285
RuOx,39.0,5.277
RuOx,39.01,5.344
RuOx,39.02,5.362
RuOx,39.03,5.531
RuOx,39.04,5.639
RuOx,39.05,5.758
RuOx,39.06,5.855
RuOx,39.07,6.012
RuOx,39.08,6.121
RuOx,39.09,6.233
RuOx,39.1,6.163
RuOx,39.11,6.372
RuOx,39.12,6.406
RuOx,39.13,6.577
RuOx,39.14,6.741
RuOx,39.15,6.985
RuOx,39.16,7.05
RuOx,39.17,7.189
RuOx,39.18,7.166
RuOx,39.19,7.356
RuOx,39.2,7.638
RuOx,39.21,7.762
RuOx,39.22,7.828
RuOx,39.23,7.838
RuOx,39.24,8.179
RuOx,39.25,8.487
RuOx,39.26,8.623
RuOx,39.27,8.767
RuOx,39.28,9.174
RuOx,39.29,9.481
RuOx,39.3,9.81
RuOx,39.31,9.958
RuOx,39.32,10.023
RuOx,39.33,10.144
RuOx,39.34,10.416
RuOx,39.35,10.691
RuOx,39.36,11.07
RuOx,39.37,11.205
RuOx,39.38,11.334
RuOx,39.39,11.609
RuOx,39.4,11.775
RuOx,39.41,11.977
RuOx,39.42,12.153
RuOx,39.43,12.23
RuOx,39.44,12.56
RuOx,39.45,12.604
RuOx,39.46,12.647
RuOx,39.47,12.643
RuOx,39.48,12.72
RuOx,39.49,12.701
RuOx,39.5,12.827
RuOx,39.51,13.008
RuOx,39.52,13.121
RuOx,39.53,12.996
RuOx,39.54,12.986
RuOx,39.55,13.095
RuOx,39.56,13.151
RuOx,39.57,13.051
RuOx,39.58,13.204
RuOx,39.59,13.248
RuOx,39.6,13.239
RuOx,39.61,13.199
RuOx,39.62,13.114
RuOx,39.63,13.063
RuOx,39.64,12.987
RuOx,39.65,12.974
RuOx,39.66,12.686
RuOx,39.67,12.464
RuOx,39.68,12.29
RuOx,39.69,12.136
RuOx,39.7,12.1
RuOx,39.71,12.01
RuOx,39.72,11.947
RuOx,39.73,11.802
RuOx,39.74,11.886
RuOx,39.75,11.855
RuOx,39.76,11.81
RuOx,39.77,11.704
RuOx,39.78,11.741
RuOx,39.79,11.562
RuOx,39.8,11.063
RuOx,39.81,10.848
RuOx,39.82,10.821
RuOx,39.83,10.793
RuOx,39.84,10.717
RuOx,39.85,10.547
RuOx,39.86,10.487
RuOx,39.87,10.444
RuOx,39.88,10.281
RuOx,39.89,9.979
RuOx,39.9,9.84
RuOx,39.91,9.866
RuOx,39.92,9.86
RuOx,39.93,9.754
RuOx,39.94,9.488
RuOx,39.95,9.431
RuOx,39.96,9.273
RuOx,39.97,9.18
RuOx,39.98,9.136
RuOx,39.99,9.261
RuOx,40.0,9.137
RuOx,40.01,8.973
RuOx,40.02,8.688
RuOx,40.03,8.534
RuOx,40.04,8.439
RuOx,40.05,8.368
RuOx,40.06,8.313
RuOx,40.07,8.201
RuOx,40.08,8.158
RuOx,40.09,8.158
RuOx,40.1,8.025
RuOx,40.11,7.867
RuOx,40.12,7.841
RuOx,40.13,7.779
RuOx,40.14,7.709
RuOx,40.15,7.581
RuOx,40.16,7.578
RuOx,40.17,7.576
RuOx,40.18,7.525
RuOx,40.19,7.304
RuOx,40.2,7.107
RuOx,40.21,7.162
RuOx,40.22,7.181
RuOx,40.23,7.187
RuOx,40.24,7.118
RuOx,40.25,7.153
RuOx,40.26,7.126
RuOx,40.27,7.013
RuOx,40.28,6.969
RuOx,40.29,6.893
RuOx,40.3,6.69
RuOx,40.31,6.529
RuOx,40.32,6.595
RuOx,40.33,6.693
RuOx,40.34,6.71
RuOx,40.35,6.595
RuOx,40.36,6.681
RuOx,40.37,6.689
RuOx,40.38,6.617
RuOx,40.39,6.573
RuOx,40.4,6.593
RuOx,40.41,6.543
RuOx,40.42,6.505
RuOx,40.43,6.501
RuOx,40.44,6.422
RuOx,40.45,6.319
RuOx,40.46,6.207
RuOx,40.47,6.196
RuOx,40.48,6.173
RuOx,40.49,6.16
RuOx,40.5,6.115
RuOx,40.51,6.022
RuOx,40.52,5.837
RuOx,40.53,5.674
RuOx,40.54,5.622
RuOx,40.55,5.62
RuOx,40.56,5.581
RuOx,40.57,5.448
RuOx,40.58,5.439
RuOx,40.59,5.354
RuOx,40.6,5.321
RuOx,40.61,5.279
RuOx,40.62,5.252
RuOx,40.63,5.177
RuOx,40.64,5.099
RuOx,40.65,5.011
RuOx,40.66,5.092
RuOx,40.67,5.192
RuOx,40.68,5.182
RuOx,40.69,5.023
RuOx,40.7,4.887
RuOx,40.71,4.889
RuOx,40.72,4.879
RuOx,40.73,4.83
RuOx,40.74,4.842
RuOx,40.75,4.857
RuOx,40.76,4.828
RuOx,40.77,4.651
RuOx,40.78,4.663
RuOx,40.79,4.625
RuOx,40.8,4.611
RuOx,40.81,4.558
RuOx,40.82,4.58
RuOx,40.83,4.59
RuOx,40.84,4.491
RuOx,40.85,4.406
RuOx,40.86,4.493
RuOx,40.87,4.564
RuOx,40.88,4.565
RuOx,40.89,4.44
RuOx,40.9,4.439
RuOx,40.91,4.401
RuOx,40.92,4.361
RuOx,40.93,4.208
RuOx,40.94,4.153
RuOx,40.95,4.073
RuOx,40.96,4.019
RuOx,40.97,4.04
RuOx,40.98,4.052
RuOx,40.99,4.1
RuOx,41.0,4.125
RuOx,41.01,4.171
RuOx,41.02,4.119
RuOx,41.03,4.005
RuOx,41.04,4.006
RuOx,41.05,3.986
RuOx,41.06,3.929
RuOx,41.07,3.939
RuOx,41.08,4.01
RuOx,41.09,4.001
RuOx,41.1,3.949
RuOx,41.11,3.943
RuOx,41.12,4.001
RuOx,41.13,3.922
RuOx,41.14,3.82
RuOx,41.15,3.703
RuOx,41.16,3.678
RuOx,41.17,3.699
RuOx,41.18,3.722
RuOx,41.19,3.802
RuOx,41.2,3.824
RuOx,41.21,3.738
RuOx,41.22,3.634
RuOx,41.23,3.622
RuOx,41.24,3.695
RuOx,41.25,3.601
RuOx,41.26,3.511
RuOx,41.27,3.476
RuOx,41.28,3.487
RuOx,41.29,3.564
RuOx,41.3,3.614
RuOx,41.31,3.577
RuOx,41.32,3.488
RuOx,41.33,3.454
RuOx,41.34,3.502
RuOx,41.35,3.495
RuOx,41.36,3.478
RuOx,41.37,3.497
RuOx,41.38,3.456
RuOx,41.39,3.488
RuOx,41.4,3.418
RuOx,41.41,3.448
RuOx,41.42,3.43
RuOx,41.43,3.374
RuOx,41.44,3.343
RuOx,41.45,3.357
RuOx,41.46,3.411
RuOx,41.47,3.381
RuOx,41.48,3.336
RuOx,41.49,3.269
RuOx,41.5,3.237
RuOx,41.51,3.237
RuOx,41.52,3.226
RuOx,41.53,3.201
RuOx,41.54,3.193
RuOx,41.55,3.234
RuOx,41.56,3.287
RuOx,41.57,3.262
RuOx,41.58,3.289
RuOx,41.59,3.202
RuOx,41.6,3.108
RuOx,41.61,3.157
RuOx,41.62,3.18
RuOx,41.63,3.226
RuOx,41.64,3.247
RuOx,41.65,3.233
RuOx,41.66,3.21
RuOx,41.67,3.225
RuOx,41.68,3.331
RuOx,41.69,3.336
RuOx,41.7,3.368
RuOx,41.71,3.299
RuOx,41.72,3.285
RuOx,41.73,3.184
RuOx,41.74,3.101
RuOx,41.75,3.061
RuOx,41.76,3.096
RuOx,41.77,3.139
RuOx,41.78,3.103
RuOx,41.79,3.145
RuOx,41.8,3.175
RuOx,41.81,3.18
RuOx,41.82,3.081
RuOx,41.83,3.054
RuOx,41.84,3.098
RuOx,41.85,3.18
RuOx,41.86,3.155
RuOx,41.87,3.131
RuOx,41.88,3.065
RuOx,41.89,3.046
RuOx,41.9,2.972
RuOx,41.91,3.023
RuOx,41.92,3.046
RuOx,41.93,3.107
RuOx,41.94,3.015
RuOx,41.95,2.931
RuOx,41.96,2.902
RuOx,41.97,2.93
RuOx,41.98,2.958
RuOx,41.99,2.899
RuOx,42.0,2.883
RuOx,42.01,2.885
RuOx,42.02,2.849
RuOx,42.03,2.78
RuOx,42.04,2.826
RuOx,42.05,2.96
RuOx,42.06,3.085
RuOx,42.07,3.171
RuOx,42.08,3.091
RuOx,42.09,2.986
RuOx,42.1,2.878
RuOx,42.11,2.925
RuOx,42.12,2.927
RuOx,42.13,2.925
RuOx,42.14,2.865
RuOx,42.15,2.877
RuOx,42.16,2.876
RuOx,42.17,2.875
RuOx,42.18,2.799
RuOx,42.19,2.821
RuOx,42.2,2.763
RuOx,42.21,2.717
RuOx,42.22,2.778
RuOx,42.23,2.904
RuOx,42.24,2.942
RuOx,42.25,2.84
RuOx,42.26,2.779
RuOx,42.27,2.781
RuOx,42.28,2.793
RuOx,42.29,2.843
RuOx,42.3,2.874
RuOx,42.31,2.909
RuOx,42.32,2.83
RuOx,42.33,2.759
RuOx,42.34,2.789
RuOx,42.35,2.807
RuOx,42.36,2.768
RuOx,42.37,2.657
RuOx,42.38,2.607
RuOx,42.39,2.656
RuOx,42.4,2.715
RuOx,42.41,2.777
RuOx,42.42,2.761
RuOx,42.43,2.633
RuOx,42.44,2.508
RuOx,42.45,2.545
RuOx,42.46,2.628
RuOx,42.47,2.712
RuOx,42.48,2.734
RuOx,42.49,2.776
RuOx,42.5,2.684
RuOx,42.51,2.639
RuOx,42.52,2.632
RuOx,42.53,2.767
RuOx,42.54,2.752
RuOx,42.55,2.708
RuOx,42.56,2.667
RuOx,42.57,2.728
RuOx,42.58,2.687
RuOx,42.59,2.668
RuOx,42.6,2.703
RuOx,42.61,2.737
RuOx,42.62,2.774
RuOx,42.63,2.675
RuOx,42.64,2.644
RuOx,42.65,2.566
RuOx,42.66,2.654
RuOx,42.67,2.594
RuOx,42.68,2.558
RuOx,42.69,2.534
RuOx,42.7,2.592
RuOx,42.71,2.581
RuOx,42.72,2.572
RuOx,42.73,2.61
RuOx,42.74,2.685
RuOx,42.75,2.646
RuOx,42.76,2.658
RuOx,42.77,2.682
RuOx,42.78,2.652
RuOx,42.79,2.599
RuOx,42.8,2.591
RuOx,42.81,2.653
RuOx,42.82,2.576
RuOx,42.83,2.565
RuOx,42.84,2.551
RuOx,42.85,2.619
RuOx,42.86,2.628
RuOx,42.87,2.636
RuOx,42.88,2.534
RuOx,42.89,2.534
RuOx,42.9,2.528
RuOx,42.91,2.499
RuOx,42.92,2.525
RuOx,42.93,2.542
RuOx,42.94,2.605
RuOx,42.95,2.538
RuOx,42.96,2.464
RuOx,42.97,2.537
RuOx,42.98,2.63
RuOx,42.99,2.618
RuOx,43.0,2.537
RuOx,43.01,2.631
RuOx,43.02,2.656
RuOx,43.03,2.659
RuOx,43.04,2.603
RuOx,43.05,2.623
RuOx,43.06,2.557
RuOx,43.07,2.497
RuOx,43.08,2.519
RuOx,43.09,2.501
RuOx,43.1,2.46
RuOx,43.11,2.475
RuOx,43.12,2.467
RuOx,43.13,2.486
RuOx,43.14,2.523
RuOx,43.15,2.539
RuOx,43.16,2.538
RuOx,43.17,2.551
RuOx,43.18,2.533
RuOx,43.19,2.554
RuOx,43.2,2.588
RuOx,43.21,2.746
RuOx,43.22,2.66
RuOx,43.23,2.511
RuOx,43.24,2.384
RuOx,43.25,2.394
RuOx,43.26,2.437
RuOx,43.27,2.528
RuOx,43.28,2.6
RuOx,43.29,2.543
RuOx,43.3,2.514
RuOx,43.31,2.504
RuOx,43.32,2.566
RuOx,43.33,2.483
RuOx,43.34,2.45
RuOx,43.35,2.478
RuOx,43.36,2.505
RuOx,43.37,2.507
RuOx,43.38,2.471
RuOx,43.39,2.446
RuOx,43.4,2.479
RuOx,43.41,2.436
RuOx,43.42,2.417
RuOx,43.43,2.426
RuOx,43.44,2.465
RuOx,43.45,2.462
RuOx,43.46,2.371
RuOx,43.47,2.332
RuOx,43.48,2.323
RuOx,43.49,2.41
RuOx,43.5,2.521
RuOx,43.51,2.574
RuOx,43.52,2.542
RuOx,43.53,2.444
RuOx,43.54,2.378
RuOx,43.55,2.377
RuOx,43.56,2.477
RuOx,43.57,2.547
RuOx,43.58,2.567
RuOx,43.59,2.447
RuOx,43.6,2.422
RuOx,43.61,2.487
RuOx,43.62,2.585
RuOx,43.63,2.634
RuOx,43.64,2.605
RuOx,43.65,2.534
RuOx,43.66,2.438
RuOx,43.67,2.382
RuOx,43.68,2.385
RuOx,43.69,2.468
RuOx,43.7,2.494
RuOx,43.71,2.444
RuOx,43.72,2.402
RuOx,43.73,2.405
RuOx,43.74,2.378
RuOx,43.75,2.415
RuOx,43.76,2.452
RuOx,43.77,2.519
RuOx,43.78,2.524
RuOx,43.79,2.561
RuOx,43.8,2.553
RuOx,43.81,2.55
RuOx,43.82,2.476
RuOx,43.83,2.394
RuOx,43.84,2.383
RuOx,43.85,2.391
RuOx,43.86,2.42
RuOx,43.87,2.453
RuOx,43.88,2.448
RuOx,43.89,2.443
RuOx,43.9,2.359
RuOx,43.91,2.484
RuOx,43.92,2.566
RuOx,43.93,2.534
RuOx,43.94,2.43
RuOx,43.95,2.349
RuOx,43.96,2.395
RuOx,43.97,2.322
RuOx,43.98,2.398
RuOx,43.99,2.309
RuOx,44.0,2.309
RuOx,44.01,2.212
RuOx,44.02,2.132
RuOx,44.03,2.199
RuOx,44.04,2.231
RuOx,44.05,2.321
RuOx,44.06,2.342
RuOx,44.07,2.486
RuOx,44.08,2.502
RuOx,44.09,2.493
RuOx,44.1,2.411
RuOx,44.11,2.342
RuOx,44.12,2.285
RuOx,44.13,2.246
RuOx,44.14,2.314
RuOx,44.15,2.31
RuOx,44.16,2.31
RuOx,44.17,2.328
RuOx,44.18,2.356
RuOx,44.19,2.415
RuOx,44.2,2.471
RuOx,44.21,2.412
RuOx,44.22,2.319
RuOx,44.23,2.309
RuOx,44.24,2.314
RuOx,44.25,2.304
RuOx,44.26,2.31
RuOx,44.27,2.345
RuOx,44.28,2.346
RuOx,44.29,2.369
RuOx,44.3,2.386
RuOx,44.31,2.42
RuOx,44.32,2.345
RuOx,44.33,2.332
RuOx,44.34,2.316
RuOx,44.35,2.313
RuOx,44.36,2.271
RuOx,44.37,2.276
RuOx,44.38,2.408
RuOx,44.39,2.481
RuOx,44.4,2.47
RuOx,44.41,2.415
RuOx,44.42,2.411
RuOx,44.43,2.434
RuOx,44.44,2.458
RuOx,44.45,2.401
RuOx,44.46,2.301
RuOx,44.47,2.251
RuOx,44.48,2.314
RuOx,44.49,2.316
RuOx,44.5,2.345
RuOx,44.51,2.375
RuOx,44.52,2.444
RuOx,44.53,2.384
RuOx,44.54,2.274
RuOx,44.55,2.24
RuOx,44.56,2.244
RuOx,44.57,2.314
RuOx,44.58,2.346
RuOx,44.59,2.384
RuOx,44.6,2.398
RuOx,44.61,2.469
RuOx,44.62,2.488
RuOx,44.63,2.421
RuOx,44.64,2.291
RuOx,44.65,2.202
RuOx,44.66,2.206
RuOx,44.67,2.148
RuOx,44.68,2.113
RuOx,44.69,2.112
RuOx,44.7,2.248
RuOx,44.71,2.402
RuOx,44.72,2.333
RuOx,44.73,2.236
RuOx,44.74,2.206
RuOx,44.75,2.292
RuOx,44.76,2.329
RuOx,44.77,2.349
RuOx,44.78,2.388
RuOx,44.79,2.298
RuOx,44.8,2.223
RuOx,44.81,2.246
RuOx,44.82,2.285
RuOx,44.83,2.378
RuOx,44.84,2.272
RuOx,44.85,2.266
RuOx,44.86,2.262
RuOx,44.87,2.299
RuOx,44.88,2.33
RuOx,44.89,2.31
RuOx,44.9,2.26
RuOx,44.91,2.241
RuOx,44.92,2.266
RuOx,44.93,2.206
RuOx,44.94,2.198
RuOx,44.95,2.246
RuOx,44.96,2.28
RuOx,44.97,2.226
RuOx,44.98,2.217
RuOx,44.99,2.294
RuOx,45.0,2.402
RuOx,45.01,2.409
RuOx,45.02,2.452
RuOx,45.03,2.358
RuOx,45.04,2.234
RuOx,45.05,2.134
RuOx,45.06,2.216
RuOx,45.07,2.291
RuOx,45.08,2.251
RuOx,45.09,2.178
RuOx,45.1,2.239
RuOx,45.11,2.322
RuOx,45.12,2.395
RuOx,45.13,2.369
RuOx,45.14,2.32
RuOx,45.15,2.299
RuOx,45.16,2.292
RuOx,45.17,2.301
RuOx,45.18,2.225
RuOx,45.19,2.23
RuOx,45.2,2.312
RuOx,45.21,2.372
RuOx,45.22,2.366
RuOx,45.23,2.323
RuOx,45.24,2.279
RuOx,45.25,2.25
RuOx,45.26,2.261
RuOx,45.27,2.278
RuOx,45.28,2.221
RuOx,45.29,2.228
RuOx,45.3,2.195
RuOx,45.31,2.259
RuOx,45.32,2.222
RuOx,45.33,2.236
RuOx,45.34,2.102
RuOx,45.35,2.04
RuOx,45.36,2.077
RuOx,45.37,2.064
RuOx,45.38,2.172
RuOx,45.39,2.218
RuOx,45.4,2.271
RuOx,45.41,2.235
RuOx,45.42,2.223
RuOx,45.43,2.273
RuOx,45.44,2.311
RuOx,45.45,2.225
RuOx,45.46,2.186
RuOx,45.47,2.284
RuOx,45.48,2.371
RuOx,45.49,2.3
RuOx,45.5,2.131
RuOx,45.51,2.118
RuOx,45.52,2.164
RuOx,45.53,2.225
RuOx,45.54,2.209
RuOx,45.55,2.191
RuOx,45.56,2.14
RuOx,45.57,2.098
RuOx,45.58,2.102
RuOx,45.59,2.196
RuOx,45.6,2.211
RuOx,45.61,2.164
RuOx,45.62,2.122
RuOx,45.63,2.211
RuOx,45.64,2.281
RuOx,45.65,2.37
RuOx,45.66,2.422
RuOx,45.67,2.37
RuOx,45.68,2.287
RuOx,45.69,2.217
RuOx,45.7,2.194
RuOx,45.71,2.236
RuOx,45.72,2.238
RuOx,45.73,2.203
RuOx,45.74,2.091
RuOx,45.75,2.082
RuOx,45.76,2.226
RuOx,45.77,2.29
RuOx,45.78,2.33
RuOx,45.79,2.301
RuOx,45.8,2.325
RuOx,45.81,2.277
RuOx,45.82,2.163
RuOx,45.83,2.098
RuOx,45.84,2.08
RuOx,45.85,2.154
RuOx,45.86,2.145
RuOx,45.87,2.118
RuOx,45.88,2.018
RuOx,45.89,2.089
RuOx,45.9,2.155
RuOx,45.91,2.221
RuOx,45.92,2.2
RuOx,45.93,2.19
RuOx,45.94,2.181
RuOx,45.95,2.152
RuOx,45.96,2.16
RuOx,45.97,2.145
RuOx,45.98,2.175
RuOx,45.99,2.137
RuOx,46.0,2.132
RuOx,46.01,2.172
RuOx,46.02,2.263
RuOx,46.03,2.236
RuOx,46.04,2.126
RuOx,46.05,2.052
RuOx,46.06,2.103
RuOx,46.07,2.201
RuOx,46.08,2.231
RuOx,46.09,2.2
RuOx,46.1,2.265
RuOx,46.11,2.322
RuOx,46.12,2.341
RuOx,46.13,2.344
RuOx,46.14,2.312
RuOx,46.15,2.197
RuOx,46.16,2.137
RuOx,46.17,2.175
RuOx,46.18,2.225
RuOx,46.19,2.189
RuOx,46.2,2.133
RuOx,46.21,2.084
RuOx,46.22,2.109
RuOx,46.23,2.177
RuOx,46.24,2.238
RuOx,46.25,2.191
RuOx,46.26,2.218
RuOx,46.27,2.277
RuOx,46.28,2.344
RuOx,46.29,2.23
RuOx,46.3,2.076
RuOx,46.31,2.02
RuOx,46.32,2.055
RuOx,46.33,2.247
RuOx,46.34,2.287
RuOx,46.35,2.306
RuOx,46.36,2.26
RuOx,46.37,2.212
RuOx,46.38,2.133
RuOx,46.39,2.081
RuOx,46.4,2.131
RuOx,46.41,2.285
RuOx,46.42,2.337
RuOx,46.43,2.325
RuOx,46.44,2.225
RuOx,46.45,2.129
RuOx,46.46,2.082
RuOx,46.47,2.019
RuOx,46.48,2.025
RuOx,46.49,2.025
RuOx,46.5,2.103
RuOx,46.51,2.159
RuOx,46.52,2.159
RuOx,46.53,2.157
RuOx,46.54,2.187
RuOx,46.55,2.239
RuOx,46.56,2.231
RuOx,46.57,2.235
RuOx,46.58,2.213
RuOx,46.59,2.155
RuOx,46.6,2.113
RuOx,46.61,2.009
RuOx,46.62,1.99
RuOx,46.63,2.047
RuOx,46.64,2.166
RuOx,46.65,2.213
RuOx,46.66,2.23
RuOx,46.67,2.188
RuOx,46.68,2.148
RuOx,46.69,2.201
RuOx,46.7,2.298
RuOx,46.71,2.327
RuOx,46.72,2.238
RuOx,46.73,2.15
RuOx,46.74,2.186
RuOx,46.75,2.203
RuOx,46.76,2.185
RuOx,46.77,2.09
RuOx,46.78,2.086
RuOx,46.79,2.158
RuOx,46.8,2.211
RuOx,46.81,2.133
RuOx,46.82,2.168
RuOx,46.83,2.148
RuOx,46.84,2.166
RuOx,46.85,2.13
RuOx,46.86,2.144
RuOx,46.87,2.165
RuOx,46.88,2.118
RuOx,46.89,2.106
RuOx,46.9,2.176
RuOx,46.91,2.157
RuOx,46.92,2.046
RuOx,46.93,2.018
RuOx,46.94,2.063
RuOx,46.95,2.135
RuOx,46.96,2.085
RuOx,46.97,2.119
RuOx,46.98,2.107
RuOx,46.99,2.042
RuOx,47.0,1.979
RuOx,47.01,1.971
RuOx,47.02,1.963
RuOx,47.03,1.984
RuOx,47.04,2.119
RuOx,47.05,2.189
RuOx,47.06,2.194
RuOx,47.07,2.143
RuOx,47.08,2.12
RuOx,47.09,2.07
RuOx,47.1,1.964
RuOx,47.11,1.904
RuOx,47.12,1.99
RuOx,47.13,2.071
RuOx,47.14,2.132
RuOx,47.15,2.131
RuOx,47.16,2.113
RuOx,47.17,2.056
RuOx,47.18,2.022
RuOx,47.19,2.095
RuOx,47.2,2.15
RuOx,47.21,2.136
RuOx,47.22,2.05
RuOx,47.23,2.029
RuOx,47.24,2.064
RuOx,47.25,2.106
RuOx,47.26,2.022
RuOx,47.27,2.013
RuOx,47.28,1.956
RuOx,47.29,1.941
RuOx,47.3,1.916
RuOx,47.31,1.975
RuOx,47.32,2.03
RuOx,47.33,2.053
RuOx,47.34,2.067
RuOx,47.35,2.088
RuOx,47.36,2.023
RuOx,47.37,1.93
RuOx,47.38,1.884
RuOx,47.39,1.986
RuOx,47.4,2.079
RuOx,47.41,2.011
RuOx,47.42,1.99
RuOx,47.43,2.023
RuOx,47.44,2.159
RuOx,47.45,2.167
RuOx,47.46,2.182
RuOx,47.47,2.089
RuOx,47.48,2.031
RuOx,47.49,1.969
RuOx,47.5,2.113
RuOx,47.51,2.09
RuOx,47.52,2.057
RuOx,47.53,1.95
RuOx,47.54,1.957
RuOx,47.55,2.059
RuOx,47.56,2.072
RuOx,47.57,2.092
RuOx,47.58,2.023
RuOx,47.59,2.052
RuOx,47.6,2.055
RuOx,47.61,2.053
RuOx,47.62,2.111
RuOx,47.63,2.109
RuOx,47.64,2.079
RuOx,47.65,2.005
RuOx,47.66,2.018
RuOx,47.67,2.027
RuOx,47.68,2.077
RuOx,47.69,2.077
RuOx,47.7,2.052
RuOx,47.71,1.982
RuOx,47.72,1.995
RuOx,47.73,2.007
RuOx,47.74,1.949
RuOx,47.75,2.008
RuOx,47.76,2.048
RuOx,47.77,2.037
RuOx,47.78,1.936
RuOx,47.79,1.966
RuOx,47.8,2.103
RuOx,47.81,2.105
RuOx,47.82,2.015
RuOx,47.83,1.958
RuOx,47.84,2.0
RuOx,47.85,2.08
RuOx,47.86,2.099
RuOx,47.87,2.114
RuOx,47.88,2.068
RuOx,47.89,1.92
RuOx,47.9,1.839
RuOx,47.91,1.88
RuOx,47.92,1.995
RuOx,47.93,2.1
RuOx,47.94,2.187
RuOx,47.95,2.241
RuOx,47.96,2.14
RuOx,47.97,1.992
RuOx,47.98,1.922
RuOx,47.99,1.911
RuOx,48.0,1.947
RuOx,48.01,1.927
RuOx,48.02,1.944
RuOx,48.03,1.938
RuOx,48.04,1.947
RuOx,48.05,2.027
RuOx,48.06,2.058
RuOx,48.07,2.135
RuOx,48.08,2.091
RuOx,48.09,2.051
RuOx,48.1,1.974
RuOx,48.11,1.989
RuOx,48.12,2.029
RuOx,48.13,2.088
RuOx,48.14,2.039
RuOx,48.15,1.975
RuOx,48.16,1.863
RuOx,48.17,1.857
RuOx,48.18,1.936
RuOx,48.19,2.003
RuOx,48.2,1.937
RuOx,48.21,2.05
RuOx,48.22,2.115
RuOx,48.23,2.139
RuOx,48.24,2.129
RuOx,48.25,2.09
RuOx,48.26,2.079
RuOx,48.27,2.01
RuOx,48.28,1.991
RuOx,48.29,1.964
RuOx,48.3,1.893
RuOx,48.31,1.923
RuOx,48.32,1.922
RuOx,48.33,2.001
RuOx,48.34,2.063
RuOx,48.35,2.046
RuOx,48.36,1.936
RuOx,48.37,1.869
RuOx,48.38,2.003
RuOx,48.39,2.072
RuOx,48.4,2.045
RuOx,48.41,1.991
RuOx,48.42,1.994
RuOx,48.43,2.019
RuOx,48.44,2.015
RuOx,48.45,2.026
RuOx,48.46,2.06
RuOx,48.47,2.088
RuOx,48.48,2.127
RuOx,48.49,2.023
RuOx,48.5,2.013
RuOx,48.51,1.964
RuOx,48.52,1.968
RuOx,48.53,1.992
RuOx,48.54,2.1
RuOx,48.55,2.144
RuOx,48.56,2.059
RuOx,48.57,2.021
RuOx,48.58,2.025
RuOx,48.59,2.037
RuOx,48.6,1.985
RuOx,48.61,1.993
RuOx,48.62,2.039
RuOx,48.63,2.003
RuOx,48.64,1.989
RuOx,48.65,1.985
RuOx,48.66,2.035
RuOx,48.67,1.982
RuOx,48.68,1.925
RuOx,48.69,1.912
RuOx,48.7,1.928
RuOx,48.71,1.932
RuOx,48.72,1.87
RuOx,48.73,1.865
RuOx,48.74,1.87
RuOx,48.75,1.902
RuOx,48.76,1.957
RuOx,48.77,1.984
RuOx,48.78,1.99
RuOx,48.79,2.056
RuOx,48.8,2.061
RuOx,48.81,2.004
RuOx,48.82,1.834
RuOx,48.83,1.82
RuOx,48.84,1.818
RuOx,48.85,1.805
RuOx,48.86,1.808
RuOx,48.87,1.889
RuOx,48.88,1.987
RuOx,48.89,1.988
RuOx,48.9,1.859
RuOx,48.91,1.772
RuOx,48.92,1.782
RuOx,48.93,1.947
RuOx,48.94,2.058
RuOx,48.95,2.082
RuOx,48.96,2.101
RuOx,48.97,2.047
RuOx,48.98,2.044
RuOx,48.99,1.986
RuOx,49.0,2.02
RuOx,49.01,1.998
RuOx,49.02,2.013
RuOx,49.03,1.993
RuOx,49.04,2.003
RuOx,49.05,1.937
RuOx,49.06,1.876
RuOx,49.07,1.89
RuOx,49.08,1.984
RuOx,49.09,2.034
RuOx,49.1,1.957
RuOx,49.11,1.97
RuOx,49.12,2.037
RuOx,49.13,2.082
RuOx,49.14,1.977
RuOx,49.15,1.908
RuOx,49.16,1.913
RuOx,49.17,1.885
RuOx,49.18,1.874
RuOx,49.19,1.961
RuOx,49.2,2.021
RuOx,49.21,2.014
RuOx,49.22,1.953
RuOx,49.23,1.911
RuOx,49.24,1.895
RuOx,49.25,1.884
RuOx,49.26,1.873
RuOx,49.27,1.907
RuOx,49.28,1.99
RuOx,49.29,2.007
RuOx,49.3,1.912
RuOx,49.31,1.838
RuOx,49.32,1.806
RuOx,49.33,1.929
RuOx,49.34,1.889
RuOx,49.35,1.889
RuOx,49.36,1.882
RuOx,49.37,1.964
RuOx,49.38,2.014
RuOx,49.39,1.921
RuOx,49.4,1.876
RuOx,49.41,1.839
RuOx,49.42,1.901
RuOx,49.43,1.897
RuOx,49.44,1.915
RuOx,49.45,1.88
RuOx,49.46,1.901
RuOx,49.47,1.895
RuOx,49.48,1.961
RuOx,49.49,1.976
RuOx,49.5,2.055
RuOx,49.51,2.071
RuOx,49.52,2.081
RuOx,49.53,2.055
RuOx,49.54,2.01
RuOx,49.55,1.984
RuOx,49.56,2.023
RuOx,49.57,2.064
RuOx,49.58,2.036
RuOx,49.59,1.912
RuOx,49.6,1.831
RuOx,49.61,1.787
RuOx,49.62,1.842
RuOx,49.63,1.884
RuOx,49.64,1.956
RuOx,49.65,1.943
RuOx,49.66,1.935
RuOx,49.67,1.91
RuOx,49.68,1.921
RuOx,49.69,1.853
RuOx,49.7,1.85
RuOx,49.71,1.907
RuOx,49.72,1.965
RuOx,49.73,1.973
RuOx,49.74,1.912
RuOx,49.75,1.905
RuOx,49.76,1.924
RuOx,49.77,1.853
RuOx,49.78,1.836
RuOx,49.79,1.828
RuOx,49.8,1.884
RuOx,49.81,1.881
RuOx,49.82,1.906
RuOx,49.83,2.017
RuOx,49.84,2.015
RuOx,49.85,1.975
RuOx,49.86,1.959
RuOx,49.87,2.063
RuOx,49.88,2.062
RuOx,49.89,1.973
RuOx,49.9,1.806
RuOx,49.91,1.775
RuOx,49.92,1.834
RuOx,49.93,1.917
RuOx,49.94,1.99
RuOx,49.95,1.989
RuOx,49.96,1.986
RuOx,49.97,1.93
RuOx,49.98,1.921
RuOx,49.99,1.868
RuOx,50.0,1.906
RuOx,50.01,1.89
RuOx,50.02,1.901
RuOx,50.03,1.875
RuOx,50.04,1.936
RuOx,50.05,1.976
RuOx,50.06,2.005
RuOx,50.07,1.931
RuOx,50.08,1.905
RuOx,50.09,1.873
RuOx,50.1,1.927
RuOx,50.11,1.947
RuOx,50.12,1.986
RuOx,50.13,1.953
RuOx,50.14,1.903
RuOx,50.15,1.872
RuOx,50.16,1.907
RuOx,50.17,1.957
RuOx,50.18,1.961
RuOx,50.19,1.928
RuOx,50.2,1.89
RuOx,50.21,1.87
RuOx,50.22,1.876
RuOx,50.23,1.911
RuOx,50.24,1.907
RuOx,50.25,1.858
RuOx,50.26,1.858
RuOx,50.27,1.896
RuOx,50.28,1.89
RuOx,50.29,1.853
RuOx,50.3,1.896
RuOx,50.31,1.978
RuOx,50.32,1.976
RuOx,50.33,1.974
RuOx,50.34,1.969
RuOx,50.35,1.942
RuOx,50.36,1.853
RuOx,50.37,1.861
RuOx,50.38,1.893
RuOx,50.39,1.896
RuOx,50.4,1.835
RuOx,50.41,1.817
RuOx,50.42,1.755
RuOx,50.43,1.823
RuOx,50.44,1.822
RuOx,50.45,1.811
RuOx,50.46,1.726
RuOx,50.47,1.668
RuOx,50.48,1.734
RuOx,50.49,1.822
RuOx,50.5,1.949
RuOx,50.51,2.003
RuOx,50.52,1.919
RuOx,50.53,1.943
RuOx,50.54,1.913
RuOx,50.55,1.898
RuOx,50.56,1.851
RuOx,50.57,1.853
RuOx,50.58,1.789
RuOx,50.59,1.767
RuOx,50.6,1.798
RuOx,50.61,1.911
RuOx,50.62,1.921
RuOx,50.63,1.877
RuOx,50.64,1.852
RuOx,50.65,1.824
RuOx,50.66,1.85
RuOx,50.67,1.837
RuOx,50.68,1.894
RuOx,50.69,1.911
RuOx,50.7,1.909
RuOx,50.71,1.917
RuOx,50.72,1.9
RuOx,50.73,1.842
RuOx,50.74,1.87
RuOx,50.75,1.899
RuOx,50.76,1.944
RuOx,50.77,1.915
RuOx,50.78,1.952
RuOx,50.79,2.003
RuOx,50.8,2.105
RuOx,50.81,2.068
RuOx,50.82,1.941
RuOx,50.83,1.841
RuOx,50.84,1.902
RuOx,50.85,1.948
RuOx,50.86,1.984
RuOx,50.87,1.891
RuOx,50.88,1.796
RuOx,50.89,1.723
RuOx,50.9,1.802
RuOx,50.91,1.927
RuOx,50.92,1.941
RuOx,50.93,1.932
RuOx,50.94,1.911
RuOx,50.95,1.938
RuOx,50.96,1.918
RuOx,50.97,1.889
RuOx,50.98,1.866
RuOx,50.99,1.872
RuOx,51.0,1.86
RuOx,51.01,1.888
RuOx,51.02,1.95
RuOx,51.03,1.898
RuOx,51.04,1.841
RuOx,51.05,1.754
RuOx,51.06,1.801
RuOx,51.07,1.85
RuOx,51.08,1.957
RuOx,51.09,1.947
RuOx,51.1,1.933
RuOx,51.11,1.935
RuOx,51.12,1.929
RuOx,51.13,1.856
RuOx,51.14,1.824
RuOx,51.15,1.853
RuOx,51.16,1.968
RuOx,51.17,1.939
RuOx,51.18,1.944
RuOx,51.19,1.927
RuOx,51.2,2.007
RuOx,51.21,2.012
RuOx,51.22,1.888
RuOx,51.23,1.842
RuOx,51.24,1.82
RuOx,51.25,1.89
RuOx,51.26,1.834
RuOx,51.27,1.811
RuOx,51.28,1.792
RuOx,51.29,1.783
RuOx,51.3,1.812
RuOx,51.31,1.798
RuOx,51.32,1.786
RuOx,51.33,1.808
RuOx,51.34,1.888
RuOx,51.35,1.902
RuOx,51.36,1.876
RuOx,51.37,1.882
RuOx,51.38,1.967
RuOx,51.39,2.03
RuOx,51.4,2.028
RuOx,51.41,1.932
RuOx,51.42,1.935
RuOx,51.43,1.846
RuOx,51.44,1.883
RuOx,51.45,1.849
RuOx,51.46,1.888
RuOx,51.47,1.877
RuOx,51.48,1.906
RuOx,51.49,1.837
RuOx,51.5,1.779
RuOx,51.51,1.742
RuOx,51.52,1.807
RuOx,51.53,1.775
RuOx,51.54,1.745
RuOx,51.55,1.677
RuOx,51.56,1.687
RuOx,51.57,1.734
RuOx,51.58,1.836
RuOx,51.59,1.895
RuOx,51.6,1.836
RuOx,51.61,1.817
RuOx,51.62,1.837
RuOx,51.63,1.889
RuOx,51.64,1.869
RuOx,51.65,1.865
RuOx,51.66,1.825
RuOx,51.67,1.812
RuOx,51.68,1.771
RuOx,51.69,1.749
RuOx,51.7,1.745
RuOx,51.71,1.795
RuOx,51.72,1.852
RuOx,51.73,1.942
RuOx,51.74,1.93
RuOx,51.75,1.862
RuOx,51.76,1.787
RuOx,51.77,1.72
RuOx,51.78,1.715
RuOx,51.79,1.722
RuOx,51.8,1.843
RuOx,51.81,1.91
RuOx,51.82,1.858
RuOx,51.83,1.767
RuOx,51.84,1.736
RuOx,51.85,1.78
RuOx,51.86,1.817
RuOx,51.87,1.761
RuOx,51.88,1.767
RuOx,51.89,1.822
RuOx,51.9,1.845
RuOx,51.91,1.792
RuOx,51.92,1.819
RuOx,51.93,1.896
RuOx,51.94,1.982
RuOx,51.95,1.895
RuOx,51.96,1.821
RuOx,51.97,1.817
RuOx,51.98,1.827
RuOx,51.99,1.852
RuOx,52.0,1.818
RuOx,52.01,1.785
RuOx,52.02,1.756
RuOx,52.03,1.782
RuOx,52.04,1.76
RuOx,52.05,1.741
RuOx,52.06,1.739
RuOx,52.07,1.849
RuOx,52.08,1.893
RuOx,52.09,1.93
RuOx,52.1,1.838
RuOx,52.11,1.823
RuOx,52.12,1.826
RuOx,52.13,1.783
RuOx,52.14,1.753
RuOx,52.15,1.694
RuOx,52.16,1.749
RuOx,52.17,1.751
RuOx,52.18,1.694
RuOx,52.19,1.635
RuOx,52.2,1.665
RuOx,52.21,1.78
RuOx,52.22,1.861
RuOx,52.23,1.867
RuOx,52.24,1.782
RuOx,52.25,1.703
RuOx,52.26,1.662
RuOx,52.27,1.744
RuOx,52.28,1.798
RuOx,52.29,1.88
RuOx,52.3,1.809
RuOx,52.31,1.724
RuOx,52.32,1.697
RuOx,52.33,1.727
RuOx,52.34,1.793
RuOx,52.35,1.768
RuOx,52.36,1.768
RuOx,52.37,1.748
RuOx,52.38,1.778
RuOx,52.39,1.857
RuOx,52.4,1.845
RuOx,52.41,1.839
RuOx,52.42,1.844
RuOx,52.43,1.908
RuOx,52.44,1.981
RuOx,52.45,1.943
RuOx,52.46,1.945
RuOx,52.47,1.834
RuOx,52.48,1.848
RuOx,52.49,1.86
RuOx,52.5,1.921
RuOx,52.51,1.882
RuOx,52.52,1.803
RuOx,52.53,1.83
RuOx,52.54,1.834
RuOx,52.55,1.798
RuOx,52.56,1.751
RuOx,52.57,1.768
RuOx,52.58,1.74
RuOx,52.59,1.774
RuOx,52.6,1.744
RuOx,52.61,1.859
RuOx,52.62,1.792
RuOx,52.63,1.86
RuOx,52.64,1.856
RuOx,52.65,1.901
RuOx,52.66,1.812
RuOx,52.67,1.721
RuOx,52.68,1.752
RuOx,52.69,1.726
RuOx,52.7,1.735
RuOx,52.71,1.736
RuOx,52.72,1.816
RuOx,52.73,1.795
RuOx,52.74,1.749
RuOx,52.75,1.719
RuOx,52.76,1.719
RuOx,52.77,1.775
RuOx,52.78,1.779
RuOx,52.79,1.766
RuOx,52.8,1.654
RuOx,52.81,1.702
RuOx,52.82,1.755
RuOx,52.83,1.803
RuOx,52.84,1.861
RuOx,52.85,1.893
RuOx,52.86,1.906
RuOx,52.87,1.878
RuOx,52.88,1.835
RuOx,52.89,1.76
RuOx,52.9,1.67
RuOx,52.91,1.631
RuOx,52.92,1.674
RuOx,52.93,1.761
RuOx,52.94,1.752
RuOx,52.95,1.743
RuOx,52.96,1.797
RuOx,52.97,1.824
RuOx,52.98,1.787
RuOx,52.99,1.747
RuOx,53.0,1.715
RuOx,53.01,1.695
RuOx,53.02,1.7
RuOx,53.03,1.67
RuOx,53.04,1.673
RuOx,53.05,1.647
RuOx,53.06,1.663
RuOx,53.07,1.718
RuOx,53.08,1.775
RuOx,53.09,1.755
RuOx,53.1,1.731
RuOx,53.11,1.77
RuOx,53.12,1.861
RuOx,53.13,1.798
RuOx,53.14,1.829
RuOx,53.15,1.757
RuOx,53.16,1.755
RuOx,53.17,1.71
RuOx,53.18,1.734
RuOx,53.19,1.722
RuOx,53.2,1.747
RuOx,53.21,1.839
RuOx,53.22,1.86
RuOx,53.23,1.788
RuOx,53.24,1.705
RuOx,53.25,1.686
RuOx,53.26,1.728
RuOx,53.27,1.766
RuOx,53.28,1.782
RuOx,53.29,1.783
RuOx,53.3,1.787
RuOx,53.31,1.792
RuOx,53.32,1.827
RuOx,53.33,1.843
RuOx,53.34,1.806
RuOx,53.35,1.809
RuOx,53.36,1.902
RuOx,53.37,1.916
RuOx,53.38,1.83
RuOx,53.39,1.725
RuOx,53.4,1.756
RuOx,53.41,1.795
RuOx,53.42,1.854
RuOx,53.43,1.799
RuOx,53.44,1.757
RuOx,53.45,1.632
RuOx,53.46,1.647
RuOx,53.47,1.675
RuOx,53.48,1.765
RuOx,53.49,1.727
RuOx,53.5,1.737
RuOx,53.51,1.773
RuOx,53.52,1.8
RuOx,53.53,1.83
RuOx,53.54,1.774
RuOx,53.55,1.772
RuOx,53.56,1.797
RuOx,53.57,1.851
RuOx,53.58,1.824
RuOx,53.59,1.784
RuOx,53.6,1.747
RuOx,53.61,1.813
RuOx,53.62,1.806
RuOx,53.63,1.774
RuOx,53.64,1.794
RuOx,53.65,1.781
RuOx,53.66,1.763
RuOx,53.67,1.701
RuOx,53.68,1.766
RuOx,53.69,1.8
RuOx,53.7,1.783
RuOx,53.71,1.751
RuOx,53.72,1.719
RuOx,53.73,1.713
RuOx,53.74,1.68
RuOx,53.75,1.667
RuOx,53.76,1.74
RuOx,53.77,1.704
RuOx,53.78,1.694
RuOx,53.79,1.68
RuOx,53.8,1.734
RuOx,53.81,1.714
RuOx,53.82,1.773
RuOx,53.83,1.768
RuOx,53.84,1.769
RuOx,53.85,1.723
RuOx,53.86,1.788
RuOx,53.87,1.776
RuOx,53.88,1.758
RuOx,53.89,1.77
RuOx,53.9,1.829
RuOx,53.91,1.837
RuOx,53.92,1.814
RuOx,53.93,1.789
RuOx,53.94,1.809
RuOx,53.95,1.757
RuOx,53.96,1.754
RuOx,53.97,1.735
RuOx,53.98,1.753
RuOx,53.99,1.797
RuOx,54.0,1.863
RuOx,54.01,1.926
RuOx,54.02,1.967
RuOx,54.03,1.963
RuOx,54.04,1.914
RuOx,54.05,1.81
RuOx,54.06,1.757
RuOx,54.07,1.791
RuOx,54.08,1.884
RuOx,54.09,1.946
RuOx,54.1,1.914
RuOx,54.11,1.881
RuOx,54.12,1.885
RuOx,54.13,1.833
RuOx,54.14,1.835
RuOx,54.15,1.818
RuOx,54.16,1.901
RuOx,54.17,1.878
RuOx,54.18,1.853
RuOx,54.19,1.791
RuOx,54.2,1.8
RuOx,54.21,1.842
RuOx,54.22,1.876
RuOx,54.23,1.851
RuOx,54.24,1.838
RuOx,54.25,1.842
RuOx,54.26,1.885
RuOx,54.27,1.808
RuOx,54.28,1.756
RuOx,54.29,1.696
RuOx,54.3,1.713
RuOx,54.31,1.735
RuOx,54.32,1.767
RuOx,54.33,1.858
RuOx,54.34,1.856
RuOx,54.35,1.768
RuOx,54.36,1.676
RuOx,54.37,1.669
RuOx,54.38,1.746
RuOx,54.39,1.726
RuOx,54.4,1.715
RuOx,54.41,1.739
RuOx,54.42,1.775
RuOx,54.43,1.862
RuOx,54.44,1.837
RuOx,54.45,1.784
RuOx,54.46,1.702
RuOx,54.47,1.637
RuOx,54.48,1.634
RuOx,54.49,1.666
RuOx,54.5,1.724
RuOx,54.51,1.769
RuOx,54.52,1.737
RuOx,54.53,1.722
RuOx,54.54,1.748
RuOx,54.55,1.769
RuOx,54.56,1.709
RuOx,54.57,1.668
RuOx,54.58,1.627
RuOx,54.59,1.547
RuOx,54.6,1.55
RuOx,54.61,1.688
RuOx,54.62,1.821
RuOx,54.63,1.81
RuOx,54.64,1.75
RuOx,54.65,1.609
RuOx,54.66,1.6
RuOx,54.67,1.717
RuOx,54.68,1.791
RuOx,54.69,1.723
RuOx,54.7,1.611
RuOx,54.71,1.652
RuOx,54.72,1.669
RuOx,54.73,1.656
RuOx,54.74,1.693
RuOx,54.75,1.713
RuOx,54.76,1.764
RuOx,54.77,1.709
RuOx,54.78,1.658
RuOx,54.79,1.614
RuOx,54.8,1.65
RuOx,54.81,1.686
RuOx,54.82,1.721
RuOx,54.83,1.726
RuOx,54.84,1.701
RuOx,54.85,1.661
RuOx,54.86,1.626
RuOx,54.87,1.681
RuOx,54.88,1.63
RuOx,54.89,1.628
RuOx,54.9,1.595
RuOx,54.91,1.578
RuOx,54.92,1.605
RuOx,54.93,1.669
RuOx,54.94,1.666
RuOx,54.95,1.631
RuOx,54.96,1.617
RuOx,54.97,1.599
RuOx,54.98,1.613
RuOx,54.99,1.699
RuOx,55.0,1.796
RuOx,55.01,1.822
RuOx,55.02,1.772
RuOx,55.03,1.723
RuOx,55.04,1.694
RuOx,55.05,1.73
RuOx,55.06,1.755
RuOx,55.07,1.697
RuOx,55.08,1.693
RuOx,55.09,1.731
RuOx,55.1,1.723
RuOx,55.11,1.691
RuOx,55.12,1.669
RuOx,55.13,1.659
RuOx,55.14,1.656
RuOx,55.15,1.651
RuOx,55.16,1.647
RuOx,55.17,1.669
RuOx,55.18,1.695
RuOx,55.19,1.68
RuOx,55.2,1.65
RuOx,55.21,1.658
RuOx,55.22,1.658
RuOx,55.23,1.637
RuOx,55.24,1.692
RuOx,55.25,1.796
RuOx,55.26,1.855
RuOx,55.27,1.842
RuOx,55.28,1.761
RuOx,55.29,1.587
RuOx,55.3,1.538
RuOx,55.31,1.614
RuOx,55.32,1.683
RuOx,55.33,1.662
RuOx,55.34,1.651
RuOx,55.35,1.65
RuOx,55.36,1.65
RuOx,55.37,1.674
RuOx,55.38,1.68
RuOx,55.39,1.647
RuOx,55.4,1.604
RuOx,55.41,1.577
RuOx,55.42,1.592
RuOx,55.43,1.624
RuOx,55.44,1.726
RuOx,55.45,1.762
RuOx,55.46,1.705
RuOx,55.47,1.66
RuOx,55.48,1.619
RuOx,55.49,1.648
RuOx,55.5,1.612
RuOx,55.51,1.642
RuOx,55.52,1.646
RuOx,55.53,1.646
RuOx,55.54,1.663
RuOx,55.55,1.751
RuOx,55.56,1.829
RuOx,55.57,1.848
RuOx,55.58,1.753
RuOx,55.59,1.757
RuOx,55.6,1.667
RuOx,55.61,1.686
RuOx,55.62,1.648
RuOx,55.63,1.731
RuOx,55.64,1.784
RuOx,55.65,1.8
RuOx,55.66,1.738
RuOx,55.67,1.696
RuOx,55.68,1.596
RuOx,55.69,1.666
RuOx,55.7,1.731
RuOx,55.71,1.767
RuOx,55.72,1.676
RuOx,55.73,1.651
RuOx,55.74,1.628
RuOx,55.75,1.633
RuOx,55.76,1.628
RuOx,55.77,1.685
RuOx,55.78,1.722
RuOx,55.79,1.771
RuOx,55.8,1.791
RuOx,55.81,1.768
RuOx,55.82,1.662
RuOx,55.83,1.639
RuOx,55.84,1.626
RuOx,55.85,1.646
RuOx,55.86,1.624
RuOx,55.87,1.603
RuOx,55.88,1.568
RuOx,55.89,1.56
RuOx,55.9,1.623
RuOx,55.91,1.686
RuOx,55.92,1.638
RuOx,55.93,1.59
RuOx,55.94,1.588
RuOx,55.95,1.637
RuOx,55.96,1.611
RuOx,55.97,1.622
RuOx,55.98,1.706
RuOx,55.99,1.815
RuOx,56.0,1.835
RuOx,56.01,1.741
RuOx,56.02,1.644
RuOx,56.03,1.613
RuOx,56.04,1.669
RuOx,56.05,1.692
RuOx,56.06,1.674
RuOx,56.07,1.635
RuOx,56.08,1.702
RuOx,56.09,1.693
RuOx,56.1,1.63
RuOx,56.11,1.571
RuOx,56.12,1.587
RuOx,56.13,1.517
RuOx,56.14,1.452
RuOx,56.15,1.496
RuOx,56.16,1.589
RuOx,56.17,1.618
RuOx,56.18,1.638
RuOx,56.19,1.634
RuOx,56.2,1.63
RuOx,56.21,1.652
RuOx,56.22,1.698
RuOx,56.23,1.713
RuOx,56.24,1.67
RuOx,56.25,1.7
RuOx,56.26,1.723
RuOx,56.27,1.759
RuOx,56.28,1.715
RuOx,56.29,1.65
RuOx,56.3,1.561
RuOx,56.31,1.55
RuOx,56.32,1.627
RuOx,56.33,1.737
RuOx,56.34,1.737
RuOx,56.35,1.711
RuOx,56.36,1.635
RuOx,56.37,1.655
RuOx,56.38,1.667
RuOx,56.39,1.683
RuOx,56.4,1.714
RuOx,56.41,1.701
RuOx,56.42,1.719
RuOx,56.43,1.69
RuOx,56.44,1.701
RuOx,56.45,1.715
RuOx,56.46,1.611
RuOx,56.47,1.585
RuOx,56.48,1.511
RuOx,56.49,1.503
RuOx,56.5,1.547
RuOx,56.51,1.61
RuOx,56.52,1.654
RuOx,56.53,1.641
RuOx,56.54,1.662
RuOx,56.55,1.732
RuOx,56.56,1.795
RuOx,56.57,1.828
RuOx,56.58,1.784
RuOx,56.59,1.717
RuOx,56.6,1.645
RuOx,56.61,1.667
RuOx,56.62,1.658
RuOx,56.63,1.699
RuOx,56.64,1.696
RuOx,56.65,1.759
RuOx,56.66,1.704
RuOx,56.67,1.66
RuOx,56.68,1.609
RuOx,56.69,1.699
RuOx,56.7,1.673
RuOx,56.71,1.744
RuOx,56.72,1.75
RuOx,56.73,1.78
RuOx,56.74,1.723
RuOx,56.75,1.7
RuOx,56.76,1.648
RuOx,56.77,1.619
RuOx,56.78,1.587
RuOx,56.79,1.632
RuOx,56.8,1.678
RuOx,56.81,1.742
RuOx,56.82,1.718
RuOx,56.83,1.65
RuOx,56.84,1.638
RuOx,56.85,1.698
RuOx,56.86,1.71
RuOx,56.87,1.713
RuOx,56.88,1.668
RuOx,56.89,1.706
RuOx,56.9,1.582
RuOx,56.91,1.594
RuOx,56.92,1.568
RuOx,56.93,1.618
RuOx,56.94,1.603
RuOx,56.95,1.62
RuOx,56.96,1.552
RuOx,56.97,1.523
RuOx,56.98,1.496
RuOx,56.99,1.549
RuOx,57.0,1.622
RuOx,57.01,1.698
RuOx,57.02,1.697
RuOx,57.03,1.66
RuOx,57.04,1.588
RuOx,57.05,1.67
RuOx,57.06,1.661
RuOx,57.07,1.709
RuOx,57.08,1.702
RuOx,57.09,1.764
RuOx,57.1,1.748
RuOx,57.11,1.664
RuOx,57.12,1.624
RuOx,57.13,1.607
RuOx,57.14,1.608
RuOx,57.15,1.601
RuOx,57.16,1.605
RuOx,57.17,1.594
RuOx,57.18,1.535
RuOx,57.19,1.537
RuOx,57.2,1.566
RuOx,57.21,1.689
RuOx,57.22,1.759
RuOx,57.23,1.726
RuOx,57.24,1.62
RuOx,57.25,1.609
RuOx,57.26,1.61
RuOx,57.27,1.575
RuOx,57.28,1.574
RuOx,57.29,1.58
RuOx,57.3,1.534
RuOx,57.31,1.496
RuOx,57.32,1.518
RuOx,57.33,1.607
RuOx,57.34,1.698
RuOx,57.35,1.693
RuOx,57.36,1.671
RuOx,57.37,1.646
RuOx,57.38,1.691
RuOx,57.39,1.658
RuOx,57.4,1.576
RuOx,57.41,1.563
RuOx,57.42,1.613
RuOx,57.43,1.706
RuOx,57.44,1.707
RuOx,57.45,1.621
RuOx,57.46,1.585
RuOx,57.47,1.562
RuOx,57.48,1.621
RuOx,57.49,1.635
RuOx,57.5,1.624
RuOx,57.51,1.563
RuOx,57.52,1.516
RuOx,57.53,1.572
RuOx,57.54,1.612
RuOx,57.55,1.617
RuOx,57.56,1.662
RuOx,57.57,1.694
RuOx,57.58,1.676
RuOx,57.59,1.621
RuOx,57.6,1.576
RuOx,57.61,1.645
RuOx,57.62,1.649
RuOx,57.63,1.648
RuOx,57.64,1.596
RuOx,57.65,1.668
RuOx,57.66,1.676
RuOx,57.67,1.655
RuOx,57.68,1.536
RuOx,57.69,1.533
RuOx,57.7,1.634
RuOx,57.71,1.696
RuOx,57.72,1.738
RuOx,57.73,1.74
RuOx,57.74,1.787
RuOx,57.75,1.756
RuOx,57.76,1.653
RuOx,57.77,1.612
RuOx,57.78,1.633
RuOx,57.79,1.663
RuOx,57.8,1.73
RuOx,57.81,1.76
RuOx,57.82,1.712
RuOx,57.83,1.618
RuOx,57.84,1.587
RuOx,57.85,1.607
RuOx,57.86,1.613
RuOx,57.87,1.617
RuOx,57.88,1.649
RuOx,57.89,1.696
RuOx,57.9,1.69
RuOx,57.91,1.584
RuOx,57.92,1.537
RuOx,57.93,1.552
RuOx,57.94,1.595
RuOx,57.95,1.617
RuOx,57.96,1.615
RuOx,57.97,1.699
RuOx,57.98,1.738
RuOx,57.99,1.734
RuOx,58.0,1.652
RuOx,58.01,1.621
RuOx,58.02,1.645
RuOx,58.03,1.753
RuOx,58.04,1.79
RuOx,58.05,1.727
RuOx,58.06,1.652
RuOx,58.07,1.622
RuOx,58.08,1.647
RuOx,58.09,1.606
RuOx,58.1,1.641
RuOx,58.11,1.625
RuOx,58.12,1.572
RuOx,58.13,1.568
RuOx,58.14,1.577
RuOx,58.15,1.62
RuOx,58.16,1.719
RuOx,58.17,1.791
RuOx,58.18,1.686
RuOx,58.19,1.602
RuOx,58.2,1.548
RuOx,58.21,1.608
RuOx,58.22,1.593
RuOx,58.23,1.594
RuOx,58.24,1.609
RuOx,58.25,1.565
RuOx,58.26,1.605
RuOx,58.27,1.586
RuOx,58.28,1.566
RuOx,58.29,1.638
RuOx,58.3,1.66
RuOx,58.31,1.567
RuOx,58.32,1.443
RuOx,58.33,1.505
RuOx,58.34,1.595
RuOx,58.35,1.674
RuOx,58.36,1.661
RuOx,58.37,1.632
RuOx,58.38,1.639
RuOx,58.39,1.639
RuOx,58.4,1.601
RuOx,58.41,1.57
RuOx,58.42,1.548
RuOx,58.43,1.515
RuOx,58.44,1.487
RuOx,58.45,1.49
RuOx,58.46,1.49
RuOx,58.47,1.56
RuOx,58.48,1.608
RuOx,58.49,1.672
RuOx,58.5,1.641
RuOx,58.51,1.648
RuOx,58.52,1.573
RuOx,58.53,1.591
RuOx,58.54,1.552
RuOx,58.55,1.549
RuOx,58.56,1.6
RuOx,58.57,1.561
RuOx,58.58,1.521
RuOx,58.59,1.467
RuOx,58.6,1.565
RuOx,58.61,1.65
RuOx,58.62,1.716
RuOx,58.63,1.641
RuOx,58.64,1.637
RuOx,58.65,1.631
RuOx,58.66,1.634
RuOx,58.67,1.586
RuOx,58.68,1.511
RuOx,58.69,1.531
RuOx,58.7,1.54
RuOx,58.71,1.5
RuOx,58.72,1.505
RuOx,58.73,1.551
RuOx,58.74,1.633
RuOx,58.75,1.616
RuOx,58.76,1.633
RuOx,58.77,1.67
RuOx,58.78,1.697
RuOx,58.79,1.712
RuOx,58.8,1.627
RuOx,58.81,1.632
RuOx,58.82,1.649
RuOx,58.83,1.657
RuOx,58.84,1.645
RuOx,58.85,1.617
RuOx,58.86,1.649
RuOx,58.87,1.65
RuOx,58.88,1.622
RuOx,58.89,1.591
RuOx,58.9,1.566
RuOx,58.91,1.635
RuOx,58.92,1.634
RuOx,58.93,1.618
RuOx,58.94,1.609
RuOx,58.95,1.666
RuOx,58.96,1.637
RuOx,58.97,1.618
RuOx,58.98,1.567
RuOx,58.99,1.567
RuOx,59.0,1.548
RuOx,59.01,1.531
RuOx,59.02,1.62
RuOx,59.03,1.573
RuOx,59.04,1.558
RuOx,59.05,1.482
RuOx,59.06,1.475
RuOx,59.07,1.576
RuOx,59.08,1.597
RuOx,59.09,1.671
RuOx,59.1,1.679
RuOx,59.11,1.63
RuOx,59.12,1.553
RuOx,59.13,1.488
RuOx,59.14,1.583
RuOx,59.15,1.637
RuOx,59.16,1.671
RuOx,59.17,1.592
RuOx,59.18,1.541
RuOx,59.19,1.532
RuOx,59.2,1.559
RuOx,59.21,1.575
RuOx,59.22,1.672
RuOx,59.23,1.649
RuOx,59.24,1.67
RuOx,59.25,1.652
RuOx,59.26,1.657
RuOx,59.27,1.63
RuOx,59.28,1.594
RuOx,59.29,1.603
RuOx,59.3,1.564
RuOx,59.31,1.534
RuOx,59.32,1.542
RuOx,59.33,1.646
RuOx,59.34,1.622
RuOx,59.35,1.538
RuOx,59.36,1.449
RuOx,59.37,1.496
RuOx,59.38,1.562
RuOx,59.39,1.608
RuOx,59.4,1.629
RuOx,59.41,1.65
RuOx,59.42,1.658
RuOx,59.43,1.653
RuOx,59.44,1.607
RuOx,59.45,1.601
RuOx,59.46,1.606
RuOx,59.47,1.612
RuOx,59.48,1.613
RuOx,59.49,1.573
RuOx,59.5,1.543
RuOx,59.51,1.567
RuOx,59.52,1.603
RuOx,59.53,1.666
RuOx,59.54,1.722
RuOx,59.55,1.711
RuOx,59.56,1.666
RuOx,59.57,1.636
RuOx,59.58,1.676
RuOx,59.59,1.634
RuOx,59.6,1.61
RuOx,59.61,1.617
RuOx,59.62,1.591
RuOx,59.63,1.598
RuOx,59.64,1.632
RuOx,59.65,1.667
RuOx,59.66,1.6
RuOx,59.67,1.629
RuOx,59.68,1.576
RuOx,59.69,1.543
RuOx,59.7,1.538
RuOx,59.71,1.584
RuOx,59.72,1.587
RuOx,59.73,1.527
RuOx,59.74,1.577
RuOx,59.75,1.669
RuOx,59.76,1.722
RuOx,59.77,1.705
RuOx,59.78,1.639
RuOx,59.79,1.633
RuOx,59.8,1.578
RuOx,59.81,1.589
RuOx,59.82,1.501
RuOx,59.83,1.496
RuOx,59.84,1.509
RuOx,59.85,1.54
RuOx,59.86,1.537
RuOx,59.87,1.566
RuOx,59.88,1.555
RuOx,59.89,1.589
RuOx,59.9,1.615
RuOx,59.91,1.71
RuOx,59.92,1.711
RuOx,59.93,1.715
RuOx,59.94,1.584
RuOx,59.95,1.496
RuOx,59.96,1.47
RuOx,59.97,1.506
RuOx,59.98,1.483
RuOx,59.99,1.539
RuOx,60.0,1.589
RuOx,60.01,1.619
RuOx,60.02,1.588
RuOx,60.03,1.611
RuOx,60.04,1.66
RuOx,60.05,1.66
RuOx,60.06,1.586
RuOx,60.07,1.637
RuOx,60.08,1.62
RuOx,60.09,1.622
RuOx,60.1,1.707
RuOx,60.11,1.735
RuOx,60.12,1.705
RuOx,60.13,1.592
RuOx,60.14,1.578
RuOx,60.15,1.569
RuOx,60.16,1.535
RuOx,60.17,1.577
RuOx,60.18,1.565
RuOx,60.19,1.599
RuOx,60.2,1.57
RuOx,60.21,1.529
RuOx,60.22,1.469
RuOx,60.23,1.501
RuOx,60.24,1.622
RuOx,60.25,1.744
RuOx,60.26,1.748
RuOx,60.27,1.758
RuOx,60.28,1.672
RuOx,60.29,1.681
RuOx,60.3,1.618
RuOx,60.31,1.572
RuOx,60.32,1.506
RuOx,60.33,1.516
RuOx,60.34,1.542
RuOx,60.35,1.511
RuOx,60.36,1.582
RuOx,60.37,1.609
RuOx,60.38,1.643
RuOx,60.39,1.612
RuOx,60.4,1.556
RuOx,60.41,1.494
RuOx,60.42,1.54
RuOx,60.43,1.558
RuOx,60.44,1.507
RuOx,60.45,1.497
RuOx,60.46,1.582
RuOx,60.47,1.677
RuOx,60.48,1.633
RuOx,60.49,1.484
RuOx,60.5,1.51
RuOx,60.51,1.585
RuOx,60.52,1.623
RuOx,60.53,1.504
RuOx,60.54,1.535
RuOx,60.55,1.573
RuOx,60.56,1.613
RuOx,60.57,1.543
RuOx,60.58,1.53
RuOx,60.59,1.565
RuOx,60.6,1.602
RuOx,60.61,1.609
RuOx,60.62,1.64
RuOx,60.63,1.67
RuOx,60.64,1.598
RuOx,60.65,1.485
RuOx,60.66,1.448
RuOx,60.67,1.554
RuOx,60.68,1.635
RuOx,60.69,1.653
RuOx,60.7,1.63
RuOx,60.71,1.583
RuOx,60.72,1.525
RuOx,60.73,1.578
RuOx,60.74,1.585
RuOx,60.75,1.629
RuOx,60.76,1.578
RuOx,60.77,1.57
RuOx,60.78,1.552
RuOx,60.79,1.639
RuOx,60.8,1.632
RuOx,60.81,1.666
RuOx,60.82,1.675
RuOx,60.83,1.691
RuOx,60.84,1.65
RuOx,60.85,1.684
RuOx,60.86,1.674
RuOx,60.87,1.683
RuOx,60.88,1.697
RuOx,60.89,1.666
RuOx,60.9,1.587
RuOx,60.91,1.453
RuOx,60.92,1.491
RuOx,60.93,1.549
RuOx,60.94,1.689
RuOx,60.95,1.752
RuOx,60.96,1.82
RuOx,60.97,1.797
RuOx,60.98,1.722
RuOx,60.99,1.654
RuOx,61.0,1.637
RuOx,61.01,1.6
RuOx,61.02,1.601
RuOx,61.03,1.644
RuOx,61.04,1.73
RuOx,61.05,1.688
RuOx,61.06,1.607
RuOx,61.07,1.624
RuOx,61.08,1.649
RuOx,61.09,1.664
RuOx,61.1,1.642
RuOx,61.11,1.62
RuOx,61.12,1.572
RuOx,61.13,1.531
RuOx,61.14,1.537
RuOx,61.15,1.595
RuOx,61.16,1.645
RuOx,61.17,1.603
RuOx,61.18,1.508
RuOx,61.19,1.501
RuOx,61.2,1.522
RuOx,61.21,1.484
RuOx,61.22,1.468
RuOx,61.23,1.535
RuOx,61.24,1.61
RuOx,61.25,1.636
RuOx,61.26,1.621
RuOx,61.27,1.582
RuOx,61.28,1.574
RuOx,61.29,1.616
RuOx,61.3,1.711
RuOx,61.31,1.785
RuOx,61.32,1.763
RuOx,61.33,1.748
RuOx,61.34,1.679
RuOx,61.35,1.687
RuOx,61.36,1.61
RuOx,61.37,1.602
RuOx,61.38,1.661
RuOx,61.39,1.697
RuOx,61.4,1.698
RuOx,61.41,1.608
RuOx,61.42,1.634
RuOx,61.43,1.587
RuOx,61.44,1.579
RuOx,61.45,1.591
RuOx,61.46,1.594
RuOx,61.47,1.537
RuOx,61.48,1.478
RuOx,61.49,1.514
RuOx,61.5,1.608
RuOx,61.51,1.664
RuOx,61.52,1.6
RuOx,61.53,1.599
RuOx,61.54,1.627
RuOx,61.55,1.666
RuOx,61.56,1.602
RuOx,61.57,1.519
RuOx,61.58,1.503
RuOx,61.59,1.568
RuOx,61.6,1.502
RuOx,61.61,1.481
RuOx,61.62,1.479
RuOx,61.63,1.552
RuOx,61.64,1.607
RuOx,61.65,1.644
RuOx,61.66,1.691
RuOx,61.67,1.68
RuOx,61.68,1.685
RuOx,61.69,1.671
RuOx,61.7,1.725
RuOx,61.71,1.743
RuOx,61.72,1.72
RuOx,61.73,1.685
RuOx,61.74,1.643
RuOx,61.75,1.672
RuOx,61.76,1.624
RuOx,61.77,1.559
RuOx,61.78,1.507
RuOx,61.79,1.543
RuOx,61.8,1.567
RuOx,61.81,1.576
RuOx,61.82,1.62
RuOx,61.83,1.594
RuOx,61.84,1.624
RuOx,61.85,1.581
RuOx,61.86,1.65
RuOx,61.87,1.577
RuOx,61.88,1.618
RuOx,61.89,1.638
RuOx,61.9,1.638
RuOx,61.91,1.554
RuOx,61.92,1.542
RuOx,61.93,1.619
RuOx,61.94,1.749
RuOx,61.95,1.699
RuOx,61.96,1.595
RuOx,61.97,1.594
RuOx,61.98,1.67
RuOx,61.99,1.669
RuOx,62.0,1.622
RuOx,62.01,1.644
RuOx,62.02,1.657
RuOx,62.03,1.646
RuOx,62.04,1.644
RuOx,62.05,1.697
RuOx,62.06,1.75
RuOx,62.07,1.769
RuOx,62.08,1.686
RuOx,62.09,1.602
RuOx,62.1,1.566
RuOx,62.11,1.608
RuOx,62.12,1.705
RuOx,62.13,1.763
RuOx,62.14,1.786
RuOx,62.15,1.752
RuOx,62.16,1.777
RuOx,62.17,1.729
RuOx,62.18,1.739
RuOx,62.19,1.634
RuOx,62.2,1.659
RuOx,62.21,1.687
RuOx,62.22,1.72
RuOx,62.23,1.604
RuOx,62.24,1.551
RuOx,62.25,1.581
RuOx,62.26,1.69
RuOx,62.27,1.717
RuOx,62.28,1.777
RuOx,62.29,1.756
RuOx,62.3,1.728
RuOx,62.31,1.644
RuOx,62.32,1.631
RuOx,62.33,1.724
RuOx,62.34,1.747
RuOx,62.35,1.734
RuOx,62.36,1.676
RuOx,62.37,1.668
RuOx,62.38,1.634
RuOx,62.39,1.594
RuOx,62.4,1.505
RuOx,62.41,1.445
RuOx,62.42,1.472
RuOx,62.43,1.563
RuOx,62.44,1.554
RuOx,62.45,1.653
RuOx,62.46,1.717
RuOx,62.47,1.839
RuOx,62.48,1.734
RuOx,62.49,1.659
RuOx,62.5,1.639
RuOx,62.51,1.636
RuOx,62.52,1.598
RuOx,62.53,1.554
RuOx,62.54,1.578
RuOx,62.55,1.582
RuOx,62.56,1.608
RuOx,62.57,1.643
RuOx,62.58,1.713
RuOx,62.59,1.67
RuOx,62.6,1.602
RuOx,62.61,1.59
RuOx,62.62,1.619
RuOx,62.63,1.73
RuOx,62.64,1.766
RuOx,62.65,1.694
RuOx,62.66,1.689
RuOx,62.67,1.719
RuOx,62.68,1.693
RuOx,62.69,1.593
RuOx,62.7,1.583
RuOx,62.71,1.562
RuOx,62.72,1.567
RuOx,62.73,1.628
RuOx,62.74,1.671
RuOx,62.75,1.627
RuOx,62.76,1.58
RuOx,62.77,1.648
RuOx,62.78,1.676
RuOx,62.79,1.581
RuOx,62.8,1.5
RuOx,62.81,1.475
RuOx,62.82,1.593
RuOx,62.83,1.626
RuOx,62.84,1.645
RuOx,62.85,1.593
RuOx,62.86,1.557
RuOx,62.87,1.624
RuOx,62.88,1.621
RuOx,62.89,1.606
RuOx,62.9,1.515
RuOx,62.91,1.539
RuOx,62.92,1.597
RuOx,62.93,1.621
RuOx,62.94,1.649
RuOx,62.95,1.679
RuOx,62.96,1.722
RuOx,62.97,1.677
RuOx,62.98,1.68
RuOx,62.99,1.642
RuOx,63.0,1.586
RuOx,63.01,1.548
RuOx,63.02,1.572
RuOx,63.03,1.644
RuOx,63.04,1.718
RuOx,63.05,1.753
RuOx,63.06,1.708
RuOx,63.07,1.653
RuOx,63.08,1.612
RuOx,63.09,1.654
RuOx,63.1,1.678
RuOx,63.11,1.702
RuOx,63.12,1.715
RuOx,63.13,1.669
RuOx,63.14,1.646
RuOx,63.15,1.576
RuOx,63.16,1.535
RuOx,63.17,1.497
RuOx,63.18,1.595
RuOx,63.19,1.623
RuOx,63.2,1.639
RuOx,63.21,1.586
RuOx,63.22,1.617
RuOx,63.23,1.724
RuOx,63.24,1.705
RuOx,63.25,1.658
RuOx,63.26,1.624
RuOx,63.27,1.62
RuOx,63.28,1.61
RuOx,63.29,1.564
RuOx,63.3,1.619
RuOx,63.31,1.616
RuOx,63.32,1.601
RuOx,63.33,1.556
RuOx,63.34,1.629
RuOx,63.35,1.646
RuOx,63.36,1.56
RuOx,63.37,1.537
RuOx,63.38,1.615
RuOx,63.39,1.705
RuOx,63.4,1.687
RuOx,63.41,1.652
RuOx,63.42,1.591
RuOx,63.43,1.619
RuOx,63.44,1.692
RuOx,63.45,1.7
RuOx,63.46,1.657
RuOx,63.47,1.638
RuOx,63.48,1.648
RuOx,63.49,1.638
RuOx,63.5,1.723
RuOx,63.51,1.77
RuOx,63.52,1.724
RuOx,63.53,1.672
RuOx,63.54,1.577
RuOx,63.55,1.599
RuOx,63.56,1.593
RuOx,63.57,1.57
RuOx,63.58,1.568
RuOx,63.59,1.643
RuOx,63.6,1.669
RuOx,63.61,1.624
RuOx,63.62,1.6
RuOx,63.63,1.559
RuOx,63.64,1.607
RuOx,63.65,1.653
RuOx,63.66,1.687
RuOx,63.67,1.661
RuOx,63.68,1.68
RuOx,63.69,1.536
RuOx,63.7,1.481
RuOx,63.71,1.451
RuOx,63.72,1.47
RuOx,63.73,1.493
RuOx,63.74,1.535
RuOx,63.75,1.558
RuOx,63.76,1.556
RuOx,63.77,1.617
RuOx,63.78,1.669
RuOx,63.79,1.709
RuOx,63.8,1.589
RuOx,63.81,1.551
RuOx,63.82,1.513
RuOx,63.83,1.578
RuOx,63.84,1.545
RuOx,63.85,1.683
RuOx,63.86,1.817
RuOx,63.87,1.786
RuOx,63.88,1.536
RuOx,63.89,1.461
RuOx,63.9,1.56
RuOx,63.91,1.588
RuOx,63.92,1.425
RuOx,63.93,1.191
RuOx,63.94,1.242
RuOx,63.95,1.478
RuOx,63.96,1.636
RuOx,63.97,1.567
RuOx,63.98,1.586
RuOx,63.99,1.594
RuOx_post,16.03,2.466
RuOx_post,16.04,2.414
RuOx_post,16.05,2.335
RuOx_post,16.06,2.358
RuOx_post,16.07,2.336
RuOx_post,16.08,2.464
RuOx_post,16.09,2.645
RuOx_post,16.1,2.757
RuOx_post,16.11,2.638
RuOx_post,16.12,2.58
RuOx_post,16.13,2.569
RuOx_post,16.14,2.709
RuOx_post,16.15,2.694
RuOx_post,16.16,2.789
RuOx_post,16.17,2.72
RuOx_post,16.18,2.669
RuOx_post,16.19,2.617
RuOx_post,16.2,2.62
RuOx_post,16.21,2.772
RuOx_post,16.22,2.882
RuOx_post,16.23,2.866
RuOx_post,16.24,2.76
RuOx_post,16.25,2.518
RuOx_post,16.26,2.359
RuOx_post,16.27,2.426
RuOx_post,16.28,2.458
RuOx_post,16.29,2.431
RuOx_post,16.3,2.216
RuOx_post,16.31,2.219
RuOx_post,16.32,2.297
RuOx_post,16.33,2.493
RuOx_post,16.34,2.484
RuOx_post,16.35,2.614
RuOx_post,16.36,2.804
RuOx_post,16.37,2.815
RuOx_post,16.38,2.714
RuOx_post,16.39,2.584
RuOx_post,16.4,2.622
RuOx_post,16.41,2.521
RuOx_post,16.42,2.491
RuOx_post,16.43,2.467
RuOx_post,16.44,2.611
RuOx_post,16.45,2.801
RuOx_post,16.46,2.836
RuOx_post,16.47,2.657
RuOx_post,16.48,2.483
RuOx_post,16.49,2.468
RuOx_post,16.5,2.557
RuOx_post,16.51,2.636
RuOx_post,16.52,2.691
RuOx_post,16.53,2.677
RuOx_post,16.54,2.798
RuOx_post,16.55,2.795
RuOx_post,16.56,2.844
RuOx_post,16.57,2.88
RuOx_post,16.58,2.946
RuOx_post,16.59,2.858
RuOx_post,16.6,2.866
RuOx_post,16.61,2.93
RuOx_post,16.62,2.864
RuOx_post,16.63,2.791
RuOx_post,16.64,2.722
RuOx_post,16.65,2.765
RuOx_post,16.66,2.817
RuOx_post,16.67,2.854
RuOx_post,16.68,2.961
RuOx_post,16.69,2.892
RuOx_post,16.7,2.871
RuOx_post,16.71,2.801
RuOx_post,16.72,2.854
RuOx_post,16.73,2.842
RuOx_post,16.74,2.927
RuOx_post,16.75,2.91
RuOx_post,16.76,2.91
RuOx_post,16.77,2.847
RuOx_post,16.78,2.815
RuOx_post,16.79,2.805
RuOx_post,16.8,2.895
RuOx_post,16.81,2.929
RuOx_post,16.82,2.989
RuOx_post,16.83,2.924
RuOx_post,16.84,2.914
RuOx_post,16.85,2.914
RuOx_post,16.86,2.886
RuOx_post,16.87,2.782
RuOx_post,16.88,2.693
RuOx_post,16.89,2.776
RuOx_post,16.9,2.797
RuOx_post,16.91,2.85
RuOx_post,16.92,2.928
RuOx_post,16.93,2.924
RuOx_post,16.94,3.011
RuOx_post,16.95,3.022
RuOx_post,16.96,3.054
RuOx_post,16.97,2.905
RuOx_post,16.98,2.88
RuOx_post,16.99,2.94
RuOx_post,17.0,3.102
RuOx_post,17.01,3.127
RuOx_post,17.02,3.028
RuOx_post,17.03,2.926
RuOx_post,17.04,2.949
RuOx_post,17.05,2.954
RuOx_post,17.06,2.941
RuOx_post,17.07,3.01
RuOx_post,17.08,3.089
RuOx_post,17.09,3.055
RuOx_post,17.1,3.105
RuOx_post,17.11,3.14
RuOx_post,17.12,3.204
RuOx_post,17.13,3.153
RuOx_post,17.14,3.112
RuOx_post,17.15,3.075
RuOx_post,17.16,3.102
RuOx_post,17.17,3.038
RuOx_post,17.18,2.993
RuOx_post,17.19,2.994
RuOx_post,17.2,3.053
RuOx_post,17.21,3.132
RuOx_post,17.22,3.197
RuOx_post,17.23,3.171
RuOx_post,17.24,3.079
RuOx_post,17.25,3.073
RuOx_post,17.26,3.189
RuOx_post,17.27,3.262
RuOx_post,17.28,3.286
RuOx_post,17.29,3.233
RuOx_post,17.3,3.192
RuOx_post,17.31,3.168
RuOx_post,17.32,3.179
RuOx_post,17.33,3.169
RuOx_post,17.34,3.162
RuOx_post,17.35,3.261
RuOx_post,17.36,3.292
RuOx_post,17.37,3.208
RuOx_post,17.38,3.084
RuOx_post,17.39,3.076
RuOx_post,17.4,3.126
RuOx_post,17.41,3.307
RuOx_post,17.42,3.475
RuOx_post,17.43,3.381
RuOx_post,17.44,3.218
RuOx_post,17.45,3.147
RuOx_post,17.46,3.207
RuOx_post,17.47,3.24
RuOx_post,17.48,3.298
RuOx_post,17.49,3.357
RuOx_post,17.5,3.474
RuOx_post,17.51,3.498
RuOx_post,17.52,3.451
RuOx_post,17.53,3.407
RuOx_post,17.54,3.454
RuOx_post,17.55,3.45
RuOx_post,17.56,3.422
RuOx_post,17.57,3.408
RuOx_post,17.58,3.373
RuOx_post,17.59,3.341
RuOx_post,17.6,3.286
RuOx_post,17.61,3.325
RuOx_post,17.62,3.337
RuOx_post,17.63,3.47
RuOx_post,17.64,3.448
RuOx_post,17.65,3.484
RuOx_post,17.66,3.445
RuOx_post,17.67,3.403
RuOx_post,17.68,3.338
RuOx_post,17.69,3.299
RuOx_post,17.7,3.22
RuOx_post,17.71,3.33
RuOx_post,17.72,3.475
RuOx_post,17.73,3.568
RuOx_post,17.74,3.522
RuOx_post,17.75,3.466
RuOx_post,17.76,3.498
RuOx_post,17.77,3.64
RuOx_post,17.78,3.639
RuOx_post,17.79,3.594
RuOx_post,17.8,3.52
RuOx_post,17.81,3.616
RuOx_post,17.82,3.611
RuOx_post,17.83,3.554
RuOx_post,17.84,3.6
RuOx_post,17.85,3.646
RuOx_post,17.86,3.682
RuOx_post,17.87,3.653
RuOx_post,17.88,3.605
RuOx_post,17.89,3.644
RuOx_post,17.9,3.704
RuOx_post,17.91,3.815
RuOx_post,17.92,3.769
RuOx_post,17.93,3.65
RuOx_post,17.94,3.68
RuOx_post,17.95,3.733
RuOx_post,17.96,3.674
RuOx_post,17.97,3.652
RuOx_post,17.98,3.839
RuOx_post,17.99,3.873
RuOx_post,18.0,3.745
RuOx_post,18.01,3.752
RuOx_post,18.02,3.84
RuOx_post,18.03,3.861
RuOx_post,18.04,3.776
RuOx_post,18.05,3.744
RuOx_post,18.06,3.769
RuOx_post,18.07,3.811
RuOx_post,18.08,3.837
RuOx_post,18.09,3.809
RuOx_post,18.1,3.737
RuOx_post,18.11,3.636
RuOx_post,18.12,3.675
RuOx_post,18.13,3.727
RuOx_post,18.14,3.783
RuOx_post,18.15,3.803
RuOx_post,18.16,3.919
RuOx_post,18.17,3.959
RuOx_post,18.18,3.883
RuOx_post,18.19,3.851
RuOx_post,18.2,3.924
RuOx_post,18.21,3.943
RuOx_post,18.22,3.889
RuOx_post,18.23,3.879
RuOx_post,18.24,4.034
RuOx_post,18.25,4.069
RuOx_post,18.26,4.015
RuOx_post,18.27,3.895
RuOx_post,18.28,3.834
RuOx_post,18.29,3.728
RuOx_post,18.3,3.742
RuOx_post,18.31,3.806
RuOx_post,18.32,3.881
RuOx_post,18.33,3.785
RuOx_post,18.34,3.743
RuOx_post,18.35,3.591
RuOx_post,18.36,3.604
RuOx_post,18.37,3.686
RuOx_post,18.38,3.863
RuOx_post,18.39,3.902
RuOx_post,18.4,3.94
RuOx_post,18.41,3.827
RuOx_post,18.42,3.745
RuOx_post,18.43,3.697
RuOx_post,18.44,3.922
RuOx_post,18.45,3.995
RuOx_post,18.46,4.06
RuOx_post,18.47,4.031
RuOx_post,18.48,4.043
RuOx_post,18.49,4.06
RuOx_post,18.5,4.075
RuOx_post,18.51,4.049
RuOx_post,18.52,3.944
RuOx_post,18.53,3.965
RuOx_post,18.54,4.079
RuOx_post,18.55,4.153
RuOx_post,18.56,4.12
RuOx_post,18.57,4.031
RuOx_post,18.58,4.028
RuOx_post,18.59,4.143
RuOx_post,18.6,4.177
RuOx_post,18.61,4.214
RuOx_post,18.62,4.099
RuOx_post,18.63,4.024
RuOx_post,18.64,3.991
RuOx_post,18.65,4.068
RuOx_post,18.66,4.14
RuOx_post,18.67,4.198
RuOx_post,18.68,4.175
RuOx_post,18.69,4.039
RuOx_post,18.7,4.024
RuOx_post,18.71,4.158
RuOx_post,18.72,4.221
RuOx_post,18.73,4.144
RuOx_post,18.74,4.078
RuOx_post,18.75,3.949
RuOx_post,18.76,3.979
RuOx_post,18.77,4.03
RuOx_post,18.78,4.143
RuOx_post,18.79,4.192
RuOx_post,18.8,4.259
RuOx_post,18.81,4.339
RuOx_post,18.82,4.435
RuOx_post,18.83,4.4
RuOx_post,18.84,4.311
RuOx_post,18.85,4.26
RuOx_post,18.86,4.164
RuOx_post,18.87,4.057
RuOx_post,18.88,4.058
RuOx_post,18.89,4.144
RuOx_post,18.9,4.177
RuOx_post,18.91,4.273
RuOx_post,18.92,4.231
RuOx_post,18.93,4.214
RuOx_post,18.94,4.246
RuOx_post,18.95,4.493
RuOx_post,18.96,4.472
RuOx_post,18.97,4.39
RuOx_post,18.98,4.272
RuOx_post,18.99,4.389
RuOx_post,19.0,4.39
RuOx_post,19.01,4.294
RuOx_post,19.02,4.258
RuOx_post,19.03,4.377
RuOx_post,19.04,4.525
RuOx_post,19.05,4.452
RuOx_post,19.06,4.406
RuOx_post,19.07,4.337
RuOx_post,19.08,4.389
RuOx_post,19.09,4.365
RuOx_post,19.1,4.347
RuOx_post,19.11,4.338
RuOx_post,19.12,4.382
RuOx_post,19.13,4.416
RuOx_post,19.14,4.505
RuOx_post,19.15,4.465
RuOx_post,19.16,4.415
RuOx_post,19.17,4.229
RuOx_post,19.18,4.236
RuOx_post,19.19,4.311
RuOx_post,19.2,4.405
RuOx_post,19.21,4.358
RuOx_post,19.22,4.323
RuOx_post,19.23,4.261
RuOx_post,19.24,4.299
RuOx_post,19.25,4.309
RuOx_post,19.26,4.338
RuOx_post,19.27,4.348
RuOx_post,19.28,4.375
RuOx_post,19.29,4.354
RuOx_post,19.3,4.368
RuOx_post,19.31,4.437
RuOx_post,19.32,4.382
RuOx_post,19.33,4.355
RuOx_post,19.34,4.21
RuOx_post,19.35,4.229
RuOx_post,19.36,4.378
RuOx_post,19.37,4.5
RuOx_post,19.38,4.442
RuOx_post,19.39,4.291
RuOx_post,19.4,4.262
RuOx_post,19.41,4.364
RuOx_post,19.42,4.392
RuOx_post,19.43,4.451
RuOx_post,19.44,4.408
RuOx_post,19.45,4.365
RuOx_post,19.46,4.499
RuOx_post,19.47,4.591
RuOx_post,19.48,4.546
RuOx_post,19.49,4.36
RuOx_post,19.5,4.352
RuOx_post,19.51,4.516
RuOx_post,19.52,4.598
RuOx_post,19.53,4.633
RuOx_post,19.54,4.582
RuOx_post,19.55,4.464
RuOx_post,19.56,4.264
RuOx_post,19.57,4.351
RuOx_post,19.58,4.486
RuOx_post,19.59,4.644
RuOx_post,19.6,4.499
RuOx_post,19.61,4.531
RuOx_post,19.62,4.521
RuOx_post,19.63,4.58
RuOx_post,19.64,4.478
RuOx_post,19.65,4.377
RuOx_post,19.66,4.421
RuOx_post,19.67,4.495
RuOx_post,19.68,4.541
RuOx_post,19.69,4.55
RuOx_post,19.7,4.548
RuOx_post,19.71,4.646
RuOx_post,19.72,4.716
RuOx_post,19.73,4.822
RuOx_post,19.74,4.839
RuOx_post,19.75,4.783
RuOx_post,19.76,4.636
RuOx_post,19.77,4.526
RuOx_post,19.78,4.629
RuOx_post,19.79,4.662
RuOx_post,19.8,4.701
RuOx_post,19.81,4.679
RuOx_post,19.82,4.658
RuOx_post,19.83,4.564
RuOx_post,19.84,4.521
RuOx_post,19.85,4.536
RuOx_post,19.86,4.472
RuOx_post,19.87,4.614
RuOx_post,19.88,4.668
RuOx_post,19.89,4.685
RuOx_post,19.9,4.598
RuOx_post,19.91,4.549
RuOx_post,19.92,4.577
RuOx_post,19.93,4.508
RuOx_post,19.94,4.561
RuOx_post,19.95,4.571
RuOx_post,19.96,4.76
RuOx_post,19.97,4.76
RuOx_post,19.98,4.71
RuOx_post,19.99,4.592
RuOx_post,20.0,4.657
RuOx_post,20.01,4.526
RuOx_post,20.02,4.455
RuOx_post,20.03,4.52
RuOx_post,20.04,4.719
RuOx_post,20.05,4.716
RuOx_post,20.06,4.622
RuOx_post,20.07,4.513
RuOx_post,20.08,4.55
RuOx_post,20.09,4.636
RuOx_post,20.1,4.723
RuOx_post,20.11,4.723
RuOx_post,20.12,4.722
RuOx_post,20.13,4.633
RuOx_post,20.14,4.521
RuOx_post,20.15,4.678
RuOx_post,20.16,4.972
RuOx_post,20.17,4.971
RuOx_post,20.18,4.73
RuOx_post,20.19,4.566
RuOx_post,20.2,4.554
RuOx_post,20.21,4.521
RuOx_post,20.22,4.562
RuOx_post,20.23,4.689
RuOx_post,20.24,4.747
RuOx_post,20.25,4.718
RuOx_post,20.26,4.623
RuOx_post,20.27,4.468
RuOx_post,20.28,4.476
RuOx_post,20.29,4.561
RuOx_post,20.3,4.716
RuOx_post,20.31,4.798
RuOx_post,20.32,4.733
RuOx_post,20.33,4.804
RuOx_post,20.34,4.747
RuOx_post,20.35,4.765
RuOx_post,20.36,4.7
RuOx_post,20.37,4.702
RuOx_post,20.38,4.582
RuOx_post,20.39,4.608
RuOx_post,20.4,4.632
RuOx_post,20.41,4.757
RuOx_post,20.42,4.724
RuOx_post,20.43,4.653
RuOx_post,20.44,4.544
RuOx_post,20.45,4.649
RuOx_post,20.46,4.724
RuOx_post,20.47,4.718
RuOx_post,20.48,4.599
RuOx_post,20.49,4.493
RuOx_post,20.5,4.455
RuOx_post,20.51,4.452
RuOx_post,20.52,4.524
RuOx_post,20.53,4.659
RuOx_post,20.54,4.709
RuOx_post,20.55,4.667
RuOx_post,20.56,4.516
RuOx_post,20.57,4.519
RuOx_post,20.58,4.446
RuOx_post,20.59,4.403
RuOx_post,20.6,4.39
RuOx_post,20.61,4.494
RuOx_post,20.62,4.513
RuOx_post,20.63,4.506
RuOx_post,20.64,4.567
RuOx_post,20.65,4.601
RuOx_post,20.66,4.701
RuOx_post,20.67,4.577
RuOx_post,20.68,4.519
RuOx_post,20.69,4.526
RuOx_post,20.7,4.639
RuOx_post,20.71,4.683
RuOx_post,20.72,4.727
RuOx_post,20.73,4.647
RuOx_post,20.74,4.605
RuOx_post,20.75,4.572
RuOx_post,20.76,4.622
RuOx_post,20.77,4.503
RuOx_post,20.78,4.444
RuOx_post,20.79,4.55
RuOx_post,20.8,4.613
RuOx_post,20.81,4.608
RuOx_post,20.82,4.614
RuOx_post,20.83,4.758
RuOx_post,20.84,4.718
RuOx_post,20.85,4.737
RuOx_post,20.86,4.655
RuOx_post,20.87,4.574
RuOx_post,20.88,4.47
RuOx_post,20.89,4.478
RuOx_post,20.9,4.692
RuOx_post,20.91,4.851
RuOx_post,20.92,4.853
RuOx_post,20.93,4.615
RuOx_post,20.94,4.491
RuOx_post,20.95,4.592
RuOx_post,20.96,4.564
RuOx_post,20.97,4.61
RuOx_post,20.98,4.513
RuOx_post,20.99,4.567
RuOx_post,21.0,4.506
RuOx_post,21.01,4.577
RuOx_post,21.02,4.47
RuOx_post,21.03,4.365
RuOx_post,21.04,4.348
RuOx_post,21.05,4.367
RuOx_post,21.06,4.476
RuOx_post,21.07,4.56
RuOx_post,21.08,4.677
RuOx_post,21.09,4.682
RuOx_post,21.1,4.56
RuOx_post,21.11,4.521
RuOx_post,21.12,4.503
RuOx_post,21.13,4.537
RuOx_post,21.14,4.506
RuOx_post,21.15,4.457
RuOx_post,21.16,4.493
RuOx_post,21.17,4.519
RuOx_post,21.18,4.454
RuOx_post,21.19,4.396
RuOx_post,21.2,4.467
RuOx_post,21.21,4.585
RuOx_post,21.22,4.61
RuOx_post,21.23,4.627
RuOx_post,21.24,4.585
RuOx_post,21.25,4.466
RuOx_post,21.26,4.285
RuOx_post,21.27,4.296
RuOx_post,21.28,4.448
RuOx_post,21.29,4.59
RuOx_post,21.3,4.505
RuOx_post,21.31,4.678
RuOx_post,21.32,4.588
RuOx_post,21.33,4.543
RuOx_post,21.34,4.458
RuOx_post,21.35,4.585
RuOx_post,21.36,4.591
RuOx_post,21.37,4.499
RuOx_post,21.38,4.416
RuOx_post,21.39,4.473
RuOx_post,21.4,4.498
RuOx_post,21.41,4.52
RuOx_post,21.42,4.408
RuOx_post,21.43,4.433
RuOx_post,21.44,4.483
RuOx_post,21.45,4.588
RuOx_post,21.46,4.569
RuOx_post,21.47,4.492
RuOx_post,21.48,4.474
RuOx_post,21.49,4.541
RuOx_post,21.5,4.55
RuOx_post,21.51,4.538
RuOx_post,21.52,4.529
RuOx_post,21.53,4.359
RuOx_post,21.54,4.255
RuOx_post,21.55,4.229
RuOx_post,21.56,4.349
RuOx_post,21.57,4.448
RuOx_post,21.58,4.544
RuOx_post,21.59,4.584
RuOx_post,21.6,4.515
RuOx_post,21.61,4.391
RuOx_post,21.62,4.419
RuOx_post,21.63,4.435
RuOx_post,21.64,4.5
RuOx_post,21.65,4.467
RuOx_post,21.66,4.484
RuOx_post,21.67,4.358
RuOx_post,21.68,4.382
RuOx_post,21.69,4.421
RuOx_post,21.7,4.433
RuOx_post,21.71,4.481
RuOx_post,21.72,4.572
RuOx_post,21.73,4.623
RuOx_post,21.74,4.6
RuOx_post,21.75,4.502
RuOx_post,21.76,4.536
RuOx_post,21.77,4.471
RuOx_post,21.78,4.557
RuOx_post,21.79,4.543
RuOx_post,21.8,4.532
RuOx_post,21.81,4.51
RuOx_post,21.82,4.574
RuOx_post,21.83,4.619
RuOx_post,21.84,4.477
RuOx_post,21.85,4.375
RuOx_post,21.86,4.448
RuOx_post,21.87,4.542
RuOx_post,21.88,4.648
RuOx_post,21.89,4.621
RuOx_post,21.9,4.525
RuOx_post,21.91,4.313
RuOx_post,21.92,4.249
RuOx_post,21.93,4.352
RuOx_post,21.94,4.432
RuOx_post,21.95,4.446
RuOx_post,21.96,4.375
RuOx_post,21.97,4.429
RuOx_post,21.98,4.368
RuOx_post,21.99,4.351
RuOx_post,22.0,4.304
RuOx_post,22.01,4.442
RuOx_post,22.02,4.47
RuOx_post,22.03,4.506
RuOx_post,22.04,4.494
RuOx_post,22.05,4.496
RuOx_post,22.06,4.451
RuOx_post,22.07,4.411
RuOx_post,22.08,4.406
RuOx_post,22.09,4.446
RuOx_post,22.1,4.555
RuOx_post,22.11,4.612
RuOx_post,22.12,4.43
RuOx_post,22.13,4.318
RuOx_post,22.14,4.317
RuOx_post,22.15,4.58
RuOx_post,22.16,4.618
RuOx_post,22.17,4.567
RuOx_post,22.18,4.426
RuOx_post,22.19,4.371
RuOx_post,22.2,4.428
RuOx_post,22.21,4.501
RuOx_post,22.22,4.493
RuOx_post,22.23,4.5
RuOx_post,22.24,4.583
RuOx_post,22.25,4.647
RuOx_post,22.26,4.513
RuOx_post,22.27,4.502
RuOx_post,22.28,4.448
RuOx_post,22.29,4.505
RuOx_post,22.3,4.379
RuOx_post,22.31,4.399
RuOx_post,22.32,4.556
RuOx_post,22.33,4.729
RuOx_post,22.34,4.733
RuOx_post,22.35,4.589
RuOx_post,22.36,4.376
RuOx_post,22.37,4.379
RuOx_post,22.38,4.437
RuOx_post,22.39,4.458
RuOx_post,22.4,4.391
RuOx_post,22.41,4.383
RuOx_post,22.42,4.369
RuOx_post,22.43,4.322
RuOx_post,22.44,4.45
RuOx_post,22.45,4.465
RuOx_post,22.46,4.383
RuOx_post,22.47,4.422
RuOx_post,22.48,4.443
RuOx_post,22.49,4.52
RuOx_post,22.5,4.408
RuOx_post,22.51,4.447
RuOx_post,22.52,4.364
RuOx_post,22.53,4.395
RuOx_post,22.54,4.537
RuOx_post,22.55,4.649
RuOx_post,22.56,4.654
RuOx_post,22.57,4.388
RuOx_post,22.58,4.219
RuOx_post,22.59,4.138
RuOx_post,22.6,4.302
RuOx_post,22.61,4.447
RuOx_post,22.62,4.42
RuOx_post,22.63,4.43
RuOx_post,22.64,4.425
RuOx_post,22.65,4.531
RuOx_post,22.66,4.516
RuOx_post,22.67,4.566
RuOx_post,22.68,4.533
RuOx_post,22.69,4.545
RuOx_post,22.7,4.6
RuOx_post,22.71,4.68
RuOx_post,22.72,4.54
RuOx_post,22.73,4.28
RuOx_post,22.74,4.121
RuOx_post,22.75,4.102
RuOx_post,22.76,4.134
RuOx_post,22.77,4.18
RuOx_post,22.78,4.252
RuOx_post,22.79,4.354
RuOx_post,22.8,4.32
RuOx_post,22.81,4.398
RuOx_post,22.82,4.395
RuOx_post,22.83,4.416
RuOx_post,22.84,4.422
RuOx_post,22.85,4.532
RuOx_post,22.86,4.546
RuOx_post,22.87,4.492
RuOx_post,22.88,4.423
RuOx_post,22.89,4.441
RuOx_post,22.9,4.322
RuOx_post,22.91,4.308
RuOx_post,22.92,4.281
RuOx_post,22.93,4.5
RuOx_post,22.94,4.572
RuOx_post,22.95,4.636
RuOx_post,22.96,4.544
RuOx_post,22.97,4.348
RuOx_post,22.98,4.334
RuOx_post,22.99,4.439
RuOx_post,23.0,4.524
RuOx_post,23.01,4.473
RuOx_post,23.02,4.37
RuOx_post,23.03,4.241
RuOx_post,23.04,4.268
RuOx_post,23.05,4.309
RuOx_post,23.06,4.43
RuOx_post,23.07,4.454
RuOx_post,23.08,4.373
RuOx_post,23.09,4.253
RuOx_post,23.1,4.199
RuOx_post,23.11,4.271
RuOx_post,23.12,4.313
RuOx_post,23.13,4.432
RuOx_post,23.14,4.455
RuOx_post,23.15,4.516
RuOx_post,23.16,4.435
RuOx_post,23.17,4.48
RuOx_post,23.18,4.435
RuOx_post,23.19,4.403
RuOx_post,23.2,4.293
RuOx_post,23.21,4.375
RuOx_post,23.22,4.436
RuOx_post,23.23,4.529
RuOx_post,23.24,4.5
RuOx_post,23.25,4.561
RuOx_post,23.26,4.523
RuOx_post,23.27,4.424
RuOx_post,23.28,4.384
RuOx_post,23.29,4.379
RuOx_post,23.3,4.516
RuOx_post,23.31,4.476
RuOx_post,23.32,4.38
RuOx_post,23.33,4.341
RuOx_post,23.34,4.288
RuOx_post,23.35,4.294
RuOx_post,23.36,4.337
RuOx_post,23.37,4.392
RuOx_post,23.38,4.24
RuOx_post,23.39,4.206
RuOx_post,23.4,4.262
RuOx_post,23.41,4.428
RuOx_post,23.42,4.494
RuOx_post,23.43,4.503
RuOx_post,23.44,4.459
RuOx_post,23.45,4.28
RuOx_post,23.46,4.278
RuOx_post,23.47,4.305
RuOx_post,23.48,4.372
RuOx_post,23.49,4.397
RuOx_post,23.5,4.467
RuOx_post,23.51,4.532
RuOx_post,23.52,4.521
RuOx_post,23.53,4.469
RuOx_post,23.54,4.39
RuOx_post,23.55,4.29
RuOx_post,23.56,4.251
RuOx_post,23.57,4.317
RuOx_post,23.58,4.421
RuOx_post,23.59,4.413
RuOx_post,23.6,4.428
RuOx_post,23.61,4.444
RuOx_post,23.62,4.461
RuOx_post,23.63,4.302
RuOx_post,23.64,4.173
RuOx_post,23.65,4.078
RuOx_post,23.66,4.123
RuOx_post,23.67,4.172
RuOx_post,23.68,4.188
RuOx_post,23.69,4.287
RuOx_post,23.7,4.343
RuOx_post,23.71,4.353
RuOx_post,23.72,4.314
RuOx_post,23.73,4.419
RuOx_post,23.74,4.329
RuOx_post,23.75,4.231
RuOx_post,23.76,4.169
RuOx_post,23.77,4.217
RuOx_post,23.78,4.198
RuOx_post,23.79,4.308
RuOx_post,23.8,4.33
RuOx_post,23.81,4.27
RuOx_post,23.82,4.251
RuOx_post,23.83,4.241
RuOx_post,23.84,4.282
RuOx_post,23.85,4.379
RuOx_post,23.86,4.58
RuOx_post,23.87,4.578
RuOx_post,23.88,4.422
RuOx_post,23.89,4.194
RuOx_post,23.9,4.174
RuOx_post,23.91,4.152
RuOx_post,23.92,4.234
RuOx_post,23.93,4.298
RuOx_post,23.94,4.274
RuOx_post,23.95,4.158
RuOx_post,23.96,4.105
RuOx_post,23.97,4.139
RuOx_post,23.98,4.068
RuOx_post,23.99,3.97
RuOx_post,24.0,4.028
RuOx_post,24.01,4.205
RuOx_post,24.02,4.261
RuOx_post,24.03,4.366
RuOx_post,24.04,4.388
RuOx_post,24.05,4.35
RuOx_post,24.06,4.239
RuOx_post,24.07,4.108
RuOx_post,24.08,4.07
RuOx_post,24.09,4.115
RuOx_post,24.1,4.336
RuOx_post,24.11,4.487
RuOx_post,24.12,4.397
RuOx_post,24.13,4.193
RuOx_post,24.14,4.138
RuOx_post,24.15,4.207
RuOx_post,24.16,4.2
RuOx_post,24.17,4.169
RuOx_post,24.18,4.197
RuOx_post,24.19,4.182
RuOx_post,24.2,4.187
RuOx_post,24.21,4.162
RuOx_post,24.22,4.193
RuOx_post,24.23,4.128
RuOx_post,24.24,4.136
RuOx_post,24.25,4.106
RuOx_post,24.26,4.138
RuOx_post,24.27,4.199
RuOx_post,24.28,4.269
RuOx_post,24.29,4.205
RuOx_post,24.3,4.225
RuOx_post,24.31,4.208
RuOx_post,24.32,4.127
RuOx_post,24.33,4.14
RuOx_post,24.34,4.118
RuOx_post,24.35,4.15
RuOx_post,24.36,4.036
RuOx_post,24.37,4.003
RuOx_post,24.38,4.05
RuOx_post,24.39,4.15
RuOx_post,24.4,4.38
RuOx_post,24.41,4.431
RuOx_post,24.42,4.34
RuOx_post,24.43,4.209
RuOx_post,24.44,4.114
RuOx_post,24.45,4.085
RuOx_post,24.46,4.089
RuOx_post,24.47,4.223
RuOx_post,24.48,4.319
RuOx_post,24.49,4.361
RuOx_post,24.5,4.245
RuOx_post,24.51,4.12
RuOx_post,24.52,4.043
RuOx_post,24.53,4.065
RuOx_post,24.54,4.101
RuOx_post,24.55,4.247
RuOx_post,24.56,4.322
RuOx_post,24.57,4.362
RuOx_post,24.58,4.257
RuOx_post,24.59,4.165
RuOx_post,24.6,4.164
RuOx_post,24.61,4.12
RuOx_post,24.62,4.042
RuOx_post,24.63,3.986
RuOx_post,24.64,4.012
RuOx_post,24.65,4.069
RuOx_post,24.66,4.174
RuOx_post,24.67,4.291
RuOx_post,24.68,4.393
RuOx_post,24.69,4.306
RuOx_post,24.7,4.26
RuOx_post,24.71,4.282
RuOx_post,24.72,4.25
RuOx_post,24.73,4.316
RuOx_post,24.74,4.261
RuOx_post,24.75,4.264
RuOx_post,24.76,4.134
RuOx_post,24.77,4.057
RuOx_post,24.78,4.045
RuOx_post,24.79,4.026
RuOx_post,24.8,4.11
RuOx_post,24.81,4.108
RuOx_post,24.82,4.173
RuOx_post,24.83,4.247
RuOx_post,24.84,4.363
RuOx_post,24.85,4.371
RuOx_post,24.86,4.34
RuOx_post,24.87,4.254
RuOx_post,24.88,4.144
RuOx_post,24.89,4.098
RuOx_post,24.9,4.056
RuOx_post,24.91,4.035
RuOx_post,24.92,3.995
RuOx_post,24.93,4.106
RuOx_post,24.94,4.121
RuOx_post,24.95,4.162
RuOx_post,24.96,4.188
RuOx_post,24.97,4.223
RuOx_post,24.98,4.348
RuOx_post,24.99,4.394
RuOx_post,25.0,4.401
RuOx_post,25.01,4.232
RuOx_post,25.02,4.194
RuOx_post,25.03,4.171
RuOx_post,25.04,4.162
RuOx_post,25.05,4.064
RuOx_post,25.06,3.895
RuOx_post,25.07,3.792
RuOx_post,25.08,3.879
RuOx_post,25.09,4.044
RuOx_post,25.1,4.269
RuOx_post,25.11,4.306
RuOx_post,25.12,4.293
RuOx_post,25.13,4.222
RuOx_post,25.14,4.25
RuOx_post,25.15,4.17
RuOx_post,25.16,4.161
RuOx_post,25.17,4.199
RuOx_post,25.18,4.24
RuOx_post,25.19,4.202
RuOx_post,25.2,4.1
RuOx_post,25.21,4.052
RuOx_post,25.22,4.094
RuOx_post,25.23,4.253
RuOx_post,25.24,4.19
RuOx_post,25.25,4.03
RuOx_post,25.26,3.928
RuOx_post,25.27,4.139
RuOx_post,25.28,4.256
RuOx_post,25.29,4.299
RuOx_post,25.3,4.173
RuOx_post,25.31,4.095
RuOx_post,25.32,4.096
RuOx_post,25.33,4.039
RuOx_post,25.34,3.898
RuOx_post,25.35,3.864
RuOx_post,25.36,3.922
RuOx_post,25.37,3.924
RuOx_post,25.38,3.917
RuOx_post,25.39,4.041
RuOx_post,25.4,4.277
RuOx_post,25.41,4.29
RuOx_post,25.42,4.277
RuOx_post,25.43,4.199
RuOx_post,25.44,4.193
RuOx_post,25.45,4.071
RuOx_post,25.46,4.109
RuOx_post,25.47,4.193
RuOx_post,25.48,4.291
RuOx_post,25.49,4.206
RuOx_post,25.5,4.057
RuOx_post,25.51,4.063
RuOx_post,25.52,4.096
RuOx_post,25.53,4.091
RuOx_post,25.54,4.056
RuOx_post,25.55,4.055
RuOx_post,25.56,3.992
RuOx_post,25.57,3.991
RuOx_post,25.58,4.045
RuOx_post,25.59,4.147
RuOx_post,25.6,4.128
RuOx_post,25.61,4.112
RuOx_post,25.62,3.956
RuOx_post,25.63,3.977
RuOx_post,25.64,4.051
RuOx_post,25.65,4.171
RuOx_post,25.66,4.088
RuOx_post,25.67,4.05
RuOx_post,25.68,4.068
RuOx_post,25.69,4.15
RuOx_post,25.7,4.157
RuOx_post,25.71,4.086
RuOx_post,25.72,4.044
RuOx_post,25.73,3.992
RuOx_post,25.74,4.081
RuOx_post,25.75,4.114
RuOx_post,25.76,4.06
RuOx_post,25.77,4.003
RuOx_post,25.78,3.947
RuOx_post,25.79,3.935
RuOx_post,25.8,3.972
RuOx_post,25.81,4.024
RuOx_post,25.82,4.142
RuOx_post,25.83,4.132
RuOx_post,25.84,4.103
RuOx_post,25.85,3.855
RuOx_post,25.86,3.69
RuOx_post,25.87,3.629
RuOx_post,25.88,3.767
RuOx_post,25.89,3.998
RuOx_post,25.9,4.132
RuOx_post,25.91,4.169
RuOx_post,25.92,4.022
RuOx_post,25.93,3.945
RuOx_post,25.94,3.909
RuOx_post,25.95,3.992
RuOx_post,25.96,3.998
RuOx_post,25.97,4.122
RuOx_post,25.98,4.17
RuOx_post,25.99,4.13
RuOx_post,26.0,4.003
RuOx_post,26.01,3.946
RuOx_post,26.02,4.059
RuOx_post,26.03,4.125
RuOx_post,26.04,4.014
RuOx_post,26.05,3.898
RuOx_post,26.06,3.835
RuOx_post,26.07,3.913
RuOx_post,26.08,3.969
RuOx_post,26.09,4.043
RuOx_post,26.1,4.078
RuOx_post,26.11,4.171
RuOx_post,26.12,4.103
RuOx_post,26.13,4.139
RuOx_post,26.14,4.153
RuOx_post,26.15,4.227
RuOx_post,26.16,4.211
RuOx_post,26.17,4.108
RuOx_post,26.18,4.062
RuOx_post,26.19,4.039
RuOx_post,26.2,3.885
RuOx_post,26.21,3.889
RuOx_post,26.22,4.014
RuOx_post,26.23,4.154
RuOx_post,26.24,4.013
RuOx_post,26.25,3.824
RuOx_post,26.26,3.816
RuOx_post,26.27,3.788
RuOx_post,26.28,3.875
RuOx_post,26.29,3.826
RuOx_post,26.3,3.951
RuOx_post,26.31,3.989
RuOx_post,26.32,4.065
RuOx_post,26.33,3.953
RuOx_post,26.34,3.888
RuOx_post,26.35,3.899
RuOx_post,26.36,3.955
RuOx_post,26.37,4.148
RuOx_post,26.38,4.106
RuOx_post,26.39,3.952
RuOx_post,26.4,3.89
RuOx_post,26.41,3.986
RuOx_post,26.42,4.023
RuOx_post,26.43,3.973
RuOx_post,26.44,3.978
RuOx_post,26.45,4.024
RuOx_post,26.46,4.004
RuOx_post,26.47,4.008
RuOx_post,26.48,4.001
RuOx_post,26.49,3.899
RuOx_post,26.5,3.815
RuOx_post,26.51,3.896
RuOx_post,26.52,4.019
RuOx_post,26.53,4.036
RuOx_post,26.54,3.913
RuOx_post,26.55,3.964
RuOx_post,26.56,3.855
RuOx_post,26.57,3.823
RuOx_post,26.58,3.832
RuOx_post,26.59,3.943
RuOx_post,26.6,3.951
RuOx_post,26.61,3.834
RuOx_post,26.62,3.91
RuOx_post,26.63,3.976
RuOx_post,26.64,3.941
RuOx_post,26.65,3.889
RuOx_post,26.66,3.946
RuOx_post,26.67,4.001
RuOx_post,26.68,3.909
RuOx_post,26.69,3.804
RuOx_post,26.7,3.826
RuOx_post,26.71,3.858
RuOx_post,26.72,3.853
RuOx_post,26.73,3.901
RuOx_post,26.74,3.902
RuOx_post,26.75,3.98
RuOx_post,26.76,4.031
RuOx_post,26.77,4.039
RuOx_post,26.78,3.924
RuOx_post,26.79,3.832
RuOx_post,26.8,3.876
RuOx_post,26.81,3.911
RuOx_post,26.82,3.836
RuOx_post,26.83,3.693
RuOx_post,26.84,3.698
RuOx_post,26.85,3.765
RuOx_post,26.86,3.819
RuOx_post,26.87,3.799
RuOx_post,26.88,3.868
RuOx_post,26.89,3.823
RuOx_post,26.9,3.913
RuOx_post,26.91,3.862
RuOx_post,26.92,3.916
RuOx_post,26.93,3.811
RuOx_post,26.94,3.822
RuOx_post,26.95,3.869
RuOx_post,26.96,3.912
RuOx_post,26.97,3.903
RuOx_post,26.98,3.792
RuOx_post,26.99,3.706
RuOx_post,27.0,3.726
RuOx_post,27.01,3.78
RuOx_post,27.02,3.797
RuOx_post,27.03,3.824
RuOx_post,27.04,3.971
RuOx_post,27.05,4.044
RuOx_post,27.06,3.995
RuOx_post,27.07,3.928
RuOx_post,27.08,3.988
RuOx_post,27.09,4.064
RuOx_post,27.1,4.005
RuOx_post,27.11,3.935
RuOx_post,27.12,3.936
RuOx_post,27.13,3.959
RuOx_post,27.14,3.978
RuOx_post,27.15,3.944
RuOx_post,27.16,3.961
RuOx_post,27.17,3.819
RuOx_post,27.18,3.733
RuOx_post,27.19,3.666
RuOx_post,27.2,3.848
RuOx_post,27.21,3.977
RuOx_post,27.22,3.941
RuOx_post,27.23,3.813
RuOx_post,27.24,3.87
RuOx_post,27.25,3.977
RuOx_post,27.26,3.917
RuOx_post,27.27,3.89
RuOx_post,27.28,3.915
RuOx_post,27.29,3.958
RuOx_post,27.3,3.842
RuOx_post,27.31,3.799
RuOx_post,27.32,3.777
RuOx_post,27.33,3.865
RuOx_post,27.34,3.982
RuOx_post,27.35,3.974
RuOx_post,27.36,3.975
RuOx_post,27.37,3.872
RuOx_post,27.38,3.882
RuOx_post,27.39,3.904
RuOx_post,27.4,3.956
RuOx_post,27.41,3.889
RuOx_post,27.42,3.739
RuOx_post,27.43,3.687
RuOx_post,27.44,3.697
RuOx_post,27.45,3.82
RuOx_post,27.46,3.866
RuOx_post,27.47,3.97
RuOx_post,27.48,3.924
RuOx_post,27.49,3.99
RuOx_post,27.5,3.959
RuOx_post,27.51,3.835
RuOx_post,27.52,3.746
RuOx_post,27.53,3.785
RuOx_post,27.54,3.849
RuOx_post,27.55,3.775
RuOx_post,27.56,3.748
RuOx_post,27.57,3.838
RuOx_post,27.58,3.889
RuOx_post,27.59,3.832
RuOx_post,27.6,3.82
RuOx_post,27.61,3.71
RuOx_post,27.62,3.617
RuOx_post,27.63,3.618
RuOx_post,27.64,3.781
RuOx_post,27.65,3.864
RuOx_post,27.66,3.854
RuOx_post,27.67,3.806
RuOx_post,27.68,3.752
RuOx_post,27.69,3.783
RuOx_post,27.7,3.894
RuOx_post,27.71,4.034
RuOx_post,27.72,4.005
RuOx_post,27.73,3.961
RuOx_post,27.74,3.902
RuOx_post,27.75,3.939
RuOx_post,27.76,3.912
RuOx_post,27.77,3.918
RuOx_post,27.78,4.052
RuOx_post,27.79,4.104
RuOx_post,27.8,4.138
RuOx_post,27.81,4.098
RuOx_post,27.82,4.185
RuOx_post,27.83,4.305
RuOx_post,27.84,4.353
RuOx_post,27.85,4.335
RuOx_post,27.86,4.255
RuOx_post,27.87,4.154
RuOx_post,27.88,4.16
RuOx_post,27.89,4.173
RuOx_post,27.9,4.169
RuOx_post,27.91,4.184
RuOx_post,27.92,4.122
RuOx_post,27.93,4.094
RuOx_post,27.94,3.964
RuOx_post,27.95,4.062
RuOx_post,27.96,4.059
RuOx_post,27.97,4.171
RuOx_post,27.98,4.101
RuOx_post,27.99,4.127
RuOx_post,28.0,4.246
RuOx_post,28.01,4.164
RuOx_post,28.02,3.984
RuOx_post,28.03,3.727
RuOx_post,28.04,3.784
RuOx_post,28.05,3.83
RuOx_post,28.06,3.9
RuOx_post,28.07,3.934
RuOx_post,28.08,3.999
RuOx_post,28.09,3.957
RuOx_post,28.1,3.929
RuOx_post,28.11,3.947
RuOx_post,28.12,3.954
RuOx_post,28.13,3.833
RuOx_post,28.14,3.735
RuOx_post,28.15,3.817
RuOx_post,28.16,3.855
RuOx_post,28.17,3.842
RuOx_post,28.18,3.72
RuOx_post,28.19,3.743
RuOx_post,28.2,3.751
RuOx_post,28.21,3.767
RuOx_post,28.22,3.739
RuOx_post,28.23,3.723
RuOx_post,28.24,3.635
RuOx_post,28.25,3.721
RuOx_post,28.26,3.82
RuOx_post,28.27,3.837
RuOx_post,28.28,3.721
RuOx_post,28.29,3.679
RuOx_post,28.3,3.699
RuOx_post,28.31,3.733
RuOx_post,28.32,3.824
RuOx_post,28.33,3.845
RuOx_post,28.34,3.785
RuOx_post,28.35,3.632
RuOx_post,28.36,3.504
RuOx_post,28.37,3.524
RuOx_post,28.38,3.505
RuOx_post,28.39,3.581
RuOx_post,28.4,3.61
RuOx_post,28.41,3.595
RuOx_post,28.42,3.641
RuOx_post,28.43,3.639
RuOx_post,28.44,3.724
RuOx_post,28.45,3.623
RuOx_post,28.46,3.717
RuOx_post,28.47,3.755
RuOx_post,28.48,3.836
RuOx_post,28.49,3.787
RuOx_post,28.5,3.793
RuOx_post,28.51,3.785
RuOx_post,28.52,3.718
RuOx_post,28.53,3.718
RuOx_post,28.54,3.692
RuOx_post,28.55,3.688
RuOx_post,28.56,3.652
RuOx_post,28.57,3.68
RuOx_post,28.58,3.707
RuOx_post,28.59,3.732
RuOx_post,28.6,3.626
RuOx_post,28.61,3.569
RuOx_post,28.62,3.515
RuOx_post,28.63,3.619
RuOx_post,28.64,3.7
RuOx_post,28.65,3.699
RuOx_post,28.66,3.732
RuOx_post,28.67,3.588
RuOx_post,28.68,3.617
RuOx_post,28.69,3.612
RuOx_post,28.7,3.704
RuOx_post,28.71,3.618
RuOx_post,28.72,3.691
RuOx_post,28.73,3.773
RuOx_post,28.74,3.898
RuOx_post,28.75,3.812
RuOx_post,28.76,3.749
RuOx_post,28.77,3.729
RuOx_post,28.78,3.707
RuOx_post,28.79,3.538
RuOx_post,28.8,3.517
RuOx_post,28.81,3.56
RuOx_post,28.82,3.59
RuOx_post,28.83,3.579
RuOx_post,28.84,3.653
RuOx_post,28.85,3.668
RuOx_post,28.86,3.571
RuOx_post,28.87,3.657
RuOx_post,28.88,3.697
RuOx_post,28.89,3.668
RuOx_post,28.9,3.469
RuOx_post,28.91,3.495
RuOx_post,28.92,3.548
RuOx_post,28.93,3.679
RuOx_post,28.94,3.766
RuOx_post,28.95,3.84
RuOx_post,28.96,3.67
RuOx_post,28.97,3.493
RuOx_post,28.98,3.404
RuOx_post,28.99,3.586
RuOx_post,29.0,3.675
RuOx_post,29.01,3.71
RuOx_post,29.02,3.678
RuOx_post,29.03,3.678
RuOx_post,29.04,3.584
RuOx_post,29.05,3.653
RuOx_post,29.06,3.677
RuOx_post,29.07,3.727
RuOx_post,29.08,3.732
RuOx_post,29.09,3.762
RuOx_post,29.1,3.731
RuOx_post,29.11,3.647
RuOx_post,29.12,3.656
RuOx_post,29.13,3.772
RuOx_post,29.14,3.811
RuOx_post,29.15,3.693
RuOx_post,29.16,3.603
RuOx_post,29.17,3.629
RuOx_post,29.18,3.68
RuOx_post,29.19,3.656
RuOx_post,29.2,3.676
RuOx_post,29.21,3.754
RuOx_post,29.22,3.715
RuOx_post,29.23,3.643
RuOx_post,29.24,3.468
RuOx_post,29.25,3.405
RuOx_post,29.26,3.402
RuOx_post,29.27,3.475
RuOx_post,29.28,3.529
RuOx_post,29.29,3.519
RuOx_post,29.3,3.57
RuOx_post,29.31,3.631
RuOx_post,29.32,3.655
RuOx_post,29.33,3.635
RuOx_post,29.34,3.663
RuOx_post,29.35,3.693
RuOx_post,29.36,3.661
RuOx_post,29.37,3.658
RuOx_post,29.38,3.724
RuOx_post,29.39,3.756
RuOx_post,29.4,3.741
RuOx_post,29.41,3.641
RuOx_post,29.42,3.572
RuOx_post,29.43,3.49
RuOx_post,29.44,3.434
RuOx_post,29.45,3.531
RuOx_post,29.46,3.592
RuOx_post,29.47,3.707
RuOx_post,29.48,3.658
RuOx_post,29.49,3.599
RuOx_post,29.5,3.483
RuOx_post,29.51,3.442
RuOx_post,29.52,3.444
RuOx_post,29.53,3.647
RuOx_post,29.54,3.697
RuOx_post,29.55,3.647
RuOx_post,29.56,3.513
RuOx_post,29.57,3.481
RuOx_post,29.58,3.638
RuOx_post,29.59,3.619
RuOx_post,29.6,3.647
RuOx_post,29.61,3.639
RuOx_post,29.62,3.708
RuOx_post,29.63,3.678
RuOx_post,29.64,3.549
RuOx_post,29.65,3.517
RuOx_post,29.66,3.531
RuOx_post,29.67,3.582
RuOx_post,29.68,3.638
RuOx_post,29.69,3.582
RuOx_post,29.7,3.506
RuOx_post,29.71,3.484
RuOx_post,29.72,3.502
RuOx_post,29.73,3.605
RuOx_post,29.74,3.643
RuOx_post,29.75,3.653
RuOx_post,29.76,3.667
RuOx_post,29.77,3.617
RuOx_post,29.78,3.537
RuOx_post,29.79,3.503
RuOx_post,29.8,3.451
RuOx_post,29.81,3.504
RuOx_post,29.82,3.538
RuOx_post,29.83,3.622
RuOx_post,29.84,3.709
RuOx_post,29.85,3.708
RuOx_post,29.86,3.701
RuOx_post,29.87,3.566
RuOx_post,29.88,3.517
RuOx_post,29.89,3.496
RuOx_post,29.9,3.624
RuOx_post,29.91,3.655
RuOx_post,29.92,3.72
RuOx_post,29.93,3.538
RuOx_post,29.94,3.414
RuOx_post,29.95,3.433
RuOx_post,29.96,3.484
RuOx_post,29.97,3.612
RuOx_post,29.98,3.67
RuOx_post,29.99,3.766
RuOx_post,30.0,3.685
RuOx_post,30.01,3.6
RuOx_post,30.02,3.588
RuOx_post,30.03,3.576
RuOx_post,30.04,3.588
RuOx_post,30.05,3.585
RuOx_post,30.06,3.606
RuOx_post,30.07,3.538
RuOx_post,30.08,3.519
RuOx_post,30.09,3.495
RuOx_post,30.1,3.483
RuOx_post,30.11,3.426
RuOx_post,30.12,3.381
RuOx_post,30.13,3.444
RuOx_post,30.14,3.566
RuOx_post,30.15,3.676
RuOx_post,30.16,3.707
RuOx_post,30.17,3.684
RuOx_post,30.18,3.576
RuOx_post,30.19,3.432
RuOx_post,30.2,3.366
RuOx_post,30.21,3.382
RuOx_post,30.22,3.411
RuOx_post,30.23,3.514
RuOx_post,30.24,3.532
RuOx_post,30.25,3.516
RuOx_post,30.26,3.405
RuOx_post,30.27,3.465
RuOx_post,30.28,3.43
RuOx_post,30.29,3.408
RuOx_post,30.3,3.424
RuOx_post,30.31,3.474
RuOx_post,30.32,3.581
RuOx_post,30.33,3.556
RuOx_post,30.34,3.478
RuOx_post,30.35,3.336
RuOx_post,30.36,3.295
RuOx_post,30.37,3.323
RuOx_post,30.38,3.449
RuOx_post,30.39,3.49
RuOx_post,30.4,3.469
RuOx_post,30.41,3.343
RuOx_post,30.42,3.331
RuOx_post,30.43,3.431
RuOx_post,30.44,3.451
RuOx_post,30.45,3.495
RuOx_post,30.46,3.441
RuOx_post,30.47,3.405
RuOx_post,30.48,3.412
RuOx_post,30.49,3.476
RuOx_post,30.5,3.557
RuOx_post,30.51,3.572
RuOx_post,30.52,3.676
RuOx_post,30.53,3.684
RuOx_post,30.54,3.661
RuOx_post,30.55,3.572
RuOx_post,30.56,3.516
RuOx_post,30.57,3.462
RuOx_post,30.58,3.511
RuOx_post,30.59,3.616
RuOx_post,30.6,3.672
RuOx_post,30.61,3.512
RuOx_post,30.62,3.503
RuOx_post,30.63,3.564
RuOx_post,30.64,3.598
RuOx_post,30.65,3.436
RuOx_post,30.66,3.495
RuOx_post,30.67,3.588
RuOx_post,30.68,3.737
RuOx_post,30.69,3.59
RuOx_post,30.7,3.472
RuOx_post,30.71,3.418
RuOx_post,30.72,3.491
RuOx_post,30.73,3.497
RuOx_post,30.74,3.464
RuOx_post,30.75,3.505
RuOx_post,30.76,3.526
RuOx_post,30.77,3.401
RuOx_post,30.78,3.264
RuOx_post,30.79,3.302
RuOx_post,30.8,3.429
RuOx_post,30.81,3.474
RuOx_post,30.82,3.487
RuOx_post,30.83,3.494
RuOx_post,30.84,3.433
RuOx_post,30.85,3.345
RuOx_post,30.86,3.352
RuOx_post,30.87,3.421
RuOx_post,30.88,3.462
RuOx_post,30.89,3.412
RuOx_post,30.9,3.396
RuOx_post,30.91,3.42
RuOx_post,30.92,3.413
RuOx_post,30.93,3.387
RuOx_post,30.94,3.395
RuOx_post,30.95,3.416
RuOx_post,30.96,3.399
RuOx_post,30.97,3.441
RuOx_post,30.98,3.518
RuOx_post,30.99,3.557
RuOx_post,31.0,3.527
RuOx_post,31.01,3.516
RuOx_post,31.02,3.605
RuOx_post,31.03,3.559
RuOx_post,31.04,3.531
RuOx_post,31.05,3.424
RuOx_post,31.06,3.426
RuOx_post,31.07,3.363
RuOx_post,31.08,3.363
RuOx_post,31.09,3.328
RuOx_post,31.1,3.44
RuOx_post,31.11,3.403
RuOx_post,31.12,3.467
RuOx_post,31.13,3.421
RuOx_post,31.14,3.473
RuOx_post,31.15,3.417
RuOx_post,31.16,3.375
RuOx_post,31.17,3.352
RuOx_post,31.18,3.323
RuOx_post,31.19,3.342
RuOx_post,31.2,3.415
RuOx_post,31.21,3.545
RuOx_post,31.22,3.566
RuOx_post,31.23,3.466
RuOx_post,31.24,3.301
RuOx_post,31.25,3.297
RuOx_post,31.26,3.371
RuOx_post,31.27,3.524
RuOx_post,31.28,3.57
RuOx_post,31.29,3.624
RuOx_post,31.3,3.561
RuOx_post,31.31,3.535
RuOx_post,31.32,3.469
RuOx_post,31.33,3.468
RuOx_post,31.34,3.394
RuOx_post,31.35,3.36
RuOx_post,31.36,3.354
RuOx_post,31.37,3.464
RuOx_post,31.38,3.642
RuOx_post,31.39,3.581
RuOx_post,31.4,3.52
RuOx_post,31.41,3.432
RuOx_post,31.42,3.437
RuOx_post,31.43,3.428
RuOx_post,31.44,3.454
RuOx_post,31.45,3.367
RuOx_post,31.46,3.341
RuOx_post,31.47,3.399
RuOx_post,31.48,3.523
RuOx_post,31.49,3.605
RuOx_post,31.5,3.548
RuOx_post,31.51,3.555
RuOx_post,31.52,3.575
RuOx_post,31.53,3.552
RuOx_post,31.54,3.391
RuOx_post,31.55,3.245
RuOx_post,31.56,3.363
RuOx_post,31.57,3.413
RuOx_post,31.58,3.524
RuOx_post,31.59,3.523
RuOx_post,31.6,3.576
RuOx_post,31.61,3.487
RuOx_post,31.62,3.412
RuOx_post,31.63,3.264
RuOx_post,31.64,3.258
RuOx_post,31.65,3.14
RuOx_post,31.66,3.156
RuOx_post,31.67,3.258
RuOx_post,31.68,3.376
RuOx_post,31.69,3.442
RuOx_post,31.7,3.432
RuOx_post,31.71,3.421
RuOx_post,31.72,3.37
RuOx_post,31.73,3.283
RuOx_post,31.74,3.274
RuOx_post,31.75,3.32
RuOx_post,31.76,3.336
RuOx_post,31.77,3.319
RuOx_post,31.78,3.263
RuOx_post,31.79,3.373
RuOx_post,31.8,3.486
RuOx_post,31.81,3.559
RuOx_post,31.82,3.436
RuOx_post,31.83,3.375
RuOx_post,31.84,3.353
RuOx_post,31.85,3.458
RuOx_post,31.86,3.503
RuOx_post,31.87,3.394
RuOx_post,31.88,3.279
RuOx_post,31.89,3.292
RuOx_post,31.9,3.323
RuOx_post,31.91,3.332
RuOx_post,31.92,3.305
RuOx_post,31.93,3.29
RuOx_post,31.94,3.253
RuOx_post,31.95,3.356
RuOx_post,31.96,3.448
RuOx_post,31.97,3.447
RuOx_post,31.98,3.432
RuOx_post,31.99,3.492
RuOx_post,32.0,3.445
RuOx_post,32.01,3.33
RuOx_post,32.02,3.227
RuOx_post,32.03,3.288
RuOx_post,32.04,3.324
RuOx_post,32.05,3.337
RuOx_post,32.06,3.333
RuOx_post,32.07,3.346
RuOx_post,32.08,3.426
RuOx_post,32.09,3.419
RuOx_post,32.1,3.355
RuOx_post,32.11,3.166
RuOx_post,32.12,3.084
RuOx_post,32.13,3.162
RuOx_post,32.14,3.348
RuOx_post,32.15,3.394
RuOx_post,32.16,3.361
RuOx_post,32.17,3.358
RuOx_post,32.18,3.438
RuOx_post,32.19,3.462
RuOx_post,32.2,3.422
RuOx_post,32.21,3.336
RuOx_post,32.22,3.344
RuOx_post,32.23,3.371
RuOx_post,32.24,3.39
RuOx_post,32.25,3.29
RuOx_post,32.26,3.327
RuOx_post,32.27,3.379
RuOx_post,32.28,3.398
RuOx_post,32.29,3.336
RuOx_post,32.3,3.408
RuOx_post,32.31,3.473
RuOx_post,32.32,3.444
RuOx_post,32.33,3.239
RuOx_post,32.34,3.181
RuOx_post,32.35,3.196
RuOx_post,32.36,3.278
RuOx_post,32.37,3.261
RuOx_post,32.38,3.289
RuOx_post,32.39,3.16
RuOx_post,32.4,3.174
RuOx_post,32.41,3.235
RuOx_post,32.42,3.253
RuOx_post,32.43,3.204
RuOx_post,32.44,3.211
RuOx_post,32.45,3.358
RuOx_post,32.46,3.507
RuOx_post,32.47,3.44
RuOx_post,32.48,3.336
RuOx_post,32.49,3.322
RuOx_post,32.5,3.513
RuOx_post,32.51,3.559
RuOx_post,32.52,3.496
RuOx_post,32.53,3.459
RuOx_post,32.54,3.48
RuOx_post,32.55,3.439
RuOx_post,32.56,3.502
RuOx_post,32.57,3.501
RuOx_post,32.58,3.528
RuOx_post,32.59,3.444
RuOx_post,32.6,3.433
RuOx_post,32.61,3.318
RuOx_post,32.62,3.349
RuOx_post,32.63,3.318
RuOx_post,32.64,3.473
RuOx_post,32.65,3.446
RuOx_post,32.66,3.342
RuOx_post,32.67,3.214
RuOx_post,32.68,3.259
RuOx_post,32.69,3.361
RuOx_post,32.7,3.369
RuOx_post,32.71,3.361
RuOx_post,32.72,3.374
RuOx_post,32.73,3.375
RuOx_post,32.74,3.391
RuOx_post,32.75,3.327
RuOx_post,32.76,3.392
RuOx_post,32.77,3.417
RuOx_post,32.78,3.483
RuOx_post,32.79,3.463
RuOx_post,32.8,3.43
RuOx_post,32.81,3.325
RuOx_post,32.82,3.313
RuOx_post,32.83,3.293
RuOx_post,32.84,3.307
RuOx_post,32.85,3.264
RuOx_post,32.86,3.283
RuOx_post,32.87,3.253
RuOx_post,32.88,3.188
RuOx_post,32.89,3.256
RuOx_post,32.9,3.471
RuOx_post,32.91,3.515
RuOx_post,32.92,3.38
RuOx_post,32.93,3.265
RuOx_post,32.94,3.368
RuOx_post,32.95,3.314
RuOx_post,32.96,3.281
RuOx_post,32.97,3.235
RuOx_post,32.98,3.352
RuOx_post,32.99,3.458
RuOx_post,33.0,3.415
RuOx_post,33.01,3.289
RuOx_post,33.02,3.146
RuOx_post,33.03,3.198
RuOx_post,33.04,3.217
RuOx_post,33.05,3.271
RuOx_post,33.06,3.262
RuOx_post,33.07,3.276
RuOx_post,33.08,3.265
RuOx_post,33.09,3.306
RuOx_post,33.1,3.286
RuOx_post,33.11,3.322
RuOx_post,33.12,3.339
RuOx_post,33.13,3.404
RuOx_post,33.14,3.383
RuOx_post,33.15,3.394
RuOx_post,33.16,3.34
RuOx_post,33.17,3.236
RuOx_post,33.18,3.078
RuOx_post,33.19,3.093
RuOx_post,33.2,3.108
RuOx_post,33.21,3.246
RuOx_post,33.22,3.274
RuOx_post,33.23,3.37
RuOx_post,33.24,3.356
RuOx_post,33.25,3.401
RuOx_post,33.26,3.336
RuOx_post,33.27,3.287
RuOx_post,33.28,3.236
RuOx_post,33.29,3.292
RuOx_post,33.3,3.307
RuOx_post,33.31,3.31
RuOx_post,33.32,3.329
RuOx_post,33.33,3.458
RuOx_post,33.34,3.404
RuOx_post,33.35,3.284
RuOx_post,33.36,3.273
RuOx_post,33.37,3.383
RuOx_post,33.38,3.415
RuOx_post,33.39,3.443
RuOx_post,33.4,3.381
RuOx_post,33.41,3.328
RuOx_post,33.42,3.257
RuOx_post,33.43,3.377
RuOx_post,33.44,3.381
RuOx_post,33.45,3.308
RuOx_post,33.46,3.288
RuOx_post,33.47,3.262
RuOx_post,33.48,3.292
RuOx_post,33.49,3.229
RuOx_post,33.5,3.206
RuOx_post,33.51,3.238
RuOx_post,33.52,3.368
RuOx_post,33.53,3.408
RuOx_post,33.54,3.413
RuOx_post,33.55,3.319
RuOx_post,33.56,3.2
RuOx_post,33.57,3.101
RuOx_post,33.58,3.129
RuOx_post,33.59,3.263
RuOx_post,33.6,3.371
RuOx_post,33.61,3.399
RuOx_post,33.62,3.367
RuOx_post,33.63,3.291
RuOx_post,33.64,3.29
RuOx_post,33.65,3.428
RuOx_post,33.66,3.473
RuOx_post,33.67,3.47
RuOx_post,33.68,3.409
RuOx_post,33.69,3.476
RuOx_post,33.7,3.514
RuOx_post,33.71,3.464
RuOx_post,33.72,3.406
RuOx_post,33.73,3.327
RuOx_post,33.74,3.373
RuOx_post,33.75,3.345
RuOx_post,33.76,3.356
RuOx_post,33.77,3.208
RuOx_post,33.78,3.193
RuOx_post,33.79,3.245
RuOx_post,33.8,3.269
RuOx_post,33.81,3.332
RuOx_post,33.82,3.359
RuOx_post,33.83,3.385
RuOx_post,33.84,3.3
RuOx_post,33.85,3.275
RuOx_post,33.86,3.284
RuOx_post,33.87,3.359
RuOx_post,33.88,3.362
RuOx_post,33.89,3.34
RuOx_post,33.9,3.262
RuOx_post,33.91,3.299
RuOx_post,33.92,3.381
RuOx_post,33.93,3.393
RuOx_post,33.94,3.411
RuOx_post,33.95,3.445
RuOx_post,33.96,3.492
RuOx_post,33.97,3.386
RuOx_post,33.98,3.294
RuOx_post,33.99,3.224
RuOx_post,34.0,3.332
RuOx_post,34.01,3.335
RuOx_post,34.02,3.415
RuOx_post,34.03,3.287
RuOx_post,34.04,3.328
RuOx_post,34.05,3.354
RuOx_post,34.06,3.428
RuOx_post,34.07,3.361
RuOx_post,34.08,3.456
RuOx_post,34.09,3.545
RuOx_post,34.1,3.659
RuOx_post,34.11,3.663
RuOx_post,34.12,3.545
RuOx_post,34.13,3.469
RuOx_post,34.14,3.46
RuOx_post,34.15,3.556
RuOx_post,34.16,3.589
RuOx_post,34.17,3.583
RuOx_post,34.18,3.526
RuOx_post,34.19,3.494
RuOx_post,34.2,3.477
RuOx_post,34.21,3.518
RuOx_post,34.22,3.462
RuOx_post,34.23,3.45
RuOx_post,34.24,3.48
RuOx_post,34.25,3.57
RuOx_post,34.26,3.592
RuOx_post,34.27,3.604
RuOx_post,34.28,3.611
RuOx_post,34.29,3.675
RuOx_post,34.3,3.677
RuOx_post,34.31,3.598
RuOx_post,34.32,3.612
RuOx_post,34.33,3.623
RuOx_post,34.34,3.646
RuOx_post,34.35,3.577
RuOx_post,34.36,3.572
RuOx_post,34.37,3.692
RuOx_post,34.38,3.769
RuOx_post,34.39,3.788
RuOx_post,34.4,3.646
RuOx_post,34.41,3.583
RuOx_post,34.42,3.51
RuOx_post,34.43,3.462
RuOx_post,34.44,3.593
RuOx_post,34.45,3.645
RuOx_post,34.46,3.698
RuOx_post,34.47,3.699
RuOx_post,34.48,3.762
RuOx_post,34.49,3.761
RuOx_post,34.5,3.68
RuOx_post,34.51,3.655
RuOx_post,34.52,3.639
RuOx_post,34.53,3.593
RuOx_post,34.54,3.628
RuOx_post,34.55,3.655
RuOx_post,34.56,3.682
RuOx_post,34.57,3.763
RuOx_post,34.58,3.91
RuOx_post,34.59,4.042
RuOx_post,34.6,4.007
RuOx_post,34.61,3.853
RuOx_post,34.62,3.827
RuOx_post,34.63,3.834
RuOx_post,34.64,3.888
RuOx_post,34.65,3.873
RuOx_post,34.66,3.946
RuOx_post,34.67,3.947
RuOx_post,34.68,4.043
RuOx_post,34.69,4.155
RuOx_post,34.7,4.352
RuOx_post,34.71,4.367
RuOx_post,34.72,4.354
RuOx_post,34.73,4.361
RuOx_post,34.74,4.478
RuOx_post,34.75,4.691
RuOx_post,34.76,5.002
RuOx_post,34.77,5.308
RuOx_post,34.78,5.485
RuOx_post,34.79,5.612
RuOx_post,34.8,5.796
RuOx_post,34.81,5.951
RuOx_post,34.82,6.319
RuOx_post,34.83,6.829
RuOx_post,34.84,7.501
RuOx_post,34.85,8.272
RuOx_post,34.86,9.215
RuOx_post,34.87,10.444
RuOx_post,34.88,11.559
RuOx_post,34.89,13.275
RuOx_post,34.9,15.627
RuOx_post,34.91,18.111
RuOx_post,34.92,21.102
RuOx_post,34.93,24.928
RuOx_post,34.94,28.952
RuOx_post,34.95,32.807
RuOx_post,34.96,35.994
RuOx_post,34.97,38.773
RuOx_post,34.98,41.133
RuOx_post,34.99,42.552
RuOx_post,35.0,42.545
RuOx_post,35.01,41.961
RuOx_post,35.02,40.814
RuOx_post,35.03,38.989
RuOx_post,35.04,36.771
RuOx_post,35.05,34.791
RuOx_post,35.06,32.733
RuOx_post,35.07,30.425
RuOx_post,35.08,28.232
RuOx_post,35.09,25.942
RuOx_post,35.1,23.529
RuOx_post,35.11,21.232
RuOx_post,35.12,19.037
RuOx_post,35.13,16.773
RuOx_post,35.14,14.546
RuOx_post,35.15,12.404
RuOx_post,35.16,10.85
RuOx_post,35.17,9.344
RuOx_post,35.18,7.938
RuOx_post,35.19,6.976
RuOx_post,35.2,6.464
RuOx_post,35.21,6.116
RuOx_post,35.22,5.8
RuOx_post,35.23,5.353
RuOx_post,35.24,5.029
RuOx_post,35.25,4.801
RuOx_post,35.26,4.621
RuOx_post,35.27,4.412
RuOx_post,35.28,4.266
RuOx_post,35.29,4.197
RuOx_post,35.3,4.114
RuOx_post,35.31,4.038
RuOx_post,35.32,4.009
RuOx_post,35.33,4.011
RuOx_post,35.34,3.985
RuOx_post,35.35,3.898
RuOx_post,35.36,3.969
RuOx_post,35.37,3.908
RuOx_post,35.38,3.772
RuOx_post,35.39,3.635
RuOx_post,35.4,3.663
RuOx_post,35.41,3.794
RuOx_post,35.42,3.755
RuOx_post,35.43,3.646
RuOx_post,35.44,3.686
RuOx_post,35.45,3.69
RuOx_post,35.46,3.58
RuOx_post,35.47,3.381
RuOx_post,35.48,3.405
RuOx_post,35.49,3.528
RuOx_post,35.5,3.546
RuOx_post,35.51,3.479
RuOx_post,35.52,3.362
RuOx_post,35.53,3.31
RuOx_post,35.54,3.384
RuOx_post,35.55,3.477
RuOx_post,35.56,3.58
RuOx_post,35.57,3.535
RuOx_post,35.58,3.566
RuOx_post,35.59,3.524
RuOx_post,35.6,3.498
RuOx_post,35.61,3.443
RuOx_post,35.62,3.396
RuOx_post,35.63,3.334
RuOx_post,35.64,3.319
RuOx_post,35.65,3.25
RuOx_post,35.66,3.256
RuOx_post,35.67,3.223
RuOx_post,35.68,3.249
RuOx_post,35.69,3.301
RuOx_post,35.7,3.286
RuOx_post,35.71,3.304
RuOx_post,35.72,3.256
RuOx_post,35.73,3.274
RuOx_post,35.74,3.311
RuOx_post,35.75,3.46
RuOx_post,35.76,3.451
RuOx_post,35.77,3.369
RuOx_post,35.78,3.225
RuOx_post,35.79,3.25
RuOx_post,35.8,3.225
RuOx_post,35.81,3.255
RuOx_post,35.82,3.278
RuOx_post,35.83,3.276
RuOx_post,35.84,3.219
RuOx_post,35.85,3.167
RuOx_post,35.86,3.167
RuOx_post,35.87,3.217
RuOx_post,35.88,3.199
RuOx_post,35.89,3.212
RuOx_post,35.9,3.244
RuOx_post,35.91,3.319
RuOx_post,35.92,3.341
RuOx_post,35.93,3.274
RuOx_post,35.94,3.297
RuOx_post,35.95,3.277
RuOx_post,35.96,3.287
RuOx_post,35.97,3.21
RuOx_post,35.98,3.245
RuOx_post,35.99,3.186
RuOx_post,36.0,3.134
RuOx_post,36.01,3.109
RuOx_post,36.02,3.138
RuOx_post,36.03,3.2
RuOx_post,36.04,3.152
RuOx_post,36.05,3.185
RuOx_post,36.06,3.204
RuOx_post,36.07,3.257
RuOx_post,36.08,3.226
RuOx_post,36.09,3.312
RuOx_post,36.1,3.352
RuOx_post,36.11,3.324
RuOx_post,36.12,3.203
RuOx_post,36.13,3.329
RuOx_post,36.14,3.386
RuOx_post,36.15,3.371
RuOx_post,36.16,3.106
RuOx_post,36.17,3.049
RuOx_post,36.18,3.087
RuOx_post,36.19,3.198
RuOx_post,36.2,3.194
RuOx_post,36.21,3.204
RuOx_post,36.22,3.233
RuOx_post,36.23,3.279
RuOx_post,36.24,3.354
RuOx_post,36.25,3.307
RuOx_post,36.26,3.252
RuOx_post,36.27,3.194
RuOx_post,36.28,3.169
RuOx_post,36.29,3.182
RuOx_post,36.3,3.292
RuOx_post,36.31,3.364
RuOx_post,36.32,3.334
RuOx_post,36.33,3.164
RuOx_post,36.34,3.05
RuOx_post,36.35,3.043
RuOx_post,36.36,3.079
RuOx_post,36.37,3.095
RuOx_post,36.38,3.151
RuOx_post,36.39,3.101
RuOx_post,36.4,3.024
RuOx_post,36.41,2.985
RuOx_post,36.42,3.059
RuOx_post,36.43,3.11
RuOx_post,36.44,3.069
RuOx_post,36.45,3.048
RuOx_post,36.46,3.056
RuOx_post,36.47,3.067
RuOx_post,36.48,3.055
RuOx_post,36.49,3.028
RuOx_post,36.5,3.058
RuOx_post,36.51,3.146
RuOx_post,36.52,3.123
RuOx_post,36.53,3.161
RuOx_post,36.54,3.155
RuOx_post,36.55,3.27
RuOx_post,36.56,3.216
RuOx_post,36.57,3.177
RuOx_post,36.58,3.089
RuOx_post,36.59,3.15
RuOx_post,36.6,3.207
RuOx_post,36.61,3.23
RuOx_post,36.62,3.257
RuOx_post,36.63,3.268
RuOx_post,36.64,3.195
RuOx_post,36.65,3.091
RuOx_post,36.66,3.084
RuOx_post,36.67,3.084
RuOx_post,36.68,3.137
RuOx_post,36.69,3.163
RuOx_post,36.7,3.201
RuOx_post,36.71,3.219
RuOx_post,36.72,3.293
RuOx_post,36.73,3.257
RuOx_post,36.74,3.249
RuOx_post,36.75,3.247
RuOx_post,36.76,3.302
RuOx_post,36.77,3.401
RuOx_post,36.78,3.431
RuOx_post,36.79,3.435
RuOx_post,36.8,3.392
RuOx_post,36.81,3.311
RuOx_post,36.82,3.28
RuOx_post,36.83,3.214
RuOx_post,36.84,3.212
RuOx_post,36.85,3.236
RuOx_post,36.86,3.256
RuOx_post,36.87,3.258
RuOx_post,36.88,3.325
RuOx_post,36.89,3.332
RuOx_post,36.9,3.326
RuOx_post,36.91,3.227
RuOx_post,36.92,3.125
RuOx_post,36.93,3.119
RuOx_post,36.94,3.17
RuOx_post,36.95,3.305
RuOx_post,36.96,3.229
RuOx_post,36.97,3.321
RuOx_post,36.98,3.303
RuOx_post,36.99,3.386
RuOx_post,37.0,3.309
RuOx_post,37.01,3.32
RuOx_post,37.02,3.297
RuOx_post,37.03,3.338
RuOx_post,37.04,3.422
RuOx_post,37.05,3.438
RuOx_post,37.06,3.382
RuOx_post,37.07,3.263
RuOx_post,37.08,3.242
RuOx_post,37.09,3.329
RuOx_post,37.1,3.356
RuOx_post,37.11,3.262
RuOx_post,37.12,3.17
RuOx_post,37.13,3.199
RuOx_post,37.14,3.278
RuOx_post,37.15,3.289
RuOx_post,37.16,3.229
RuOx_post,37.17,3.26
RuOx_post,37.18,3.337
RuOx_post,37.19,3.375
RuOx_post,37.2,3.335
RuOx_post,37.21,3.379
RuOx_post,37.22,3.428
RuOx_post,37.23,3.398
RuOx_post,37.24,3.307
RuOx_post,37.25,3.375
RuOx_post,37.26,3.453
RuOx_post,37.27,3.445
RuOx_post,37.28,3.425
RuOx_post,37.29,3.447
RuOx_post,37.3,3.479
RuOx_post,37.31,3.537
RuOx_post,37.32,3.547
RuOx_post,37.33,3.636
RuOx_post,37.34,3.543
RuOx_post,37.35,3.587
RuOx_post,37.36,3.602
RuOx_post,37.37,3.626
RuOx_post,37.38,3.486
RuOx_post,37.39,3.389
RuOx_post,37.4,3.433
RuOx_post,37.41,3.524
RuOx_post,37.42,3.585
RuOx_post,37.43,3.545
RuOx_post,37.44,3.521
RuOx_post,37.45,3.618
RuOx_post,37.46,3.748
RuOx_post,37.47,3.717
RuOx_post,37.48,3.626
RuOx_post,37.49,3.547
RuOx_post,37.5,3.498
RuOx_post,37.51,3.467
RuOx_post,37.52,3.439
RuOx_post,37.53,3.677
RuOx_post,37.54,3.879
RuOx_post,37.55,3.949
RuOx_post,37.56,3.946
RuOx_post,37.57,3.927
RuOx_post,37.58,3.88
RuOx_post,37.59,3.825
RuOx_post,37.6,3.854
RuOx_post,37.61,3.976
RuOx_post,37.62,3.939
RuOx_post,37.63,3.957
RuOx_post,37.64,3.917
RuOx_post,37.65,3.922
RuOx_post,37.66,3.807
RuOx_post,37.67,3.813
RuOx_post,37.68,3.845
RuOx_post,37.69,3.9
RuOx_post,37.7,4.072
RuOx_post,37.71,4.166
RuOx_post,37.72,4.256
RuOx_post,37.73,4.148
RuOx_post,37.74,4.104
RuOx_post,37.75,4.088
RuOx_post,37.76,4.296
RuOx_post,37.77,4.374
RuOx_post,37.78,4.405
RuOx_post,37.79,4.356
RuOx_post,37.8,4.361
RuOx_post,37.81,4.296
RuOx_post,37.82,4.236
RuOx_post,37.83,4.328
RuOx_post,37.84,4.41
RuOx_post,37.85,4.382
RuOx_post,37.86,4.203
RuOx_post,37.87,4.227
RuOx_post,37.88,4.312
RuOx_post,37.89,4.546
RuOx_post,37.9,4.559
RuOx_post,37.91,4.518
RuOx_post,37.92,4.483
RuOx_post,37.93,4.471
RuOx_post,37.94,4.47
RuOx_post,37.95,4.412
RuOx_post,37.96,4.439
RuOx_post,37.97,4.489
RuOx_post,37.98,4.654
RuOx_post,37.99,4.706
RuOx_post,38.0,4.918
RuOx_post,38.01,4.853
RuOx_post,38.02,4.87
RuOx_post,38.03,4.787
RuOx_post,38.04,4.918
RuOx_post,38.05,5.019
RuOx_post,38.06,5.171
RuOx_post,38.07,5.169
RuOx_post,38.08,5.206
RuOx_post,38.09,5.147
RuOx_post,38.1,5.073
RuOx_post,38.11,5.018
RuOx_post,38.12,5.107
RuOx_post,38.13,5.25
RuOx_post,38.14,5.302
RuOx_post,38.15,5.461
RuOx_post,38.16,5.526
RuOx_post,38.17,5.636
RuOx_post,38.18,5.611
RuOx_post,38.19,5.724
RuOx_post,38.2,5.804
RuOx_post,38.21,5.817
RuOx_post,38.22,5.778
RuOx_post,38.23,5.855
RuOx_post,38.24,5.84
RuOx_post,38.25,5.989
RuOx_post,38.26,6.069
RuOx_post,38.27,6.158
RuOx_post,38.28,6.152
RuOx_post,38.29,6.33
RuOx_post,38.3,6.454
RuOx_post,38.31,6.62
RuOx_post,38.32,6.546
RuOx_post,38.33,6.635
RuOx_post,38.34,6.663
RuOx_post,38.35,6.685
RuOx_post,38.36,6.777
RuOx_post,38.37,6.984
RuOx_post,38.38,7.041
RuOx_post,38.39,7.02
RuOx_post,38.4,6.964
RuOx_post,38.41,7.083
RuOx_post,38.42,7.161
RuOx_post,38.43,7.306
RuOx_post,38.44,7.454
RuOx_post,38.45,7.648
RuOx_post,38.46,7.584
RuOx_post,38.47,7.589
RuOx_post,38.48,7.72
RuOx_post,38.49,7.927
RuOx_post,38.5,8.171
RuOx_post,38.51,8.396
RuOx_post,38.52,8.494
RuOx_post,38.53,8.62
RuOx_post,38.54,8.556
RuOx_post,38.55,8.596
RuOx_post,38.56,8.653
RuOx_post,38.57,8.869
RuOx_post,38.58,9.098
RuOx_post,38.59,9.437
RuOx_post,38.6,9.758
RuOx_post,38.61,10.128
RuOx_post,38.62,10.215
RuOx_post,38.63,10.182
RuOx_post,38.64,10.31
RuOx_post,38.65,10.483
RuOx_post,38.66,10.42
RuOx_post,38.67,10.426
RuOx_post,38.68,10.696
RuOx_post,38.69,11.117
RuOx_post,38.7,11.39
RuOx_post,38.71,11.455
RuOx_post,38.72,11.656
RuOx_post,38.73,11.856
RuOx_post,38.74,12.037
RuOx_post,38.75,12.302
RuOx_post,38.76,12.671
RuOx_post,38.77,12.89
RuOx_post,38.78,13.193
RuOx_post,38.79,13.513
RuOx_post,38.8,13.962
RuOx_post,38.81,14.574
RuOx_post,38.82,14.807
RuOx_post,38.83,15.108
RuOx_post,38.84,15.421
RuOx_post,38.85,15.805
RuOx_post,38.86,16.33
RuOx_post,38.87,16.738
RuOx_post,38.88,17.139
RuOx_post,38.89,17.871
RuOx_post,38.9,18.422
RuOx_post,38.91,18.744
RuOx_post,38.92,19.287
RuOx_post,38.93,19.848
RuOx_post,38.94,20.698
RuOx_post,38.95,21.414
RuOx_post,38.96,21.733
RuOx_post,38.97,22.551
RuOx_post,38.98,23.368
RuOx_post,38.99,23.843
RuOx_post,39.0,24.686
RuOx_post,39.01,25.535
RuOx_post,39.02,26.518
RuOx_post,39.03,27.881
RuOx_post,39.04,28.728
RuOx_post,39.05,29.818
RuOx_post,39.06,31.442
RuOx_post,39.07,32.511
RuOx_post,39.08,34.179
RuOx_post,39.09,35.819
RuOx_post,39.1,37.128
RuOx_post,39.11,39.155
RuOx_post,39.12,40.409
RuOx_post,39.13,41.655
RuOx_post,39.14,44.704
RuOx_post,39.15,46.885
RuOx_post,39.16,49.215
RuOx_post,39.17,52.213
RuOx_post,39.18,54.4
RuOx_post,39.19,58.128
RuOx_post,39.2,62.273
RuOx_post,39.21,64.791
RuOx_post,39.22,69.979
RuOx_post,39.23,74.278
RuOx_post,39.24,77.759
RuOx_post,39.25,84.425
RuOx_post,39.26,88.51
RuOx_post,39.27,93.272
RuOx_post,39.28,100.66
RuOx_post,39.29,105.058
RuOx_post,39.3,112.679
RuOx_post,39.31,120.763
RuOx_post,39.32,125.906
RuOx_post,39.33,135.864
RuOx_post,39.34,143.278
RuOx_post,39.35,149.093
RuOx_post,39.36,160.824
RuOx_post,39.37,167.678
RuOx_post,39.38,175.297
RuOx_post,39.39,186.607
RuOx_post,39.4,192.896
RuOx_post,39.41,202.11
RuOx_post,39.42,211.744
RuOx_post,39.43,217.206
RuOx_post,39.44,227.223
RuOx_post,39.45,235.967
RuOx_post,39.46,242.38
RuOx_post,39.47,252.649
RuOx_post,39.48,257.319
RuOx_post,39.49,262.174
RuOx_post,39.5,269.21
RuOx_post,39.51,273.543
RuOx_post,39.52,278.576
RuOx_post,39.53,282.995
RuOx_post,39.54,284.57
RuOx_post,39.55,287.015
RuOx_post,39.56,289.532
RuOx_post,39.57,290.909
RuOx_post,39.58,292.135
RuOx_post,39.59,292.436
RuOx_post,39.6,291.784
RuOx_post,39.61,289.674
RuOx_post,39.62,287.881
RuOx_post,39.63,285.037
RuOx_post,39.64,281.197
RuOx_post,39.65,278.606
RuOx_post,39.66,273.36
RuOx_post,39.67,268.39
RuOx_post,39.68,264.791
RuOx_post,39.69,257.763
RuOx_post,39.7,254.505
RuOx_post,39.71,250.228
RuOx_post,39.72,243.14
RuOx_post,39.73,238.483
RuOx_post,39.74,231.546
RuOx_post,39.75,224.781
RuOx_post,39.76,221.156
RuOx_post,39.77,214.125
RuOx_post,39.78,208.388
RuOx_post,39.79,205.146
RuOx_post,39.8,197.187
RuOx_post,39.81,192.73
RuOx_post,39.82,188.469
RuOx_post,39.83,183.098
RuOx_post,39.84,181.121
RuOx_post,39.85,176.807
RuOx_post,39.86,172.024
RuOx_post,39.87,169.853
RuOx_post,39.88,166.162
RuOx_post,39.89,164.678
RuOx_post,39.9,163.649
RuOx_post,39.91,161.625
RuOx_post,39.92,161.573
RuOx_post,39.93,161.172
RuOx_post,39.94,160.697
RuOx_post,39.95,160.789
RuOx_post,39.96,160.584
RuOx_post,39.97,162.131
RuOx_post,39.98,163.126
RuOx_post,39.99,164.123
RuOx_post,40.0,165.699
RuOx_post,40.01,166.369
RuOx_post,40.02,166.598
RuOx_post,40.03,166.676
RuOx_post,40.04,166.827
RuOx_post,40.05,167.073
RuOx_post,40.06,166.576
RuOx_post,40.07,164.42
RuOx_post,40.08,162.331
RuOx_post,40.09,161.114
RuOx_post,40.1,158.123
RuOx_post,40.11,154.851
RuOx_post,40.12,152.069
RuOx_post,40.13,146.383
RuOx_post,40.14,142.111
RuOx_post,40.15,137.99
RuOx_post,40.16,131.811
RuOx_post,40.17,128.182
RuOx_post,40.18,123.101
RuOx_post,40.19,116.017
RuOx_post,40.2,111.9
RuOx_post,40.21,105.522
RuOx_post,40.22,100.074
RuOx_post,40.23,96.216
RuOx_post,40.24,89.612
RuOx_post,40.25,85.142
RuOx_post,40.26,81.248
RuOx_post,40.27,75.457
RuOx_post,40.28,72.245
RuOx_post,40.29,67.983
RuOx_post,40.3,63.615
RuOx_post,40.31,61.185
RuOx_post,40.32,57.267
RuOx_post,40.33,54.278
RuOx_post,40.34,52.428
RuOx_post,40.35,48.993
RuOx_post,40.36,46.889
RuOx_post,40.37,45.122
RuOx_post,40.38,42.775
RuOx_post,40.39,41.54
RuOx_post,40.4,39.697
RuOx_post,40.41,37.749
RuOx_post,40.42,36.706
RuOx_post,40.43,35.133
RuOx_post,40.44,33.845
RuOx_post,40.45,32.818
RuOx_post,40.46,31.665
RuOx_post,40.47,30.91
RuOx_post,40.48,30.267
RuOx_post,40.49,29.104
RuOx_post,40.5,28.256
RuOx_post,40.51,27.249
RuOx_post,40.52,26.55
RuOx_post,40.53,26.052
RuOx_post,40.54,25.215
RuOx_post,40.55,24.455
RuOx_post,40.56,23.881
RuOx_post,40.57,22.726
RuOx_post,40.58,22.07
RuOx_post,40.59,21.54
RuOx_post,40.6,21.047
RuOx_post,40.61,20.829
RuOx_post,40.62,20.194
RuOx_post,40.63,19.458
RuOx_post,40.64,19.069
RuOx_post,40.65,18.905
RuOx_post,40.66,18.663
RuOx_post,40.67,18.225
RuOx_post,40.68,17.378
RuOx_post,40.69,16.955
RuOx_post,40.7,16.653
RuOx_post,40.71,16.388
RuOx_post,40.72,16.115
RuOx_post,40.73,15.754
RuOx_post,40.74,15.202
RuOx_post,40.75,15.019
RuOx_post,40.76,14.803
RuOx_post,40.77,14.459
RuOx_post,40.78,14.085
RuOx_post,40.79,13.603
RuOx_post,40.8,13.467
RuOx_post,40.81,13.279
RuOx_post,40.82,13.025
RuOx_post,40.83,12.863
RuOx_post,40.84,12.507
RuOx_post,40.85,12.09
RuOx_post,40.86,11.894
RuOx_post,40.87,11.781
RuOx_post,40.88,11.677
RuOx_post,40.89,11.505
RuOx_post,40.9,11.32
RuOx_post,40.91,11.081
RuOx_post,40.92,10.963
RuOx_post,40.93,10.674
RuOx_post,40.94,10.529
RuOx_post,40.95,10.549
RuOx_post,40.96,10.447
RuOx_post,40.97,10.428
RuOx_post,40.98,9.917
RuOx_post,40.99,9.609
RuOx_post,41.0,9.452
RuOx_post,41.01,9.539
RuOx_post,41.02,9.437
RuOx_post,41.03,9.378
RuOx_post,41.04,9.337
RuOx_post,41.05,9.227
RuOx_post,41.06,8.969
RuOx_post,41.07,8.705
RuOx_post,41.08,8.67
RuOx_post,41.09,8.494
RuOx_post,41.1,8.281
RuOx_post,41.11,8.096
RuOx_post,41.12,8.035
RuOx_post,41.13,7.93
RuOx_post,41.14,7.927
RuOx_post,41.15,7.792
RuOx_post,41.16,7.755
RuOx_post,41.17,7.619
RuOx_post,41.18,7.355
RuOx_post,41.19,7.094
RuOx_post,41.2,7.056
RuOx_post,41.21,7.061
RuOx_post,41.22,7.051
RuOx_post,41.23,6.932
RuOx_post,41.24,6.855
RuOx_post,41.25,6.735
RuOx_post,41.26,6.682
RuOx_post,41.27,6.746
RuOx_post,41.28,6.754
RuOx_post,41.29,6.692
RuOx_post,41.3,6.573
RuOx_post,41.31,6.352
RuOx_post,41.32,6.128
RuOx_post,41.33,6.003
RuOx_post,41.34,6.072
RuOx_post,41.35,6.06
RuOx_post,41.36,6.007
RuOx_post,41.37,5.942
RuOx_post,41.38,5.94
RuOx_post,41.39,5.931
RuOx_post,41.4,5.867
RuOx_post,41.41,5.813
RuOx_post,41.42,5.724
RuOx_post,41.43,5.551
RuOx_post,41.44,5.512
RuOx_post,41.45,5.428
RuOx_post,41.46,5.375
RuOx_post,41.47,5.333
RuOx_post,41.48,5.257
RuOx_post,41.49,5.153
RuOx_post,41.5,5.013
RuOx_post,41.51,5.014
RuOx_post,41.52,4.994
RuOx_post,41.53,4.965
RuOx_post,41.54,4.957
RuOx_post,41.55,5.074
RuOx_post,41.56,5.21
RuOx_post,41.57,5.22
RuOx_post,41.58,5.115
RuOx_post,41.59,4.974
RuOx_post,41.6,4.862
RuOx_post,41.61,4.791
RuOx_post,41.62,4.78
RuOx_post,41.63,4.685
RuOx_post,41.64,4.625
RuOx_post,41.65,4.488
RuOx_post,41.66,4.439
RuOx_post,41.67,4.504
RuOx_post,41.68,4.518
RuOx_post,41.69,4.473
RuOx_post,41.7,4.321
RuOx_post,41.71,4.222
RuOx_post,41.72,4.175
RuOx_post,41.73,4.169
RuOx_post,41.74,4.141
RuOx_post,41.75,4.126
RuOx_post,41.76,4.104
RuOx_post,41.77,4.018
RuOx_post,41.78,4.037
RuOx_post,41.79,4.096
RuOx_post,41.8,4.191
RuOx_post,41.81,4.112
RuOx_post,41.82,4.043
RuOx_post,41.83,4.0
RuOx_post,41.84,3.983
RuOx_post,41.85,3.869
RuOx_post,41.86,3.993
RuOx_post,41.87,4.05
RuOx_post,41.88,4.096
RuOx_post,41.89,4.054
RuOx_post,41.9,3.926
RuOx_post,41.91,3.815
RuOx_post,41.92,3.67
RuOx_post,41.93,3.749
RuOx_post,41.94,3.781
RuOx_post,41.95,3.771
RuOx_post,41.96,3.644
RuOx_post,41.97,3.65
RuOx_post,41.98,3.766
RuOx_post,41.99,3.809
RuOx_post,42.0,3.764
RuOx_post,42.01,3.62
RuOx_post,42.02,3.536
RuOx_post,42.03,3.501
RuOx_post,42.04,3.555
RuOx_post,42.05,3.605
RuOx_post,42.06,3.602
RuOx_post,42.07,3.515
RuOx_post,42.08,3.483
RuOx_post,42.09,3.452
RuOx_post,42.1,3.477
RuOx_post,42.11,3.457
RuOx_post,42.12,3.439
RuOx_post,42.13,3.424
RuOx_post,42.14,3.401
RuOx_post,42.15,3.301
RuOx_post,42.16,3.307
RuOx_post,42.17,3.391
RuOx_post,42.18,3.415
RuOx_post,42.19,3.312
RuOx_post,42.2,3.169
RuOx_post,42.21,3.187
RuOx_post,42.22,3.174
RuOx_post,42.23,3.13
RuOx_post,42.24,3.156
RuOx_post,42.25,3.2
RuOx_post,42.26,3.238
RuOx_post,42.27,3.105
RuOx_post,42.28,3.088
RuOx_post,42.29,3.096
RuOx_post,42.3,3.077
RuOx_post,42.31,3.102
RuOx_post,42.32,3.16
RuOx_post,42.33,3.218
RuOx_post,42.34,3.12
RuOx_post,42.35,3.003
RuOx_post,42.36,2.915
RuOx_post,42.37,2.875
RuOx_post,42.38,2.847
RuOx_post,42.39,2.883
RuOx_post,42.4,3.017
RuOx_post,42.41,3.08
RuOx_post,42.42,3.03
RuOx_post,42.43,2.838
RuOx_post,42.44,2.786
RuOx_post,42.45,2.917
RuOx_post,42.46,3.112
RuOx_post,42.47,3.169
RuOx_post,42.48,3.04
RuOx_post,42.49,2.871
RuOx_post,42.5,2.805
RuOx_post,42.51,2.755
RuOx_post,42.52,2.805
RuOx_post,42.53,2.856
RuOx_post,42.54,2.973
RuOx_post,42.55,3.014
RuOx_post,42.56,2.975
RuOx_post,42.57,2.977
RuOx_post,42.58,2.911
RuOx_post,42.59,2.83
RuOx_post,42.6,2.697
RuOx_post,42.61,2.684
RuOx_post,42.62,2.733
RuOx_post,42.63,2.801
RuOx_post,42.64,2.765
RuOx_post,42.65,2.653
RuOx_post,42.66,2.692
RuOx_post,42.67,2.739
RuOx_post,42.68,2.823
RuOx_post,42.69,2.894
RuOx_post,42.7,2.91
RuOx_post,42.71,2.865
RuOx_post,42.72,2.713
RuOx_post,42.73,2.694
RuOx_post,42.74,2.768
RuOx_post,42.75,2.793
RuOx_post,42.76,2.767
RuOx_post,42.77,2.728
RuOx_post,42.78,2.671
RuOx_post,42.79,2.594
RuOx_post,42.8,2.558
RuOx_post,42.81,2.633
RuOx_post,42.82,2.631
RuOx_post,42.83,2.662
RuOx_post,42.84,2.658
RuOx_post,42.85,2.657
RuOx_post,42.86,2.647
RuOx_post,42.87,2.7
RuOx_post,42.88,2.707
RuOx_post,42.89,2.734
RuOx_post,42.9,2.733
RuOx_post,42.91,2.706
RuOx_post,42.92,2.597
RuOx_post,42.93,2.574
RuOx_post,42.94,2.592
RuOx_post,42.95,2.563
RuOx_post,42.96,2.552
RuOx_post,42.97,2.602
RuOx_post,42.98,2.758
RuOx_post,42.99,2.816
RuOx_post,43.0,2.759
RuOx_post,43.01,2.697
RuOx_post,43.02,2.632
RuOx_post,43.03,2.611
RuOx_post,43.04,2.642
RuOx_post,43.05,2.56
RuOx_post,43.06,2.527
RuOx_post,43.07,2.476
RuOx_post,43.08,2.604
RuOx_post,43.09,2.637
RuOx_post,43.1,2.621
RuOx_post,43.11,2.557
RuOx_post,43.12,2.474
RuOx_post,43.13,2.414
RuOx_post,43.14,2.432
RuOx_post,43.15,2.579
RuOx_post,43.16,2.616
RuOx_post,43.17,2.519
RuOx_post,43.18,2.409
RuOx_post,43.19,2.539
RuOx_post,43.2,2.681
RuOx_post,43.21,2.69
RuOx_post,43.22,2.578
RuOx_post,43.23,2.487
RuOx_post,43.24,2.446
RuOx_post,43.25,2.496
RuOx_post,43.26,2.518
RuOx_post,43.27,2.506
RuOx_post,43.28,2.437
RuOx_post,43.29,2.564
RuOx_post,43.3,2.568
RuOx_post,43.31,2.518
RuOx_post,43.32,2.445
RuOx_post,43.33,2.473
RuOx_post,43.34,2.53
RuOx_post,43.35,2.599
RuOx_post,43.36,2.589
RuOx_post,43.37,2.574
RuOx_post,43.38,2.606
RuOx_post,43.39,2.609
RuOx_post,43.4,2.519
RuOx_post,43.41,2.387
RuOx_post,43.42,2.413
RuOx_post,43.43,2.48
RuOx_post,43.44,2.537
RuOx_post,43.45,2.536
RuOx_post,43.46,2.403
RuOx_post,43.47,2.293
RuOx_post,43.48,2.323
RuOx_post,43.49,2.361
RuOx_post,43.5,2.364
RuOx_post,43.51,2.275
RuOx_post,43.52,2.372
RuOx_post,43.53,2.433
RuOx_post,43.54,2.424
RuOx_post,43.55,2.365
RuOx_post,43.56,2.386
RuOx_post,43.57,2.366
RuOx_post,43.58,2.356
RuOx_post,43.59,2.365
RuOx_post,43.6,2.353
RuOx_post,43.61,2.421
RuOx_post,43.62,2.484
RuOx_post,43.63,2.507
RuOx_post,43.64,2.456
RuOx_post,43.65,2.383
RuOx_post,43.66,2.393
RuOx_post,43.67,2.423
RuOx_post,43.68,2.455
RuOx_post,43.69,2.461
RuOx_post,43.7,2.438
RuOx_post,43.71,2.452
RuOx_post,43.72,2.377
RuOx_post,43.73,2.285
RuOx_post,43.74,2.293
RuOx_post,43.75,2.424
RuOx_post,43.76,2.486
RuOx_post,43.77,2.369
RuOx_post,43.78,2.219
RuOx_post,43.79,2.255
RuOx_post,43.8,2.329
RuOx_post,43.81,2.391
RuOx_post,43.82,2.336
RuOx_post,43.83,2.329
RuOx_post,43.84,2.301
RuOx_post,43.85,2.274
RuOx_post,43.86,2.301
RuOx_post,43.87,2.3
RuOx_post,43.88,2.215
RuOx_post,43.89,2.183
RuOx_post,43.9,2.176
RuOx_post,43.91,2.309
RuOx_post,43.92,2.412
RuOx_post,43.93,2.368
RuOx_post,43.94,2.334
RuOx_post,43.95,2.263
RuOx_post,43.96,2.324
RuOx_post,43.97,2.351
RuOx_post,43.98,2.362
RuOx_post,43.99,2.357
RuOx_post,44.0,2.33
RuOx_post,44.01,2.327
RuOx_post,44.02,2.258
RuOx_post,44.03,2.273
RuOx_post,44.04,2.297
RuOx_post,44.05,2.251
RuOx_post,44.06,2.214
RuOx_post,44.07,2.19
RuOx_post,44.08,2.207
RuOx_post,44.09,2.133
RuOx_post,44.1,2.127
RuOx_post,44.11,2.155
RuOx_post,44.12,2.245
RuOx_post,44.13,2.249
RuOx_post,44.14,2.274
RuOx_post,44.15,2.223
RuOx_post,44.16,2.297
RuOx_post,44.17,2.307
RuOx_post,44.18,2.311
RuOx_post,44.19,2.319
RuOx_post,44.2,2.269
RuOx_post,44.21,2.241
RuOx_post,44.22,2.174
RuOx_post,44.23,2.201
RuOx_post,44.24,2.238
RuOx_post,44.25,2.27
RuOx_post,44.26,2.236
RuOx_post,44.27,2.159
RuOx_post,44.28,2.197
RuOx_post,44.29,2.218
RuOx_post,44.3,2.337
RuOx_post,44.31,2.357
RuOx_post,44.32,2.316
RuOx_post,44.33,2.178
RuOx_post,44.34,2.171
RuOx_post,44.35,2.172
RuOx_post,44.36,2.221
RuOx_post,44.37,2.226
RuOx_post,44.38,2.192
RuOx_post,44.39,2.19
RuOx_post,44.4,2.218
RuOx_post,44.41,2.252
RuOx_post,44.42,2.269
RuOx_post,44.43,2.253
RuOx_post,44.44,2.281
RuOx_post,44.45,2.224
RuOx_post,44.46,2.215
RuOx_post,44.47,2.205
RuOx_post,44.48,2.268
RuOx_post,44.49,2.229
RuOx_post,44.5,2.217
RuOx_post,44.51,2.184
RuOx_post,44.52,2.213
RuOx_post,44.53,2.196
RuOx_post,44.54,2.207
RuOx_post,44.55,2.158
RuOx_post,44.56,2.122
RuOx_post,44.57,2.136
RuOx_post,44.58,2.192
RuOx_post,44.59,2.264
RuOx_post,44.6,2.259
RuOx_post,44.61,2.263
RuOx_post,44.62,2.269
RuOx_post,44.63,2.271
RuOx_post,44.64,2.168
RuOx_post,44.65,2.146
RuOx_post,44.66,2.156
RuOx_post,44.67,2.306
RuOx_post,44.68,2.37
RuOx_post,44.69,2.369
RuOx_post,44.7,2.374
RuOx_post,44.71,2.264
RuOx_post,44.72,2.183
RuOx_post,44.73,2.15
RuOx_post,44.74,2.131
RuOx_post,44.75,2.114
RuOx_post,44.76,2.126
RuOx_post,44.77,2.217
RuOx_post,44.78,2.292
RuOx_post,44.79,2.232
RuOx_post,44.8,2.152
RuOx_post,44.81,2.033
RuOx_post,44.82,2.052
RuOx_post,44.83,2.088
RuOx_post,44.84,2.151
RuOx_post,44.85,2.139
RuOx_post,44.86,2.159
RuOx_post,44.87,2.256
RuOx_post,44.88,2.219
RuOx_post,44.89,2.18
RuOx_post,44.9,2.052
RuOx_post,44.91,2.098
RuOx_post,44.92,2.186
RuOx_post,44.93,2.259
RuOx_post,44.94,2.139
RuOx_post,44.95,1.947
RuOx_post,44.96,1.915
RuOx_post,44.97,2.029
RuOx_post,44.98,2.125
RuOx_post,44.99,2.057
RuOx_post,45.0,2.004
RuOx_post,45.01,1.937
RuOx_post,45.02,1.936
RuOx_post,45.03,1.94
RuOx_post,45.04,2.05
RuOx_post,45.05,2.128
RuOx_post,45.06,2.088
RuOx_post,45.07,2.081
RuOx_post,45.08,2.034
RuOx_post,45.09,2.011
RuOx_post,45.1,2.058
RuOx_post,45.11,2.139
RuOx_post,45.12,2.176
RuOx_post,45.13,2.182
RuOx_post,45.14,2.152
RuOx_post,45.15,2.168
RuOx_post,45.16,2.132
RuOx_post,45.17,2.095
RuOx_post,45.18,2.107
RuOx_post,45.19,2.149
RuOx_post,45.2,2.23
RuOx_post,45.21,2.242
RuOx_post,45.22,2.228
RuOx_post,45.23,2.177
RuOx_post,45.24,2.084
RuOx_post,45.25,2.045
RuOx_post,45.26,2.104
RuOx_post,45.27,2.119
RuOx_post,45.28,2.076
RuOx_post,45.29,1.998
RuOx_post,45.3,1.985
RuOx_post,45.31,1.903
RuOx_post,45.32,1.894
RuOx_post,45.33,1.883
RuOx_post,45.34,1.991
RuOx_post,45.35,2.051
RuOx_post,45.36,2.133
RuOx_post,45.37,2.115
RuOx_post,45.38,2.076
RuOx_post,45.39,2.074
RuOx_post,45.4,2.12
RuOx_post,45.41,2.141
RuOx_post,45.42,2.153
RuOx_post,45.43,2.141
RuOx_post,45.44,2.139
RuOx_post,45.45,2.103
RuOx_post,45.46,2.08
RuOx_post,45.47,2.055
RuOx_post,45.48,2.011
RuOx_post,45.49,2.049
RuOx_post,45.5,2.025
RuOx_post,45.51,1.933
RuOx_post,45.52,1.964
RuOx_post,45.53,2.035
RuOx_post,45.54,2.04
RuOx_post,45.55,2.024
RuOx_post,45.56,2.057
RuOx_post,45.57,2.123
RuOx_post,45.58,2.072
RuOx_post,45.59,2.043
RuOx_post,45.6,1.99
RuOx_post,45.61,2.027
RuOx_post,45.62,2.086
RuOx_post,45.63,2.208
RuOx_post,45.64,2.184
RuOx_post,45.65,2.174
RuOx_post,45.66,2.169
RuOx_post,45.67,2.201
RuOx_post,45.68,2.177
RuOx_post,45.69,2.081
RuOx_post,45.7,2.006
RuOx_post,45.71,2.077
RuOx_post,45.72,2.186
RuOx_post,45.73,2.19
RuOx_post,45.74,2.049
RuOx_post,45.75,1.991
RuOx_post,45.76,2.009
RuOx_post,45.77,1.987
RuOx_post,45.78,1.994
RuOx_post,45.79,2.055
RuOx_post,45.8,2.113
RuOx_post,45.81,2.132
RuOx_post,45.82,2.107
RuOx_post,45.83,2.163
RuOx_post,45.84,2.119
RuOx_post,45.85,2.13
RuOx_post,45.86,2.108
RuOx_post,45.87,2.108
RuOx_post,45.88,2.068
RuOx_post,45.89,2.026
RuOx_post,45.9,2.074
RuOx_post,45.91,2.145
RuOx_post,45.92,2.176
RuOx_post,45.93,2.096
RuOx_post,45.94,2.052
RuOx_post,45.95,2.062
RuOx_post,45.96,2.052
RuOx_post,45.97,2.062
RuOx_post,45.98,2.049
RuOx_post,45.99,2.1
RuOx_post,46.0,2.043
RuOx_post,46.01,2.093
RuOx_post,46.02,2.063
RuOx_post,46.03,2.12
RuOx_post,46.04,2.121
RuOx_post,46.05,2.115
RuOx_post,46.06,2.087
RuOx_post,46.07,1.994
RuOx_post,46.08,1.932
RuOx_post,46.09,1.963
RuOx_post,46.1,2.053
RuOx_post,46.11,2.078
RuOx_post,46.12,2.062
RuOx_post,46.13,2.003
RuOx_post,46.14,1.967
RuOx_post,46.15,1.988
RuOx_post,46.16,2.061
RuOx_post,46.17,2.082
RuOx_post,46.18,2.058
RuOx_post,46.19,1.987
RuOx_post,46.2,2.013
RuOx_post,46.21,2.066
RuOx_post,46.22,2.118
RuOx_post,46.23,2.083
RuOx_post,46.24,2.003
RuOx_post,46.25,2.006
RuOx_post,46.26,1.971
RuOx_post,46.27,1.928
RuOx_post,46.28,1.887
RuOx_post,46.29,1.901
RuOx_post,46.3,2.009
RuOx_post,46.31,2.039
RuOx_post,46.32,2.071
RuOx_post,46.33,1.975
RuOx_post,46.34,1.944
RuOx_post,46.35,1.932
RuOx_post,46.36,1.899
RuOx_post,46.37,1.932
RuOx_post,46.38,1.892
RuOx_post,46.39,1.876
RuOx_post,46.4,1.804
RuOx_post,46.41,1.783
RuOx_post,46.42,1.792
RuOx_post,46.43,1.835
RuOx_post,46.44,1.965
RuOx_post,46.45,1.967
RuOx_post,46.46,1.99
RuOx_post,46.47,1.987
RuOx_post,46.48,2.051
RuOx_post,46.49,2.043
RuOx_post,46.5,1.974
RuOx_post,46.51,1.925
RuOx_post,46.52,1.905
RuOx_post,46.53,1.968
RuOx_post,46.54,2.014
RuOx_post,46.55,2.055
RuOx_post,46.56,1.979
RuOx_post,46.57,2.034
RuOx_post,46.58,2.066
RuOx_post,46.59,2.128
RuOx_post,46.6,2.107
RuOx_post,46.61,2.066
RuOx_post,46.62,2.018
RuOx_post,46.63,1.999
RuOx_post,46.64,2.111
RuOx_post,46.65,2.083
RuOx_post,46.66,2.067
RuOx_post,46.67,1.932
RuOx_post,46.68,1.929
RuOx_post,46.69,1.829
RuOx_post,46.7,1.812
RuOx_post,46.71,1.734
RuOx_post,46.72,1.776
RuOx_post,46.73,1.825
RuOx_post,46.74,1.876
RuOx_post,46.75,1.927
RuOx_post,46.76,1.955
RuOx_post,46.77,1.932
RuOx_post,46.78,1.94
RuOx_post,46.79,1.964
RuOx_post,46.8,2.003
RuOx_post,46.81,2.016
RuOx_post,46.82,1.98
RuOx_post,46.83,1.944
RuOx_post,46.84,1.983
RuOx_post,46.85,2.005
RuOx_post,46.86,1.989
RuOx_post,46.87,1.861
RuOx_post,46.88,1.851
RuOx_post,46.89,1.811
RuOx_post,46.9,1.843
RuOx_post,46.91,1.891
RuOx_post,46.92,1.974
RuOx_post,46.93,1.93
RuOx_post,46.94,1.903
RuOx_post,46.95,1.932
RuOx_post,46.96,1.947
RuOx_post,46.97,1.927
RuOx_post,46.98,1.895
RuOx_post,46.99,1.954
RuOx_post,47.0,1.92
RuOx_post,47.01,1.91
RuOx_post,47.02,1.897
RuOx_post,47.03,1.934
RuOx_post,47.04,1.921
RuOx_post,47.05,1.958
RuOx_post,47.06,1.954
RuOx_post,47.07,2.016
RuOx_post,47.08,2.01
RuOx_post,47.09,2.02
RuOx_post,47.1,1.951
RuOx_post,47.11,1.954
RuOx_post,47.12,1.973
RuOx_post,47.13,1.98
RuOx_post,47.14,1.917
RuOx_post,47.15,1.878
RuOx_post,47.16,1.899
RuOx_post,47.17,1.95
RuOx_post,47.18,1.901
RuOx_post,47.19,1.904
RuOx_post,47.2,2.004
RuOx_post,47.21,2.09
RuOx_post,47.22,2.073
RuOx_post,47.23,2.017
RuOx_post,47.24,2.004
RuOx_post,47.25,1.983
RuOx_post,47.26,2.024
RuOx_post,47.27,2.092
RuOx_post,47.28,2.09
RuOx_post,47.29,2.014
RuOx_post,47.3,1.877
RuOx_post,47.31,1.852
RuOx_post,47.32,1.789
RuOx_post,47.33,1.829
RuOx_post,47.34,1.884
RuOx_post,47.35,2.022
RuOx_post,47.36,2.0
RuOx_post,47.37,1.958
RuOx_post,47.38,1.89
RuOx_post,47.39,1.843
RuOx_post,47.4,1.769
RuOx_post,47.41,1.757
RuOx_post,47.42,1.776
RuOx_post,47.43,1.875
RuOx_post,47.44,1.937
RuOx_post,47.45,1.937
RuOx_post,47.46,1.959
RuOx_post,47.47,1.989
RuOx_post,47.48,1.986
RuOx_post,47.49,1.895
RuOx_post,47.5,1.946
RuOx_post,47.51,1.977
RuOx_post,47.52,1.943
RuOx_post,47.53,1.86
RuOx_post,47.54,1.86
RuOx_post,47.55,1.879
RuOx_post,47.56,1.895
RuOx_post,47.57,1.803
RuOx_post,47.58,1.808
RuOx_post,47.59,1.789
RuOx_post,47.6,1.789
RuOx_post,47.61,1.791
RuOx_post,47.62,1.829
RuOx_post,47.63,1.895
RuOx_post,47.64,1.852
RuOx_post,47.65,1.831
RuOx_post,47.66,1.814
RuOx_post,47.67,1.874
RuOx_post,47.68,1.927
RuOx_post,47.69,2.014
RuOx_post,47.7,2.051
RuOx_post,47.71,2.021
RuOx_post,47.72,1.886
RuOx_post,47.73,1.808
RuOx_post,47.74,1.842
RuOx_post,47.75,1.969
RuOx_post,47.76,2.023
RuOx_post,47.77,1.903
RuOx_post,47.78,1.815
RuOx_post,47.79,1.799
RuOx_post,47.8,1.816
RuOx_post,47.81,1.802
RuOx_post,47.82,1.834
RuOx_post,47.83,1.901
RuOx_post,47.84,1.958
RuOx_post,47.85,1.962
RuOx_post,47.86,2.01
RuOx_post,47.87,1.967
RuOx_post,47.88,1.942
RuOx_post,47.89,1.917
RuOx_post,47.9,1.917
RuOx_post,47.91,1.937
RuOx_post,47.92,1.913
RuOx_post,47.93,1.97
RuOx_post,47.94,1.94
RuOx_post,47.95,1.934
RuOx_post,47.96,1.911
RuOx_post,47.97,1.914
RuOx_post,47.98,1.905
RuOx_post,47.99,1.845
RuOx_post,48.0,1.788
RuOx_post,48.01,1.746
RuOx_post,48.02,1.803
RuOx_post,48.03,1.813
RuOx_post,48.04,1.836
RuOx_post,48.05,1.882
RuOx_post,48.06,1.871
RuOx_post,48.07,1.816
RuOx_post,48.08,1.797
RuOx_post,48.09,1.85
RuOx_post,48.1,1.852
RuOx_post,48.11,1.784
RuOx_post,48.12,1.83
RuOx_post,48.13,1.847
RuOx_post,48.14,1.909
RuOx_post,48.15,1.87
RuOx_post,48.16,1.855
RuOx_post,48.17,1.871
RuOx_post,48.18,1.85
RuOx_post,48.19,1.902
RuOx_post,48.2,1.867
RuOx_post,48.21,1.907
RuOx_post,48.22,1.828
RuOx_post,48.23,1.877
RuOx_post,48.24,1.913
RuOx_post,48.25,1.949
RuOx_post,48.26,1.864
RuOx_post,48.27,1.861
RuOx_post,48.28,1.824
RuOx_post,48.29,1.811
RuOx_post,48.3,1.725
RuOx_post,48.31,1.674
RuOx_post,48.32,1.701
RuOx_post,48.33,1.78
RuOx_post,48.34,1.759
RuOx_post,48.35,1.737
RuOx_post,48.36,1.722
RuOx_post,48.37,1.77
RuOx_post,48.38,1.792
RuOx_post,48.39,1.779
RuOx_post,48.4,1.715
RuOx_post,48.41,1.638
RuOx_post,48.42,1.675
RuOx_post,48.43,1.765
RuOx_post,48.44,1.82
RuOx_post,48.45,1.796
RuOx_post,48.46,1.799
RuOx_post,48.47,1.783
RuOx_post,48.48,1.856
RuOx_post,48.49,1.846
RuOx_post,48.5,1.895
RuOx_post,48.51,1.855
RuOx_post,48.52,1.834
RuOx_post,48.53,1.885
RuOx_post,48.54,1.858
RuOx_post,48.55,1.833
RuOx_post,48.56,1.771
RuOx_post,48.57,1.822
RuOx_post,48.58,1.825
RuOx_post,48.59,1.79
RuOx_post,48.6,1.835
RuOx_post,48.61,1.815
RuOx_post,48.62,1.69
RuOx_post,48.63,1.625
RuOx_post,48.64,1.669
RuOx_post,48.65,1.778
RuOx_post,48.66,1.809
RuOx_post,48.67,1.793
RuOx_post,48.68,1.825
RuOx_post,48.69,1.85
RuOx_post,48.7,1.884
RuOx_post,48.71,1.867
RuOx_post,48.72,1.868
RuOx_post,48.73,1.889
RuOx_post,48.74,1.899
RuOx_post,48.75,1.93
RuOx_post,48.76,1.834
RuOx_post,48.77,1.78
RuOx_post,48.78,1.744
RuOx_post,48.79,1.764
RuOx_post,48.8,1.821
RuOx_post,48.81,1.828
RuOx_post,48.82,1.908
RuOx_post,48.83,1.909
RuOx_post,48.84,1.857
RuOx_post,48.85,1.772
RuOx_post,48.86,1.779
RuOx_post,48.87,1.803
RuOx_post,48.88,1.831
RuOx_post,48.89,1.859
RuOx_post,48.9,1.952
RuOx_post,48.91,1.942
RuOx_post,48.92,1.92
RuOx_post,48.93,1.854
RuOx_post,48.94,1.882
RuOx_post,48.95,1.876
RuOx_post,48.96,1.839
RuOx_post,48.97,1.77
RuOx_post,48.98,1.768
RuOx_post,48.99,1.793
RuOx_post,49.0,1.87
RuOx_post,49.01,1.862
RuOx_post,49.02,1.86
RuOx_post,49.03,1.81
RuOx_post,49.04,1.793
RuOx_post,49.05,1.763
RuOx_post,49.06,1.793
RuOx_post,49.07,1.774
RuOx_post,49.08,1.824
RuOx_post,49.09,1.834
RuOx_post,49.1,1.818
RuOx_post,49.11,1.803
RuOx_post,49.12,1.81
RuOx_post,49.13,1.86
RuOx_post,49.14,1.781
RuOx_post,49.15,1.754
RuOx_post,49.16,1.748
RuOx_post,49.17,1.779
RuOx_post,49.18,1.829
RuOx_post,49.19,1.797
RuOx_post,49.2,1.806
RuOx_post,49.21,1.838
RuOx_post,49.22,1.889
RuOx_post,49.23,1.867
RuOx_post,49.24,1.84
RuOx_post,49.25,1.77
RuOx_post,49.26,1.732
RuOx_post,49.27,1.64
RuOx_post,49.28,1.663
RuOx_post,49.29,1.703
RuOx_post,49.3,1.789
RuOx_post,49.31,1.825
RuOx_post,49.32,1.859
RuOx_post,49.33,1.863
RuOx_post,49.34,1.885
RuOx_post,49.35,1.891
RuOx_post,49.36,1.828
RuOx_post,49.37,1.819
RuOx_post,49.38,1.81
RuOx_post,49.39,1.842
RuOx_post,49.4,1.859
RuOx_post,49.41,1.846
RuOx_post,49.42,1.78
RuOx_post,49.43,1.743
RuOx_post,49.44,1.815
RuOx_post,49.45,1.821
RuOx_post,49.46,1.769
RuOx_post,49.47,1.727
RuOx_post,49.48,1.748
RuOx_post,49.49,1.747
RuOx_post,49.5,1.773
RuOx_post,49.51,1.815
RuOx_post,49.52,1.835
RuOx_post,49.53,1.817
RuOx_post,49.54,1.775
RuOx_post,49.55,1.78
RuOx_post,49.56,1.76
RuOx_post,49.57,1.767
RuOx_post,49.58,1.798
RuOx_post,49.59,1.85
RuOx_post,49.6,1.841
RuOx_post,49.61,1.907
RuOx_post,49.62,1.809
RuOx_post,49.63,1.769
RuOx_post,49.64,1.703
RuOx_post,49.65,1.752
RuOx_post,49.66,1.786
RuOx_post,49.67,1.781
RuOx_post,49.68,1.82
RuOx_post,49.69,1.874
RuOx_post,49.7,1.866
RuOx_post,49.71,1.809
RuOx_post,49.72,1.781
RuOx_post,49.73,1.713
RuOx_post,49.74,1.799
RuOx_post,49.75,1.851
RuOx_post,49.76,1.88
RuOx_post,49.77,1.797
RuOx_post,49.78,1.755
RuOx_post,49.79,1.821
RuOx_post,49.8,1.845
RuOx_post,49.81,1.834
RuOx_post,49.82,1.78
RuOx_post,49.83,1.765
RuOx_post,49.84,1.809
RuOx_post,49.85,1.812
RuOx_post,49.86,1.739
RuOx_post,49.87,1.672
RuOx_post,49.88,1.661
RuOx_post,49.89,1.677
RuOx_post,49.9,1.703
RuOx_post,49.91,1.729
RuOx_post,49.92,1.721
RuOx_post,49.93,1.737
RuOx_post,49.94,1.785
RuOx_post,49.95,1.803
RuOx_post,49.96,1.777
RuOx_post,49.97,1.728
RuOx_post,49.98,1.699
RuOx_post,49.99,1.745
RuOx_post,50.0,1.774
RuOx_post,50.01,1.723
RuOx_post,50.02,1.679
RuOx_post,50.03,1.71
RuOx_post,50.04,1.812
RuOx_post,50.05,1.807
RuOx_post,50.06,1.729
RuOx_post,50.07,1.712
RuOx_post,50.08,1.705
RuOx_post,50.09,1.748
RuOx_post,50.1,1.733
RuOx_post,50.11,1.8
RuOx_post,50.12,1.788
RuOx_post,50.13,1.795
RuOx_post,50.14,1.769
RuOx_post,50.15,1.837
RuOx_post,50.16,1.81
RuOx_post,50.17,1.774
RuOx_post,50.18,1.753
RuOx_post,50.19,1.812
RuOx_post,50.2,1.816
RuOx_post,50.21,1.798
RuOx_post,50.22,1.756
RuOx_post,50.23,1.779
RuOx_post,50.24,1.801
RuOx_post,50.25,1.836
RuOx_post,50.26,1.816
RuOx_post,50.27,1.738
RuOx_post,50.28,1.749
RuOx_post,50.29,1.715
RuOx_post,50.3,1.706
RuOx_post,50.31,1.653
RuOx_post,50.32,1.71
RuOx_post,50.33,1.767
RuOx_post,50.34,1.827
RuOx_post,50.35,1.817
RuOx_post,50.36,1.824
RuOx_post,50.37,1.797
RuOx_post,50.38,1.74
RuOx_post,50.39,1.833
RuOx_post,50.4,1.847
RuOx_post,50.41,1.888
RuOx_post,50.42,1.765
RuOx_post,50.43,1.784
RuOx_post,50.44,1.754
RuOx_post,50.45,1.797
RuOx_post,50.46,1.778
RuOx_post,50.47,1.703
RuOx_post,50.48,1.65
RuOx_post,50.49,1.702
RuOx_post,50.5,1.813
RuOx_post,50.51,1.826
RuOx_post,50.52,1.754
RuOx_post,50.53,1.702
RuOx_post,50.54,1.66
RuOx_post,50.55,1.654
RuOx_post,50.56,1.638
RuOx_post,50.57,1.656
RuOx_post,50.58,1.739
RuOx_post,50.59,1.783
RuOx_post,50.6,1.76
RuOx_post,50.61,1.756
RuOx_post,50.62,1.835
RuOx_post,50.63,1.842
RuOx_post,50.64,1.729
RuOx_post,50.65,1.632
RuOx_post,50.66,1.67
RuOx_post,50.67,1.669
RuOx_post,50.68,1.703
RuOx_post,50.69,1.729
RuOx_post,50.7,1.788
RuOx_post,50.71,1.804
RuOx_post,50.72,1.807
RuOx_post,50.73,1.778
RuOx_post,50.74,1.686
RuOx_post,50.75,1.71
RuOx_post,50.76,1.738
RuOx_post,50.77,1.747
RuOx_post,50.78,1.75
RuOx_post,50.79,1.738
RuOx_post,50.8,1.734
RuOx_post,50.81,1.667
RuOx_post,50.82,1.654
RuOx_post,50.83,1.694
RuOx_post,50.84,1.674
RuOx_post,50.85,1.668
RuOx_post,50.86,1.703
RuOx_post,50.87,1.761
RuOx_post,50.88,1.781
RuOx_post,50.89,1.769
RuOx_post,50.9,1.783
RuOx_post,50.91,1.757
RuOx_post,50.92,1.726
RuOx_post,50.93,1.764
RuOx_post,50.94,1.774
RuOx_post,50.95,1.743
RuOx_post,50.96,1.692
RuOx_post,50.97,1.643
RuOx_post,50.98,1.674
RuOx_post,50.99,1.723
RuOx_post,51.0,1.694
RuOx_post,51.01,1.629
RuOx_post,51.02,1.642
RuOx_post,51.03,1.795
RuOx_post,51.04,1.821
RuOx_post,51.05,1.789
RuOx_post,51.06,1.686
RuOx_post,51.07,1.673
RuOx_post,51.08,1.691
RuOx_post,51.09,1.711
RuOx_post,51.1,1.741
RuOx_post,51.11,1.741
RuOx_post,51.12,1.702
RuOx_post,51.13,1.629
RuOx_post,51.14,1.579
RuOx_post,51.15,1.586
RuOx_post,51.16,1.639
RuOx_post,51.17,1.655
RuOx_post,51.18,1.714
RuOx_post,51.19,1.729
RuOx_post,51.2,1.777
RuOx_post,51.21,1.768
RuOx_post,51.22,1.761
RuOx_post,51.23,1.735
RuOx_post,51.24,1.711
RuOx_post,51.25,1.744
RuOx_post,51.26,1.763
RuOx_post,51.27,1.813
RuOx_post,51.28,1.819
RuOx_post,51.29,1.811
RuOx_post,51.3,1.808
RuOx_post,51.31,1.744
RuOx_post,51.32,1.738
RuOx_post,51.33,1.649
RuOx_post,51.34,1.592
RuOx_post,51.35,1.608
RuOx_post,51.36,1.684
RuOx_post,51.37,1.72
RuOx_post,51.38,1.705
RuOx_post,51.39,1.65
RuOx_post,51.4,1.648
RuOx_post,51.41,1.644
RuOx_post,51.42,1.677
RuOx_post,51.43,1.673
RuOx_post,51.44,1.669
RuOx_post,51.45,1.718
RuOx_post,51.46,1.693
RuOx_post,51.47,1.67
RuOx_post,51.48,1.59
RuOx_post,51.49,1.653
RuOx_post,51.5,1.742
RuOx_post,51.51,1.813
RuOx_post,51.52,1.803
RuOx_post,51.53,1.782
RuOx_post,51.54,1.746
RuOx_post,51.55,1.702
RuOx_post,51.56,1.713
RuOx_post,51.57,1.807
RuOx_post,51.58,1.887
RuOx_post,51.59,1.869
RuOx_post,51.6,1.779
RuOx_post,51.61,1.765
RuOx_post,51.62,1.676
RuOx_post,51.63,1.632
RuOx_post,51.64,1.601
RuOx_post,51.65,1.662
RuOx_post,51.66,1.755
RuOx_post,51.67,1.769
RuOx_post,51.68,1.79
RuOx_post,51.69,1.731
RuOx_post,51.7,1.697
RuOx_post,51.71,1.685
RuOx_post,51.72,1.63
RuOx_post,51.73,1.675
RuOx_post,51.74,1.724
RuOx_post,51.75,1.751
RuOx_post,51.76,1.641
RuOx_post,51.77,1.58
RuOx_post,51.78,1.53
RuOx_post,51.79,1.536
RuOx_post,51.8,1.598
RuOx_post,51.81,1.649
RuOx_post,51.82,1.667
RuOx_post,51.83,1.65
RuOx_post,51.84,1.697
RuOx_post,51.85,1.736
RuOx_post,51.86,1.745
RuOx_post,51.87,1.73
RuOx_post,51.88,1.676
RuOx_post,51.89,1.69
RuOx_post,51.9,1.72
RuOx_post,51.91,1.769
RuOx_post,51.92,1.781
RuOx_post,51.93,1.702
RuOx_post,51.94,1.651
RuOx_post,51.95,1.629
RuOx_post,51.96,1.701
RuOx_post,51.97,1.672
RuOx_post,51.98,1.671
RuOx_post,51.99,1.671
RuOx_post,52.0,1.656
RuOx_post,52.01,1.67
RuOx_post,52.02,1.699
RuOx_post,52.03,1.71
RuOx_post,52.04,1.709
RuOx_post,52.05,1.778
RuOx_post,52.06,1.801
RuOx_post,52.07,1.755
RuOx_post,52.08,1.665
RuOx_post,52.09,1.678
RuOx_post,52.1,1.604
RuOx_post,52.11,1.509
RuOx_post,52.12,1.492
RuOx_post,52.13,1.639
RuOx_post,52.14,1.695
RuOx_post,52.15,1.708
RuOx_post,52.16,1.662
RuOx_post,52.17,1.706
RuOx_post,52.18,1.677
RuOx_post,52.19,1.708
RuOx_post,52.2,1.697
RuOx_post,52.21,1.769
RuOx_post,52.22,1.8
RuOx_post,52.23,1.806
RuOx_post,52.24,1.714
RuOx_post,52.25,1.575
RuOx_post,52.26,1.564
RuOx_post,52.27,1.67
RuOx_post,52.28,1.727
RuOx_post,52.29,1.646
RuOx_post,52.3,1.571
RuOx_post,52.31,1.548
RuOx_post,52.32,1.58
RuOx_post,52.33,1.624
RuOx_post,52.34,1.637
RuOx_post,52.35,1.625
RuOx_post,52.36,1.613
RuOx_post,52.37,1.593
RuOx_post,52.38,1.605
RuOx_post,52.39,1.628
RuOx_post,52.4,1.634
RuOx_post,52.41,1.626
RuOx_post,52.42,1.6
RuOx_post,52.43,1.596
RuOx_post,52.44,1.604
RuOx_post,52.45,1.578
RuOx_post,52.46,1.546
RuOx_post,52.47,1.63
RuOx_post,52.48,1.688
RuOx_post,52.49,1.757
RuOx_post,52.5,1.678
RuOx_post,52.51,1.603
RuOx_post,52.52,1.591
RuOx_post,52.53,1.617
RuOx_post,52.54,1.62
RuOx_post,52.55,1.567
RuOx_post,52.56,1.555
RuOx_post,52.57,1.542
RuOx_post,52.58,1.552
RuOx_post,52.59,1.572
RuOx_post,52.6,1.562
RuOx_post,52.61,1.545
RuOx_post,52.62,1.474
RuOx_post,52.63,1.487
RuOx_post,52.64,1.53
RuOx_post,52.65,1.597
RuOx_post,52.66,1.629
RuOx_post,52.67,1.653
RuOx_post,52.68,1.702
RuOx_post,52.69,1.695
RuOx_post,52.7,1.763
RuOx_post,52.71,1.789
RuOx_post,52.72,1.771
RuOx_post,52.73,1.701
RuOx_post,52.74,1.658
RuOx_post,52.75,1.718
RuOx_post,52.76,1.784
RuOx_post,52.77,1.831
RuOx_post,52.78,1.781
RuOx_post,52.79,1.679
RuOx_post,52.8,1.622
RuOx_post,52.81,1.594
RuOx_post,52.82,1.615
RuOx_post,52.83,1.638
RuOx_post,52.84,1.635
RuOx_post,52.85,1.606
RuOx_post,52.86,1.537
RuOx_post,52.87,1.593
RuOx_post,52.88,1.642
RuOx_post,52.89,1.649
RuOx_post,52.9,1.583
RuOx_post,52.91,1.582
RuOx_post,52.92,1.597
RuOx_post,52.93,1.634
RuOx_post,52.94,1.626
RuOx_post,52.95,1.655
RuOx_post,52.96,1.712
RuOx_post,52.97,1.771
RuOx_post,52.98,1.748
RuOx_post,52.99,1.64
RuOx_post,53.0,1.515
RuOx_post,53.01,1.475
RuOx_post,53.02,1.521
RuOx_post,53.03,1.562
RuOx_post,53.04,1.614
RuOx_post,53.05,1.61
RuOx_post,53.06,1.647
RuOx_post,53.07,1.594
RuOx_post,53.08,1.571
RuOx_post,53.09,1.54
RuOx_post,53.1,1.608
RuOx_post,53.11,1.691
RuOx_post,53.12,1.715
RuOx_post,53.13,1.725
RuOx_post,53.14,1.73
RuOx_post,53.15,1.724
RuOx_post,53.16,1.712
RuOx_post,53.17,1.727
RuOx_post,53.18,1.752
RuOx_post,53.19,1.653
RuOx_post,53.2,1.679
RuOx_post,53.21,1.711
RuOx_post,53.22,1.699
RuOx_post,53.23,1.59
RuOx_post,53.24,1.534
RuOx_post,53.25,1.538
RuOx_post,53.26,1.535
RuOx_post,53.27,1.601
RuOx_post,53.28,1.637
RuOx_post,53.29,1.676
RuOx_post,53.3,1.611
RuOx_post,53.31,1.665
RuOx_post,53.32,1.617
RuOx_post,53.33,1.585
RuOx_post,53.34,1.586
RuOx_post,53.35,1.694
RuOx_post,53.36,1.698
RuOx_post,53.37,1.701
RuOx_post,53.38,1.669
RuOx_post,53.39,1.727
RuOx_post,53.4,1.666
RuOx_post,53.41,1.566
RuOx_post,53.42,1.57
RuOx_post,53.43,1.667
RuOx_post,53.44,1.741
RuOx_post,53.45,1.634
RuOx_post,53.46,1.526
RuOx_post,53.47,1.526
RuOx_post,53.48,1.574
RuOx_post,53.49,1.596
RuOx_post,53.5,1.536
RuOx_post,53.51,1.52
RuOx_post,53.52,1.534
RuOx_post,53.53,1.549
RuOx_post,53.54,1.561
RuOx_post,53.55,1.605
RuOx_post,53.56,1.658
RuOx_post,53.57,1.629
RuOx_post,53.58,1.64
RuOx_post,53.59,1.646
RuOx_post,53.6,1.647
RuOx_post,53.61,1.664
RuOx_post,53.62,1.666
RuOx_post,53.63,1.688
RuOx_post,53.64,1.669
RuOx_post,53.65,1.64
RuOx_post,53.66,1.558
RuOx_post,53.67,1.511
RuOx_post,53.68,1.509
RuOx_post,53.69,1.518
RuOx_post,53.7,1.566
RuOx_post,53.71,1.604
RuOx_post,53.72,1.621
RuOx_post,53.73,1.598
RuOx_post,53.74,1.627
RuOx_post,53.75,1.608
RuOx_post,53.76,1.564
RuOx_post,53.77,1.56
RuOx_post,53.78,1.591
RuOx_post,53.79,1.618
RuOx_post,53.8,1.518
RuOx_post,53.81,1.433
RuOx_post,53.82,1.44
RuOx_post,53.83,1.496
RuOx_post,53.84,1.541
RuOx_post,53.85,1.61
RuOx_post,53.86,1.726
RuOx_post,53.87,1.719
RuOx_post,53.88,1.664
RuOx_post,53.89,1.642
RuOx_post,53.9,1.696
RuOx_post,53.91,1.683
RuOx_post,53.92,1.671
RuOx_post,53.93,1.668
RuOx_post,53.94,1.7
RuOx_post,53.95,1.698
RuOx_post,53.96,1.727
RuOx_post,53.97,1.761
RuOx_post,53.98,1.784
RuOx_post,53.99,1.789
RuOx_post,54.0,1.755
RuOx_post,54.01,1.732
RuOx_post,54.02,1.744
RuOx_post,54.03,1.782
RuOx_post,54.04,1.891
RuOx_post,54.05,1.92
RuOx_post,54.06,1.878
RuOx_post,54.07,1.836
RuOx_post,54.08,1.833
RuOx_post,54.09,1.824
RuOx_post,54.1,1.834
RuOx_post,54.11,1.866
RuOx_post,54.12,1.886
RuOx_post,54.13,1.817
RuOx_post,54.14,1.737
RuOx_post,54.15,1.767
RuOx_post,54.16,1.862
RuOx_post,54.17,1.847
RuOx_post,54.18,1.824
RuOx_post,54.19,1.785
RuOx_post,54.2,1.876
RuOx_post,54.21,1.913
RuOx_post,54.22,1.883
RuOx_post,54.23,1.85
RuOx_post,54.24,1.84
RuOx_post,54.25,1.854
RuOx_post,54.26,1.857
RuOx_post,54.27,1.807
RuOx_post,54.28,1.768
RuOx_post,54.29,1.715
RuOx_post,54.3,1.72
RuOx_post,54.31,1.778
RuOx_post,54.32,1.827
RuOx_post,54.33,1.802
RuOx_post,54.34,1.808
RuOx_post,54.35,1.727
RuOx_post,54.36,1.77
RuOx_post,54.37,1.661
RuOx_post,54.38,1.671
RuOx_post,54.39,1.633
RuOx_post,54.4,1.653
RuOx_post,54.41,1.69
RuOx_post,54.42,1.699
RuOx_post,54.43,1.769
RuOx_post,54.44,1.706
RuOx_post,54.45,1.725
RuOx_post,54.46,1.663
RuOx_post,54.47,1.626
RuOx_post,54.48,1.552
RuOx_post,54.49,1.541
RuOx_post,54.5,1.585
RuOx_post,54.51,1.665
RuOx_post,54.52,1.727
RuOx_post,54.53,1.776
RuOx_post,54.54,1.743
RuOx_post,54.55,1.67
RuOx_post,54.56,1.619
RuOx_post,54.57,1.659
RuOx_post,54.58,1.658
RuOx_post,54.59,1.663
RuOx_post,54.6,1.598
RuOx_post,54.61,1.635
RuOx_post,54.62,1.626
RuOx_post,54.63,1.606
RuOx_post,54.64,1.619
RuOx_post,54.65,1.657
RuOx_post,54.66,1.697
RuOx_post,54.67,1.652
RuOx_post,54.68,1.629
RuOx_post,54.69,1.594
RuOx_post,54.7,1.606
RuOx_post,54.71,1.609
RuOx_post,54.72,1.574
RuOx_post,54.73,1.528
RuOx_post,54.74,1.534
RuOx_post,54.75,1.589
RuOx_post,54.76,1.607
RuOx_post,54.77,1.631
RuOx_post,54.78,1.657
RuOx_post,54.79,1.64
RuOx_post,54.8,1.585
RuOx_post,54.81,1.54
RuOx_post,54.82,1.557
RuOx_post,54.83,1.589
RuOx_post,54.84,1.658
RuOx_post,54.85,1.626
RuOx_post,54.86,1.619
RuOx_post,54.87,1.526
RuOx_post,54.88,1.591
RuOx_post,54.89,1.605
RuOx_post,54.9,1.615
RuOx_post,54.91,1.556
RuOx_post,54.92,1.571
RuOx_post,54.93,1.556
RuOx_post,54.94,1.564
RuOx_post,54.95,1.571
RuOx_post,54.96,1.638
RuOx_post,54.97,1.66
RuOx_post,54.98,1.597
RuOx_post,54.99,1.549
RuOx_post,55.0,1.484
RuOx_post,55.01,1.52
RuOx_post,55.02,1.567
RuOx_post,55.03,1.609
RuOx_post,55.04,1.614
RuOx_post,55.05,1.598
RuOx_post,55.06,1.624
RuOx_post,55.07,1.647
RuOx_post,55.08,1.642
RuOx_post,55.09,1.581
RuOx_post,55.1,1.553
RuOx_post,55.11,1.576
RuOx_post,55.12,1.606
RuOx_post,55.13,1.641
RuOx_post,55.14,1.617
RuOx_post,55.15,1.591
RuOx_post,55.16,1.603
RuOx_post,55.17,1.677
RuOx_post,55.18,1.682
RuOx_post,55.19,1.679
RuOx_post,55.2,1.629
RuOx_post,55.21,1.606
RuOx_post,55.22,1.601
RuOx_post,55.23,1.603
RuOx_post,55.24,1.536
RuOx_post,55.25,1.467
RuOx_post,55.26,1.514
RuOx_post,55.27,1.591
RuOx_post,55.28,1.661
RuOx_post,55.29,1.601
RuOx_post,55.3,1.502
RuOx_post,55.31,1.506
RuOx_post,55.32,1.58
RuOx_post,55.33,1.564
RuOx_post,55.34,1.482
RuOx_post,55.35,1.47
RuOx_post,55.36,1.591
RuOx_post,55.37,1.668
RuOx_post,55.38,1.621
RuOx_post,55.39,1.595
RuOx_post,55.4,1.544
RuOx_post,55.41,1.569
RuOx_post,55.42,1.56
RuOx_post,55.43,1.56
RuOx_post,55.44,1.555
RuOx_post,55.45,1.567
RuOx_post,55.46,1.593
RuOx_post,55.47,1.596
RuOx_post,55.48,1.562
RuOx_post,55.49,1.536
RuOx_post,55.5,1.525
RuOx_post,55.51,1.496
RuOx_post,55.52,1.505
RuOx_post,55.53,1.452
RuOx_post,55.54,1.471
RuOx_post,55.55,1.504
RuOx_post,55.56,1.561
RuOx_post,55.57,1.56
RuOx_post,55.58,1.567
RuOx_post,55.59,1.559
RuOx_post,55.6,1.574
RuOx_post,55.61,1.54
RuOx_post,55.62,1.553
RuOx_post,55.63,1.614
RuOx_post,55.64,1.633
RuOx_post,55.65,1.619
RuOx_post,55.66,1.594
RuOx_post,55.67,1.538
RuOx_post,55.68,1.572
RuOx_post,55.69,1.576
RuOx_post,55.7,1.569
RuOx_post,55.71,1.605
RuOx_post,55.72,1.624
RuOx_post,55.73,1.634
RuOx_post,55.74,1.541
RuOx_post,55.75,1.558
RuOx_post,55.76,1.506
RuOx_post,55.77,1.412
RuOx_post,55.78,1.42
RuOx_post,55.79,1.534
RuOx_post,55.8,1.602
RuOx_post,55.81,1.605
RuOx_post,55.82,1.525
RuOx_post,55.83,1.51
RuOx_post,55.84,1.5
RuOx_post,55.85,1.572
RuOx_post,55.86,1.579
RuOx_post,55.87,1.568
RuOx_post,55.88,1.544
RuOx_post,55.89,1.506
RuOx_post,55.9,1.519
RuOx_post,55.91,1.559
RuOx_post,55.92,1.604
RuOx_post,55.93,1.632
RuOx_post,55.94,1.573
RuOx_post,55.95,1.562
RuOx_post,55.96,1.562
RuOx_post,55.97,1.56
RuOx_post,55.98,1.578
RuOx_post,55.99,1.562
RuOx_post,56.0,1.53
RuOx_post,56.01,1.476
RuOx_post,56.02,1.457
RuOx_post,56.03,1.496
RuOx_post,56.04,1.531
RuOx_post,56.05,1.496
RuOx_post,56.06,1.483
RuOx_post,56.07,1.478
RuOx_post,56.08,1.516
RuOx_post,56.09,1.483
RuOx_post,56.1,1.505
RuOx_post,56.11,1.488
RuOx_post,56.12,1.521
RuOx_post,56.13,1.487
RuOx_post,56.14,1.463
RuOx_post,56.15,1.426
RuOx_post,56.16,1.473
RuOx_post,56.17,1.561
RuOx_post,56.18,1.656
RuOx_post,56.19,1.653
RuOx_post,56.2,1.593
RuOx_post,56.21,1.51
RuOx_post,56.22,1.529
RuOx_post,56.23,1.548
RuOx_post,56.24,1.564
RuOx_post,56.25,1.53
RuOx_post,56.26,1.546
RuOx_post,56.27,1.58
RuOx_post,56.28,1.576
RuOx_post,56.29,1.55
RuOx_post,56.3,1.554
RuOx_post,56.31,1.579
RuOx_post,56.32,1.556
RuOx_post,56.33,1.502
RuOx_post,56.34,1.487
RuOx_post,56.35,1.56
RuOx_post,56.36,1.655
RuOx_post,56.37,1.642
RuOx_post,56.38,1.575
RuOx_post,56.39,1.559
RuOx_post,56.4,1.584
RuOx_post,56.41,1.681
RuOx_post,56.42,1.708
RuOx_post,56.43,1.685
RuOx_post,56.44,1.565
RuOx_post,56.45,1.568
RuOx_post,56.46,1.587
RuOx_post,56.47,1.573
RuOx_post,56.48,1.539
RuOx_post,56.49,1.543
RuOx_post,56.5,1.555
RuOx_post,56.51,1.559
RuOx_post,56.52,1.638
RuOx_post,56.53,1.622
RuOx_post,56.54,1.552
RuOx_post,56.55,1.467
RuOx_post,56.56,1.539
RuOx_post,56.57,1.554
RuOx_post,56.58,1.567
RuOx_post,56.59,1.551
RuOx_post,56.6,1.536
RuOx_post,56.61,1.553
RuOx_post,56.62,1.508
RuOx_post,56.63,1.502
RuOx_post,56.64,1.51
RuOx_post,56.65,1.538
RuOx_post,56.66,1.61
RuOx_post,56.67,1.67
RuOx_post,56.68,1.696
RuOx_post,56.69,1.609
RuOx_post,56.7,1.519
RuOx_post,56.71,1.439
RuOx_post,56.72,1.484
RuOx_post,56.73,1.526
RuOx_post,56.74,1.516
RuOx_post,56.75,1.481
RuOx_post,56.76,1.46
RuOx_post,56.77,1.482
RuOx_post,56.78,1.492
RuOx_post,56.79,1.494
RuOx_post,56.8,1.521
RuOx_post,56.81,1.565
RuOx_post,56.82,1.601
RuOx_post,56.83,1.538
RuOx_post,56.84,1.494
RuOx_post,56.85,1.519
RuOx_post,56.86,1.674
RuOx_post,56.87,1.702
RuOx_post,56.88,1.655
RuOx_post,56.89,1.629
RuOx_post,56.9,1.585
RuOx_post,56.91,1.581
RuOx_post,56.92,1.474
RuOx_post,56.93,1.507
RuOx_post,56.94,1.495
RuOx_post,56.95,1.538
RuOx_post,56.96,1.524
RuOx_post,56.97,1.525
RuOx_post,56.98,1.507
RuOx_post,56.99,1.518
RuOx_post,57.0,1.573
RuOx_post,57.01,1.602
RuOx_post,57.02,1.616
RuOx_post,57.03,1.614
RuOx_post,57.04,1.627
RuOx_post,57.05,1.609
RuOx_post,57.06,1.56
RuOx_post,57.07,1.455
RuOx_post,57.08,1.467
RuOx_post,57.09,1.467
RuOx_post,57.1,1.562
RuOx_post,57.11,1.608
RuOx_post,57.12,1.602
RuOx_post,57.13,1.576
RuOx_post,57.14,1.591
RuOx_post,57.15,1.615
RuOx_post,57.16,1.607
RuOx_post,57.17,1.558
RuOx_post,57.18,1.546
RuOx_post,57.19,1.582
RuOx_post,57.2,1.618
RuOx_post,57.21,1.613
RuOx_post,57.22,1.557
RuOx_post,57.23,1.539
RuOx_post,57.24,1.52
RuOx_post,57.25,1.571
RuOx_post,57.26,1.615
RuOx_post,57.27,1.621
RuOx_post,57.28,1.56
RuOx_post,57.29,1.555
RuOx_post,57.3,1.547
RuOx_post,57.31,1.517
RuOx_post,57.32,1.53
RuOx_post,57.33,1.587
RuOx_post,57.34,1.635
RuOx_post,57.35,1.599
RuOx_post,57.36,1.478
RuOx_post,57.37,1.487
RuOx_post,57.38,1.516
RuOx_post,57.39,1.522
RuOx_post,57.4,1.431
RuOx_post,57.41,1.409
RuOx_post,57.42,1.527
RuOx_post,57.43,1.539
RuOx_post,57.44,1.474
RuOx_post,57.45,1.441
RuOx_post,57.46,1.481
RuOx_post,57.47,1.5
RuOx_post,57.48,1.535
RuOx_post,57.49,1.572
RuOx_post,57.5,1.566
RuOx_post,57.51,1.488
RuOx_post,57.52,1.489
RuOx_post,57.53,1.537
RuOx_post,57.54,1.613
RuOx_post,57.55,1.572
RuOx_post,57.56,1.508
RuOx_post,57.57,1.498
RuOx_post,57.58,1.575
RuOx_post,57.59,1.663
RuOx_post,57.6,1.613
RuOx_post,57.61,1.574
RuOx_post,57.62,1.566
RuOx_post,57.63,1.538
RuOx_post,57.64,1.493
RuOx_post,57.65,1.492
RuOx_post,57.66,1.477
RuOx_post,57.67,1.487
RuOx_post,57.68,1.491
RuOx_post,57.69,1.549
RuOx_post,57.7,1.501
RuOx_post,57.71,1.522
RuOx_post,57.72,1.559
RuOx_post,57.73,1.56
RuOx_post,57.74,1.506
RuOx_post,57.75,1.493
RuOx_post,57.76,1.517
RuOx_post,57.77,1.493
RuOx_post,57.78,1.492
RuOx_post,57.79,1.51
RuOx_post,57.8,1.532
RuOx_post,57.81,1.543
RuOx_post,57.82,1.521
RuOx_post,57.83,1.524
RuOx_post,57.84,1.527
RuOx_post,57.85,1.492
RuOx_post,57.86,1.498
RuOx_post,57.87,1.548
RuOx_post,57.88,1.602
RuOx_post,57.89,1.534
RuOx_post,57.9,1.48
RuOx_post,57.91,1.466
RuOx_post,57.92,1.569
RuOx_post,57.93,1.62
RuOx_post,57.94,1.603
RuOx_post,57.95,1.511
RuOx_post,57.96,1.501
RuOx_post,57.97,1.585
RuOx_post,57.98,1.64
RuOx_post,57.99,1.672
RuOx_post,58.0,1.599
RuOx_post,58.01,1.524
RuOx_post,58.02,1.528
RuOx_post,58.03,1.543
RuOx_post,58.04,1.543
RuOx_post,58.05,1.529
RuOx_post,58.06,1.574
RuOx_post,58.07,1.568
RuOx_post,58.08,1.593
RuOx_post,58.09,1.583
RuOx_post,58.1,1.597
RuOx_post,58.11,1.518
RuOx_post,58.12,1.544
RuOx_post,58.13,1.578
RuOx_post,58.14,1.62
RuOx_post,58.15,1.645
RuOx_post,58.16,1.595
RuOx_post,58.17,1.546
RuOx_post,58.18,1.469
RuOx_post,58.19,1.411
RuOx_post,58.2,1.391
RuOx_post,58.21,1.452
RuOx_post,58.22,1.574
RuOx_post,58.23,1.72
RuOx_post,58.24,1.743
RuOx_post,58.25,1.661
RuOx_post,58.26,1.552
RuOx_post,58.27,1.525
RuOx_post,58.28,1.564
RuOx_post,58.29,1.504
RuOx_post,58.3,1.467
RuOx_post,58.31,1.506
RuOx_post,58.32,1.536
RuOx_post,58.33,1.536
RuOx_post,58.34,1.542
RuOx_post,58.35,1.583
RuOx_post,58.36,1.561
RuOx_post,58.37,1.554
RuOx_post,58.38,1.55
RuOx_post,58.39,1.504
RuOx_post,58.4,1.487
RuOx_post,58.41,1.486
RuOx_post,58.42,1.425
RuOx_post,58.43,1.456
RuOx_post,58.44,1.485
RuOx_post,58.45,1.51
RuOx_post,58.46,1.477
RuOx_post,58.47,1.394
RuOx_post,58.48,1.406
RuOx_post,58.49,1.444
RuOx_post,58.5,1.567
RuOx_post,58.51,1.534
RuOx_post,58.52,1.456
RuOx_post,58.53,1.439
RuOx_post,58.54,1.517
RuOx_post,58.55,1.522
RuOx_post,58.56,1.504
RuOx_post,58.57,1.521
RuOx_post,58.58,1.52
RuOx_post,58.59,1.461
RuOx_post,58.6,1.44
RuOx_post,58.61,1.464
RuOx_post,58.62,1.488
RuOx_post,58.63,1.561
RuOx_post,58.64,1.584
RuOx_post,58.65,1.529
RuOx_post,58.66,1.496
RuOx_post,58.67,1.503
RuOx_post,58.68,1.552
RuOx_post,58.69,1.593
RuOx_post,58.7,1.624
RuOx_post,58.71,1.592
RuOx_post,58.72,1.549
RuOx_post,58.73,1.546
RuOx_post,58.74,1.501
RuOx_post,58.75,1.494
RuOx_post,58.76,1.481
RuOx_post,58.77,1.499
RuOx_post,58.78,1.467
RuOx_post,58.79,1.475
RuOx_post,58.8,1.458
RuOx_post,58.81,1.457
RuOx_post,58.82,1.5
RuOx_post,58.83,1.506
RuOx_post,58.84,1.505
RuOx_post,58.85,1.508
RuOx_post,58.86,1.534
RuOx_post,58.87,1.58
RuOx_post,58.88,1.582
RuOx_post,58.89,1.608
RuOx_post,58.9,1.573
RuOx_post,58.91,1.535
RuOx_post,58.92,1.575
RuOx_post,58.93,1.542
RuOx_post,58.94,1.566
RuOx_post,58.95,1.604
RuOx_post,58.96,1.614
RuOx_post,58.97,1.65
RuOx_post,58.98,1.65
RuOx_post,58.99,1.646
RuOx_post,59.0,1.589
RuOx_post,59.01,1.581
RuOx_post,59.02,1.532
RuOx_post,59.03,1.482
RuOx_post,59.04,1.423
RuOx_post,59.05,1.48
RuOx_post,59.06,1.549
RuOx_post,59.07,1.536
RuOx_post,59.08,1.518
RuOx_post,59.09,1.493
RuOx_post,59.1,1.561
RuOx_post,59.11,1.563
RuOx_post,59.12,1.603
RuOx_post,59.13,1.603
RuOx_post,59.14,1.631
RuOx_post,59.15,1.583
RuOx_post,59.16,1.546
RuOx_post,59.17,1.561
RuOx_post,59.18,1.596
RuOx_post,59.19,1.607
RuOx_post,59.2,1.6
RuOx_post,59.21,1.611
RuOx_post,59.22,1.558
RuOx_post,59.23,1.592
RuOx_post,59.24,1.586
RuOx_post,59.25,1.617
RuOx_post,59.26,1.581
RuOx_post,59.27,1.586
RuOx_post,59.28,1.599
RuOx_post,59.29,1.563
RuOx_post,59.3,1.475
RuOx_post,59.31,1.462
RuOx_post,59.32,1.486
RuOx_post,59.33,1.594
RuOx_post,59.34,1.576
RuOx_post,59.35,1.579
RuOx_post,59.36,1.523
RuOx_post,59.37,1.573
RuOx_post,59.38,1.564
RuOx_post,59.39,1.563
RuOx_post,59.4,1.583
RuOx_post,59.41,1.497
RuOx_post,59.42,1.481
RuOx_post,59.43,1.522
RuOx_post,59.44,1.683
RuOx_post,59.45,1.679
RuOx_post,59.46,1.632
RuOx_post,59.47,1.527
RuOx_post,59.48,1.495
RuOx_post,59.49,1.499
RuOx_post,59.5,1.533
RuOx_post,59.51,1.599
RuOx_post,59.52,1.565
RuOx_post,59.53,1.505
RuOx_post,59.54,1.451
RuOx_post,59.55,1.482
RuOx_post,59.56,1.509
RuOx_post,59.57,1.495
RuOx_post,59.58,1.528
RuOx_post,59.59,1.546
RuOx_post,59.6,1.516
RuOx_post,59.61,1.479
RuOx_post,59.62,1.456
RuOx_post,59.63,1.512
RuOx_post,59.64,1.473
RuOx_post,59.65,1.517
RuOx_post,59.66,1.617
RuOx_post,59.67,1.613
RuOx_post,59.68,1.517
RuOx_post,59.69,1.478
RuOx_post,59.7,1.497
RuOx_post,59.71,1.527
RuOx_post,59.72,1.551
RuOx_post,59.73,1.496
RuOx_post,59.74,1.505
RuOx_post,59.75,1.481
RuOx_post,59.76,1.614
RuOx_post,59.77,1.597
RuOx_post,59.78,1.586
RuOx_post,59.79,1.481
RuOx_post,59.8,1.472
RuOx_post,59.81,1.412
RuOx_post,59.82,1.426
RuOx_post,59.83,1.422
RuOx_post,59.84,1.439
RuOx_post,59.85,1.43
RuOx_post,59.86,1.448
RuOx_post,59.87,1.503
RuOx_post,59.88,1.508
RuOx_post,59.89,1.453
RuOx_post,59.9,1.458
RuOx_post,59.91,1.483
RuOx_post,59.92,1.574
RuOx_post,59.93,1.638
RuOx_post,59.94,1.626
RuOx_post,59.95,1.593
RuOx_post,59.96,1.612
RuOx_post,59.97,1.632
RuOx_post,59.98,1.585
RuOx_post,59.99,1.497
RuOx_post,60.0,1.46
RuOx_post,60.01,1.479
RuOx_post,60.02,1.536
RuOx_post,60.03,1.543
RuOx_post,60.04,1.517
RuOx_post,60.05,1.486
RuOx_post,60.06,1.451
RuOx_post,60.07,1.424
RuOx_post,60.08,1.409
RuOx_post,60.09,1.417
RuOx_post,60.1,1.47
RuOx_post,60.11,1.505
RuOx_post,60.12,1.515
RuOx_post,60.13,1.579
RuOx_post,60.14,1.565
RuOx_post,60.15,1.546
RuOx_post,60.16,1.473
RuOx_post,60.17,1.523
RuOx_post,60.18,1.532
RuOx_post,60.19,1.57
RuOx_post,60.2,1.547
RuOx_post,60.21,1.563
RuOx_post,60.22,1.528
RuOx_post,60.23,1.508
RuOx_post,60.24,1.529
RuOx_post,60.25,1.548
RuOx_post,60.26,1.579
RuOx_post,60.27,1.532
RuOx_post,60.28,1.546
RuOx_post,60.29,1.566
RuOx_post,60.3,1.568
RuOx_post,60.31,1.485
RuOx_post,60.32,1.444
RuOx_post,60.33,1.441
RuOx_post,60.34,1.515
RuOx_post,60.35,1.506
RuOx_post,60.36,1.53
RuOx_post,60.37,1.521
RuOx_post,60.38,1.524
RuOx_post,60.39,1.578
RuOx_post,60.4,1.592
RuOx_post,60.41,1.534
RuOx_post,60.42,1.495
RuOx_post,60.43,1.445
RuOx_post,60.44,1.441
RuOx_post,60.45,1.519
RuOx_post,60.46,1.547
RuOx_post,60.47,1.553
RuOx_post,60.48,1.528
RuOx_post,60.49,1.559
RuOx_post,60.5,1.65
RuOx_post,60.51,1.642
RuOx_post,60.52,1.651
RuOx_post,60.53,1.504
RuOx_post,60.54,1.42
RuOx_post,60.55,1.47
RuOx_post,60.56,1.531
RuOx_post,60.57,1.492
RuOx_post,60.58,1.453
RuOx_post,60.59,1.456
RuOx_post,60.6,1.49
RuOx_post,60.61,1.486
RuOx_post,60.62,1.562
RuOx_post,60.63,1.623
RuOx_post,60.64,1.657
RuOx_post,60.65,1.672
RuOx_post,60.66,1.693
RuOx_post,60.67,1.631
RuOx_post,60.68,1.568
RuOx_post,60.69,1.472
RuOx_post,60.7,1.492
RuOx_post,60.71,1.53
RuOx_post,60.72,1.596
RuOx_post,60.73,1.534
RuOx_post,60.74,1.534
RuOx_post,60.75,1.514
RuOx_post,60.76,1.59
RuOx_post,60.77,1.585
RuOx_post,60.78,1.561
RuOx_post,60.79,1.566
RuOx_post,60.8,1.58
RuOx_post,60.81,1.612
RuOx_post,60.82,1.596
RuOx_post,60.83,1.61
RuOx_post,60.84,1.646
RuOx_post,60.85,1.636
RuOx_post,60.86,1.571
RuOx_post,60.87,1.508
RuOx_post,60.88,1.499
RuOx_post,60.89,1.521
RuOx_post,60.9,1.497
RuOx_post,60.91,1.524
RuOx_post,60.92,1.521
RuOx_post,60.93,1.496
RuOx_post,60.94,1.46
RuOx_post,60.95,1.442
RuOx_post,60.96,1.446
RuOx_post,60.97,1.466
RuOx_post,60.98,1.488
RuOx_post,60.99,1.522
RuOx_post,61.0,1.491
RuOx_post,61.01,1.531
RuOx_post,61.02,1.603
RuOx_post,61.03,1.626
RuOx_post,61.04,1.559
RuOx_post,61.05,1.467
RuOx_post,61.06,1.5
RuOx_post,61.07,1.43
RuOx_post,61.08,1.465
RuOx_post,61.09,1.515
RuOx_post,61.1,1.543
RuOx_post,61.11,1.517
RuOx_post,61.12,1.575
RuOx_post,61.13,1.663
RuOx_post,61.14,1.605
RuOx_post,61.15,1.479
RuOx_post,61.16,1.48
RuOx_post,61.17,1.554
RuOx_post,61.18,1.51
RuOx_post,61.19,1.411
RuOx_post,61.2,1.328
RuOx_post,61.21,1.395
RuOx_post,61.22,1.52
RuOx_post,61.23,1.583
RuOx_post,61.24,1.577
RuOx_post,61.25,1.498
RuOx_post,61.26,1.492
RuOx_post,61.27,1.468
RuOx_post,61.28,1.465
RuOx_post,61.29,1.413
RuOx_post,61.3,1.448
RuOx_post,61.31,1.466
RuOx_post,61.32,1.526
RuOx_post,61.33,1.543
RuOx_post,61.34,1.576
RuOx_post,61.35,1.57
RuOx_post,61.36,1.552
RuOx_post,61.37,1.459
RuOx_post,61.38,1.449
RuOx_post,61.39,1.416
RuOx_post,61.4,1.437
RuOx_post,61.41,1.42
RuOx_post,61.42,1.416
RuOx_post,61.43,1.378
RuOx_post,61.44,1.471
RuOx_post,61.45,1.49
RuOx_post,61.46,1.493
RuOx_post,61.47,1.485
RuOx_post,61.48,1.538
RuOx_post,61.49,1.551
RuOx_post,61.5,1.617
RuOx_post,61.51,1.579
RuOx_post,61.52,1.541
RuOx_post,61.53,1.406
RuOx_post,61.54,1.404
RuOx_post,61.55,1.392
RuOx_post,61.56,1.444
RuOx_post,61.57,1.518
RuOx_post,61.58,1.477
RuOx_post,61.59,1.443
RuOx_post,61.6,1.361
RuOx_post,61.61,1.343
RuOx_post,61.62,1.351
RuOx_post,61.63,1.469
RuOx_post,61.64,1.465
RuOx_post,61.65,1.503
RuOx_post,61.66,1.443
RuOx_post,61.67,1.451
RuOx_post,61.68,1.458
RuOx_post,61.69,1.435
RuOx_post,61.7,1.407
RuOx_post,61.71,1.454
RuOx_post,61.72,1.489
RuOx_post,61.73,1.443
RuOx_post,61.74,1.416
RuOx_post,61.75,1.426
RuOx_post,61.76,1.444
RuOx_post,61.77,1.396
RuOx_post,61.78,1.4
RuOx_post,61.79,1.386
RuOx_post,61.8,1.47
RuOx_post,61.81,1.504
RuOx_post,61.82,1.457
RuOx_post,61.83,1.392
RuOx_post,61.84,1.396
RuOx_post,61.85,1.453
RuOx_post,61.86,1.451
RuOx_post,61.87,1.461
RuOx_post,61.88,1.523
RuOx_post,61.89,1.509
RuOx_post,61.9,1.48
RuOx_post,61.91,1.481
RuOx_post,61.92,1.498
RuOx_post,61.93,1.421
RuOx_post,61.94,1.489
RuOx_post,61.95,1.52
RuOx_post,61.96,1.567
RuOx_post,61.97,1.517
RuOx_post,61.98,1.543
RuOx_post,61.99,1.523
RuOx_post,62.0,1.537
RuOx_post,62.01,1.534
RuOx_post,62.02,1.504
RuOx_post,62.03,1.487
RuOx_post,62.04,1.473
RuOx_post,62.05,1.454
RuOx_post,62.06,1.47
RuOx_post,62.07,1.491
RuOx_post,62.08,1.509
RuOx_post,62.09,1.518
RuOx_post,62.1,1.455
RuOx_post,62.11,1.482
RuOx_post,62.12,1.528
RuOx_post,62.13,1.562
RuOx_post,62.14,1.477
RuOx_post,62.15,1.415
RuOx_post,62.16,1.454
RuOx_post,62.17,1.519
RuOx_post,62.18,1.508
RuOx_post,62.19,1.505
RuOx_post,62.2,1.487
RuOx_post,62.21,1.479
RuOx_post,62.22,1.409
RuOx_post,62.23,1.393
RuOx_post,62.24,1.426
RuOx_post,62.25,1.461
RuOx_post,62.26,1.504
RuOx_post,62.27,1.569
RuOx_post,62.28,1.55
RuOx_post,62.29,1.523
RuOx_post,62.3,1.565
RuOx_post,62.31,1.562
RuOx_post,62.32,1.484
RuOx_post,62.33,1.451
RuOx_post,62.34,1.458
RuOx_post,62.35,1.472
RuOx_post,62.36,1.557
RuOx_post,62.37,1.576
RuOx_post,62.38,1.584
RuOx_post,62.39,1.481
RuOx_post,62.4,1.49
RuOx_post,62.41,1.469
RuOx_post,62.42,1.554
RuOx_post,62.43,1.567
RuOx_post,62.44,1.564
RuOx_post,62.45,1.47
RuOx_post,62.46,1.399
RuOx_post,62.47,1.339
RuOx_post,62.48,1.37
RuOx_post,62.49,1.398
RuOx_post,62.5,1.496
RuOx_post,62.51,1.515
RuOx_post,62.52,1.528
RuOx_post,62.53,1.432
RuOx_post,62.54,1.39
RuOx_post,62.55,1.442
RuOx_post,62.56,1.564
RuOx_post,62.57,1.584
RuOx_post,62.58,1.484
RuOx_post,62.59,1.478
RuOx_post,62.6,1.53
RuOx_post,62.61,1.58
RuOx_post,62.62,1.522
RuOx_post,62.63,1.501
RuOx_post,62.64,1.468
RuOx_post,62.65,1.462
RuOx_post,62.66,1.453
RuOx_post,62.67,1.424
RuOx_post,62.68,1.383
RuOx_post,62.69,1.419
RuOx_post,62.7,1.481
RuOx_post,62.71,1.385
RuOx_post,62.72,1.368
RuOx_post,62.73,1.388
RuOx_post,62.74,1.443
RuOx_post,62.75,1.412
RuOx_post,62.76,1.426
RuOx_post,62.77,1.499
RuOx_post,62.78,1.541
RuOx_post,62.79,1.521
RuOx_post,62.8,1.451
RuOx_post,62.81,1.361
RuOx_post,62.82,1.355
RuOx_post,62.83,1.392
RuOx_post,62.84,1.419
RuOx_post,62.85,1.391
RuOx_post,62.86,1.457
RuOx_post,62.87,1.545
RuOx_post,62.88,1.507
RuOx_post,62.89,1.451
RuOx_post,62.9,1.368
RuOx_post,62.91,1.414
RuOx_post,62.92,1.379
RuOx_post,62.93,1.369
RuOx_post,62.94,1.429
RuOx_post,62.95,1.537
RuOx_post,62.96,1.554
RuOx_post,62.97,1.424
RuOx_post,62.98,1.405
RuOx_post,62.99,1.52
RuOx_post,63.0,1.565
RuOx_post,63.01,1.501
RuOx_post,63.02,1.451
RuOx_post,63.03,1.451
RuOx_post,63.04,1.409
RuOx_post,63.05,1.454
RuOx_post,63.06,1.523
RuOx_post,63.07,1.532
RuOx_post,63.08,1.402
RuOx_post,63.09,1.302
RuOx_post,63.1,1.302
RuOx_post,63.11,1.343
RuOx_post,63.12,1.387
RuOx_post,63.13,1.372
RuOx_post,63.14,1.365
RuOx_post,63.15,1.436
RuOx_post,63.16,1.502
RuOx_post,63.17,1.466
RuOx_post,63.18,1.466
RuOx_post,63.19,1.509
RuOx_post,63.2,1.551
RuOx_post,63.21,1.489
RuOx_post,63.22,1.455
RuOx_post,63.23,1.381
RuOx_post,63.24,1.377
RuOx_post,63.25,1.376
RuOx_post,63.26,1.435
RuOx_post,63.27,1.466
RuOx_post,63.28,1.427
RuOx_post,63.29,1.399
RuOx_post,63.3,1.369
RuOx_post,63.31,1.425
RuOx_post,63.32,1.466
RuOx_post,63.33,1.47
RuOx_post,63.34,1.474
RuOx_post,63.35,1.506
RuOx_post,63.36,1.551
RuOx_post,63.37,1.53
RuOx_post,63.38,1.486
RuOx_post,63.39,1.426
RuOx_post,63.4,1.395
RuOx_post,63.41,1.454
RuOx_post,63.42,1.516
RuOx_post,63.43,1.559
RuOx_post,63.44,1.528
RuOx_post,63.45,1.477
RuOx_post,63.46,1.37
RuOx_post,63.47,1.403
RuOx_post,63.48,1.464
RuOx_post,63.49,1.536
RuOx_post,63.5,1.486
RuOx_post,63.51,1.447
RuOx_post,63.52,1.361
RuOx_post,63.53,1.414
RuOx_post,63.54,1.438
RuOx_post,63.55,1.49
RuOx_post,63.56,1.489
RuOx_post,63.57,1.523
RuOx_post,63.58,1.508
RuOx_post,63.59,1.512
RuOx_post,63.6,1.592
RuOx_post,63.61,1.532
RuOx_post,63.62,1.508
RuOx_post,63.63,1.513
RuOx_post,63.64,1.498
RuOx_post,63.65,1.5
RuOx_post,63.66,1.487
RuOx_post,63.67,1.478
RuOx_post,63.68,1.448
RuOx_post,63.69,1.478
RuOx_post,63.7,1.452
RuOx_post,63.71,1.421
RuOx_post,63.72,1.419
RuOx_post,63.73,1.4
RuOx_post,63.74,1.4
RuOx_post,63.75,1.404
RuOx_post,63.76,1.435
RuOx_post,63.77,1.46
RuOx_post,63.78,1.443
RuOx_post,63.79,1.425
RuOx_post,63.8,1.394
RuOx_post,63.81,1.401
RuOx_post,63.82,1.411
RuOx_post,63.83,1.465
RuOx_post,63.84,1.507
RuOx_post,63.85,1.655
RuOx_post,63.86,1.639
RuOx_post,63.87,1.662
RuOx_post,63.88,1.483
RuOx_post,63.89,1.333
RuOx_post,63.9,1.216
RuOx_post,63.91,1.277
RuOx_post,63.92,1.46
RuOx_post,63.93,1.477
RuOx_post,63.94,1.473
RuOx_post,63.95,1.391
RuOx_post,63.96,1.48
RuOx_post,63.97,1.27
RuOx_post,63.98,1.228
RuOx_post,63.99,1.293
