composition,target_elements,anneal_T,overpotential_cp1_600s_mean,xrf_total_molar_change
"{'Ni': 0.77287, 'Sn': 0.07151, 'Nb': 0.15562}","['Nb', 'Ni', 'Sn']",700.0,0.7595295042037962,0.5159713130262176
"{'Ni': 0.82289, 'Sn': 0.06073, 'Nb': 0.11639}","['Nb', 'Ni', 'Sn']",700.0,0.755875064754486,0.594148359723292
"{'Ni': 0.81771, 'Sn': 0.05314, 'Nb': 0.12915}","['Nb', 'Ni', 'Sn']",700.0,0.7466391033172606,0.6721041327058652
"{'Ni': 0.86177, 'Sn': 0.05098, 'Nb': 0.08725}","['Nb', 'Ni', 'Sn']",700.0,0.7409576171874999,0.8489134976524924
"{'Ni': 0.88816, 'Sn': 0.04714, 'Nb': 0.0647}","['Nb', 'Ni', 'Sn']",700.0,0.7464964074134826,0.9321350951940357
"{'Ni': 0.8556, 'Sn': 0.05621, 'Nb': 0.0882}","['Nb', 'Ni', 'Sn']",700.0,0.7405516308784483,0.8111008371951899
"{'Ni': 0.73021, 'Sn': 0.08036, 'Nb': 0.18944}","['Nb', 'Ni', 'Sn']",700.0,0.7671159380912779,0.3567374742368531
"{'Ni': 0.70065, 'Sn': 0.09309, 'Nb': 0.20626}","['Nb', 'Ni', 'Sn']",700.0,0.7749486845970153,0.3318537485193463
"{'Ni': 0.75069, 'Sn': 0.08548, 'Nb': 0.16383}","['Nb', 'Ni', 'Sn']",700.0,0.7595395630836486,0.40387262699957993
"{'Ni': 0.73797, 'Sn': 0.12527, 'Nb': 0.13676}","['Nb', 'Ni', 'Sn']",700.0,0.7565894359588622,0.393587576641469
"{'Ni': 0.68638, 'Sn': 0.16185, 'Nb': 0.15177}","['Nb', 'Ni', 'Sn']",700.0,0.7693292111396788,0.3314274082481879
"{'Ni': 0.70549, 'Sn': 0.15385, 'Nb': 0.14066}","['Nb', 'Ni', 'Sn']",700.0,0.7622489208221433,0.3763187502337977
"{'Ni': 0.60719, 'Sn': 0.15327, 'Nb': 0.23954}","['Nb', 'Ni', 'Sn']",700.0,0.8247694009780884,0.2430262462396856
"{'Ni': 0.66578, 'Sn': 0.14402, 'Nb': 0.1902}","['Nb', 'Ni', 'Sn']",700.0,0.7928606909751891,0.2301472291671188
"{'Ni': 0.61227, 'Sn': 0.17958, 'Nb': 0.20815}","['Nb', 'Ni', 'Sn']",700.0,0.8223036521911621,0.20853087775074425
"{'Ni': 0.57673, 'Sn': 0.3081, 'Nb': 0.11517}","['Nb', 'Ni', 'Sn']",700.0,0.8631119889259338,0.06428739398714267
"{'Ni': 0.61117, 'Sn': 0.28918, 'Nb': 0.09964}","['Nb', 'Ni', 'Sn']",700.0,0.8676679629325866,0.19345097997510952
"{'Ni': 0.95348, 'Sn': 0.01055, 'Nb': 0.03596}","['Nb', 'Ni', 'Sn']",550.0,0.7409425750732421,0.8278644667464067
"{'Ni': 0.96384, 'Sn': 0.00959, 'Nb': 0.02656}","['Nb', 'Ni', 'Sn']",550.0,0.7517620221138,1.0037769782361898
"{'Ni': 0.95455, 'Sn': 0.01159, 'Nb': 0.03385}","['Nb', 'Ni', 'Sn']",550.0,0.7454996744155884,0.9310097846577544
"{'Ni': 0.96391, 'Sn': 0.0242, 'Nb': 0.01189}","['Nb', 'Ni', 'Sn']",550.0,0.7627003851890564,0.7831767463271425
"{'Ni': 0.97245, 'Sn': 0.02272, 'Nb': 0.00484}","['Nb', 'Ni', 'Sn']",550.0,0.7749533263206482,0.7529629117948142
"{'Ni': 0.95882, 'Sn': 0.03017, 'Nb': 0.01101}","['Nb', 'Ni', 'Sn']",550.0,0.768191613292694,0.6033804411216581
"{'Ni': 0.80361, 'Sn': 0.01905, 'Nb': 0.17734}","['Nb', 'Ni', 'Sn']",550.0,0.7415440050125122,0.3315445326044557
"{'Ni': 0.79091, 'Sn': 0.02172, 'Nb': 0.18737}","['Nb', 'Ni', 'Sn']",550.0,0.7516943326950073,0.2814785889025231
"{'Ni': 0.86092, 'Sn': 0.01924, 'Nb': 0.11984}","['Nb', 'Ni', 'Sn']",550.0,0.7257791868209839,0.4928777674719026
"{'Ni': 0.90945, 'Sn': 0.03597, 'Nb': 0.05458}","['Nb', 'Ni', 'Sn']",550.0,0.7207807079315185,0.34031389079924457
"{'Ni': 0.88762, 'Sn': 0.04792, 'Nb': 0.06445}","['Nb', 'Ni', 'Sn']",550.0,0.7311586585998535,0.45408498606681025
"{'Ni': 0.91009, 'Sn': 0.04476, 'Nb': 0.04515}","['Nb', 'Ni', 'Sn']",550.0,0.7323403326034545,0.5403581591864135
"{'Ni': 0.88432, 'Sn': 0.10396, 'Nb': 0.01172}","['Nb', 'Ni', 'Sn']",550.0,0.7748066893577575,0.43647173577304865
"{'Ni': 0.81236, 'Sn': 0.16431, 'Nb': 0.02333}","['Nb', 'Ni', 'Sn']",550.0,0.8222389808654785,0.3915600968147509
"{'Ni': 0.85147, 'Sn': 0.14393, 'Nb': 0.0046}","['Nb', 'Ni', 'Sn']",550.0,0.811635240650177,0.3736808700650072
"{'Ni': 0.69996, 'Sn': 0.04445, 'Nb': 0.25558}","['Nb', 'Ni', 'Sn']",550.0,0.7716622010231018,0.24742555726751492
"{'Ni': 0.79248, 'Sn': 0.04063, 'Nb': 0.16688}","['Nb', 'Ni', 'Sn']",550.0,0.7439859310150146,0.3301770932088383
"{'Ni': 0.74401, 'Sn': 0.05808, 'Nb': 0.19791}","['Nb', 'Ni', 'Sn']",550.0,0.7452204719543457,0.2948635716158883
"{'Ni': 0.82306, 'Sn': 0.12107, 'Nb': 0.05586}","['Nb', 'Ni', 'Sn']",550.0,0.7555863801002503,0.3709011127905426
"{'Ni': 0.76051, 'Sn': 0.18611, 'Nb': 0.05338}","['Nb', 'Ni', 'Sn']",550.0,0.7696307841300964,0.2978854786829846
"{'Mn': 0.35653, 'Sb': 0.64347}","['Mn', 'Sb']",550.0,0.787372749328613,0.008850103272187312
"{'Mn': 0.96766, 'Sb': 0.03234}","['Mn', 'Sb']",700.0,0.6875308227539062,0.15770065790226656
"{'Mn': 0.98651, 'Sb': 0.01349}","['Mn', 'Sb']",700.0,0.698415060043335,0.21495223140118766
"{'Mn': 0.98762, 'Sb': 0.01238}","['Mn', 'Sb']",700.0,0.6431796669960022,0.26461799656079904
"{'Sb': 0.06994, 'Mn': 0.93006}","['Mn', 'Sb']",700.0,0.7806036686897277,0.018292339381974054
"{'Mn': 0.96766, 'Sb': 0.03234}","['Mn', 'Sb']",700.0,0.6563146781921386,0.08728516209608983
"{'Mn': 0.96376, 'Sb': 0.03624}","['Mn', 'Sb']",700.0,0.7117873096466064,0.0928557683692389
"{'Mn': 0.96982, 'Sb': 0.03018}","['Mn', 'Sb']",700.0,0.6607221913337707,0.14820029864590648
"{'Mn': 0.98294, 'Sb': 0.01706}","['Mn', 'Sb']",700.0,0.7331197714805603,0.06690595536154784
"{'Mn': 0.97897, 'Sb': 0.02103}","['Mn', 'Sb']",700.0,0.6951775932312012,0.13926706000057643
"{'Mn': 0.98076, 'Sb': 0.01924}","['Mn', 'Sb']",700.0,0.7105140614509583,0.14277697720932747
"{'Mn': 0.85212, 'Sb': 0.14788}","['Mn', 'Sb']",700.0,0.7661786961555481,0.08523715081237435
"{'Mn': 0.89863, 'Sb': 0.10137}","['Mn', 'Sb']",700.0,0.787732195854187,0.09089425081451949
"{'Mn': 0.8926, 'Sb': 0.1074}","['Mn', 'Sb']",700.0,0.7737022113800048,0.08789427076809592
"{'Mn': 0.95226, 'Sb': 0.04774}","['Mn', 'Sb']",700.0,0.7929098963737488,0.08332371868147227
"{'Mn': 0.9588, 'Sb': 0.0412}","['Mn', 'Sb']",700.0,0.7219981193542481,0.09292681758652713
"{'Mn': 0.94959, 'Sb': 0.05041}","['Mn', 'Sb']",700.0,0.8035928869247436,0.0764655665897456
"{'Mn': 0.96878, 'Sb': 0.03122}","['Mn', 'Sb']",700.0,0.8221669125556946,0.03085381968958642
"{'Mn': 0.96878, 'Sb': 0.03122}","['Mn', 'Sb']",700.0,0.8768434381484985,0.054868501188639035
"{'Sb': 0.04774, 'Mn': 0.95226}","['Mn', 'Sb']",700.0,0.8249569940567016,0.04802685646668467
"{'Sb': 0.06055, 'Mn': 0.93945}","['Mn', 'Sb']",700.0,0.8489867210388183,0.0361010941391247
"{'Mn': 0.68909, 'Sb': 0.31091}","['Mn', 'Sb']",700.0,0.7944208860397339,0.024319779009622844
"{'Mn': 0.81593, 'Sb': 0.18407}","['Mn', 'Sb']",700.0,0.787554304599762,0.03845783580906825
"{'Sb': 0.69287, 'Mn': 0.30713}","['Mn', 'Sb']",700.0,0.8242382073402404,0.029102103247868855
"{'Sb': 0.47435, 'Mn': 0.52565}","['Mn', 'Sb']",700.0,0.7726301145553589,0.016271490687437343
"{'Sb': 0.23466549351952837, 'Mn': 0.7653345064804716}","['Mn', 'Sb']",700.0,0.7913445377349854,0.0440417471664514
"{'Co': 0.2052, 'Mn': 0.60533, 'Ti': 0.18948}","['Co', 'Mn', 'Ti']",700.0,0.7553569208145141,0.19013069024208867
"{'Co': 0.22785, 'Mn': 0.65994, 'Ti': 0.11221}","['Co', 'Mn', 'Ti']",700.0,0.731044441318512,0.16474365560962048
"{'Co': 0.26776, 'Mn': 0.62235, 'Ti': 0.10989}","['Co', 'Mn', 'Ti']",700.0,0.8831140910148616,0.19093206861634351
"{'Co': 0.41071, 'Mn': 0.44057, 'Ti': 0.14872}","['Co', 'Mn', 'Ti']",700.0,0.8031912623405453,0.13496910315747948
"{'Co': 0.48574, 'Mn': 0.36475, 'Ti': 0.14951}","['Co', 'Mn', 'Ti']",700.0,0.8329329596519466,0.09179604278003342
"{'Co': 0.47341, 'Mn': 0.38088, 'Ti': 0.14571}","['Co', 'Mn', 'Ti']",700.0,0.8093564306259151,0.12221867091307012
"{'Co': 0.35584, 'Mn': 0.29992, 'Ti': 0.34423}","['Co', 'Mn', 'Ti']",700.0,0.8297333370208736,0.03968940066640539
"{'Co': 0.43231, 'Mn': 0.3607, 'Ti': 0.20699}","['Co', 'Mn', 'Ti']",700.0,0.8390494142532344,0.1329107808783768
"{'Co': 0.49422, 'Mn': 0.30295, 'Ti': 0.20283}","['Co', 'Mn', 'Ti']",700.0,0.8146552668571467,0.11993965479876734
"{'Co': 0.68884, 'Mn': 0.19001, 'Ti': 0.12115}","['Co', 'Mn', 'Ti']",700.0,0.7713783751487729,0.12367486853806497
"{'Co': 0.6682, 'Mn': 0.21082, 'Ti': 0.12098}","['Co', 'Mn', 'Ti']",700.0,0.7815923915863034,0.14717419075076665
"{'Co': 0.73559, 'Mn': 0.15397, 'Ti': 0.11044}","['Co', 'Mn', 'Ti']",700.0,0.7756373773574826,0.14980100745368347
"{'Co': 0.31337, 'Mn': 0.14006, 'Ti': 0.54657}","['Co', 'Mn', 'Ti']",700.0,0.8827192221641537,0.04318379893493557
"{'Co': 0.36852, 'Mn': 0.11295, 'Ti': 0.51853}","['Co', 'Mn', 'Ti']",700.0,0.8693658886909481,0.07707556084567735
"{'Co': 0.38629, 'Mn': 0.13813, 'Ti': 0.47559}","['Co', 'Mn', 'Ti']",700.0,0.8692539678573604,0.1238593198743265
"{'Co': 0.66201, 'Mn': 0.14621, 'Ti': 0.19178}","['Co', 'Mn', 'Ti']",700.0,0.8174554072380061,0.08223809045455033
"{'Co': 0.74099, 'Mn': 0.09936, 'Ti': 0.15965}","['Co', 'Mn', 'Ti']",700.0,0.8154421649932857,0.04812526921539417
"{'Co': 0.71411, 'Mn': 0.10079, 'Ti': 0.1851}","['Co', 'Mn', 'Ti']",700.0,0.7985449229240414,0.015571928086122289
"{'Co': 0.52929, 'Mn': 0.07406, 'Ti': 0.39666}","['Co', 'Mn', 'Ti']",700.0,0.8112798629760738,0.03998200137436331
"{'Co': 0.59292, 'Mn': 0.06815, 'Ti': 0.33893}","['Co', 'Mn', 'Ti']",700.0,0.7824600468635556,0.08257658314569938
"{'Co': 0.85661, 'Mn': 0.04923, 'Ti': 0.09416}","['Co', 'Mn', 'Ti']",700.0,0.7186637364387513,0.06933108137991156
"{'Co': 0.82021, 'Mn': 0.04888, 'Ti': 0.1309}","['Co', 'Mn', 'Ti']",700.0,0.7350101481437683,0.07495945927020475
"{'Co': 0.89163, 'Mn': 0.04283, 'Ti': 0.06554}","['Co', 'Mn', 'Ti']",700.0,0.7306123171806336,0.0484545714312179
"{'Co': 0.73931, 'Mn': 0.03869, 'Ti': 0.22201}","['Co', 'Mn', 'Ti']",700.0,0.7589842759132385,0.029000360575937523
"{'Co': 0.78039, 'Mn': 0.03562, 'Ti': 0.18398}","['Co', 'Mn', 'Ti']",700.0,0.744652725315094,0.08486091931096756
"{'Co': 0.80959, 'Mn': 0.03406, 'Ti': 0.15635}","['Co', 'Mn', 'Ti']",700.0,0.7302508436203002,0.04425686623583602
"{'Co': 0.22163, 'Mn': 0.64193, 'Ti': 0.13644}","['Co', 'Mn', 'Ti']",550.0,0.7964113101959228,0.1610509405598004
"{'Co': 0.28848, 'Mn': 0.59313, 'Ti': 0.11839}","['Co', 'Mn', 'Ti']",550.0,0.7621206197738647,0.17765151162387452
"{'Co': 0.33774, 'Mn': 0.54345, 'Ti': 0.11881}","['Co', 'Mn', 'Ti']",550.0,0.8622189173698425,0.11432997694717209
"{'Co': 0.24773, 'Mn': 0.41338, 'Ti': 0.33889}","['Co', 'Mn', 'Ti']",550.0,0.8679915151596069,0.052138313429438005
"{'Co': 0.19191, 'Mn': 0.47055, 'Ti': 0.33754}","['Co', 'Mn', 'Ti']",550.0,0.8587944469451904,0.08164999980013993
"{'Co': 0.25537, 'Mn': 0.4931, 'Ti': 0.25153}","['Co', 'Mn', 'Ti']",550.0,0.8588509259223938,0.09048114040374741
"{'Co': 0.35975, 'Mn': 0.46309, 'Ti': 0.17717}","['Co', 'Mn', 'Ti']",550.0,0.8696261010169982,0.07282686638910693
"{'Co': 0.50957, 'Mn': 0.34785, 'Ti': 0.14258}","['Co', 'Mn', 'Ti']",550.0,0.8231819806098938,0.07019473551288163
"{'Co': 0.59538, 'Mn': 0.27372, 'Ti': 0.1309}","['Co', 'Mn', 'Ti']",550.0,0.8711551604270934,0.00537785192914908
"{'Co': 0.32719, 'Mn': 0.26998, 'Ti': 0.40283}","['Co', 'Mn', 'Ti']",550.0,0.8360706839561461,0.04669643854910027
"{'Co': 0.34776, 'Mn': 0.34641, 'Ti': 0.30583}","['Co', 'Mn', 'Ti']",550.0,0.8953378186225891,0.016711696735080384
"{'Co': 0.39889, 'Mn': 0.29418, 'Ti': 0.30694}","['Co', 'Mn', 'Ti']",550.0,0.8401087079048156,0.025263495228801502
"{'Co': 0.56578, 'Mn': 0.26705, 'Ti': 0.16718}","['Co', 'Mn', 'Ti']",550.0,0.7826881418228149,0.018445888868916016
"{'Co': 0.55237, 'Mn': 0.28442, 'Ti': 0.16322}","['Co', 'Mn', 'Ti']",550.0,0.8003665575981139,0.009879108508855483
"{'Co': 0.62351, 'Mn': 0.22295, 'Ti': 0.15353}","['Co', 'Mn', 'Ti']",550.0,0.7681230053901672,0.0493475808240314
"{'Co': 0.33084, 'Mn': 0.1365, 'Ti': 0.53266}","['Co', 'Mn', 'Ti']",550.0,0.8569286499023437,0.011084731645021162
"{'Co': 0.50913, 'Mn': 0.14895, 'Ti': 0.34191}","['Co', 'Mn', 'Ti']",550.0,0.7806204209327697,0.03963977144232145
"{'Co': 0.57898, 'Mn': 0.11944, 'Ti': 0.30158}","['Co', 'Mn', 'Ti']",550.0,0.772791169643402,0.0720540685917003
"{'Co': 0.58552, 'Mn': 0.15702, 'Ti': 0.25746}","['Co', 'Mn', 'Ti']",550.0,0.7529839739799499,0.03344997105657449
"{'Co': 0.79973, 'Mn': 0.09325, 'Ti': 0.10702}","['Co', 'Mn', 'Ti']",550.0,0.722053602695465,0.07781039392471611
"{'Co': 0.83535, 'Mn': 0.06763, 'Ti': 0.09703}","['Co', 'Mn', 'Ti']",550.0,0.7324271521568297,0.07688076035147373
"{'Co': 0.73882, 'Mn': 0.07925, 'Ti': 0.18193}","['Co', 'Mn', 'Ti']",550.0,0.717247673034668,0.10054765308610114
"{'Co': 0.77316, 'Mn': 0.0754, 'Ti': 0.15144}","['Co', 'Mn', 'Ti']",550.0,0.7269054589271545,0.059124540518152635
"{'Co': 0.82207, 'Mn': 0.05399, 'Ti': 0.12393}","['Co', 'Mn', 'Ti']",550.0,0.7052057180404663,0.10556179548347425
"{'Co': 0.58212, 'Mn': 0.04626, 'Ti': 0.37162}","['Co', 'Mn', 'Ti']",550.0,0.7996923265457153,0.04111682505284647
"{'Co': 0.69648, 'Mn': 0.04151, 'Ti': 0.26201}","['Co', 'Mn', 'Ti']",550.0,0.7865228137969971,0.039715958661327044
"{'Co': 0.98893, 'Nb': 0.00621, 'Sn': 0.00486}","['Co', 'Nb', 'Sn']",550.0,0.6738044295310975,0.05489571581663982
"{'Co': 0.926543136933906, 'Nb': 0.05341760069151585, 'Sn': 0.02003926237457808}","['Co', 'Nb', 'Sn']",550.0,0.6680372724533082,0.021102827139337588
"{'Co': 0.9408243545349935, 'Nb': 0.03969243468319845, 'Sn': 0.0194832107818081}","['Co', 'Nb', 'Sn']",550.0,0.6609538373947145,0.02552823333025156
"{'Co': 0.96352, 'Nb': 0.02778, 'Sn': 0.0087}","['Co', 'Nb', 'Sn']",550.0,0.6647899541854859,0.14731383948342475
"{'Co': 0.9260037398553458, 'Nb': 0.053313164721605286, 'Sn': 0.020683095423048914}","['Co', 'Nb', 'Sn']",550.0,0.6693870935440064,0.02814232184669241
"{'Co': 0.98034, 'Nb': 0.01413, 'Sn': 0.00553}","['Co', 'Nb', 'Sn']",550.0,0.6659610781669617,0.04636077055640164
"{'Co': 0.93008, 'Nb': 0.04758, 'Sn': 0.02234}","['Co', 'Nb', 'Sn']",550.0,0.696501720905304,0.004356240085491875
"{'Co': 0.94704, 'Nb': 0.03337, 'Sn': 0.01959}","['Co', 'Nb', 'Sn']",550.0,0.6853475246429445,0.0016710341612390378
"{'Co': 0.93479, 'Nb': 0.04883, 'Sn': 0.01638}","['Co', 'Nb', 'Sn']",550.0,0.6748720083236696,0.033117337419703435
"{'Co': 0.92741, 'Nb': 0.0477, 'Sn': 0.02489}","['Co', 'Nb', 'Sn']",550.0,0.6792117366790772,0.020728758789042262
"{'Co': 0.92733, 'Nb': 0.05021, 'Sn': 0.02246}","['Co', 'Nb', 'Sn']",550.0,0.6777949891090393,0.06895144422114075
"{'Co': 0.91462, 'Nb': 0.07141, 'Sn': 0.01397}","['Co', 'Nb', 'Sn']",550.0,0.6717733440399171,0.06758123751747994
"{'Co': 0.92463, 'Nb': 0.06517, 'Sn': 0.0102}","['Co', 'Nb', 'Sn']",550.0,0.6771086463928223,0.026983012388295646
"{'Co': 0.7557961566219855, 'Nb': 0.1385600356233834, 'Sn': 0.10564380775463114}","['Co', 'Nb', 'Sn']",550.0,0.707877567768097,0.025935620413637117
"{'Co': 0.915, 'Nb': 0.0611, 'Sn': 0.02391}","['Co', 'Nb', 'Sn']",550.0,0.7049777684211732,0.024883499286556393
"{'Co': 0.90352, 'Nb': 0.07348, 'Sn': 0.023}","['Co', 'Nb', 'Sn']",550.0,0.6987730488777162,0.008678689467357753
"{'Co': 0.94772, 'Nb': 0.04372, 'Sn': 0.00855}","['Co', 'Nb', 'Sn']",550.0,0.6908908138275147,0.021931811871478496
"{'Co': 0.94055, 'Nb': 0.04972, 'Sn': 0.00973}","['Co', 'Nb', 'Sn']",550.0,0.6876053104400636,0.02797303219334732
"{'Co': 0.92077, 'Nb': 0.07009, 'Sn': 0.00914}","['Co', 'Nb', 'Sn']",550.0,0.6830524644851685,0.03505288001310647
"{'Co': 0.8545, 'Nb': 0.11783, 'Sn': 0.02767}","['Co', 'Nb', 'Sn']",550.0,0.690268913269043,0.0007782853336296691
"{'Co': 0.82048, 'Nb': 0.13879, 'Sn': 0.04073}","['Co', 'Nb', 'Sn']",550.0,0.7398799738883973,0.01433237048223683
"{'Co': 0.83885, 'Nb': 0.14679, 'Sn': 0.01436}","['Co', 'Nb', 'Sn']",550.0,0.701315592288971,0.018557381740664458
"{'Co': 0.76782, 'Nb': 0.19134, 'Sn': 0.04084}","['Co', 'Nb', 'Sn']",550.0,0.7073270592689515,0.016692068959608328
"{'Co': 0.76589, 'Nb': 0.20243, 'Sn': 0.03169}","['Co', 'Nb', 'Sn']",550.0,0.6942747340202332,0.03740614779202564
"{'Co': 0.72209, 'Nb': 0.22902, 'Sn': 0.04888}","['Co', 'Nb', 'Sn']",550.0,0.7454138622283937,0.02960695034367339
"{'Co': 0.72144, 'Nb': 0.24086, 'Sn': 0.0377}","['Co', 'Nb', 'Sn']",550.0,0.7847539529800416,0.008250159230995618
"{'Co': 0.477187604600918, 'Nb': 0.3282476046265705, 'Sn': 0.1945647907725116}","['Co', 'Nb', 'Sn']",550.0,0.839877389431,0.04252954837869949
"{'Co': 0.70247, 'Nb': 0.2228, 'Sn': 0.07473}","['Co', 'Nb', 'Sn']",550.0,0.8227192053794863,0.0068493381414801435
"{'Co': 0.77269, 'Nb': 0.16338, 'Sn': 0.06393}","['Co', 'Nb', 'Sn']",550.0,0.7402556500434876,0.009261984595236264
"{'Co': 0.79862, 'Nb': 0.14474, 'Sn': 0.05664}","['Co', 'Nb', 'Sn']",550.0,0.7259008584022523,0.020757504069604485
"{'Co': 0.66043, 'Nb': 0.26931, 'Sn': 0.07026}","['Co', 'Nb', 'Sn']",550.0,0.8037153849601748,0.005722258379751155
"{'Co': 0.61992, 'Nb': 0.33273, 'Sn': 0.04735}","['Co', 'Nb', 'Sn']",550.0,0.894096675872803,0.005126599580354996
"{'Co': 0.56077, 'Nb': 0.35571, 'Sn': 0.08352}","['Co', 'Nb', 'Sn']",550.0,0.8595887813568117,0.005477992102022822
"{'Co': 0.8912674441616275, 'Nb': 0.06320898461742369, 'Sn': 0.0455235712209487}","['Co', 'Nb', 'Sn']",700.0,0.6886127853393557,0.08229222978102244
"{'Co': 0.9090952457833508, 'Nb': 0.05705738857751444, 'Sn': 0.03384736563913481}","['Co', 'Nb', 'Sn']",700.0,0.687172145843506,0.10885394310381061
"{'Co': 0.9103825756821198, 'Nb': 0.059063540300838255, 'Sn': 0.030553884017042014}","['Co', 'Nb', 'Sn']",700.0,0.6807690262794496,0.13744823830557243
"{'Co': 0.9342403992767299, 'Nb': 0.045587570439990496, 'Sn': 0.02017203028327965}","['Co', 'Nb', 'Sn']",700.0,0.678104283809662,0.21131063096156935
"{'Co': 0.942413926402918, 'Nb': 0.03532870506527363, 'Sn': 0.02225736853180836}","['Co', 'Nb', 'Sn']",700.0,0.6808003425598146,0.21563437334787097
"{'Co': 0.919639414186016, 'Nb': 0.06006078599052431, 'Sn': 0.020299799823459672}","['Co', 'Nb', 'Sn']",700.0,0.6766162109375001,0.16928349410558716
"{'Co': 0.8203902074784668, 'Nb': 0.11262115642366968, 'Sn': 0.06698863609786349}","['Co', 'Nb', 'Sn']",700.0,0.7050141215324404,0.006084417211427745
"{'Co': 0.8505102206575892, 'Nb': 0.09701256317109394, 'Sn': 0.05247721617131679}","['Co', 'Nb', 'Sn']",700.0,0.7022449922561647,0.03759656804108277
"{'Co': 0.8592852001649688, 'Nb': 0.1054992309669618, 'Sn': 0.03521556886806938}","['Co', 'Nb', 'Sn']",700.0,0.6806310701370241,0.0786270298176179
"{'Co': 0.8812122636191585, 'Nb': 0.0760527675716343, 'Sn': 0.04273496880920731}","['Co', 'Nb', 'Sn']",700.0,0.6879111719131471,0.0476654558426102
"{'Co': 0.9043126185345103, 'Nb': 0.0634654382356836, 'Sn': 0.0322219432298061}","['Co', 'Nb', 'Sn']",700.0,0.6810824823379518,0.10745753317027426
"{'Co': 0.8470905786747097, 'Nb': 0.11828962208630432, 'Sn': 0.034619799238985886}","['Co', 'Nb', 'Sn']",700.0,0.6820279073715212,0.1018212181165011
"{'Co': 0.8300857459242147, 'Nb': 0.13044172155720948, 'Sn': 0.039472532518575874}","['Co', 'Nb', 'Sn']",700.0,0.6904860949516298,0.052274330445898326
"{'Co': 0.8364948878181174, 'Nb': 0.131581888069388, 'Sn': 0.03192322411249455}","['Co', 'Nb', 'Sn']",700.0,0.6840641379356386,0.07915378881974669
"{'Co': 0.7626442703200415, 'Nb': 0.17853615221573732, 'Sn': 0.05881957746422121}","['Co', 'Nb', 'Sn']",700.0,0.6960128521919252,0.006394745414079389
"{'Co': 0.8068004417930941, 'Nb': 0.14361801100355262, 'Sn': 0.04958154720335318}","['Co', 'Nb', 'Sn']",700.0,0.6992517495155336,0.01809248900500729
"{'Co': 0.7848239981454507, 'Nb': 0.16212505402214444, 'Sn': 0.05305094783240494}","['Co', 'Nb', 'Sn']",700.0,0.6995740079879762,0.007943576276819714
"{'Co': 0.8262072863669209, 'Nb': 0.1314235391701508, 'Sn': 0.04236917446292834}","['Co', 'Nb', 'Sn']",700.0,0.689521052837372,0.025199913911204463
"{'Co': 0.8214970534536226, 'Nb': 0.13814022722525093, 'Sn': 0.040362719321126506}","['Co', 'Nb', 'Sn']",700.0,0.692487246990204,0.04759000603308275
"{'Co': 0.8156402260544453, 'Nb': 0.13831077310231976, 'Sn': 0.04604900084323485}","['Co', 'Nb', 'Sn']",700.0,0.690401966571808,0.02485664490981529
"{'Co': 0.92741, 'Nb': 0.0477, 'Sn': 0.02489}","['Co', 'Nb', 'Sn']",700.0,0.6997348642349245,0.004503332117628378
"{'Ni': 0.81716, 'Al': 0.06195, 'Ti': 0.12088}","['Al', 'Ni', 'Ti']",550.0,0.8054172358512878,0.35582973323962874
"{'Ni': 0.8345, 'Al': 0.05527, 'Ti': 0.11023}","['Al', 'Ni', 'Ti']",550.0,0.7882024846076964,0.5371018716519688
"{'Ni': 0.82948, 'Al': 0.05864, 'Ti': 0.11188}","['Al', 'Ni', 'Ti']",550.0,0.7842227277755736,0.5153829676414579
"{'Ni': 0.82042, 'Al': 0.07098, 'Ti': 0.1086}","['Al', 'Ni', 'Ti']",550.0,0.7929255590438841,0.4647097194404629
"{'Ni': 0.81939, 'Al': 0.07325, 'Ti': 0.10735}","['Al', 'Ni', 'Ti']",550.0,0.7942695174217222,0.5107689262594881
"{'Ni': 0.79126, 'Al': 0.09139, 'Ti': 0.11734}","['Al', 'Ni', 'Ti']",550.0,0.8030893001556396,0.3955225892812546
"{'Ni': 0.64651, 'Al': 0.08523, 'Ti': 0.26825}","['Al', 'Ni', 'Ti']",550.0,0.8847695813179015,0.2557519624255131
"{'Ni': 0.60126, 'Al': 0.10192, 'Ti': 0.29682}","['Al', 'Ni', 'Ti']",550.0,0.88908935880661,0.25975230647900704
"{'Ni': 0.67953, 'Al': 0.08632, 'Ti': 0.23415}","['Al', 'Ni', 'Ti']",550.0,0.8652588877677917,0.3340235063606223
"{'Ni': 0.74782, 'Al': 0.10035, 'Ti': 0.15183}","['Al', 'Ni', 'Ti']",550.0,0.8563064608573913,0.3606861668690229
"{'Ni': 0.69915, 'Al': 0.12813, 'Ti': 0.17271}","['Al', 'Ni', 'Ti']",550.0,0.8734662446975707,0.3428215129749202
"{'Ni': 0.73866, 'Al': 0.11556, 'Ti': 0.14578}","['Al', 'Ni', 'Ti']",550.0,0.8501607522964477,0.3367129733703136
"{'Ni': 0.65596, 'Al': 0.18244, 'Ti': 0.1616}","['Al', 'Ni', 'Ti']",550.0,0.8791464910507202,0.21329037115998672
"{'Ni': 0.58954, 'Al': 0.2307, 'Ti': 0.17976}","['Al', 'Ni', 'Ti']",550.0,0.889707993030548,0.17739232597788102
"{'Ni': 0.60489, 'Al': 0.22557, 'Ti': 0.16953}","['Al', 'Ni', 'Ti']",550.0,0.8882873759269714,0.17686186081105054
"{'Ni': 0.41086, 'Al': 0.10173, 'Ti': 0.48741}","['Al', 'Ni', 'Ti']",550.0,0.8919807658195495,0.1547565814777415
"{'Ni': 0.54008, 'Al': 0.12701, 'Ti': 0.33291}","['Al', 'Ni', 'Ti']",550.0,0.8839124999046325,0.3290842113518864
"{'Ni': 0.60322, 'Al': 0.11983, 'Ti': 0.27695}","['Al', 'Ni', 'Ti']",550.0,0.8913614664077758,0.2742965880392763
"{'Ni': 0.56427, 'Al': 0.14478, 'Ti': 0.29095}","['Al', 'Ni', 'Ti']",550.0,0.8931729397773742,0.23843282394359627
"{'Ni': 0.55805, 'Al': 0.23319, 'Ti': 0.20876}","['Al', 'Ni', 'Ti']",550.0,0.898697548866272,0.18225063682075243
"{'Ni': 0.59332, 'Al': 0.21623, 'Ti': 0.19045}","['Al', 'Ni', 'Ti']",550.0,0.8927947483062744,0.19820263155639714
"{'Ni': 0.52801, 'Al': 0.26561, 'Ti': 0.20637}","['Al', 'Ni', 'Ti']",550.0,0.8862559399604797,0.1493624788219628
"{'Ni': 0.33831, 'Al': 0.14018, 'Ti': 0.52151}","['Al', 'Ni', 'Ti']",550.0,0.8918632278442382,0.12139960025093638
"{'Mn': 0.85867, 'Co': 0.06586, 'Mo': 0.07547}","['Co', 'Mn', 'Mo']",550.0,0.7381403033256533,0.11687612513403961
"{'Mn': 0.6974685523763048, 'Co': 0.12446397163500819, 'Mo': 0.17806747598868708}","['Co', 'Mn', 'Mo']",550.0,0.7549720232009889,0.13812853936186295
"{'Mn': 0.4963639939584298, 'Co': 0.0738018278910136, 'Mo': 0.4298341781505566}","['Co', 'Mn', 'Mo']",550.0,0.7354081789970399,0.11167476650448194
"{'Mn': 0.81403, 'Co': 0.13716, 'Mo': 0.04882}","['Co', 'Mn', 'Mo']",550.0,0.7375421874046327,0.133699527859391
"{'Mn': 0.82367, 'Co': 0.12839, 'Mo': 0.04794}","['Co', 'Mn', 'Mo']",550.0,0.7564740697860719,0.14578994982324345
"{'Mn': 0.76835, 'Co': 0.18043, 'Mo': 0.05122}","['Co', 'Mn', 'Mo']",550.0,0.7471959535598757,0.1577481900957857
"{'Mn': 0.58328, 'Co': 0.12021, 'Mo': 0.29651}","['Co', 'Mn', 'Mo']",550.0,0.8017221467018129,0.05299115070019611
"{'Mn': 0.55058, 'Co': 0.14196, 'Mo': 0.30745}","['Co', 'Mn', 'Mo']",550.0,0.839315330219269,0.06895991344248972
"{'Mn': 0.63881, 'Co': 0.1348, 'Mo': 0.2264}","['Co', 'Mn', 'Mo']",550.0,0.7533391134262086,0.10979187447960716
"{'Mn': 0.3461938165534089, 'Co': 0.2848358211307214, 'Mo': 0.36897036231586966}","['Co', 'Mn', 'Mo']",550.0,0.7518293659210207,0.11468606548545138
"{'Mn': 0.2956930961572958, 'Co': 0.3384544033968966, 'Mo': 0.3658525004458075}","['Co', 'Mn', 'Mo']",550.0,0.7772201768875123,0.06965640697675043
"{'Mn': 0.30980852888450033, 'Co': 0.3318384750869379, 'Mo': 0.3583529960285617}","['Co', 'Mn', 'Mo']",550.0,0.7697845499038698,0.07269272344033603
"{'Mn': 0.42351, 'Co': 0.282, 'Mo': 0.29448}","['Co', 'Mn', 'Mo']",550.0,0.7566327254295351,0.05582135708577776
"{'Mn': 0.44044, 'Co': 0.27372, 'Mo': 0.28584}","['Co', 'Mn', 'Mo']",550.0,0.7659761421203615,0.09603980189925754
"{'Mn': 0.56719, 'Co': 0.23793, 'Mo': 0.19487}","['Co', 'Mn', 'Mo']",550.0,0.774674147796631,0.09947183678626959
"{'Mn': 0.3343, 'Co': 0.12634, 'Mo': 0.53936}","['Co', 'Mn', 'Mo']",550.0,0.8727862016677858,0.04781640966811666
"{'Mn': 0.43135, 'Co': 0.2263, 'Mo': 0.34235}","['Co', 'Mn', 'Mo']",550.0,0.7796101490974428,0.04744502648426076
"{'Mn': 0.5074, 'Co': 0.22654, 'Mo': 0.26606}","['Co', 'Mn', 'Mo']",550.0,0.771576654148102,0.0826665633426771
"{'Mn': 0.451, 'Co': 0.27596, 'Mo': 0.27304}","['Co', 'Mn', 'Mo']",550.0,0.7533701006889345,0.07776797799034707
"{'Mn': 0.1802275837885461, 'Co': 0.47963664436028147, 'Mo': 0.34013577185117244}","['Co', 'Mn', 'Mo']",550.0,0.743433000278473,0.03955950497397043
"{'Mn': 0.42857, 'Co': 0.43757, 'Mo': 0.13386}","['Co', 'Mn', 'Mo']",550.0,0.7552676693916323,0.039856960019274634
"{'Mn': 0.67829, 'Co': 0.29183, 'Mo': 0.02988}","['Co', 'Mn', 'Mo']",550.0,0.7304372279167177,0.09174610797694543
"{'Mn': 0.24422, 'Co': 0.22363, 'Mo': 0.53215}","['Co', 'Mn', 'Mo']",550.0,0.8133775727272036,0.044388469479300766
"{'Mn': 0.2726, 'Co': 0.44989, 'Mo': 0.27751}","['Co', 'Mn', 'Mo']",550.0,0.750319911670685,0.05904673609670549
"{'Mn': 0.22112, 'Co': 0.52452, 'Mo': 0.25437}","['Co', 'Mn', 'Mo']",550.0,0.7409054462432862,0.09518882419770605
"{'Mn': 0.25312, 'Co': 0.53228, 'Mo': 0.2146}","['Co', 'Mn', 'Mo']",550.0,0.7265088932037355,0.09772689515368368
"{'Mn': 0.19985, 'Co': 0.41644, 'Mo': 0.38371}","['Co', 'Mn', 'Mo']",550.0,0.7200099579811098,0.05451506872630443
"{'Mn': 0.26557, 'Co': 0.3796, 'Mo': 0.35483}","['Co', 'Mn', 'Mo']",550.0,0.7331864659309388,0.04182642553906138
"{'Mn': 0.40424, 'Co': 0.28712, 'Mo': 0.30864}","['Co', 'Mn', 'Mo']",550.0,0.7403623764038088,0.04688602676381903
"{'Mn': 0.13293, 'Co': 0.2835, 'Mo': 0.58357}","['Co', 'Mn', 'Mo']",550.0,0.8703830544471742,0.009626460717987811
"{'Mn': 0.15995, 'Co': 0.32144, 'Mo': 0.51861}","['Co', 'Mn', 'Mo']",550.0,0.774881974887848,0.03652561347636099
"{'Mn': 0.13861, 'Co': 0.37814, 'Mo': 0.48324}","['Co', 'Mn', 'Mo']",550.0,0.7358798186302187,0.05166014284238944
"{'Mn': 0.14097, 'Co': 0.67283, 'Mo': 0.1862}","['Co', 'Mn', 'Mo']",550.0,0.7026730267524721,0.050845878484084145
"{'Mn': 0.5333, 'Co': 0.24857, 'Mo': 0.21813}","['Co', 'Mn', 'Mo']",550.0,0.7174546901702883,0.04674638952374269
"{'Mn': 0.55762, 'Co': 0.25991, 'Mo': 0.18246}","['Co', 'Mn', 'Mo']",550.0,0.6858243052482607,0.06842662465731361
"{'Mn': 0.0975, 'Co': 0.52042, 'Mo': 0.38208}","['Co', 'Mn', 'Mo']",550.0,0.7022748105049135,0.053479322733337484
"{'Mn': 0.09312, 'Co': 0.59741, 'Mo': 0.30947}","['Co', 'Mn', 'Mo']",550.0,0.7141264979362489,0.06210862349897267
"{'Mn': 0.09515, 'Co': 0.64816, 'Mo': 0.2567}","['Co', 'Mn', 'Mo']",550.0,0.6837118236541749,0.07540248006058844
"{'Ni': 0.81526, 'Al': 0.01657, 'Ti': 0.16817}","['Al', 'Ni', 'Ti']",700.0,0.8806022303581238,0.1778464946633819
"{'Ni': 0.83801, 'Al': 0.0294, 'Ti': 0.13259}","['Al', 'Ni', 'Ti']",700.0,0.835484732913971,0.3044813195856775
"{'Ni': 0.85382, 'Al': 0.02653, 'Ti': 0.11965}","['Al', 'Ni', 'Ti']",700.0,0.8207457249641419,0.3818385297564123
"{'Ni': 0.88647, 'Al': 0.03127, 'Ti': 0.08226}","['Al', 'Ni', 'Ti']",700.0,0.7827864807128907,0.5226322286779773
"{'Ni': 0.90062, 'Al': 0.02009, 'Ti': 0.07928}","['Al', 'Ni', 'Ti']",700.0,0.787701855712241,0.5546976333903082
"{'Ni': 0.88425, 'Al': 0.03188, 'Ti': 0.08386}","['Al', 'Ni', 'Ti']",700.0,0.7942406099319459,0.5076535620685728
"{'Ni': 0.76654, 'Al': 0.04548, 'Ti': 0.18798}","['Al', 'Ni', 'Ti']",700.0,0.8856498306274415,0.23278190520223963
"{'Ni': 0.79133, 'Al': 0.05465, 'Ti': 0.15402}","['Al', 'Ni', 'Ti']",700.0,0.8660756628990174,0.28792964812731553
"{'Mn': 0.2615318320194931, 'Nb': 0.65354923720631, 'Zn': 0.0849189307741969}","['Mn', 'Nb', 'Zn']",550.0,0.7883120784759524,0.02066231791969586
"{'Mn': 0.3317121997256974, 'Nb': 0.5737863308979348, 'Zn': 0.09450146937636782}","['Mn', 'Nb', 'Zn']",550.0,0.7893397197723391,0.03178521643146899
"{'Mn': 0.2977407977691986, 'Nb': 0.6251715775869627, 'Zn': 0.07708762464383873}","['Mn', 'Nb', 'Zn']",550.0,0.7667269954681398,0.02139393177097118
"{'Mn': 0.22133679095377218, 'Nb': 0.702356710536139, 'Zn': 0.07630649851008875}","['Mn', 'Nb', 'Zn']",550.0,0.8432977733612063,0.010487069328418613
"{'Mn': 0.2428682938375978, 'Nb': 0.6655608198263939, 'Zn': 0.09157088633600843}","['Mn', 'Nb', 'Zn']",550.0,0.8227140340805056,0.014551079568469266
"{'Mn': 0.15490147151663597, 'Nb': 0.7207635399887081, 'Zn': 0.12433498849465592}","['Mn', 'Nb', 'Zn']",550.0,0.8865406904220583,0.01071525980599533
"{'Al': 0.24157, 'Co': 0.65353, 'Bi': 0.10491}","['Al', 'Bi', 'Co']",700.0,0.8692211980819701,0.062168017208829224
"{'Al': 0.15654, 'Co': 0.79631, 'Bi': 0.04716}","['Al', 'Bi', 'Co']",700.0,0.7494421977996827,0.035679556649002186
"{'Al': 0.16474, 'Co': 0.80453, 'Bi': 0.03072}","['Al', 'Bi', 'Co']",700.0,0.7868296761512756,0.15828133683061352
"{'Al': 0.11106, 'Co': 0.86436, 'Bi': 0.02458}","['Al', 'Bi', 'Co']",700.0,0.734944347858429,0.05636133262061277
"{'Al': 0.11364, 'Co': 0.78785, 'Bi': 0.09851}","['Al', 'Bi', 'Co']",700.0,0.7276758403778076,0.0570072333792479
"{'Al': 0.07341, 'Co': 0.84697, 'Bi': 0.07962}","['Al', 'Bi', 'Co']",700.0,0.7206091136932373,0.06060717121054615
"{'Al': 0.07305, 'Co': 0.86282, 'Bi': 0.06413}","['Al', 'Bi', 'Co']",700.0,0.7065490312576295,0.04733975035210147
"{'Al': 0.07985, 'Co': 0.75313, 'Bi': 0.16702}","['Al', 'Bi', 'Co']",700.0,0.8280500693321227,0.11481317194271157
"{'Al': 0.21144, 'Co': 0.70666, 'Bi': 0.0819}","['Al', 'Bi', 'Co']",550.0,0.7018234033584595,0.03901454372808333
"{'Al': 0.23502, 'Co': 0.70429, 'Bi': 0.06069}","['Al', 'Bi', 'Co']",550.0,0.7172883052825928,0.046226097400403204
"{'Al': 0.18503, 'Co': 0.76241, 'Bi': 0.05256}","['Al', 'Bi', 'Co']",550.0,0.674008183002472,0.044759622333757465
"{'Al': 0.11973, 'Co': 0.69697, 'Bi': 0.1833}","['Al', 'Bi', 'Co']",550.0,0.8129040212631224,0.12651451236531236
"{'Al': 0.13626, 'Co': 0.7252, 'Bi': 0.13854}","['Al', 'Bi', 'Co']",550.0,0.7460420508384705,0.06682472893909008
"{'Al': 0.06649, 'Co': 0.88887, 'Bi': 0.04464}","['Al', 'Bi', 'Co']",550.0,0.6541446084976197,0.0852341949166604
"{'Al': 0.04787, 'Co': 0.91504, 'Bi': 0.03708}","['Al', 'Bi', 'Co']",550.0,0.6726826400756836,0.07685367117984238
"{'Al': 0.03683, 'Co': 0.93305, 'Bi': 0.03012}","['Al', 'Bi', 'Co']",550.0,0.6663611741065979,0.029175086563227814
"{'Al': 0.10301, 'Co': 0.38402, 'Bi': 0.51297}","['Al', 'Bi', 'Co']",550.0,0.8384937663078307,0.3838250105380458
"{'Al': 0.12938, 'Co': 0.47388, 'Bi': 0.39673}","['Al', 'Bi', 'Co']",550.0,0.8600676317214965,0.23569218820287643
"{'Al': 0.10913, 'Co': 0.55674, 'Bi': 0.33413}","['Al', 'Bi', 'Co']",550.0,0.8265290875434874,0.07439922865878945
"{'Al': 0.05582, 'Co': 0.84329, 'Bi': 0.10089}","['Al', 'Bi', 'Co']",550.0,0.6543114466667176,0.08289266450494986
"{'Al': 0.05515, 'Co': 0.86475, 'Bi': 0.0801}","['Al', 'Bi', 'Co']",550.0,0.6655452461242676,0.0870552647682184
"{'Al': 0.03748, 'Co': 0.898, 'Bi': 0.06452}","['Al', 'Bi', 'Co']",550.0,0.6427863283157349,0.09150336707012424
"{'Al': 0.04198, 'Co': 0.80084, 'Bi': 0.15718}","['Al', 'Bi', 'Co']",550.0,0.8713097949028014,0.08102231689038525
"{""Ag"": 0.9101565902205125, ""Ge"": 0.03901341351769691, ""Hf"": 0.050829996261790564}","['Ag', 'Ge', 'Hf']",,0.8634644728899002,0.8862554593752899
"{""Ag"": 0.917911210301005, ""Ge"": 0.03375572209900701, ""Hf"": 0.04833306759998804}","['Ag', 'Ge', 'Hf']",,0.8065307670831681,0.945973671149828
"{""Ag"": 0.8979529094921762, ""Ge"": 0.0522122657089524, ""Hf"": 0.04983482479887142}","['Ag', 'Ge', 'Hf']",,0.8778154951334,0.8201056689586256
"{""Ag"": 0.8889489936558213, ""Ge"": 0.0356477142057993, ""Hf"": 0.07540329213837943}","['Ag', 'Ge', 'Hf']",550.0,0.8842443448305133,0.6182040202927108
"{""Ag"": 0.8695806319745786, ""Ge"": 0.07332500006516146, ""Hf"": 0.057094367960259886}","['Ag', 'Ge', 'Hf']",550.0,0.817467768788338,0.5411350194662304
"{""Ag"": 0.8817307985679647, ""Ge"": 0.0688672848379044, ""Hf"": 0.04940191659413093}","['Ag', 'Ge', 'Hf']",550.0,0.8527464252710345,0.587533849135921
"{""Ag"": 0.8494260384838643, ""Ge"": 0.09715143683692376, ""Hf"": 0.05342252467921191}","['Ag', 'Ge', 'Hf']",550.0,0.7943717175722124,0.46194686176014454
"{""Ag"": 0.5769189894476686, ""Ge"": 0.06267003519861485, ""Hf"": 0.36041097535371647}","['Ag', 'Ge', 'Hf']",550.0,0.8390462571382525,0.16001462771024744
"{""Ag"": 0.6899281013929319, ""Ge"": 0.058095779267176566, ""Hf"": 0.25197611933989145}","['Ag', 'Ge', 'Hf']",550.0,0.8321225506067279,0.25117474704812703
"{""Ag"": 0.7720229898496914, ""Ge"": 0.10202200969030846, ""Hf"": 0.12595500046000022}","['Ag', 'Ge', 'Hf']",550.0,0.8123544627428058,0.41098693676428555
"{""Ag"": 0.7069139004905907, ""Ge"": 0.13593566510743485, ""Hf"": 0.1571504344019745}","['Ag', 'Ge', 'Hf']",550.0,0.8462445503473285,0.3263772460593329
"{""Ag"": 0.6220274553181959, ""Ge"": 0.2924656100630363, ""Hf"": 0.08550693461876764}","['Ag', 'Ge', 'Hf']",550.0,0.8119333153963092,0.36573960233096825
"{""Ag"": 0.5360353024508191, ""Ge"": 0.37757741871071343, ""Hf"": 0.0863872788384675}","['Ag', 'Ge', 'Hf']",550.0,0.8277763563394549,0.3666855969474443
"{""Ag"": 0.5664071649341534, ""Ge"": 0.3629017861302668, ""Hf"": 0.07069104893557973}","['Ag', 'Ge', 'Hf']",550.0,0.8352723819017414,0.3237150485165211
"{""Ag"": 0.27509806638860346, ""Ge"": 0.04234015688061137, ""Hf"": 0.6825617767307852}","['Ag', 'Ge', 'Hf']",550.0,0.8864920979738238,0.0412187531930675
"{""Ag"": 0.406525268542338, ""Ge"": 0.043725697345608654, ""Hf"": 0.5497490341120534}","['Ag', 'Ge', 'Hf']",550.0,0.8677172881364825,0.0629742067398415
"{""Ag"": 0.35646975452568375, ""Ge"": 0.05367662411159043, ""Hf"": 0.5898536213627258}","['Ag', 'Ge', 'Hf']",550.0,0.8755359655618671,0.07362349523647194
"{""Ag"": 0.5903663658103749, ""Ge"": 0.1126042266039516, ""Hf"": 0.2970294075856735}","['Ag', 'Ge', 'Hf']",550.0,0.8278319817781451,0.2087499938229554
"{""Ag"": 0.5707439785661409, ""Ge"": 0.14164910790841984, ""Hf"": 0.28760691352543927}","['Ag', 'Ge', 'Hf']",550.0,0.8628922015428546,0.20463056883527653
"{""Ag"": 0.484805485873775, ""Ge"": 0.3572064336456553, ""Hf"": 0.15798808048056973}","['Ag', 'Ge', 'Hf']",550.0,0.8786719232797625,0.3424774274244933
"{""Ag"": 0.5340977452740955, ""Ge"": 0.3336330618542866, ""Hf"": 0.13226919287161804}","['Ag', 'Ge', 'Hf']",550.0,0.8730131322145465,0.3833039504897645
"{""Ag"": 0.4356437712143194, ""Ge"": 0.44987316604688415, ""Hf"": 0.11448306273879645}","['Ag', 'Ge', 'Hf']",550.0,0.8725022321939471,0.294857811065877
"{""Ag"": 0.3050929821814964, ""Ge"": 0.4518108676807637, ""Hf"": 0.24309615013773986}","['Ag', 'Ge', 'Hf']",550.0,0.8777360635995868,0.2839281962317911
"{""Ag"": 0.22636192280371495, ""Ge"": 0.6826123905777839, ""Hf"": 0.09102568661850109}","['Ag', 'Ge', 'Hf']",550.0,0.8837957102060321,0.36169013882122775
"{""Ag"": 0.1883632723776526, ""Ge"": 0.747514728694996, ""Hf"": 0.06412199892735136}","['Ag', 'Ge', 'Hf']",550.0,0.8866921454668047,0.5285927154017591
"{""In"": 0.3030841825770378, ""Mn"": 0.23648063450480195, ""Pd"": 0.46043518291816027}","['In', 'Mn', 'Pd']",,0.6735777109861373,0.16900403713514442
"{""In"": 0.30224067434347124, ""Mn"": 0.22134199218618597, ""Pd"": 0.4764173334703427}","['In', 'Mn', 'Pd']",,0.7227699702978133,0.16544900900921589
"{""In"": 0.32896188337225674, ""Mn"": 0.26423614068875634, ""Pd"": 0.40680197593898687}","['In', 'Mn', 'Pd']",,0.6942380064725875,0.14432907491241617
"{""In"": 0.09765043768859957, ""Mn"": 0.21338520725684687, ""Pd"": 0.6889643550545536}","['In', 'Mn', 'Pd']",,0.591229776740074,0.34450317348394377
"{""In"": 0.09571536581703892, ""Mn"": 0.25730804212694447, ""Pd"": 0.6469765920560167}","['In', 'Mn', 'Pd']",,0.5930064386129378,0.3218811563332477
"{""In"": 0.07775666649006174, ""Mn"": 0.3066161909085832, ""Pd"": 0.615627142601355}","['In', 'Mn', 'Pd']",,0.6108546179533003,0.1909010816270892
"{""In"": 0.0650824434302943, ""Mn"": 0.018730465340316065, ""Pd"": 0.9161870912293896}","['In', 'Mn', 'Pd']",,0.5968451493978499,0.8147244681690868
"{""In"": 0.03829737847977238, ""Mn"": 0.021671502319797566, ""Pd"": 0.94003111920043}","['In', 'Mn', 'Pd']",,0.4501405566930769,0.7397095833108318
"{""In"": 0.06362177649416619, ""Mn"": 0.026066824590301282, ""Pd"": 0.9103113989155325}","['In', 'Mn', 'Pd']",,0.5801154750585554,0.6468382237789515
"{""In"": 0.04009563164933452, ""Mn"": 0.687476608887267, ""Pd"": 0.2724277594633984}","['In', 'Mn', 'Pd']",,0.7596009844541548,0.4559768028196539
"{""In"": 0.038229382354695265, ""Mn"": 0.7245933352881092, ""Pd"": 0.23717728235719557}","['In', 'Mn', 'Pd']",,0.7439515489339827,0.4431472367321386
"{""In"": 0.024548097272416972, ""Mn"": 0.8318328689345476, ""Pd"": 0.1436190337930354}","['In', 'Mn', 'Pd']",,0.7343970364332197,0.27145151349106916
"{""In"": 0.2360897577944854, ""Mn"": 0.15734990318291958, ""Pd"": 0.606560339022595}","['In', 'Mn', 'Pd']",550.0,0.8425448006391525,0.08587429202907101
"{""In"": 0.2751377635220254, ""Mn"": 0.15466258695960994, ""Pd"": 0.5701996495183647}","['In', 'Mn', 'Pd']",550.0,0.7436599057912828,0.08636465239534397
"{""In"": 0.28985393550867283, ""Mn"": 0.1965331105863635, ""Pd"": 0.5136129539049638}","['In', 'Mn', 'Pd']",550.0,0.6319263428449631,0.06892990295134852
"{""In"": 0.33238572777481723, ""Mn"": 0.31711498462046817, ""Pd"": 0.3504992876047146}","['In', 'Mn', 'Pd']",550.0,0.7476514047384264,0.1197541736106638
"{""In"": 0.34809083517660677, ""Mn"": 0.4123490221533221, ""Pd"": 0.2395601426700711}","['In', 'Mn', 'Pd']",550.0,0.7197696274518968,0.07886907117787928
"{""In"": 0.33966068986042264, ""Mn"": 0.4275171395213902, ""Pd"": 0.23282217061818725}","['In', 'Mn', 'Pd']",550.0,0.6736618608236314,0.09873382456555836
"{""In"": 0.08788896855855852, ""Mn"": 0.07408525184201467, ""Pd"": 0.8380257795994268}","['In', 'Mn', 'Pd']",550.0,0.5725008076429368,0.045708308744391746
"{""In"": 0.0794766217857298, ""Mn"": 0.07566483550407968, ""Pd"": 0.8448585427101906}","['In', 'Mn', 'Pd']",550.0,0.567466544508934,0.01057525842389806
"{""In"": 0.07777877513096047, ""Mn"": 0.10658976478394228, ""Pd"": 0.8156314600850972}","['In', 'Mn', 'Pd']",550.0,0.56852873980999,0.09610051014481041
"{""In"": 0.14936205447243683, ""Mn"": 0.2076901438187493, ""Pd"": 0.6429478017088139}","['In', 'Mn', 'Pd']",550.0,0.5842463439702987,0.10554558982171727
"{""In"": 0.12669507241346578, ""Mn"": 0.2731046362684877, ""Pd"": 0.6002002913180464}","['In', 'Mn', 'Pd']",550.0,0.5738076657056809,0.052957494202505506
"{""In"": 0.1760374963110452, ""Mn"": 0.2991179441506801, ""Pd"": 0.5248445595382746}","['In', 'Mn', 'Pd']",550.0,0.585880908370018,0.12028222871535885
"{""In"": 0.17840931338889668, ""Mn"": 0.532916768531654, ""Pd"": 0.2886739180794493}","['In', 'Mn', 'Pd']",550.0,0.6049583238363266,0.1002227960257894
"{""In"": 0.13954616380714097, ""Mn"": 0.6422981138632722, ""Pd"": 0.21815572232958683}","['In', 'Mn', 'Pd']",550.0,0.6071987336874008,0.10508448943869789
"{""In"": 0.09775736023697856, ""Mn"": 0.7060988265887281, ""Pd"": 0.19614381317429339}","['In', 'Mn', 'Pd']",550.0,0.6222271698713303,0.10692063522025753
"{""In"": 0.05784410646262761, ""Mn"": 0.028938087027910276, ""Pd"": 0.9132178065094622}","['In', 'Mn', 'Pd']",550.0,0.5624572414159775,0.024030096613606
"{""In"": 0.08561389016399013, ""Mn"": 0.1313398420440644, ""Pd"": 0.7830462677919455}","['In', 'Mn', 'Pd']",550.0,0.5577926152944565,0.06942793506225348
"{""In"": 0.08051682457864125, ""Mn"": 0.16358109823978675, ""Pd"": 0.755902077181572}","['In', 'Mn', 'Pd']",550.0,0.5463350719213486,0.04413707724855237
"{""In"": 0.07801338718013939, ""Mn"": 0.39997167883629875, ""Pd"": 0.5220149339835619}","['In', 'Mn', 'Pd']",550.0,0.5432616585493087,0.13914256744020653
"{""In"": 0.11262280234658081, ""Mn"": 0.4597804111391463, ""Pd"": 0.42759678651427285}","['In', 'Mn', 'Pd']",550.0,0.5588343328237534,0.09685427713124314
"{""In"": 0.09657890374188693, ""Mn"": 0.5563088524004375, ""Pd"": 0.3471122438576756}","['In', 'Mn', 'Pd']",550.0,0.5563069456815719,0.10614599770304939
"{""In"": 0.07978659119665726, ""Mn"": 0.2369801359400674, ""Pd"": 0.6832332728632754}","['In', 'Mn', 'Pd']",550.0,0.5088964408636093,0.028395334960814034
"{""In"": 0.07023121592726059, ""Mn"": 0.27670140169429713, ""Pd"": 0.6530673823784422}","['In', 'Mn', 'Pd']",550.0,0.5073652786016464,0.09064949271757772
"{""In"": 0.05218966198465292, ""Mn"": 0.3271353985864145, ""Pd"": 0.6206749394289326}","['In', 'Mn', 'Pd']",550.0,0.5120364803075791,0.08197633523426462
"{""In"": 0.06455292438018106, ""Mn"": 0.6773031227311312, ""Pd"": 0.25814395288868774}","['In', 'Mn', 'Pd']",550.0,0.5420169633626938,0.15819152827760297
"{""In"": 0.019076258686735462, ""Mn"": 0.7665885641674777, ""Pd"": 0.2143351771457868}","['In', 'Mn', 'Pd']",550.0,0.5461546462774277,0.20571546487252063
"{""In"": 0.04425727114758724, ""Mn"": 0.7938268917206271, ""Pd"": 0.16191583713178564}","['In', 'Mn', 'Pd']",550.0,0.5468705457448959,0.19207954890719858
"{""In"": 0.06524340670869531, ""Mn"": 0.02153704629566307, ""Pd"": 0.9132195469956416}","['In', 'Mn', 'Pd']",550.0,0.5418380469083786,0.04412700249311752
"{""In"": 0.06189116978794804, ""Mn"": 0.0987940365867387, ""Pd"": 0.8393147936253132}","['In', 'Mn', 'Pd']",550.0,0.5280686444044114,0.06804108619461524
"{""In"": 0.06314132356524435, ""Mn"": 0.1347090477130088, ""Pd"": 0.8021496287217468}","['In', 'Mn', 'Pd']",550.0,0.5096221154928208,0.03127302247642272
"{""In"": 0.05021822544889951, ""Mn"": 0.5238487840934755, ""Pd"": 0.42593299045762506}","['In', 'Mn', 'Pd']",550.0,0.5219985216856002,0.13374558759479754
"{""In"": 0.0502959325660693, ""Mn"": 0.5788076606219809, ""Pd"": 0.3708964068119499}","['In', 'Mn', 'Pd']",550.0,0.5220180410146713,0.12323196303899603
"{""In"": 0.014397582279969259, ""Mn"": 0.22828835007158713, ""Pd"": 0.7573140676484436}","['In', 'Mn', 'Pd']",550.0,0.4867376297712326,0.07177974049076563
"{""In"": 0.05379369828820083, ""Mn"": 0.33113609723252174, ""Pd"": 0.6150702044792774}","['In', 'Mn', 'Pd']",550.0,0.5008539313077927,0.05801431870535745
"{""Co"": 0.8777554733551486, ""Nb"": 0.0045708764337756835, ""Zr"": 0.11767365021107572}","['Co', 'Nb', 'Zr']",,0.5837942796945572,0.3730822685705847
"{""Co"": 0.9164051639468411, ""Nb"": 0.008361077724177775, ""Zr"": 0.07523375832898115}","['Co', 'Nb', 'Zr']",,0.5400489693880082,0.3796504980056815
"{""Co"": 0.8701521829703703, ""Nb"": 0.03134434171917805, ""Zr"": 0.09850347531045159}","['Co', 'Nb', 'Zr']",,0.5426678472757339,0.3581728209487499
"{""Co"": 0.3119550359208097, ""Nb"": 0.15382503689926566, ""Zr"": 0.5342199271799246}","['Co', 'Nb', 'Zr']",,0.6997920900583269,0.14460273407096025
"{""Co"": 0.40537795228398393, ""Nb"": 0.17793957796546217, ""Zr"": 0.4166824697505539}","['Co', 'Nb', 'Zr']",,0.6647347599267961,0.09658848459192865
"{""Co"": 0.3376272213112016, ""Nb"": 0.2990158926664344, ""Zr"": 0.363356886022364}","['Co', 'Nb', 'Zr']",,0.6908200174570085,0.09726705385254275
"{""Co"": 0.8042304308868713, ""Nb"": 0.0, ""Zr"": 0.19576956911312876}","['Co', 'Nb', 'Zr']",550.0,0.6336570107936859,0.0723025613787841
"{""Co"": 0.8741137104765964, ""Nb"": 0.0, ""Zr"": 0.1258862895234036}","['Co', 'Nb', 'Zr']",550.0,0.6325187504291534,0.06004082947655481
"{""Co"": 0.8571176429274906, ""Nb"": 0.0, ""Zr"": 0.14288235707250938}","['Co', 'Nb', 'Zr']",550.0,0.621104177236557,0.04683737190051512
"{""Co"": 0.8593239793489539, ""Nb"": 0.04272475548422236, ""Zr"": 0.09795126516682379}","['Co', 'Nb', 'Zr']",550.0,0.6260914576053619,0.06230518618346731
"{""Co"": 0.9261011513357204, ""Nb"": 0.04401896558177074, ""Zr"": 0.029879883082508794}","['Co', 'Nb', 'Zr']",550.0,0.645971497297287,0.035776111922194154
"{""Co"": 0.8381564933715236, ""Nb"": 0.081203527384317, ""Zr"": 0.08063997924415944}","['Co', 'Nb', 'Zr']",550.0,0.6522277009487152,0.06143492113700716
"{""Co"": 0.3486243910308095, ""Nb"": 0.0, ""Zr"": 0.6513756089691906}","['Co', 'Nb', 'Zr']",550.0,0.782304812669754,0.03613172739402032
"{""Co"": 0.3358425155318048, ""Nb"": 0.0, ""Zr"": 0.6641574844681951}","['Co', 'Nb', 'Zr']",550.0,0.8049790942668915,0.032472780639526855
"{""Co"": 0.42990475534336436, ""Nb"": 0.0, ""Zr"": 0.5700952446566356}","['Co', 'Nb', 'Zr']",550.0,0.7712748157978058,0.02747342352366955
"{""Co"": 0.6199246991189421, ""Nb"": 0.07102678543167407, ""Zr"": 0.3090485154493838}","['Co', 'Nb', 'Zr']",550.0,0.7241510808467865,0.029730483526135
"{""Co"": 0.512821493028871, ""Nb"": 0.14683700958281382, ""Zr"": 0.34034149738831515}","['Co', 'Nb', 'Zr']",550.0,0.8213746917247772,0.03597740264334581
"{""Co"": 0.622864747433467, ""Nb"": 0.13429422034813462, ""Zr"": 0.24284103221839845}","['Co', 'Nb', 'Zr']",550.0,0.7503811204433442,0.027738457725158816
"{""Co"": 0.34329236925918116, ""Nb"": 0.049674638003428584, ""Zr"": 0.6070329927373902}","['Co', 'Nb', 'Zr']",550.0,0.8209350430965423,0.01646825898379284
"{""Co"": 0.3063044775353653, ""Nb"": 0.08099056972903927, ""Zr"": 0.6127049527355953}","['Co', 'Nb', 'Zr']",550.0,0.8811935436725616,0.03502941458765474
"{""Ni"": 0.2572176187727891, ""Pd"": 0.508789319463049, ""Ta"": 0.23399306176416199}","['Ni', 'Pd', 'Ta']",,0.7371227467060087,0.14910668280276562
"{""Ni"": 0.3196113756423825, ""Pd"": 0.48399855624915367, ""Ta"": 0.19639006810846382}","['Ni', 'Pd', 'Ta']",,0.6373612225055694,0.19197799430329193
"{""Ni"": 0.24465377865737142, ""Pd"": 0.5761164341143308, ""Ta"": 0.1792297872282978}","['Ni', 'Pd', 'Ta']",,0.5942980420589445,0.2303818855379971
"{""Ni"": 0.026333215251755263, ""Pd"": 0.9383426092654501, ""Ta"": 0.0353241754827947}","['Ni', 'Pd', 'Ta']",,0.4687034642696379,0.3362204061409775
"{""Ni"": 0.025925379228627216, ""Pd"": 0.9445033750132045, ""Ta"": 0.02957124575816837}","['Ni', 'Pd', 'Ta']",,0.4892477929592131,0.3559823642058735
"{""Ni"": 0.01962003640423475, ""Pd"": 0.9582928282507238, ""Ta"": 0.022087135345041434}","['Ni', 'Pd', 'Ta']",,0.4672087752819059,0.36477924685165375
"{""Ni"": 0.6737189503909319, ""Pd"": 0.16003636684555925, ""Ta"": 0.16624468276350893}","['Ni', 'Pd', 'Ta']",550.0,0.697703343629837,0.30795162644397456
"{""Ni"": 0.7886657583844673, ""Pd"": 0.059793465104723525, ""Ta"": 0.15154077651080927}","['Ni', 'Pd', 'Ta']",550.0,0.6858397495746612,0.3715110179921043
"{""Ni"": 0.7242119286166461, ""Pd"": 0.1301719350414978, ""Ta"": 0.14561613634185616}","['Ni', 'Pd', 'Ta']",550.0,0.6766250240802765,0.36094866914087675
"{""Ni"": 0.657337481782328, ""Pd"": 0.23366018050265946, ""Ta"": 0.10900233771501261}","['Ni', 'Pd', 'Ta']",550.0,0.5835678184032441,0.3684171388318881
"{""Ni"": 0.6673648371108533, ""Pd"": 0.23197837613478797, ""Ta"": 0.10065678675435884}","['Ni', 'Pd', 'Ta']",550.0,0.6556669294834137,0.3217947372976815
"{""Ni"": 0.5771096468196514, ""Pd"": 0.33448593209567007, ""Ta"": 0.08840442108467854}","['Ni', 'Pd', 'Ta']",550.0,0.5996596205234529,0.26649068685218175
"{""Ni"": 0.49231510358469016, ""Pd"": 0.32405550038177644, ""Ta"": 0.1836293960335334}","['Ni', 'Pd', 'Ta']",550.0,0.7421438944339752,0.08284039350688693
"{""Ni"": 0.4252481907192317, ""Pd"": 0.3943599746635757, ""Ta"": 0.18039183461719255}","['Ni', 'Pd', 'Ta']",550.0,0.658947936296463,0.030750335014948837
"{""Ni"": 0.4635653272966903, ""Pd"": 0.39424566265922917, ""Ta"": 0.14218901004408044}","['Ni', 'Pd', 'Ta']",550.0,0.6161702215671541,0.0572551402319722
"{""Ni"": 0.2918663048139432, ""Pd"": 0.6268718890217759, ""Ta"": 0.0812618061642809}","['Ni', 'Pd', 'Ta']",550.0,0.5566771829128266,0.05477606964246007
"{""Ni"": 0.21891150835216894, ""Pd"": 0.7160803173200231, ""Ta"": 0.06500817432780803}","['Ni', 'Pd', 'Ta']",550.0,0.6472127449512484,0.013930561202903702
"{""Ni"": 0.2400896335397617, ""Pd"": 0.7025565124501356, ""Ta"": 0.057353854010102706}","['Ni', 'Pd', 'Ta']",550.0,0.610106989145279,0.00838916349668195
"{""Ni"": 0.35462782844477203, ""Pd"": 0.30538205132237606, ""Ta"": 0.33999012023285197}","['Ni', 'Pd', 'Ta']",550.0,0.8872745990753177,0.016513624111324843
"{""Ni"": 0.2997070862446293, ""Pd"": 0.38618011791956186, ""Ta"": 0.3141127958358088}","['Ni', 'Pd', 'Ta']",550.0,0.8043539953231814,0.019809067945214753
"{""Ni"": 0.23286157986174183, ""Pd"": 0.6621810128425255, ""Ta"": 0.10495740729573273}","['Ni', 'Pd', 'Ta']",550.0,0.5588768005371092,0.07731245835190004
"{""Ni"": 0.17250256341319753, ""Pd"": 0.7453462175669912, ""Ta"": 0.08215121901981129}","['Ni', 'Pd', 'Ta']",550.0,0.5530721688270568,0.029140868094482575
"{""Ni"": 0.12224298683288626, ""Pd"": 0.710357576894481, ""Ta"": 0.1673994362726327}","['Ni', 'Pd', 'Ta']",550.0,0.6581402492523192,7.061220813120439e-05
"{""Ni"": 0.06497016675708737, ""Pd"": 0.889758224718729, ""Ta"": 0.045271608524183535}","['Ni', 'Pd', 'Ta']",550.0,0.6471228528022764,0.004435774640337842
"{""Ni"": 0.04030263273306417, ""Pd"": 0.9232888243435594, ""Ta"": 0.03640854292337647}","['Ni', 'Pd', 'Ta']",550.0,0.541829900741577,0.064565562206097
"{'Pb': 0.01941, 'W': 0.01367, 'Ag': 0.96692}","['Ag', 'Pb', 'W']",,0.8224170750379562,4.008827748321842
"{'Pb': 0.01448, 'W': 0.01292, 'Ag': 0.97259}","['Ag', 'Pb', 'W']",,0.7212068837881088,4.595334099160367
"{'Pb': 0.0164, 'W': 0.01779, 'Ag': 0.96581}","['Ag', 'Pb', 'W']",,0.7319263786077499,4.494954905969802
"{'Ag': 0.78432, 'Pb': 0.11024, 'W': 0.10545}","['Ag', 'Pb', 'W']",,0.7550626868009567,5.028603315288398
"{'Ag': 0.82658, 'Pb': 0.07894, 'W': 0.09448}","['Ag', 'Pb', 'W']",,0.7354879063367844,5.273830254475022
"{'Ag': 0.7758, 'Pb': 0.0818, 'W': 0.1424}","['Ag', 'Pb', 'W']",,0.7817891401052475,6.23282090444722
"{'Pb': 0.71578, 'W': 0.0241, 'Ag': 0.26012}","['Ag', 'Pb', 'W']",,0.7772791045904159,0.4812565768089687
"{'Pb': 0.6253, 'W': 0.02941, 'Ag': 0.34529}","['Ag', 'Pb', 'W']",,0.7675577920675277,0.5939549664895343
"{""Cr"": 0.32733371470625133, ""Sb"": 0.06230407537031734, ""V"": 0.6103622099234313}","['Cr', 'Sb', 'V']",550.0,0.8969546264410019,0.286055194295771
"{""Cr"": 0.31030535377556023, ""Sb"": 0.07748304885767933, ""V"": 0.6122115973667605}","['Cr', 'Sb', 'V']",550.0,0.8929000037908554,0.23934107238564575
"{""Cr"": 0.2623272524292542, ""Sb"": 0.16129772930738046, ""V"": 0.5763750182633655}","['Cr', 'Sb', 'V']",550.0,0.8828761047124862,0.23206338030801443
"{""Co"": 0.8404820720221606, ""In"": 0.1595179279778393}","['Co', 'In', 'Si']",550.0,0.7975569903850556,0.08663642629270711
"{""Co"": 0.7617733124464198, ""In"": 0.23822668755358023}","['Co', 'In', 'Si']",550.0,0.7971078550815582,0.08352206785576832
"{""Co"": 0.7567237956986865, ""In"": 0.24327620430131336}","['Co', 'In', 'Si']",550.0,0.8073617136478424,0.07654600931850844
"{""Mn"": 0.6453756497839265, ""Pd"": 0.20855098126312235, ""Zn"": 0.1460733689529512}","['Mn', 'Pd', 'Zn']",,0.8210667854547501,0.2999698716510979
"{""Mn"": 0.6678828559009041, ""Pd"": 0.22383807586028473, ""Zn"": 0.10827906823881103}","['Mn', 'Pd', 'Zn']",,0.7639003449678422,0.32449032838391034
"{""Mn"": 0.5771012817289112, ""Pd"": 0.30724923715618363, ""Zn"": 0.11564948111490528}","['Mn', 'Pd', 'Zn']",,0.7501952797174455,0.3292123270590943
"{""Mn"": 0.21500371745457938, ""Pd"": 0.5231448961770784, ""Zn"": 0.2618513863683423}","['Mn', 'Pd', 'Zn']",,0.6887842327356339,0.45870748085979984
"{""Mn"": 0.24500564403099445, ""Pd"": 0.5348248424211384, ""Zn"": 0.22016951354786715}","['Mn', 'Pd', 'Zn']",,0.6628699928522112,0.3296319349242073
"{""Mn"": 0.19158279758412083, ""Pd"": 0.6317344866506841, ""Zn"": 0.17668271576519506}","['Mn', 'Pd', 'Zn']",,0.7148301178216936,0.1887040202649597
"{""Mn"": 0.02407498785080497, ""Pd"": 0.9282068625857727, ""Zn"": 0.047718149563422387}","['Mn', 'Pd', 'Zn']",,0.5837828880548477,0.37447582207971086
"{""Mn"": 0.022538290833470104, ""Pd"": 0.9385379124276367, ""Zn"": 0.0389237967388931}","['Mn', 'Pd', 'Zn']",,0.4982191759347916,0.42003095531741597
"{""Mn"": 0.01785209824110034, ""Pd"": 0.9522700654484872, ""Zn"": 0.029877836310412426}","['Mn', 'Pd', 'Zn']",,0.4663560205698013,0.43222732236078243
"{""Mn"": 0.7191369777559219, ""Pd"": 0.12126288827974634, ""Zn"": 0.15960013396433184}","['Mn', 'Pd', 'Zn']",550.0,0.7454189532995222,0.37863537880948034
"{""Mn"": 0.651338323998812, ""Pd"": 0.17355543187149786, ""Zn"": 0.17510624412969028}","['Mn', 'Pd', 'Zn']",550.0,0.6936036962270735,0.3811006553497933
"{""Mn"": 0.5601919553064068, ""Pd"": 0.3451079094642897, ""Zn"": 0.09470013522930361}","['Mn', 'Pd', 'Zn']",550.0,0.6430576390027999,0.31819405573974613
"{""Mn"": 0.5738663435618306, ""Pd"": 0.33790233754554266, ""Zn"": 0.08823131889262667}","['Mn', 'Pd', 'Zn']",550.0,0.661841644644737,0.31822776581592194
"{""Mn"": 0.48966437868125506, ""Pd"": 0.42888968180492804, ""Zn"": 0.08144593951381679}","['Mn', 'Pd', 'Zn']",550.0,0.6097582834959029,0.23077534628297253
"{""Mn"": 0.3417468897300805, ""Pd"": 0.1348263627504477, ""Zn"": 0.5234267475194718}","['Mn', 'Pd', 'Zn']",550.0,0.8388673633337024,0.2889834344767931
"{""Mn"": 0.30825547144347915, ""Pd"": 0.1832868914645448, ""Zn"": 0.508457637091976}","['Mn', 'Pd', 'Zn']",550.0,0.8144247668981555,0.3549352704519183
"{""Mn"": 0.36183417639939197, ""Pd"": 0.23545674897987554, ""Zn"": 0.4027090746207326}","['Mn', 'Pd', 'Zn']",550.0,0.7276372832059859,0.36494570241770974
"{""Mn"": 0.3983224459385518, ""Pd"": 0.3902568850026192, ""Zn"": 0.21142066905882895}","['Mn', 'Pd', 'Zn']",550.0,0.6921110743284224,0.2872826910936368
"{""Mn"": 0.3312357181101157, ""Pd"": 0.46602109308630313, ""Zn"": 0.20274318880358122}","['Mn', 'Pd', 'Zn']",550.0,0.7111526697874068,0.2257497062517249
"{""Mn"": 0.37238337092788415, ""Pd"": 0.4596912762164277, ""Zn"": 0.1679253528556881}","['Mn', 'Pd', 'Zn']",550.0,0.6551620692014692,0.23245863832488345
"{""Mn"": 0.25137839327036443, ""Pd"": 0.6701247912292412, ""Zn"": 0.07849681550039449}","['Mn', 'Pd', 'Zn']",550.0,0.7907641953229906,0.11920761342855524
"{""Mn"": 0.17679509191352924, ""Pd"": 0.7564293238185086, ""Zn"": 0.06677558426796217}","['Mn', 'Pd', 'Zn']",550.0,0.6158504647016524,0.13363913033364316
"{""Mn"": 0.18840695577236277, ""Pd"": 0.7594632884437461, ""Zn"": 0.05212975578389115}","['Mn', 'Pd', 'Zn']",550.0,0.548787309527397,0.13166434274571948
"{""Mn"": 0.23729647706286572, ""Pd"": 0.31894840650101286, ""Zn"": 0.4437551164361213}","['Mn', 'Pd', 'Zn']",550.0,0.6773884075880049,0.3785213351506652
"{""Mn"": 0.26419546247058057, ""Pd"": 0.36190843804316447, ""Zn"": 0.3738960994862549}","['Mn', 'Pd', 'Zn']",550.0,0.6385035961866378,0.31861752345073113
"{""Mn"": 0.23522951705889397, ""Pd"": 0.4399245973610255, ""Zn"": 0.3248458855800806}","['Mn', 'Pd', 'Zn']",550.0,0.6190101927518843,0.33501665937268754
"{""Mn"": 0.1720887447650615, ""Pd"": 0.6879327455857024, ""Zn"": 0.13997850964923608}","['Mn', 'Pd', 'Zn']",550.0,0.57453815639019,0.12239435986260316
"{""Mn"": 0.19464692904140998, ""Pd"": 0.6827823274826441, ""Zn"": 0.12257074347594592}","['Mn', 'Pd', 'Zn']",550.0,0.5635314029455184,0.11585251178303213
"{""Mn"": 0.1416118846462626, ""Pd"": 0.7598139159830843, ""Zn"": 0.09857419937065315}","['Mn', 'Pd', 'Zn']",550.0,0.5608322447538374,0.10866508446524936
"{""Mn"": 0.06277842079279056, ""Pd"": 0.2242773871354308, ""Zn"": 0.7129441920717786}","['Mn', 'Pd', 'Zn']",550.0,0.8699445956945422,0.7886707656202744
"{""Mn"": 0.08702318299044716, ""Pd"": 0.2757330039596668, ""Zn"": 0.6372438130498861}","['Mn', 'Pd', 'Zn']",550.0,0.6202306312322615,0.632564061927954
"{""Mn"": 0.11364929145171776, ""Pd"": 0.6025836331796812, ""Zn"": 0.283767075368601}","['Mn', 'Pd', 'Zn']",550.0,0.5842215842008589,0.2680355815178517
"{""Mn"": 0.08197883546390707, ""Pd"": 0.6890261562318838, ""Zn"": 0.22899500830420916}","['Mn', 'Pd', 'Zn']",550.0,0.57989788711071,0.2169934846977286
"{""Mn"": 0.09111018252437132, ""Pd"": 0.7296988138391909, ""Zn"": 0.17919100363643775}","['Mn', 'Pd', 'Zn']",550.0,0.5872849911451339,0.18485738319693068
"{""Mn"": 0.05159288682126927, ""Pd"": 0.8905690758920519, ""Zn"": 0.05783803728667873}","['Mn', 'Pd', 'Zn']",550.0,0.5764824980497358,0.022747206461660507
"{""Mn"": 0.0361211644589684, ""Pd"": 0.9294179146764211, ""Zn"": 0.034460920864610466}","['Mn', 'Pd', 'Zn']",550.0,0.5759909456968306,0.01902927818954603
"{""Mn"": 0.05641840501494038, ""Pd"": 0.3288560546278727, ""Zn"": 0.614725540357187}","['Mn', 'Pd', 'Zn']",550.0,0.5918233388662337,0.5441834619766877
"{""Mn"": 0.06938708405709751, ""Pd"": 0.422412039208439, ""Zn"": 0.5082008767344635}","['Mn', 'Pd', 'Zn']",550.0,0.5754762357473372,0.47798508881488755
"{""Mn"": 0.06432334826098404, ""Pd"": 0.5132559224814411, ""Zn"": 0.42242072925757485}","['Mn', 'Pd', 'Zn']",550.0,0.563942863345146,0.39971039186770063
"{""Mn"": 0.03629494561225838, ""Pd"": 0.8412858917019967, ""Zn"": 0.12241916268574478}","['Mn', 'Pd', 'Zn']",550.0,0.593582047820091,0.11299340286765425
"{""Mn"": 0.039562208958389425, ""Pd"": 0.8622341008144794, ""Zn"": 0.09820369022713117}","['Mn', 'Pd', 'Zn']",550.0,0.5912363094091414,0.06303423301232924
"{""Mn"": 0.03147256616848897, ""Pd"": 0.8932849855435693, ""Zn"": 0.07524244828794169}","['Mn', 'Pd', 'Zn']",550.0,0.5974145907163618,0.0715062857203026
"{""Mn"": 0.02867816257328841, ""Pd"": 0.22109150763522245, ""Zn"": 0.7502303297914892}","['Mn', 'Pd', 'Zn']",550.0,0.6430875390768049,1.0660420008115281
"{""Mn"": 0.03153336895039366, ""Pd"": 0.2837045723745261, ""Zn"": 0.6847620586750802}","['Mn', 'Pd', 'Zn']",550.0,0.7650903218984603,0.8420780615843757
"{""Mn"": 0.03564564661632152, ""Pd"": 0.669120315294314, ""Zn"": 0.29523403808936444}","['Mn', 'Pd', 'Zn']",550.0,0.5721571320295332,0.2121823869700762
"{""Mn"": 0.030963692468232024, ""Pd"": 0.7418484037406559, ""Zn"": 0.22718790379111203}","['Mn', 'Pd', 'Zn']",550.0,0.5958130544424055,0.15245735955023587
"{""Mn"": 0.029911545412902512, ""Pd"": 0.7952604223498129, ""Zn"": 0.1748280322372846}","['Mn', 'Pd', 'Zn']",550.0,0.5888101261854171,0.13755947194929052
"{'W': 0.4901738214309047, 'Sb': 0.00449022120698781, 'Fe': 0.5053359573621076}","['Fe', 'Sb', 'W']",,0.7117747962474822,0.16485723849327255
"{'W': 0.4720284224772885, 'Sb': 0.0008992828421653048, 'Fe': 0.5270722946805462}","['Fe', 'Sb', 'W']",,0.7255508005619048,0.11556401654194642
"{'W': 0.5069555826677621, 'Sb': 0.005885386755007196, 'Fe': 0.4871590305772308}","['Fe', 'Sb', 'W']",,0.7139874494075774,0.12967914596656754
"{""Fe"": 0.9874942024696037, ""Sb"": 0.012505797530396318, ""W"": 0.0}","['Fe', 'Sb', 'W']",550.0,0.7954959416389467,0.04916121624433625
"{""Fe"": 0.9958087045859073, ""Sb"": 0.004191295414092707, ""W"": 0.0}","['Fe', 'Sb', 'W']",550.0,0.77850075006485,0.035361102612372575
"{""Fe"": 0.9981514146217608, ""Sb"": 0.0018485853782392084, ""W"": 0.0}","['Fe', 'Sb', 'W']",550.0,0.7768506407737733,0.04286241843848859
"{""Fe"": 1.0, ""Sb"": 0.0, ""W"": 0.0}","['Fe', 'Sb', 'W']",550.0,0.7986573410034181,0.022076412715108046
"{""Fe"": 0.9902852139523443, ""Sb"": 0.009714786047655731, ""W"": 0.0}","['Fe', 'Sb', 'W']",550.0,0.8040619802474975,0.02308590041426839
"{""Fe"": 0.985689058297319, ""Sb"": 0.01431094170268106, ""W"": 0.0}","['Fe', 'Sb', 'W']",550.0,0.843016459941864,0.05328836906174453
"{""Fe"": 1.0, ""Sb"": 0.0, ""W"": 0.0}","['Fe', 'Sb', 'W']",550.0,0.8162702441215515,0.018625538278814385
"{""Fe"": 0.9906945822095533, ""Sb"": 0.00930541779044675, ""W"": 0.0}","['Fe', 'Sb', 'W']",550.0,0.8521055245399475,0.013793852929514627
"{""Co"": 0.7889183124924108, ""Ni"": 0.01122809542615685, ""Pd"": 0.19985359208143233}","['Co', 'Ni', 'Pd']",,0.6209751385450363,0.4417149239304239
"{""Co"": 0.840226439001322, ""Ni"": 0.010896857931401585, ""Pd"": 0.1488767030672764}","['Co', 'Ni', 'Pd']",,0.5891326588392257,0.3792149741998791
"{""Co"": 0.7563857593492002, ""Ni"": 0.011408444046778234, ""Pd"": 0.23220579660402163}","['Co', 'Ni', 'Pd']",,0.6061952251195908,0.4018542807035592
"{""Co"": 0.37735375415429767, ""Ni"": 0.012667400098152743, ""Pd"": 0.6099788457475495}","['Co', 'Ni', 'Pd']",,0.5679219573736191,0.3478208258105451
"{""Co"": 0.473333351012626, ""Ni"": 0.014198728223481526, ""Pd"": 0.5124679207638924}","['Co', 'Ni', 'Pd']",,0.6303111261129379,0.32868240892355044
"{""Co"": 0.42708456039602893, ""Ni"": 0.016618284236575284, ""Pd"": 0.5562971553673958}","['Co', 'Ni', 'Pd']",,0.6020644611120224,0.29958853106771766
"{""Co"": 0.041183577795834786, ""Ni"": 0.0033916257973575104, ""Pd"": 0.9554247964068077}","['Co', 'Ni', 'Pd']",,0.4566182368993759,0.5435448341973974
"{""Co"": 0.04285241184796641, ""Ni"": 0.003501292065647473, ""Pd"": 0.9536462960863862}","['Co', 'Ni', 'Pd']",,0.4671546477079391,0.4597906139725161
"{""Co"": 0.056595550085647206, ""Ni"": 0.0041667004736063145, ""Pd"": 0.9392377494407464}","['Co', 'Ni', 'Pd']",,0.4701363986730575,0.637252349677464
"{""Co"": 0.26030830734978744, ""Ni"": 0.14420735290795172, ""Pd"": 0.5954843397422608}","['Co', 'Ni', 'Pd']",,0.6478546613454819,0.17670551091990616
"{""Co"": 0.333282453406405, ""Ni"": 0.1772458899500927, ""Pd"": 0.4894716566435023}","['Co', 'Ni', 'Pd']",,0.6686169856786729,0.1441351272062642
"{""Co"": 0.28919668837972684, ""Ni"": 0.22927812510082102, ""Pd"": 0.48152518651945214}","['Co', 'Ni', 'Pd']",,0.6994915765523912,0.15895269338851603
"{""Co"": 0.7010694858802372, ""Ni"": 0.011239684909244561, ""Pd"": 0.28769082921051825}","['Co', 'Ni', 'Pd']",550.0,0.6701893216371537,0.05005650005624185
"{""Co"": 0.7578304947198521, ""Ni"": 0.010974381710097318, ""Pd"": 0.23119512357005062}","['Co', 'Ni', 'Pd']",550.0,0.6857410770654679,0.059917540079485465
"{""Co"": 0.8525224220062736, ""Ni"": 0.01376091055927741, ""Pd"": 0.13371666743444902}","['Co', 'Ni', 'Pd']",550.0,0.6904745894670488,0.09543741737390665
"{""Co"": 0.8596247200432879, ""Ni"": 0.013616787532623032, ""Pd"": 0.12675849242408904}","['Co', 'Ni', 'Pd']",550.0,0.7024804526567461,0.07902584249951583
"{""Co"": 0.8493304519031719, ""Ni"": 0.015903344260816694, ""Pd"": 0.13476620383601146}","['Co', 'Ni', 'Pd']",550.0,0.7440770322084428,0.05989250341749003
"{""Co"": 0.3248390383993559, ""Ni"": 0.009756803920442368, ""Pd"": 0.6654041576802018}","['Co', 'Ni', 'Pd']",550.0,0.6829040342569352,0.020940860385660454
"{""Co"": 0.4162766071948777, ""Ni"": 0.010807560268360751, ""Pd"": 0.5729158325367616}","['Co', 'Ni', 'Pd']",550.0,0.6589787822961809,0.033084501136136146
"{""Ag"": 0.9811768336475033, ""Nb"": 0.0006797726978588797, ""Ni"": 0.01814339365463788}","['Ag', 'Nb', 'Ni']",,0.8707164394855502,2.782000817447012
"{""Ag"": 0.9807802430117217, ""Nb"": 0.0, ""Ni"": 0.019219756988278276}","['Ag', 'Nb', 'Ni']",,0.8657421100139621,2.9937094777116506
"{""Ag"": 0.9933895906002213, ""Nb"": 0.0, ""Ni"": 0.006610409399778757}","['Ag', 'Nb', 'Ni']",,0.8442729222774509,3.848186845208455
"{""Ag"": 0.23108412678689016, ""Nb"": 0.0002560139453292234, ""Ni"": 0.7686598592677806}","['Ag', 'Nb', 'Ni']",550.0,0.7628338629007341,0.4976090110658364
"{""Ag"": 0.19502191060767263, ""Nb"": 0.00013012825802544357, ""Ni"": 0.8048479611343019}","['Ag', 'Nb', 'Ni']",550.0,0.7555007129907609,0.6132277766542984
"{""Ag"": 0.2542170331752013, ""Nb"": 0.006786492500363424, ""Ni"": 0.7389964743244352}","['Ag', 'Nb', 'Ni']",550.0,0.7342858296632768,0.579646551880947
"{""Ag"": 0.3937339621855268, ""Nb"": 0.0, ""Ni"": 0.6062660378144732}","['Ag', 'Nb', 'Ni']",550.0,0.674271031022072,0.5550889009571021
"{""Ag"": 0.35962373412048204, ""Nb"": 0.0, ""Ni"": 0.6403762658795179}","['Ag', 'Nb', 'Ni']",550.0,0.6858579593896867,0.5292582566155468
"{""Ag"": 0.479945215373675, ""Nb"": 0.0, ""Ni"": 0.5200547846263249}","['Ag', 'Nb', 'Ni']",550.0,0.6539207965135576,0.5717093413987382
"{""Ag"": 0.3230809178399828, ""Nb"": 0.17627584837639282, ""Ni"": 0.5006432337836245}","['Ag', 'Nb', 'Ni']",550.0,0.8192364412546158,0.11602646118186566
"{""Ag"": 0.36615144380052805, ""Nb"": 0.1876834271100742, ""Ni"": 0.4461651290893977}","['Ag', 'Nb', 'Ni']",550.0,0.8307285672426223,0.1937770210898876
"{""Ag"": 0.3316262710992332, ""Nb"": 0.11534736994671019, ""Ni"": 0.5530263589540567}","['Ag', 'Nb', 'Ni']",550.0,0.7940137988328935,0.23948212651984252
"{""Ag"": 0.4670287413656379, ""Nb"": 0.022546410862005754, ""Ni"": 0.5104248477723563}","['Ag', 'Nb', 'Ni']",550.0,0.7116065865755082,0.4204907894323982
"{""Ag"": 0.5729225195624765, ""Nb"": 0.02377408863773864, ""Ni"": 0.40330339179978486}","['Ag', 'Nb', 'Ni']",550.0,0.7105573683977129,0.5553771440642477
"{""Ag"": 0.548109425617819, ""Nb"": 0.0012630034445920077, ""Ni"": 0.450627570937589}","['Ag', 'Nb', 'Ni']",550.0,0.6811944395303727,0.5336961451412874
"{""Ag"": 0.7334204348469423, ""Nb"": 0.0, ""Ni"": 0.2665795651530576}","['Ag', 'Nb', 'Ni']",550.0,0.7146168380975725,0.9716478208513143
"{""Ag"": 0.26924850330648303, ""Nb"": 0.4133158760520933, ""Ni"": 0.3174356206414237}","['Ag', 'Nb', 'Ni']",550.0,0.8991397148370743,0.0663655885198503
"{""Ag"": 0.3169574576083942, ""Nb"": 0.4045337769541313, ""Ni"": 0.2785087654374745}","['Ag', 'Nb', 'Ni']",550.0,0.8935338860750198,0.06147965169560843
"{""Ag"": 0.531432529767805, ""Nb"": 0.15597685507682116, ""Ni"": 0.31259061515537395}","['Ag', 'Nb', 'Ni']",550.0,0.8286544328927994,0.2338679789969867
"{""Ag"": 0.5168615308343518, ""Nb"": 0.1131560875948438, ""Ni"": 0.36998238157080443}","['Ag', 'Nb', 'Ni']",550.0,0.7994394618272783,0.3169428093175536
"{""Ag"": 0.5950581619429322, ""Nb"": 0.10281020887175443, ""Ni"": 0.30213162918531344}","['Ag', 'Nb', 'Ni']",550.0,0.7871756631135942,0.4550538389301935
"{""Ag"": 0.8061988799330964, ""Nb"": 0.010393134743028807, ""Ni"": 0.18340798532387492}","['Ag', 'Nb', 'Ni']",550.0,0.8777947598695754,1.0199406012885448
"{""Ag"": 0.7877462737972759, ""Nb"": 0.010347449157419348, ""Ni"": 0.20190627704530473}","['Ag', 'Nb', 'Ni']",550.0,0.7668069750070573,1.0515428808141578
"{""Ag"": 0.3852342951542162, ""Nb"": 0.46379678931184437, ""Ni"": 0.15096891553393943}","['Ag', 'Nb', 'Ni']",550.0,0.852442472577095,0.0850779049119208
"{""Ag"": 0.44578030194523155, ""Nb"": 0.4186663604587202, ""Ni"": 0.13555333759604815}","['Ag', 'Nb', 'Ni']",550.0,0.8441510850191116,0.11176464866174574
"{""Ag"": 0.4621743289756456, ""Nb"": 0.35209503315839924, ""Ni"": 0.18573063786595523}","['Ag', 'Nb', 'Ni']",550.0,0.8701361471414566,0.07902331236985638
"{""Ag"": 0.7885873990045896, ""Nb"": 0.08454012642933484, ""Ni"": 0.12687247456607562}","['Ag', 'Nb', 'Ni']",550.0,0.7794022423028948,0.702568992486056
"{""Ag"": 0.9715980375649433, ""Nb"": 0.0, ""Ni"": 0.028401962435056608}","['Ag', 'Nb', 'Ni']",550.0,0.8357805830240249,2.3435216579691907
"{""Ag"": 0.9687453879588758, ""Nb"": 0.0, ""Ni"": 0.03125461204112422}","['Ag', 'Nb', 'Ni']",550.0,0.8891902476549148,2.205117664416402
"{""Ag"": 0.4785188711677248, ""Nb"": 0.48652955381979124, ""Ni"": 0.03495157501248397}","['Ag', 'Nb', 'Ni']",550.0,0.8969537192583084,0.1474693411634127
"{""Ag"": 0.5238753582767661, ""Nb"": 0.4285588168188332, ""Ni"": 0.047565824904400714}","['Ag', 'Nb', 'Ni']",550.0,0.8970190507173538,0.1427397539432157
"{""Ag"": 0.9403802488116261, ""Nb"": 0.038131939519599756, ""Ni"": 0.021487811668774136}","['Ag', 'Nb', 'Ni']",550.0,0.8795218592882157,1.466685661769941
"{""Co"": 0.7251810205324537, ""Mo"": 0.10138112250385968, ""Pd"": 0.1734378569636866}","['Co', 'Mo', 'Pd']",,0.6057456772804259,0.372824245357426
"{""Co"": 0.776853705210385, ""Mo"": 0.09125513579932816, ""Pd"": 0.13189115899028678}","['Co', 'Mo', 'Pd']",,0.5971575801849365,0.39018217460253624
"{""Co"": 0.7076065068880422, ""Mo"": 0.10856747131596033, ""Pd"": 0.18382602179599758}","['Co', 'Mo', 'Pd']",,0.6097099774360656,0.3839893834298271
"{""Co"": 0.30068815877956795, ""Mo"": 0.2167870995143564, ""Pd"": 0.48252474170607573}","['Co', 'Mo', 'Pd']",,0.81651962928772,0.4332247210107453
"{""Co"": 0.3694811802269531, ""Mo"": 0.230105200578521, ""Pd"": 0.4004136191945259}","['Co', 'Mo', 'Pd']",,0.6593370597839354,0.39956246800493084
"{""Co"": 0.3102450379722582, ""Mo"": 0.2953370893517002, ""Pd"": 0.39441787267604156}","['Co', 'Mo', 'Pd']",,0.6784252183914183,0.39223553769900776
"{""Co"": 0.04468525095573994, ""Mo"": 0.0270797755914407, ""Pd"": 0.9282349734528195}","['Co', 'Mo', 'Pd']",,0.4757277529716491,0.4701855407523392
"{""Co"": 0.04566395138780101, ""Mo"": 0.02363645104667272, ""Pd"": 0.9306995975655262}","['Co', 'Mo', 'Pd']",,0.4866394560813903,0.4389738588338674
"{""Co"": 0.059054130675121115, ""Mo"": 0.03567693488348258, ""Pd"": 0.9052689344413963}","['Co', 'Mo', 'Pd']",,0.4939452617645263,0.40752360816235966
"{""Co"": 0.6229575011409059, ""Mo"": 0.08909302554662152, ""Pd"": 0.28794947331247267}","['Co', 'Mo', 'Pd']",550.0,0.6267895215988158,0.23822472048825571
"{""Co"": 0.7150615720154481, ""Mo"": 0.11543076673138246, ""Pd"": 0.16950766125316943}","['Co', 'Mo', 'Pd']",550.0,0.6319847625732422,0.21762541492366633
"{""Co"": 0.6963240206697707, ""Mo"": 0.08720043033038594, ""Pd"": 0.21647554899984342}","['Co', 'Mo', 'Pd']",550.0,0.6258568853378296,0.19915841858631395
"{""Co"": 0.7498740115991896, ""Mo"": 0.15318290763839706, ""Pd"": 0.09694308076241327}","['Co', 'Mo', 'Pd']",550.0,0.6390156811714172,0.20327792032540426
"{""Co"": 0.7380178473109196, ""Mo"": 0.18236719188133302, ""Pd"": 0.07961496080774734}","['Co', 'Mo', 'Pd']",550.0,0.6447055477142334,0.23604758384466606
"{""Co"": 0.7217582227675524, ""Mo"": 0.19221359885630426, ""Pd"": 0.08602817837614338}","['Co', 'Mo', 'Pd']",550.0,0.6374213260650634,0.20755682744480872
"{""Co"": 0.3123779225457086, ""Mo"": 0.08088120640886642, ""Pd"": 0.606740871045425}","['Co', 'Mo', 'Pd']",550.0,0.6342432159423828,0.10718205599088432
"{""Co"": 0.2888806069782085, ""Mo"": 0.11525603943697742, ""Pd"": 0.5958633535848141}","['Co', 'Mo', 'Pd']",550.0,0.6461066192626953,0.10446116009760498
"{""Co"": 0.3542593759937713, ""Mo"": 0.10615109616349881, ""Pd"": 0.5395895278427298}","['Co', 'Mo', 'Pd']",550.0,0.6210659641265869,0.1498571089066842
"{""Co"": 0.5015104722829535, ""Mo"": 0.17210327669887596, ""Pd"": 0.3263862510181704}","['Co', 'Mo', 'Pd']",550.0,0.7020081919670104,0.18500154435317984
"{""Co"": 0.44584533175629926, ""Mo"": 0.25949685872216094, ""Pd"": 0.2946578095215398}","['Co', 'Mo', 'Pd']",550.0,0.6443287724494934,0.24320860982974896
"{""Co"": 0.5188707759116159, ""Mo"": 0.22212737511370553, ""Pd"": 0.25900184897467854}","['Co', 'Mo', 'Pd']",550.0,0.6248800462722778,0.2233681052282161
"{""Co"": 0.08696403001077585, ""Mo"": 0.029202618959371904, ""Pd"": 0.8838333510298523}","['Co', 'Mo', 'Pd']",550.0,0.6343558687210082,0.06667094294791931
"{""Co"": 0.12021765722813071, ""Mo"": 0.06890938050025013, ""Pd"": 0.8108729622716192}","['Co', 'Mo', 'Pd']",550.0,0.6456471270561218,0.0819376572334507
"{""Co"": 0.11249485992668845, ""Mo"": 0.06691136243390797, ""Pd"": 0.8205937776394036}","['Co', 'Mo', 'Pd']",550.0,0.6357691425323486,0.10918162624613637
"{""Co"": 0.25361177646807304, ""Mo"": 0.09532206965926553, ""Pd"": 0.6510661538726614}","['Co', 'Mo', 'Pd']",550.0,0.6343194288253784,0.12144090095518906
"{""Co"": 0.27725537865851374, ""Mo"": 0.21107325182634606, ""Pd"": 0.5116713695151401}","['Co', 'Mo', 'Pd']",550.0,0.6404167169570922,0.22259451949331327
"{""Co"": 0.2747066617156801, ""Mo"": 0.20563259766094466, ""Pd"": 0.5196607406233753}","['Co', 'Mo', 'Pd']",550.0,0.644699003124237,0.18980498162010356
"{""Co"": 0.3588970054727965, ""Mo"": 0.32953922800554036, ""Pd"": 0.3115637665216631}","['Co', 'Mo', 'Pd']",550.0,0.8559310192108154,0.15396426934780133
"{""Co"": 0.404999122462568, ""Mo"": 0.3402612965803986, ""Pd"": 0.25473958095703336}","['Co', 'Mo', 'Pd']",550.0,0.8887441033363342,0.2042861631636217
"{""Co"": 0.3857356210377804, ""Mo"": 0.3189203991709539, ""Pd"": 0.2953439797912657}","['Co', 'Mo', 'Pd']",550.0,0.869415344619751,0.16618610441796278
"{""Co"": 0.07392289828410725, ""Mo"": 0.04677902469025904, ""Pd"": 0.8792980770256337}","['Co', 'Mo', 'Pd']",550.0,0.6183579343795776,0.04952112381483631
"{""Co"": 0.07341363971877567, ""Mo"": 0.0507077791458157, ""Pd"": 0.8758785811354087}","['Co', 'Mo', 'Pd']",550.0,0.6372101921081543,0.1088560361456874
"{""Co"": 0.10032989169254711, ""Mo"": 0.07425483425251889, ""Pd"": 0.8254152740549341}","['Co', 'Mo', 'Pd']",550.0,0.6484817189216614,0.009819999584557926
"{""Co"": 0.18577959772392214, ""Mo"": 0.15835626274728246, ""Pd"": 0.6558641395287954}","['Co', 'Mo', 'Pd']",550.0,0.6597808975219724,0.15930226519269935
"{""Co"": 0.19749091385185144, ""Mo"": 0.16606624225104716, ""Pd"": 0.6364428438971014}","['Co', 'Mo', 'Pd']",550.0,0.6781401390075682,0.10087453405659375
"{""Co"": 0.2606435187588692, ""Mo"": 0.15148472520717451, ""Pd"": 0.5878717560339562}","['Co', 'Mo', 'Pd']",550.0,0.6866793436050413,0.08707719977219597
"{""Co"": 0.36751551175667413, ""Mo"": 0.30560185857414185, ""Pd"": 0.3268826296691841}","['Co', 'Mo', 'Pd']",550.0,0.8785150951385498,0.051040944775935765
"{""Co"": 0.35140267245876805, ""Mo"": 0.28910702725291615, ""Pd"": 0.35949030028831575}","['Co', 'Mo', 'Pd']",550.0,0.8541671771049499,0.06871425434829648
"{""Co"": 0.025546298486433264, ""Mo"": 0.023649348624183473, ""Pd"": 0.9508043528893831}","['Co', 'Mo', 'Pd']",550.0,0.6312093609809876,0.10896655283064582
"{""Co"": 0.033903829495954954, ""Mo"": 0.0265158798464327, ""Pd"": 0.9395802906576124}","['Co', 'Mo', 'Pd']",550.0,0.6449255961418152,0.14021790254560607
"{""Co"": 0.07915496068203594, ""Mo"": 0.048869488077622085, ""Pd"": 0.871975551240342}","['Co', 'Mo', 'Pd']",550.0,0.6459855073928833,0.0624889147980312
"{""Co"": 0.10280266056885054, ""Mo"": 0.07772473929575842, ""Pd"": 0.8194726001353911}","['Co', 'Mo', 'Pd']",550.0,0.6636280411720274,0.05374463352361636
"{""Co"": 0.10978046789338598, ""Mo"": 0.07937699670924957, ""Pd"": 0.8108425353973644}","['Co', 'Mo', 'Pd']",550.0,0.6683020586013793,0.06657545214078753
"{""Co"": 0.1846195857074327, ""Mo"": 0.16292472043783685, ""Pd"": 0.6524556938547305}","['Co', 'Mo', 'Pd']",550.0,0.7147710293769834,0.12157753386357822
"{""Co"": 0.24826490551664546, ""Mo"": 0.19542662242009914, ""Pd"": 0.5563084720632554}","['Co', 'Mo', 'Pd']",550.0,0.7795602458953855,0.05213990446426209
"{""Co"": 0.25959231223851253, ""Mo"": 0.22397596923172794, ""Pd"": 0.5164317185297594}","['Co', 'Mo', 'Pd']",550.0,0.8518711465835571,0.03966288262539458
"{""Co"": 0.10376979236107119, ""Mo"": 0.08462846934591049, ""Pd"": 0.8116017382930183}","['Co', 'Mo', 'Pd']",550.0,0.6497776025772094,0.04001536206593531
"{""Co"": 0.11228915521526661, ""Mo"": 0.06815001722578358, ""Pd"": 0.8195608275589499}","['Co', 'Mo', 'Pd']",550.0,0.6965567368507384,0.03928838335587659
"{""Co"": 0.13701578586074648, ""Mo"": 0.09056728228019642, ""Pd"": 0.7724169318590571}","['Co', 'Mo', 'Pd']",550.0,0.677782430076599,0.03806808576203852
"{""Mn"": 0.0631008464256386, ""Ni"": 0.8192896212617821, ""Pd"": 0.11760953231257941}","['Mn', 'Ni', 'Pd']",,0.6741879541969298,0.6502485291707844
"{""Mn"": 0.05585942238567408, ""Ni"": 0.8454748781319423, ""Pd"": 0.09866569948238359}","['Mn', 'Ni', 'Pd']",,0.699396224746704,0.6925076369087874
"{""Mn"": 0.07005512729274747, ""Ni"": 0.7945444444712412, ""Pd"": 0.13540042823601134}","['Mn', 'Ni', 'Pd']",,0.6693193180656433,0.6201797223233587
"{""Mn"": 0.15684400430181084, ""Ni"": 0.4002572957658411, ""Pd"": 0.44289869993234804}","['Mn', 'Ni', 'Pd']",,0.5897188170051574,0.4040013408430968
"{""Mn"": 0.16526458045864276, ""Ni"": 0.48693677612164016, ""Pd"": 0.34779864341971695}","['Mn', 'Ni', 'Pd']",,0.605276032218933,0.49249241838807356
"{""Mn"": 0.22777066969986698, ""Ni"": 0.4272123712779467, ""Pd"": 0.3450169590221863}","['Mn', 'Ni', 'Pd']",,0.5901494367218016,0.3429456444800868
"{""Mn"": 0.02549391828792056, ""Ni"": 0.04919373005491758, ""Pd"": 0.9253123516571619}","['Mn', 'Ni', 'Pd']",,0.7948021824455264,0.34449806110954007
"{""Mn"": 0.024042456374951334, ""Ni"": 0.044414655365682926, ""Pd"": 0.9315428882593657}","['Mn', 'Ni', 'Pd']",,0.6909167726135252,0.3578299203200843
"{""Mn"": 0.03129176820970869, ""Ni"": 0.06750011533224487, ""Pd"": 0.9012081164580464}","['Mn', 'Ni', 'Pd']",,0.5257472426986693,0.427026916187652
"{""Mn"": 0.6794276017648156, ""Ni"": 0.10131797455595339, ""Pd"": 0.21925442367923093}","['Mn', 'Ni', 'Pd']",,0.720471950302124,0.23033391519739688
"{""Mn"": 0.7307452863445583, ""Ni"": 0.10985385197996474, ""Pd"": 0.1594008616754769}","['Mn', 'Ni', 'Pd']",,0.7181317956542967,0.22994362359923343
"{""Mn"": 0.7580980565109117, ""Ni"": 0.0794285830105893, ""Pd"": 0.16247336047849914}","['Mn', 'Ni', 'Pd']",,0.7233033712005614,0.2929982737494128
"{""Mn"": 0.05832643790171, ""Ni"": 0.7851460172180499, ""Pd"": 0.15652754488024015}","['Mn', 'Ni', 'Pd']",550.0,0.6984809505939483,0.4486412239571701
"{""Mn"": 0.05086199698110424, ""Ni"": 0.8025860467368159, ""Pd"": 0.14655195628207987}","['Mn', 'Ni', 'Pd']",550.0,0.8936125338077545,0.6743701513477542
"{""Mn"": 0.05651099892265634, ""Ni"": 0.8115395660483478, ""Pd"": 0.13194943502899587}","['Mn', 'Ni', 'Pd']",550.0,0.6587532365322113,0.6105809719191115
"{""Mn"": 0.09848853290949681, ""Ni"": 0.7999433218309417, ""Pd"": 0.10156814525956152}","['Mn', 'Ni', 'Pd']",550.0,0.6697641861438751,0.5942603875700814
"{""Mn"": 0.10149439158529905, ""Ni"": 0.8385134895023426, ""Pd"": 0.05999211891235834}","['Mn', 'Ni', 'Pd']",550.0,0.6667723977565765,0.5676551165112425
"{""Mn"": 0.134037161021078, ""Ni"": 0.8171682734242607, ""Pd"": 0.04879456555466131}","['Mn', 'Ni', 'Pd']",550.0,0.6771185338497162,0.5083624231681754
"{""Mn"": 0.058280613814250246, ""Ni"": 0.3954490702525048, ""Pd"": 0.5462703159332449}","['Mn', 'Ni', 'Pd']",550.0,0.6269745910167694,0.20293695980716436
"{""Mn"": 0.0623220446784169, ""Ni"": 0.38784032425744364, ""Pd"": 0.5498376310641394}","['Mn', 'Ni', 'Pd']",550.0,0.6315785086154938,0.1520438369200704
"{""Mn"": 0.06518635635351269, ""Ni"": 0.48917248637497174, ""Pd"": 0.44564115727151554}","['Mn', 'Ni', 'Pd']",550.0,0.6353674852848052,0.33734486695180554
"{""Mn"": 0.10587603541671177, ""Ni"": 0.6282749557037042, ""Pd"": 0.265849008879584}","['Mn', 'Ni', 'Pd']",550.0,0.6276079046726227,0.43699070289048786
"{""Mn"": 0.15088040739473965, ""Ni"": 0.5843630499831977, ""Pd"": 0.2647565426220628}","['Mn', 'Ni', 'Pd']",550.0,0.7042580020427703,0.3905781808480988
"{""Mn"": 0.1413665524372597, ""Ni"": 0.6898474424019155, ""Pd"": 0.16878600516082484}","['Mn', 'Ni', 'Pd']",550.0,0.8300027978420258,0.4045736496472806
"{""Mn"": 0.3501005327993505, ""Ni"": 0.515179405205474, ""Pd"": 0.13472006199517558}","['Mn', 'Ni', 'Pd']",550.0,0.7052031004428864,0.16942730798214456
"{""Mn"": 0.3475670605063389, ""Ni"": 0.5392671061090755, ""Pd"": 0.1131658333845856}","['Mn', 'Ni', 'Pd']",550.0,0.6919172728061675,0.18773867197991603
"{""Mn"": 0.030162608432040685, ""Ni"": 0.11595567723862787, ""Pd"": 0.8538817143293314}","['Mn', 'Ni', 'Pd']",550.0,0.5987313187122345,0.0992340501891088
"{""Mn"": 0.04260347552650108, ""Ni"": 0.17298846507715393, ""Pd"": 0.7844080593963451}","['Mn', 'Ni', 'Pd']",550.0,0.6067006146907806,0.057486375949868496
"{""Mn"": 0.04292932180502891, ""Ni"": 0.16034374014501104, ""Pd"": 0.7967269380499601}","['Mn', 'Ni', 'Pd']",550.0,0.8911573231220246,0.12614194198852136
"{""Mn"": 0.09931988802412776, ""Ni"": 0.33396584862750217, ""Pd"": 0.56671426334837}","['Mn', 'Ni', 'Pd']",550.0,0.6570606863498688,0.10636824315558124
"{""Mn"": 0.1004733630428025, ""Ni"": 0.41724720214996674, ""Pd"": 0.4822794348072307}","['Mn', 'Ni', 'Pd']",550.0,0.6231818783283234,0.250408839449231
"{""Mn"": 0.1363713256402836, ""Ni"": 0.3915977059300191, ""Pd"": 0.47203096842969733}","['Mn', 'Ni', 'Pd']",550.0,0.6448491489887238,0.19562213417527669
"{""Mn"": 0.2864746521741095, ""Ni"": 0.44160783808473497, ""Pd"": 0.2719175097411556}","['Mn', 'Ni', 'Pd']",550.0,0.8039302384853363,0.1269334667649425
"{""Mn"": 0.2720670851100272, ""Ni"": 0.4775538571079989, ""Pd"": 0.25037905778197383}","['Mn', 'Ni', 'Pd']",550.0,0.8047633779048919,0.2106041863427528
"{""Mn"": 0.358489994151669, ""Ni"": 0.4211467980576333, ""Pd"": 0.22036320779069776}","['Mn', 'Ni', 'Pd']",550.0,0.6876475179195404,0.08956684873794984
"{""Mn"": 0.04169509684582709, ""Ni"": 0.09252990026791898, ""Pd"": 0.8657750028862539}","['Mn', 'Ni', 'Pd']",550.0,0.6823305547237396,0.08363415676007069
"{""Mn"": 0.052092387419934216, ""Ni"": 0.09461843110265437, ""Pd"": 0.8532891814774114}","['Mn', 'Ni', 'Pd']",550.0,0.6304746472835541,0.035208960254484944
"{""Mn"": 0.06392421058381209, ""Ni"": 0.129842065986164, ""Pd"": 0.806233723430024}","['Mn', 'Ni', 'Pd']",550.0,0.6205684387683869,0.08273077637374915
"{""Mn"": 0.2060260359420731, ""Ni"": 0.22065065898585495, ""Pd"": 0.573323305072072}","['Mn', 'Ni', 'Pd']",550.0,0.6492024576663971,0.1105421915712475
"{""Mn"": 0.25921079634309147, ""Ni"": 0.20647552041604236, ""Pd"": 0.5343136832408661}","['Mn', 'Ni', 'Pd']",550.0,0.6074145925045014,0.10078338763229044
"{""Mn"": 0.2947188441642541, ""Ni"": 0.252857856860546, ""Pd"": 0.4524232989752}","['Mn', 'Ni', 'Pd']",550.0,0.5956304228305817,0.0477586695440857
"{""Mn"": 0.5994147032096059, ""Ni"": 0.2278498785817519, ""Pd"": 0.17273541820864213}","['Mn', 'Ni', 'Pd']",550.0,0.6270118916034698,0.05866176446714488
"{""Mn"": 0.6708070678132776, ""Ni"": 0.1672319367941173, ""Pd"": 0.16196099539260506}","['Mn', 'Ni', 'Pd']",550.0,0.5972424924373627,0.16142218957999516
"{""Mn"": 0.6834728001773855, ""Ni"": 0.18186122606728033, ""Pd"": 0.13466597375533398}","['Mn', 'Ni', 'Pd']",550.0,0.6000432980060577,0.15802221359009794
"{""Mn"": 0.01715741329294175, ""Ni"": 0.02579982314563415, ""Pd"": 0.957042763561424}","['Mn', 'Ni', 'Pd']",550.0,0.5893535149097443,0.05103719233296067
"{""Mn"": 0.023010763367858938, ""Ni"": 0.03688561645686756, ""Pd"": 0.9401036201752735}","['Mn', 'Ni', 'Pd']",550.0,0.5801308882236481,0.11648878844750787
"{""Mn"": 0.1359659047963551, ""Ni"": 0.11282867609712882, ""Pd"": 0.7512054191065161}","['Mn', 'Ni', 'Pd']",550.0,0.5882968103885651,0.11516277054893387
"{""Mn"": 0.1752831215306652, ""Ni"": 0.10309654155485569, ""Pd"": 0.721620336914479}","['Mn', 'Ni', 'Pd']",550.0,0.5601144087314606,0.14255078447128755
"{""Mn"": 0.464191210628284, ""Ni"": 0.1392677471267151, ""Pd"": 0.39654104224500086}","['Mn', 'Ni', 'Pd']",550.0,0.6027536642551422,0.11227907487136701
"{""Mn"": 0.50407457867966, ""Ni"": 0.1532970418116968, ""Pd"": 0.34262837950864317}","['Mn', 'Ni', 'Pd']",550.0,0.6077666914463044,0.09402110903766814
"{""Mn"": 0.5929110794092751, ""Ni"": 0.12855174100965305, ""Pd"": 0.2785371795810718}","['Mn', 'Ni', 'Pd']",550.0,0.6028458631038666,0.1506651585887065
"{""Mn"": 0.04852505166983407, ""Ni"": 0.027224432947693954, ""Pd"": 0.9242505153824719}","['Mn', 'Ni', 'Pd']",550.0,0.5739057266712189,0.17913388511523842
"{""Mn"": 0.06429265905794387, ""Ni"": 0.028264629140663453, ""Pd"": 0.9074427118013927}","['Mn', 'Ni', 'Pd']",550.0,0.5583356392383575,0.01673946359992562
"{""Mn"": 0.07801732924430468, ""Ni"": 0.038031991808914124, ""Pd"": 0.8839506789467813}","['Mn', 'Ni', 'Pd']",550.0,0.5583862936496735,0.015044661490835498
"{""Mn"": 0.2901265714719373, ""Ni"": 0.07260810452198739, ""Pd"": 0.6372653240060753}","['Mn', 'Ni', 'Pd']",550.0,0.5209006655216217,0.08711494947349174
"{""Mn"": 0.32837476139069816, ""Ni"": 0.06679205532832869, ""Pd"": 0.6048331832809731}","['Mn', 'Ni', 'Pd']",550.0,0.5238452661037445,0.17690766716633433
"{""Mn"": 0.38750364222850053, ""Ni"": 0.07579934661891238, ""Pd"": 0.5366970111525872}","['Mn', 'Ni', 'Pd']",550.0,0.5302945101261138,0.19222374689393512
"{""Co"": 0.30931611281364224, ""Fe"": 0.18805214133661244, ""Zr"": 0.5026317458497452}","['Co', 'Fe', 'Zr']",,0.6863935248947145,0.15764011351444052
"{""Co"": 0.3388271071064571, ""Fe"": 0.2233601403166147, ""Zr"": 0.43781275257692814}","['Co', 'Fe', 'Zr']",,0.6708643787002565,0.18461327497407115
"{""Co"": 0.38849575461033364, ""Fe"": 0.193532929087723, ""Zr"": 0.4179713163019434}","['Co', 'Fe', 'Zr']",,0.6494570295906067,0.17682065001101865
"{""Co"": 0.8046047304002377, ""Fe"": 0.07636575230065604, ""Zr"": 0.11902951729910619}","['Co', 'Fe', 'Zr']",,0.5564486401176453,0.6038569797571742
"{""Co"": 0.8253979928130477, ""Fe"": 0.07634138595567726, ""Zr"": 0.09826062123127503}","['Co', 'Fe', 'Zr']",,0.5508197109794617,0.604809081104587
"{""Co"": 0.8642707866960864, ""Fe"": 0.06445812710064133, ""Zr"": 0.07127108620327226}","['Co', 'Fe', 'Zr']",,0.5364833610153198,0.6285670457943425
"{""Co"": 0.25009948112544134, ""Fe"": 0.5356385154214731, ""Zr"": 0.21426200345308555}","['Co', 'Fe', 'Zr']",550.0,0.7894668424129487,0.3016478163714832
"{""Co"": 0.24607657714437853, ""Fe"": 0.5937430329593185, ""Zr"": 0.16018038989630287}","['Co', 'Fe', 'Zr']",550.0,0.8496289956569675,0.29588231450421154
"{""Co"": 0.26340363881616297, ""Fe"": 0.5736557506523206, ""Zr"": 0.1629406105315164}","['Co', 'Fe', 'Zr']",550.0,0.7231610357761382,0.3313188153966287
"{""Co"": 0.3384202424406516, ""Fe"": 0.5512384657021264, ""Zr"": 0.11034129185722194}","['Co', 'Fe', 'Zr']",550.0,0.778980029821396,0.3316496489511068
"{""Co"": 0.33094369832896203, ""Fe"": 0.5781126577578322, ""Zr"": 0.09094364391320583}","['Co', 'Fe', 'Zr']",550.0,0.7344467771053312,0.31274772142673796
"{""Co"": 0.37959704951468604, ""Fe"": 0.5195760383762518, ""Zr"": 0.10082691210906218}","['Co', 'Fe', 'Zr']",550.0,0.814383856058121,0.18283682585315322
"{""Co"": 0.3212456164008895, ""Fe"": 0.31047987510941644, ""Zr"": 0.36827450848969395}","['Co', 'Fe', 'Zr']",550.0,0.8115108835697177,0.09746846122710995
"{""Co"": 0.3591181546351331, ""Fe"": 0.3884487989938751, ""Zr"": 0.2524330463709919}","['Co', 'Fe', 'Zr']",550.0,0.7185089409351347,0.10939383557733573
"{""Co"": 0.5567887868519248, ""Fe"": 0.2839040982889242, ""Zr"": 0.159307114859151}","['Co', 'Fe', 'Zr']",550.0,0.6820257341861723,0.07375621679965155
"{""Co"": 0.5812694261462141, ""Fe"": 0.2874271410395485, ""Zr"": 0.1313034328142373}","['Co', 'Fe', 'Zr']",550.0,0.7008861815929411,0.07733680866115233
"{""Co"": 0.583015454558586, ""Fe"": 0.3259978642023961, ""Zr"": 0.09098668123901785}","['Co', 'Fe', 'Zr']",550.0,0.6681623685359953,0.1023235695291323
"{""Co"": 0.4533498862802462, ""Fe"": 0.2395239547667195, ""Zr"": 0.30712615895303436}","['Co', 'Fe', 'Zr']",550.0,0.7408667767047881,0.09374329098033385
"{""Co"": 0.5188461813356179, ""Fe"": 0.22038455414509953, ""Zr"": 0.2607692645192827}","['Co', 'Fe', 'Zr']",550.0,0.7483119285106657,0.05201310819254418
"{""Co"": 0.5780139968876062, ""Fe"": 0.24417649524907545, ""Zr"": 0.17780950786331817}","['Co', 'Fe', 'Zr']",550.0,0.6990618884563444,0.07882143901449412
"{""Co"": 0.4170029499719571, ""Fe"": 0.15355302139382587, ""Zr"": 0.42944402863421705}","['Co', 'Fe', 'Zr']",550.0,0.8178805458545688,0.03863950996305476
"{""Co"": 0.7477091001028715, ""Fe"": 0.13815719869083098, ""Zr"": 0.1141337012062974}","['Co', 'Fe', 'Zr']",550.0,0.6767348706722258,0.09688382565388132
"{""Co"": 0.8188650241128057, ""Fe"": 0.08201795716851885, ""Zr"": 0.09911701871867538}","['Co', 'Fe', 'Zr']",550.0,0.6244977939128874,0.07369428192844774
"{""Co"": 0.8018703801169523, ""Fe"": 0.11821826135892122, ""Zr"": 0.07991135852412652}","['Co', 'Fe', 'Zr']",550.0,0.6792931163311003,0.14184661247662012
"{""Co"": 0.2557642396999606, ""Fe"": 0.07128321231398606, ""Zr"": 0.6729525479860534}","['Co', 'Fe', 'Zr']",550.0,0.8998196113109591,0.03150205709343801
"{""Co"": 0.6274269989859841, ""Fe"": 0.0854856665166054, ""Zr"": 0.28708733449741053}","['Co', 'Fe', 'Zr']",550.0,0.8064001214504245,0.04627632846417018
"{""Co"": 0.6888302064481516, ""Fe"": 0.0923850206882738, ""Zr"": 0.21878477286357467}","['Co', 'Fe', 'Zr']",550.0,0.8655209839344028,0.04674248349100807
"{""Co"": 0.7506547429533967, ""Fe"": 0.08436532089659422, ""Zr"": 0.164979936150009}","['Co', 'Fe', 'Zr']",550.0,0.6793187153339385,0.06557619542932347
"{""Co"": 0.34246766713086435, ""Fe"": 0.05962107898351131, ""Zr"": 0.5979112538856244}","['Co', 'Fe', 'Zr']",550.0,0.8656551992893222,0.02430077169529954
"{""Co"": 0.40435449708113397, ""Fe"": 0.05569186104631273, ""Zr"": 0.5399536418725532}","['Co', 'Fe', 'Zr']",550.0,0.8827574908733371,0.029040814803407367
"{""Co"": 0.4783334085378511, ""Fe"": 0.056882934442679826, ""Zr"": 0.46478365701946905}","['Co', 'Fe', 'Zr']",550.0,0.8028972041606905,0.03526225532508909
"{'Co': 0.9105751793838527, 'W': 0.059117187696824704, 'Mn': 0.0303076329193226}","['Co', 'Mn', 'W']",,0.5750025576353072,0.3302533546151511
"{'Co': 0.9057325570485657, 'W': 0.06597036249739363, 'Mn': 0.028297080454040575}","['Co', 'Mn', 'W']",,0.5830797189474104,0.33213965757681885
"{'Co': 0.8984117245625214, 'W': 0.05898157292647156, 'Mn': 0.042606702511007136}","['Co', 'Mn', 'W']",,0.5885420387983321,0.30592559822507226
"{'Co': 0.71367, 'W': 0.11621, 'Mn': 0.17013}","['Co', 'Mn', 'W']",,0.8461611670255664,1.223394882906008
"{'Co': 0.7038954170724747, 'W': 0.12815362236125882, 'Mn': 0.1679509605662664}","['Co', 'Mn', 'W']",,0.6491534489393233,0.5935980750001036
"{'Co': 0.6207910126852413, 'W': 0.13943884767766954, 'Mn': 0.239770139637089}","['Co', 'Mn', 'W']",,0.6591909497976302,0.5897837810963883
"{'Co': 0.09590656210244744, 'W': 0.23912845356816576, 'Mn': 0.6649649843293869}","['Co', 'Mn', 'W']",,0.7621760863065719,0.07928158412631947
"{'Co': 0.10674845011304222, 'W': 0.2176057035122043, 'Mn': 0.6756458463747536}","['Co', 'Mn', 'W']",,0.7422875469923018,0.1106131436749736
"{'Co': 0.07025834467922805, 'W': 0.18347732610173184, 'Mn': 0.7462643292190402}","['Co', 'Mn', 'W']",,0.691477088332176,0.20764662388589822
"{'Co': 0.8992492418019514, 'W': 0.07602502795255832, 'Mn': 0.024725730245490282}","['Co', 'Mn', 'W']",550.0,0.6580208271741869,0.21414502721229248
"{'Co': 0.9180729795327017, 'W': 0.06312405422364255, 'Mn': 0.018802966243655714}","['Co', 'Mn', 'W']",550.0,0.6425883048772814,0.2616600509336712
"{'Co': 0.9021606195721154, 'W': 0.06395721039649707, 'Mn': 0.03388217003138761}","['Co', 'Mn', 'W']",550.0,0.6405528324842454,0.2398839462595801
"{'Co': 0.8825800418322484, 'W': 0.06724540647410117, 'Mn': 0.05017455169365035}","['Co', 'Mn', 'W']",550.0,0.6532911103963853,0.22199295224283105
"{'Co': 0.8810962481611248, 'W': 0.0848856560964256, 'Mn': 0.03401809574244976}","['Co', 'Mn', 'W']",550.0,0.6559906691312791,0.19593433024526274
"{'Co': 0.8331450651927903, 'W': 0.09547025955075719, 'Mn': 0.07138467525645256}","['Co', 'Mn', 'W']",550.0,0.7175514167547228,0.23322020976588573
"{'Co': 0.85259, 'Mn': 0.04254, 'W': 0.10488}","['Co', 'Mn', 'W']",550.0,0.8861752337217331,0.6085453066360192
"{'Co': 0.8303114608089125, 'W': 0.09478916513315551, 'Mn': 0.074899374057932}","['Co', 'Mn', 'W']",550.0,0.6773995822668077,0.13496650339168925
"{'Co': 0.7892731898440261, 'W': 0.10402977902033765, 'Mn': 0.1066970311356364}","['Co', 'Mn', 'W']",550.0,0.7004713076353074,0.14130613556244914
"{'Co': 0.8081211747369056, 'W': 0.09270598704495336, 'Mn': 0.09917283821814109}","['Co', 'Mn', 'W']",550.0,0.6938869732618334,0.17688138262324524
"{'Co': 0.6746676765518022, 'W': 0.10363827311624271, 'Mn': 0.22169405033195513}","['Co', 'Mn', 'W']",550.0,0.7271652120351793,0.161423886026916
"{'Co': 0.45500917861332757, 'W': 0.28930319956183415, 'Mn': 0.25568762182483834}","['Co', 'Mn', 'W']",550.0,0.8110135263204574,0.13970844944678235
"{'Co': 0.46968785626386694, 'W': 0.28288452981753387, 'Mn': 0.24742761391859908}","['Co', 'Mn', 'W']",550.0,0.8361532300710678,0.13903585453107373
"{'Co': 0.4804887536227066, 'W': 0.27690523230622577, 'Mn': 0.2426060140710676}","['Co', 'Mn', 'W']",550.0,0.7177469795942308,0.17030468772789403
"{'Co': 0.4900337425931355, 'W': 0.26803930258027425, 'Mn': 0.24192695482659038}","['Co', 'Mn', 'W']",550.0,0.7277475732564928,0.1614336164374329
"{'Co': 0.4165977695593021, 'W': 0.2729641819409887, 'Mn': 0.3104380484997092}","['Co', 'Mn', 'W']",550.0,0.7344379919767381,0.16832769148989746
"{'Co': 0.19229913941387053, 'W': 0.2624887617316374, 'Mn': 0.5452120988544921}","['Co', 'Mn', 'W']",550.0,0.7286806434392931,0.1937939113265032
"{'Co': 0.1396650273364212, 'W': 0.22838845632587484, 'Mn': 0.6319465163377039}","['Co', 'Mn', 'W']",550.0,0.7868116492033004,0.17558444542405321
"{'Co': 0.17210994813750038, 'W': 0.21338252815253805, 'Mn': 0.6145075237099615}","['Co', 'Mn', 'W']",550.0,0.8160645741224289,0.20086027342626653
"{'Co': 0.1479170342695864, 'W': 0.36517532041913203, 'Mn': 0.48690764531128156}","['Co', 'Mn', 'W']",550.0,0.8131554239988327,0.4177963542745742
"{'Co': 0.127547464746118, 'W': 0.279756108173121, 'Mn': 0.592696427080761}","['Co', 'Mn', 'W']",550.0,0.7962276667356489,0.1734112201162054
"{""Co"": 0.665347551839365, ""Hf"": 0.18890433808621096, ""Mn"": 0.14574811007442406}","['Co', 'Hf', 'Mn']",,0.7907049840688707,0.14320568598875644
"{""Co"": 0.6921918452263258, ""Hf"": 0.15534202411878736, ""Mn"": 0.15246613065488684}","['Co', 'Hf', 'Mn']",,0.6316512483358382,0.15552563467689365
"{""Co"": 0.6649809795916624, ""Hf"": 0.16950154022776182, ""Mn"": 0.16551748018057585}","['Co', 'Hf', 'Mn']",,0.6077107018232344,0.1312869970075029
"{""Co"": 0.31091517079635583, ""Hf"": 0.44895258543748884, ""Mn"": 0.24013224376615536}","['Co', 'Hf', 'Mn']",,0.7943781942129137,0.14977520656235663
"{""Co"": 0.34146530403816033, ""Hf"": 0.38916759998506933, ""Mn"": 0.26936709597677044}","['Co', 'Hf', 'Mn']",,0.7435497659444807,0.12046581896428676
"{""Co"": 0.3260100330409802, ""Hf"": 0.35966329363337474, ""Mn"": 0.3143266733256451}","['Co', 'Hf', 'Mn']",,0.7483241647481917,0.1290478156774998
"{""Co"": 0.15825645229214383, ""Hf"": 0.18214023588494213, ""Mn"": 0.659603311822914}","['Co', 'Hf', 'Mn']",,0.8113229578733447,0.1620705695014475
"{""Co"": 0.15527188529297284, ""Hf"": 0.1532668263302744, ""Mn"": 0.6914612883767528}","['Co', 'Hf', 'Mn']",,0.7464114540815352,0.10972303553197166
"{""Co"": 0.12751638041844238, ""Hf"": 0.11700489041924796, ""Mn"": 0.7554787291623096}","['Co', 'Hf', 'Mn']",,0.7842043536901475,0.09773601053116293
"{""Co"": 0.605961820804919, ""Hf"": 0.2291582963766882, ""Mn"": 0.1648798828183929}","['Co', 'Hf', 'Mn']",550.0,0.7582359731197359,0.10615871902502066
"{""Co"": 0.5103401295760331, ""Hf"": 0.30983467698900774, ""Mn"": 0.1798251934349591}","['Co', 'Hf', 'Mn']",550.0,0.7770999372005464,0.06441557662978589
"{""Co"": 0.36061422952001826, ""Hf"": 0.1919836058556125, ""Mn"": 0.4474021646243692}","['Co', 'Hf', 'Mn']",550.0,0.7876184999942781,0.10795916405519915
"{""Co"": 0.3263345650175487, ""Hf"": 0.30293459300619546, ""Mn"": 0.3707308419762558}","['Co', 'Hf', 'Mn']",550.0,0.893773809671402,0.13311939878627005
"{""Co"": 0.20466381763228914, ""Hf"": 0.18251729984107418, ""Mn"": 0.6128188825266366}","['Co', 'Hf', 'Mn']",550.0,0.7684636127948763,0.16869971108041304
"{""Co"": 0.7297661609997208, ""Ni"": 0.021711661192309682, ""Pd"": 0.2485221778079696}","['Co', 'Ni', 'Pd']",550.0,0.719279912185669,0.09212163529374745
"{""Co"": 0.7731323498823374, ""Ni"": 0.026477143226447453, ""Pd"": 0.20039050689121515}","['Co', 'Ni', 'Pd']",550.0,0.7938133341789246,0.05166773605366856
"{""Co"": 0.7959463249995298, ""Ni"": 0.02649227314188942, ""Pd"": 0.1775614018585808}","['Co', 'Ni', 'Pd']",550.0,0.790363736820221,0.052508841252473626
"{""Co"": 0.08634935383598143, ""Ni"": 0.005296983993844315, ""Pd"": 0.9083536621701743}","['Co', 'Ni', 'Pd']",550.0,0.7044449455261231,0.13046456692293074
"{""Co"": 0.1195914856418026, ""Ni"": 0.006232210933744974, ""Pd"": 0.8741763034244524}","['Co', 'Ni', 'Pd']",550.0,0.6041643030166627,0.07328688959342744
"{""Co"": 0.12239093967837135, ""Ni"": 0.006671541074173543, ""Pd"": 0.8709375192474551}","['Co', 'Ni', 'Pd']",550.0,0.8011337310791015,0.0007331233814942273
"{""Co"": 0.2532529310329611, ""Ni"": 0.009208437153493341, ""Pd"": 0.7375386318135455}","['Co', 'Ni', 'Pd']",550.0,0.8466811997413635,0.05370718736953717
"{""Co"": 0.35264734288392996, ""Ni"": 0.010864932541225973, ""Pd"": 0.636487724574844}","['Co', 'Ni', 'Pd']",550.0,0.6824006134986879,0.012330271753409172
"{""Co"": 0.3242684621137102, ""Ni"": 0.011116106585566965, ""Pd"": 0.6646154313007228}","['Co', 'Ni', 'Pd']",550.0,0.7596023280143739,0.039541804210696085
"{""Co"": 0.07714628976073759, ""Ni"": 0.005391212764659201, ""Pd"": 0.9174624974746033}","['Co', 'Ni', 'Pd']",550.0,0.7806531197547913,0.008519273149900863
"{""Co"": 0.09961888969653163, ""Ni"": 0.006910232412377445, ""Pd"": 0.8934708778910909}","['Co', 'Ni', 'Pd']",550.0,0.8738076979637145,0.013082922262259267
"{""Co"": 0.21356621605978665, ""Ni"": 0.016690413491795602, ""Pd"": 0.7697433704484178}","['Co', 'Ni', 'Pd']",550.0,0.8156562835693358,0.030679648439382312
"{""Co"": 0.2003726921560594, ""Ni"": 0.026318690876814276, ""Pd"": 0.7733086169671264}","['Co', 'Ni', 'Pd']",550.0,0.7662745148658753,0.051331032792042874
"{""Co"": 0.41777812910986883, ""Ni"": 0.1495313303579471, ""Pd"": 0.4326905405321841}","['Co', 'Ni', 'Pd']",550.0,0.8424244029045105,0.036117079496677834
"{""Co"": 0.09953592232789549, ""Ni"": 0.012605030408202019, ""Pd"": 0.8878590472639025}","['Co', 'Ni', 'Pd']",550.0,0.6987979657173158,0.040449554761968765
"{""Co"": 0.039948117332867634, ""Ni"": 0.004488811226063852, ""Pd"": 0.9555630714410684}","['Co', 'Ni', 'Pd']",550.0,0.7832094342231751,0.10146588580303129
"{""Co"": 0.7045514760648363, ""Ni"": 0.23640665295531985, ""Ta"": 0.05904187097984386}","['Co', 'Ni', 'Ta']",,0.5650302910804749,0.5291185160490408
"{""Co"": 0.7412025562138433, ""Ni"": 0.217362167858777, ""Ta"": 0.041435275927379556}","['Co', 'Ni', 'Ta']",,0.618132803440094,0.5112830382258933
"{""Co"": 0.6892380314554724, ""Ni"": 0.25891306523932905, ""Ta"": 0.05184890330519862}","['Co', 'Ni', 'Ta']",,0.6109411501884461,0.5556164971083888
"{""Co"": 0.34920287389820526, ""Ni"": 0.4429271646356342, ""Ta"": 0.20786996146616066}","['Co', 'Ni', 'Ta']",,0.6074982619285584,0.3589072104441483
"{""Co"": 0.3951195053396346, ""Ni"": 0.4412184509157538, ""Ta"": 0.1636620437446117}","['Co', 'Ni', 'Ta']",,0.5891905331611633,0.4407250847027008
"{""Co"": 0.31242836979461625, ""Ni"": 0.5250068883580329, ""Ta"": 0.16256474184735095}","['Co', 'Ni', 'Ta']",,0.5940465712547303,0.46294218941940773
"{""Co"": 0.07201427015712832, ""Ni"": 0.807670250798609, ""Ta"": 0.12031547904426258}","['Co', 'Ni', 'Ta']",,0.7835707211494446,0.9611071549807265
"{""Co"": 0.07451745941766211, ""Ni"": 0.9090892066208023, ""Ta"": 0.01639333396153559}","['Co', 'Ni', 'Ta']",,0.7743303465843201,0.9000920568238011
"{""Co"": 0.05878990101013564, ""Ni"": 0.9271083531262313, ""Ta"": 0.01410174586363299}","['Co', 'Ni', 'Ta']",,0.8137997174263001,1.057343570633774
"{""Co"": 0.7212365412823777, ""Ni"": 0.19761267552453132, ""Ta"": 0.08115078319309099}","['Co', 'Ni', 'Ta']",550.0,0.6455101454257967,0.11736160617519786
"{""Co"": 0.7561351522042932, ""Ni"": 0.18751291271635315, ""Ta"": 0.05635193507935367}","['Co', 'Ni', 'Ta']",550.0,0.6352578985691072,0.18620745169956526
"{""Co"": 0.7143254991620068, ""Ni"": 0.2175455842677984, ""Ta"": 0.06812891657019467}","['Co', 'Ni', 'Ta']",550.0,0.7018538439273834,0.13246536323361147
"{""Co"": 0.6458866417238288, ""Ni"": 0.302144121025398, ""Ta"": 0.05196923725077315}","['Co', 'Ni', 'Ta']",550.0,0.6454678213596345,0.1678164759204515
"{""Co"": 0.6577089551175077, ""Ni"": 0.29828707707838403, ""Ta"": 0.044003967804108174}","['Co', 'Ni', 'Ta']",550.0,0.6449072039127351,0.13055745222543386
"{""Co"": 0.5885876423431986, ""Ni"": 0.3591405689939138, ""Ta"": 0.05227178866288769}","['Co', 'Ni', 'Ta']",550.0,0.6443698966503145,0.18809567821930578
"{""Co"": 0.4980202482555419, ""Ni"": 0.20782378173688176, ""Ta"": 0.29415597000757626}","['Co', 'Ni', 'Ta']",550.0,0.870426150560379,0.07836562641078082
"{""Co"": 0.4674818549928476, ""Ni"": 0.2311030778280467, ""Ta"": 0.3014150671791057}","['Co', 'Ni', 'Ta']",550.0,0.7267653143405914,0.08732100291557049
"{""Co"": 0.5457406347694306, ""Ni"": 0.23895367913909574, ""Ta"": 0.21530568609147357}","['Co', 'Ni', 'Ta']",550.0,0.7009292590618134,0.07863609194962917
"{""Co"": 0.5363643427304099, ""Ni"": 0.34224114485982865, ""Ta"": 0.12139451240976137}","['Co', 'Ni', 'Ta']",550.0,0.6573230159282685,0.1556720762425416
"{""Co"": 0.4820738993066774, ""Ni"": 0.39332606947397286, ""Ta"": 0.12460003121934975}","['Co', 'Ni', 'Ta']",550.0,0.6660047781467437,0.1884824167072634
"{""Co"": 0.5079545669440317, ""Ni"": 0.3893767092271373, ""Ta"": 0.10266872382883106}","['Co', 'Ni', 'Ta']",550.0,0.6584387338161468,0.19953652954041173
"{""Co"": 0.35411246427198056, ""Ni"": 0.5602684860487259, ""Ta"": 0.08561904967929354}","['Co', 'Ni', 'Ta']",550.0,0.6853568017482757,0.3345217024886564
"{""Co"": 0.27255683029026706, ""Ni"": 0.636721791788557, ""Ta"": 0.09072137792117599}","['Co', 'Ni', 'Ta']",550.0,0.6857470858097077,0.3864430221225046
"{""Co"": 0.3515140938418805, ""Ni"": 0.3223245382589379, ""Ta"": 0.3261613678991817}","['Co', 'Ni', 'Ta']",550.0,0.7594642126560212,0.10611078112327421
"{""Co"": 0.3567364255716431, ""Ni"": 0.38869624037937045, ""Ta"": 0.25456733404898657}","['Co', 'Ni', 'Ta']",550.0,0.7016599643230438,0.15137255406970734
"{""Co"": 0.2786981486342015, ""Ni"": 0.5855958781255001, ""Ta"": 0.13570597324029846}","['Co', 'Ni', 'Ta']",550.0,0.6748889720439911,0.3272360934904536
"{""Co"": 0.29156762889571763, ""Ni"": 0.5914239457931676, ""Ta"": 0.11700842531111474}","['Co', 'Ni', 'Ta']",550.0,0.6885028040409088,0.3322712480542798
"{""Co"": 0.2259669448834511, ""Ni"": 0.6595703761929944, ""Ta"": 0.11446267892355455}","['Co', 'Ni', 'Ta']",550.0,0.6905810964107514,0.4181197286778467
"{""Co"": 0.19800277259132187, ""Ni"": 0.526135787872963, ""Ta"": 0.27586143953571507}","['Co', 'Ni', 'Ta']",550.0,0.7707432520389557,0.1734528547391041
"{""Co"": 0.1669055178221048, ""Ni"": 0.5923857608462485, ""Ta"": 0.24070872133164672}","['Co', 'Ni', 'Ta']",550.0,0.7415149652957916,0.23521285234503386
"{""Co"": 0.17664891200982996, ""Ni"": 0.6220287341512676, ""Ta"": 0.2013223538389025}","['Co', 'Ni', 'Ta']",550.0,0.7157918345928193,0.3046048610023227
"{""Co"": 0.10921626129644678, ""Ni"": 0.7758935408830564, ""Ta"": 0.11489019782049677}","['Co', 'Ni', 'Ta']",550.0,0.7024341452121735,0.7028059039621245
"{""Co"": 0.0947657623772618, ""Ni"": 0.8877339249466049, ""Ta"": 0.01750031267613339}","['Co', 'Ni', 'Ta']",550.0,0.7101504147052765,0.732814580299233
"{""Co"": 0.09659005871855711, ""Ni"": 0.8858684270553929, ""Ta"": 0.01754151422604995}","['Co', 'Ni', 'Ta']",550.0,0.7088773429393769,0.7318857964788312
"{""Co"": 0.12999407378939443, ""Ni"": 0.47843684346894066, ""Ta"": 0.39156908274166485}","['Co', 'Ni', 'Ta']",550.0,0.8824315392971038,0.11738837393396784
"{""Co"": 0.10136175481597964, ""Ni"": 0.7333745781130439, ""Ta"": 0.1652636670709765}","['Co', 'Ni', 'Ta']",550.0,0.7127797448635101,0.5240314128602889
"{""Co"": 0.10034092273094715, ""Ni"": 0.7571508202208153, ""Ta"": 0.14250825704823764}","['Co', 'Ni', 'Ta']",550.0,0.7084369528293609,0.6274374587830129
"{""Co"": 0.08370358117515833, ""Ni"": 0.7810021354139982, ""Ta"": 0.13529428341084349}","['Co', 'Ni', 'Ta']",550.0,0.6972969710826874,0.736337319284004
"{""Co"": 0.10308451847575761, ""Ni"": 0.5705049519285561, ""Ta"": 0.3264105295956863}","['Co', 'Ni', 'Ta']",550.0,0.7734883725643158,0.1770716744553955
"{""Co"": 0.08410086388830662, ""Ni"": 0.6386565977116745, ""Ta"": 0.27724253840001895}","['Co', 'Ni', 'Ta']",550.0,0.7356904518604278,0.2582932415856789
"{""Co"": 0.08691988097487865, ""Ni"": 0.6915811778749056, ""Ta"": 0.22149894115021568}","['Co', 'Ni', 'Ta']",550.0,0.7210173904895782,0.3785651158357587
"{""Co"": 0.7803621763480014, ""In"": 0.12163048961618128, ""Zr"": 0.0980073340358173}","['Co', 'In', 'Zr']",,0.5322541701793672,0.4309001629217755
"{""Co"": 0.8592092488298554, ""In"": 0.09955721045309378, ""Zr"": 0.04123354071705073}","['Co', 'In', 'Zr']",,0.5347292411327363,0.4465866556034313
"{""Co"": 0.7642750718606691, ""In"": 0.16032402248016653, ""Zr"": 0.07540090565916437}","['Co', 'In', 'Zr']",,0.5439646375179292,0.4445444478252338
"{""Co"": 0.2624600925577037, ""In"": 0.06331775050930585, ""Zr"": 0.6742221569329904}","['Co', 'In', 'Zr']",,0.7360859048366547,0.17301263295158997
"{""Co"": 0.4459721525795773, ""In"": 0.12479074382749786, ""Zr"": 0.4292371035929248}","['Co', 'In', 'Zr']",,0.6960560405254363,0.2770681874540346
"{""Co"": 0.394101237667818, ""In"": 0.15111513179785407, ""Zr"": 0.45478363053432797}","['Co', 'In', 'Zr']",,0.6667311036586762,0.4660852995650753
"{""Co"": 0.5098063137054223, ""In"": 0.16765092751976104, ""Zr"": 0.32254275877481675}","['Co', 'In', 'Zr']",,0.6157341086864473,0.3356283585828928
"{""Co"": 0.23247953579329964, ""In"": 0.09174759910766568, ""Zr"": 0.6757728650990347}","['Co', 'In', 'Zr']",,0.7769655621051789,0.19271859057498314
"{""Co"": 0.21941305086836194, ""In"": 0.1323630694976155, ""Zr"": 0.6482238796340226}","['Co', 'In', 'Zr']",,0.898557687997818,0.403917990887041
"{""Co"": 0.7704059432752054, ""In"": 0.17190637943801657, ""Zr"": 0.05768767728677797}","['Co', 'In', 'Zr']",550.0,0.5914443850517273,0.22425690306172302
"{""Co"": 0.7714518959042741, ""In"": 0.16777727175546636, ""Zr"": 0.0607708323402596}","['Co', 'In', 'Zr']",550.0,0.5864156699180603,0.22919985181803235
"{""Co"": 0.7235679925414983, ""In"": 0.23711393807718031, ""Zr"": 0.0393180693813214}","['Co', 'In', 'Zr']",550.0,0.5885204148292541,0.2720968549178031
"{""Co"": 0.5410803444255651, ""In"": 0.20915728403817105, ""Zr"": 0.24976237153626382}","['Co', 'In', 'Zr']",550.0,0.6563814640045166,0.14290791618055504
"{""Co"": 0.4663319927690962, ""In"": 0.2662479719782659, ""Zr"": 0.26742003525263797}","['Co', 'In', 'Zr']",550.0,0.7088003778457641,0.08531463717899523
"{""Co"": 0.5576634794912777, ""In"": 0.2722396662864981, ""Zr"": 0.17009685422222426}","['Co', 'In', 'Zr']",550.0,0.6400533366203308,0.1800761051975604
"{""Co"": 0.42023153090723614, ""In"": 0.48158654336902107, ""Zr"": 0.09818192572374274}","['Co', 'In', 'Zr']",550.0,0.6677364492416382,0.20512721340869045
"{""Co"": 0.3288278121957796, ""In"": 0.6354045142135549, ""Zr"": 0.035767673590665405}","['Co', 'In', 'Zr']",550.0,0.6802585411071778,0.29462752444819335
"{""Co"": 0.35616808280426476, ""In"": 0.5807446182500848, ""Zr"": 0.06308729894565032}","['Co', 'In', 'Zr']",550.0,0.6777182221412659,0.2663686542891719
"{""Co"": 0.2707963142171305, ""In"": 0.5029796603346544, ""Zr"": 0.22622402544821513}","['Co', 'In', 'Zr']",550.0,0.762270119190216,0.5140294735403662
"{""Co"": 0.30752798975320506, ""In"": 0.5284177001079621, ""Zr"": 0.16405431013883287}","['Co', 'In', 'Zr']",550.0,0.6985248899459839,0.23634467083179994
"{""Co"": 0.25231117718904833, ""In"": 0.6327297387093755, ""Zr"": 0.11495908410157603}","['Co', 'In', 'Zr']",550.0,0.8702795624732971,0.49882961772258605
"{""Co"": 0.8804165037222739, ""Sb"": 0.0061851045058947405, ""Zr"": 0.11339839177183142}","['Co', 'Sb', 'Zr']",,0.5671859729290009,0.5368017359034356
"{""Co"": 0.9006366809188391, ""Sb"": 0.005005920494354115, ""Zr"": 0.0943573985868067}","['Co', 'Sb', 'Zr']",,0.5681890428066254,0.6191442154140928
"{""Co"": 0.8871144870881764, ""Sb"": 0.007106945181986464, ""Zr"": 0.10577856772983707}","['Co', 'Sb', 'Zr']",,0.5650648272037506,0.5316308862658072
"{""Co"": 0.20222853684406839, ""Sb"": 0.007573708089366511, ""Zr"": 0.7901977550665651}","['Co', 'Sb', 'Zr']",,0.8856946218013764,0.13774605691785002
"{""Co"": 0.2771340658640339, ""Sb"": 0.0066795427060244075, ""Zr"": 0.7161863914299417}","['Co', 'Sb', 'Zr']",,0.8188690674304963,0.12244561459404235
"{""Co"": 0.49667514487086706, ""Sb"": 0.016280933120313132, ""Zr"": 0.48704392200881985}","['Co', 'Sb', 'Zr']",,0.7885288870334627,0.3075823246321323
"{""Co"": 0.4640647378818428, ""Sb"": 0.0071769753973648385, ""Zr"": 0.5287582867207924}","['Co', 'Sb', 'Zr']",,0.7432608020305635,0.2721174477209051
"{""Co"": 0.6002252982816821, ""Sb"": 0.014056146055926541, ""Zr"": 0.38571855566239127}","['Co', 'Sb', 'Zr']",,0.6764917409420015,0.4226636854899588
"{""Co"": 0.25093562713512313, ""Sb"": 0.00966320115541792, ""Zr"": 0.7394011717094591}","['Co', 'Sb', 'Zr']",,0.8718002927303314,0.2358844989080564
"{""Co"": 0.24386539423091178, ""Sb"": 0.00237268267742429, ""Zr"": 0.7537619230916639}","['Co', 'Sb', 'Zr']",,0.841757732629776,0.23773234677520505
"{""Co"": 0.39349015163380235, ""Sb"": 0.031104485690355493, ""Zr"": 0.5754053626758421}","['Co', 'Sb', 'Zr']",,0.8353244125843048,0.08614517872816174
"{""Co"": 0.49647330877438856, ""Sb"": 0.028283777631721387, ""Zr"": 0.4752429135938901}","['Co', 'Sb', 'Zr']",,0.8317981445789338,0.1280600966160012
"{""Co"": 0.45893846366402236, ""Sb"": 0.04134975755653672, ""Zr"": 0.49971177877944095}","['Co', 'Sb', 'Zr']",,0.7420569574832918,0.11343290849944854
"{""Co"": 0.5353196507901783, ""Sb"": 0.10451288479257034, ""Zr"": 0.3601674644172513}","['Co', 'Sb', 'Zr']",,0.7058601725101472,0.2683695240874473
"{""Co"": 0.6012582315251579, ""Sb"": 0.12427855458860144, ""Zr"": 0.27446321388624073}","['Co', 'Sb', 'Zr']",,0.7935449564456941,0.2542818263837986
"{""Co"": 0.5470399674066627, ""Sb"": 0.20096024251769562, ""Zr"": 0.25199979007564177}","['Co', 'Sb', 'Zr']",,0.6950379216670991,0.2196933502831196
"{""Co"": 0.30577668114539597, ""Sb"": 0.09811169510621587, ""Zr"": 0.5961116237483881}","['Co', 'Sb', 'Zr']",,0.7907195079326631,0.342850296318273
"{""Co"": 0.3048780034409307, ""Sb"": 0.15700363000351497, ""Zr"": 0.5381183665555543}","['Co', 'Sb', 'Zr']",,0.8359633028507233,0.31708469838324693
"{""Co"": 0.3486686148097405, ""Sb"": 0.19504489409886497, ""Zr"": 0.45628649109139446}","['Co', 'Sb', 'Zr']",,0.8276001870632171,0.282349652842505
"{""Co"": 0.5945710818569486, ""Fe"": 0.13918653680192675, ""Ta"": 0.12104379528714555, ""Zr"": 0.14519858605397917}","['Co', 'Fe', 'Ta', 'Zr']",,0.6609180271625518,0.14788692878779225
"{""Co"": 0.602561000516588, ""Fe"": 0.15390071198513108, ""Ta"": 0.11982885658386036, ""Zr"": 0.1237094309144205}","['Co', 'Fe', 'Ta', 'Zr']",,0.6258077847957609,0.18175562060290215
"{""Co"": 0.06197065347984175, ""Fe"": 0.3450382759099169, ""Ta"": 0.4418116475577513, ""Zr"": 0.1511794230524899}","['Co', 'Fe', 'Ta', 'Zr']",,0.6445606124401091,0.427315165757678
"{""Co"": 0.5883645736456158, ""Fe"": 0.17117192545379195, ""Ta"": 0.12300398176939838, ""Zr"": 0.11745951913119385}","['Co', 'Fe', 'Ta', 'Zr']",550.0,0.6951899158954622,0.047328451377935066
"{""Co"": 0.6286706176798622, ""Fe"": 0.18303411490377472, ""Ta"": 0.10802418545524066, ""Zr"": 0.08027108196112254}","['Co', 'Fe', 'Ta', 'Zr']",550.0,0.6822399938106538,0.05066784055296203
"{'Bi': 0.14096, 'Mo': 0.0393, 'Co': 0.81974}","['Bi', 'Co', 'Mo']",,0.5360801923274994,0.6315326960216073
"{'Bi': 0.19215, 'Mo': 0.04339, 'Co': 0.76447}","['Bi', 'Co', 'Mo']",,0.5819434988498687,0.6558481958167065
"{'Bi': 0.22964, 'Mo': 0.06318, 'Co': 0.70717}","['Bi', 'Co', 'Mo']",550.0,0.6167132365703583,0.3024679979753643
"{'Bi': 0.19797, 'Mo': 0.11217, 'Co': 0.68985}","['Bi', 'Co', 'Mo']",550.0,0.6082639682292938,0.3699260831225886
"{'Bi': 0.28672, 'Mo': 0.04867, 'Co': 0.66461}","['Bi', 'Co', 'Mo']",550.0,0.6507448756694794,0.31650001112617165
"{'Bi': 0.32743, 'Mo': 0.10147, 'Co': 0.5711}","['Bi', 'Co', 'Mo']",550.0,0.630034762620926,0.40140467487269005
"{'Bi': 0.40709, 'Mo': 0.12668, 'Co': 0.46624}","['Bi', 'Co', 'Mo']",550.0,0.6569755041599273,0.4976712827729807
"{'Bi': 0.37765, 'Mo': 0.1073, 'Co': 0.51506}","['Bi', 'Co', 'Mo']",550.0,0.6631894671916961,0.44495459409750565
"{'Bi': 0.60552, 'Mo': 0.05701, 'Co': 0.33748}","['Bi', 'Co', 'Mo']",550.0,0.7109730160236358,0.8404034649190402
"{'Bi': 0.68733, 'Mo': 0.06488, 'Co': 0.24779}","['Bi', 'Co', 'Mo']",550.0,0.7789393961429596,0.8451696424181636
"{'Bi': 0.66403, 'Mo': 0.05292, 'Co': 0.28305}","['Bi', 'Co', 'Mo']",550.0,0.7555344307422638,0.8267833802601126
"{'Bi': 0.19216, 'Mo': 0.48925, 'Co': 0.31859}","['Bi', 'Co', 'Mo']",550.0,0.8963508665561676,0.2884167600980831
"{'Bi': 0.63321, 'Mo': 0.15592, 'Co': 0.21087}","['Bi', 'Co', 'Mo']",550.0,0.7914435708522797,1.015396797952947
"{'Bi': 0.59477, 'Mo': 0.20039, 'Co': 0.20484}","['Bi', 'Co', 'Mo']",550.0,0.8152879345417022,0.9881693549278471
"{'Bi': 0.73333, 'Mo': 0.07864, 'Co': 0.18803}","['Bi', 'Co', 'Mo']",550.0,0.7855559146404266,1.0300034200919614
"{'Bi': 0.86654, 'Mo': 0.04046, 'Co': 0.093}","['Bi', 'Co', 'Mo']",550.0,0.8079248631000518,1.8579245633475745
"{'Bi': 0.88175, 'Mo': 0.045, 'Co': 0.07325}","['Bi', 'Co', 'Mo']",550.0,0.8371412026882171,2.3433559496688723
"{'Bi': 0.88945, 'Mo': 0.03324, 'Co': 0.07731}","['Bi', 'Co', 'Mo']",550.0,0.8189598762989044,2.2239683080099466
"{'Bi': 0.52713, 'Mo': 0.38365, 'Co': 0.08922}","['Bi', 'Co', 'Mo']",550.0,0.8649985134601593,0.6481401679510697
"{'Bi': 0.8428, 'Mo': 0.10614, 'Co': 0.05105}","['Bi', 'Co', 'Mo']",550.0,0.8666054213047027,1.5663114483493121
"{'Bi': 0.87586, 'Mo': 0.0796, 'Co': 0.04454}","['Bi', 'Co', 'Mo']",550.0,0.852827125787735,1.4680714592891198
"{'Sb': 0.31125, 'Ni': 0.15784, 'Ag': 0.53091}","['Ag', 'Ni', 'Sb']",,0.8683601641654968,0.7001607607193978
"{'Sb': 0.00196, 'Ni': 0.01629, 'Ag': 0.98175}","['Ag', 'Ni', 'Sb']",,0.8687439107894898,3.942771216700721
"{'Sb': 0.00196, 'Ni': 0.01627, 'Ag': 0.98177}","['Ag', 'Ni', 'Sb']",,0.8469831085205078,4.066752049788874
"{'Sb': 0.00196, 'Ni': 0.0122, 'Ag': 0.98584}","['Ag', 'Ni', 'Sb']",,0.8156114172935486,4.703679885813275
"{'Sb': 0.10371, 'Ni': 0.03831, 'Ag': 0.85797}","['Ag', 'Ni', 'Sb']",,0.8671189260482788,1.1374831618052854
"{'Sb': 0.07296, 'Ni': 0.03392, 'Ag': 0.89312}","['Ag', 'Ni', 'Sb']",,0.8999451613426208,1.3452501961966468
"{""Bi"": 0.30804352088716475, ""Ni"": 0.6584992317156277, ""Zr"": 0.03345724739720743}","['Bi', 'Ni', 'Zr']",550.0,0.7713352537155153,0.4647167880875774
"{""Bi"": 0.2822164718423572, ""Ni"": 0.660945274324143, ""Zr"": 0.05683825383349975}","['Bi', 'Ni', 'Zr']",550.0,0.7813732290267946,0.5251650425878456
"{""Bi"": 0.3905543589593799, ""Ni"": 0.5804005745154036, ""Zr"": 0.02904506652521659}","['Bi', 'Ni', 'Zr']",550.0,0.7838606119155885,0.42465679931968614
"{""Bi"": 0.3472218881793656, ""Ni"": 0.37909786068348644, ""Zr"": 0.273680251137148}","['Bi', 'Ni', 'Zr']",550.0,0.8654697370529177,0.33494513369820217
"{""Bi"": 0.43188884893049984, ""Ni"": 0.354265459321912, ""Zr"": 0.2138456917475881}","['Bi', 'Ni', 'Zr']",550.0,0.8711003065109256,0.3434052357566456
"{""Co"": 0.11932595115598625, ""Ni"": 0.38318239324901365, ""Zr"": 0.4974916555950002}","['Co', 'Ni', 'Zr']",,0.8745452499389649,0.46574631254665466
"{""Co"": 0.1376638606129585, ""Ni"": 0.3627979309356787, ""Zr"": 0.4995382084513628}","['Co', 'Ni', 'Zr']",,0.782342278957367,0.4098077386925296
"{""Co"": 0.13974148923808874, ""Ni"": 0.45393175088338344, ""Zr"": 0.4063267598785278}","['Co', 'Ni', 'Zr']",,0.667918791770935,0.6022645377594993
"{""Co"": 0.10367827702304289, ""Ni"": 0.19045802119171298, ""Zr"": 0.7058637017852442}","['Co', 'Ni', 'Zr']",,0.8615047335624695,0.29834759997517823
"{""Co"": 0.11381987480100238, ""Ni"": 0.18365130204585467, ""Zr"": 0.702528823153143}","['Co', 'Ni', 'Zr']",,0.8034874057769775,0.2582992145556555
"{""Co"": 0.22630115093327874, ""Ni"": 0.2820143613676396, ""Zr"": 0.4916844876990817}","['Co', 'Ni', 'Zr']",,0.7202837324142456,0.3114651334191449
"{""Co"": 0.22356512180740037, ""Ni"": 0.3485087235238342, ""Zr"": 0.4279261546687654}","['Co', 'Ni', 'Zr']",,0.7144773101806641,0.3722127886823718
"{""Co"": 0.27009085105517977, ""Ni"": 0.3093389764641784, ""Zr"": 0.42057017248064194}","['Co', 'Ni', 'Zr']",,0.6575413465499877,0.3153510307088061
"{""Co"": 0.5031749149863485, ""Ni"": 0.3232107946739678, ""Zr"": 0.17361429033968362}","['Co', 'Ni', 'Zr']",,0.7784797954559326,0.5981153838738315
"{""Co"": 0.5080918732325974, ""Ni"": 0.36529100464688813, ""Zr"": 0.12661712212051446}","['Co', 'Ni', 'Zr']",,0.6064444851875305,0.575264666884853
"{""Co"": 0.58207336913574, ""Ni"": 0.31432291321019035, ""Zr"": 0.10360371765406962}","['Co', 'Ni', 'Zr']",,0.7640524172782898,0.5743060668249154
"{""Co"": 0.4568884367917565, ""Ni"": 0.19992631002143835, ""Zr"": 0.34318525318680515}","['Co', 'Ni', 'Zr']",,0.5928146815299988,0.44726269767580296
"{""Co"": 0.5522598215488317, ""Ni"": 0.19230163152681612, ""Zr"": 0.2554385469243522}","['Co', 'Ni', 'Zr']",,0.5936259269714356,0.5218816288431356
"{""Co"": 0.5785828365452526, ""Ni"": 0.21911032302115963, ""Zr"": 0.20230684043358774}","['Co', 'Ni', 'Zr']",,0.593602921962738,0.5913721807590389
"{""Co"": 0.8379572252570472, ""Ni"": 0.01890374757346609, ""Zr"": 0.1431390271694868}","['Co', 'Ni', 'Zr']",,0.5753019714355468,0.6434658813691336
"{""Co"": 0.8595361056131573, ""Ni"": 0.02045969922418494, ""Zr"": 0.12000419516265766}","['Co', 'Ni', 'Zr']",,0.5777297782897949,0.649438300008393
"{""Co"": 0.8488449665055029, ""Ni"": 0.055780151950898305, ""Zr"": 0.09537488154359873}","['Co', 'Ni', 'Zr']",,0.5454858708381652,0.6941909332421491
"{""Co"": 0.1695652575353963, ""Ni"": 0.020908997051472394, ""Zr"": 0.8095257454131313}","['Co', 'Ni', 'Zr']",,0.7788420510292053,0.08098989935314949
"{""Co"": 0.2074442919805711, ""Ni"": 0.049746233940447436, ""Zr"": 0.7428094740789815}","['Co', 'Ni', 'Zr']",,0.7464668774604797,0.16485067075979332
"{""Co"": 0.24216874015759512, ""Ni"": 0.0639533791864244, ""Zr"": 0.6938778806559804}","['Co', 'Ni', 'Zr']",,0.727092170715332,0.1533081363751262
"{""Co"": 0.1394620780319003, ""Ni"": 0.7839881953072935, ""Zr"": 0.07654972666080626}","['Co', 'Ni', 'Zr']",550.0,0.6967741000652313,0.6597638335460018
"{""Co"": 0.13082643079600653, ""Ni"": 0.805903334786591, ""Zr"": 0.06327023441740245}","['Co', 'Ni', 'Zr']",550.0,0.707837997674942,0.6626109645456331
"{""Co"": 0.1704430881549901, ""Ni"": 0.7619610370866342, ""Zr"": 0.0675958747583757}","['Co', 'Ni', 'Zr']",550.0,0.6924983561038971,0.576071128834947
"{""Co"": 0.15944882672533073, ""Ni"": 0.503209697117479, ""Zr"": 0.3373414761571903}","['Co', 'Ni', 'Zr']",550.0,0.701825236082077,0.295117703562053
"{""Co"": 0.19737313749998048, ""Ni"": 0.4421466761331985, ""Zr"": 0.36048018636682105}","['Co', 'Ni', 'Zr']",550.0,0.7272050750255584,0.24342571205538188
"{""Co"": 0.201462403826636, ""Ni"": 0.5401594211048708, ""Zr"": 0.2583781750684932}","['Co', 'Ni', 'Zr']",550.0,0.6932166969776153,0.35081063573314325
"{""Co"": 0.32851590249346496, ""Ni"": 0.5178860042379027, ""Zr"": 0.15359809326863239}","['Co', 'Ni', 'Zr']",550.0,0.6767699134349823,0.311181078854741
"{""Co"": 0.40850963642281235, ""Ni"": 0.4459504668763764, ""Zr"": 0.14553989670081122}","['Co', 'Ni', 'Zr']",550.0,0.6747268521785736,0.23768419068254565
"{""Co"": 0.4068105028724233, ""Ni"": 0.48247110571333374, ""Zr"": 0.11071839141424296}","['Co', 'Ni', 'Zr']",550.0,0.6604781806468963,0.26420976591647083
"{""Co"": 0.33487686863953675, ""Ni"": 0.3244454715513348, ""Zr"": 0.3406776598091284}","['Co', 'Ni', 'Zr']",550.0,0.7048140847682953,0.12820798853278115
"{""Co"": 0.3453289705636771, ""Ni"": 0.37711304383337974, ""Zr"": 0.2775579856029431}","['Co', 'Ni', 'Zr']",550.0,0.7042616832256318,0.1678493056514333
"{""Co"": 0.43409068066662543, ""Ni"": 0.33765775286213456, ""Zr"": 0.2282515664712401}","['Co', 'Ni', 'Zr']",550.0,0.6976197350025177,0.15471642713725964
"{""Co"": 0.6454784166687881, ""Ni"": 0.2146076266517512, ""Zr"": 0.1399139566794606}","['Co', 'Ni', 'Zr']",550.0,0.6450465095043182,0.09099668676265182
"{""Co"": 0.7020397361239789, ""Ni"": 0.19043742206091896, ""Zr"": 0.10752284181510222}","['Co', 'Ni', 'Zr']",550.0,0.6132109558582306,0.10792513518074809
"{""Co"": 0.6995224826820042, ""Ni"": 0.208369937080724, ""Zr"": 0.09210758023727174}","['Co', 'Ni', 'Zr']",550.0,0.6062894690036774,0.12769751122232498
"{""Co"": 0.23005581358828395, ""Ni"": 0.09360456885072584, ""Zr"": 0.6763396175609901}","['Co', 'Ni', 'Zr']",550.0,0.8471885216236115,0.04425884899185384
"{""Co"": 0.33950410245670926, ""Ni"": 0.027252564377198446, ""Zr"": 0.6332433331660923}","['Co', 'Ni', 'Zr']",550.0,0.7522610890865326,0.03402380734730026
"{""Co"": 0.41532388707179546, ""Ni"": 0.008293981344921935, ""Zr"": 0.5763821315832826}","['Co', 'Ni', 'Zr']",550.0,0.7296642053127289,0.03936967611636455
"{""Co"": 0.4963503918316423, ""Ni"": 0.016695670668713636, ""Zr"": 0.486953937499644}","['Co', 'Ni', 'Zr']",550.0,0.667468730211258,0.05558560135078017
"{'Sb': 0.01949, 'Bi': 0.19796, 'Co': 0.78254}","['Bi', 'Co', 'Sb']",,0.582803328037262,0.46009814784760084
"{'Sb': 0.01323, 'Bi': 0.1834, 'Co': 0.80337}","['Bi', 'Co', 'Sb']",,0.5652872681617737,0.47296438250477035
"{'Sb': 0.01396, 'Bi': 0.28797, 'Co': 0.69807}","['Bi', 'Co', 'Sb']",550.0,0.671416552066803,0.07306646762359292
"{'Sb': 0.00877, 'Bi': 0.27251, 'Co': 0.71872}","['Bi', 'Co', 'Sb']",550.0,0.6799361872673034,0.08368852138396982
"{'Sb': 0.00915, 'Bi': 0.37323, 'Co': 0.61762}","['Bi', 'Co', 'Sb']",550.0,0.6876433181762696,0.05320863771286055
"{'Sb': 0.03236, 'Bi': 0.4261, 'Co': 0.54154}","['Bi', 'Co', 'Sb']",550.0,0.7033462309837342,0.08495540331128881
"{'Sb': 0.03129, 'Bi': 0.57501, 'Co': 0.3937}","['Bi', 'Co', 'Sb']",550.0,0.7204416680335999,0.08006196933128717
"{'Sb': 0.02155, 'Bi': 0.49505, 'Co': 0.4834}","['Bi', 'Co', 'Sb']",550.0,0.7116376423835754,0.07804742161566913
"{'Sb': 0.00785, 'Bi': 0.69493, 'Co': 0.29722}","['Bi', 'Co', 'Sb']",550.0,0.7549174880981445,0.37136298203896584
"{'Sb': 0.00511, 'Bi': 0.78391, 'Co': 0.21099}","['Bi', 'Co', 'Sb']",550.0,0.8347685217857361,0.2885396763430933
"{'Sb': 0.00519, 'Bi': 0.76409, 'Co': 0.23071}","['Bi', 'Co', 'Sb']",550.0,0.8140632367134094,0.294913521692593
"{'Sb': 0.01556, 'Bi': 0.76471, 'Co': 0.21972}","['Bi', 'Co', 'Sb']",550.0,0.8368905138969421,0.2441887090520093
"{'Sb': 0.0154, 'Bi': 0.7566, 'Co': 0.228}","['Bi', 'Co', 'Sb']",550.0,0.8656723403930664,0.2406193708456713
"{'Sb': 0.01261, 'Bi': 0.84665, 'Co': 0.14073}","['Bi', 'Co', 'Sb']",550.0,0.8158114266395569,0.46501150850137996
"{'Sb': 0.00405, 'Bi': 0.94163, 'Co': 0.05433}","['Bi', 'Co', 'Sb']",550.0,0.7710333728790283,1.549957881023877
"{'Sb': 0.00209, 'Bi': 0.94597, 'Co': 0.05194}","['Bi', 'Co', 'Sb']",550.0,0.8075516200065613,2.0272175536333394
"{'Sb': 0.0039, 'Bi': 0.93976, 'Co': 0.05635}","['Bi', 'Co', 'Sb']",550.0,0.8058234095573426,2.003166440771011
"{""Co"": 0.9285245421799492, ""Sb"": 0.005562501918475885, ""Zr"": 0.06591295590157487}","['Co', 'Sb', 'Zr']",550.0,0.6493945515155791,0.10444599624276496
"{""Co"": 0.6870164790529468, ""Sb"": 0.021411072860292965, ""Zr"": 0.2915724480867601}","['Co', 'Sb', 'Zr']",550.0,0.8031961572170261,0.08732906363113746
"{""Co"": 0.7139663058500633, ""Sb"": 0.08662691828519138, ""Zr"": 0.19940677586474537}","['Co', 'Sb', 'Zr']",550.0,0.7447630131244658,0.09267619967553473
"{""Co"": 0.5888800908762339, ""Sb"": 0.056204488190722775, ""Zr"": 0.3549154209330433}","['Co', 'Sb', 'Zr']",550.0,0.8823611724376681,0.0782226336774482
"{""Co"": 0.513878917232547, ""Sb"": 0.09119118911941097, ""Zr"": 0.39492989364804204}","['Co', 'Sb', 'Zr']",550.0,0.7889552891254427,0.08293069548744603
"{""Ni"": 0.4655858807373185, ""Sb"": 0.0071687289580577756, ""W"": 0.5272453903046238}","['Ni', 'Sb', 'W']",550.0,0.8423482382297516,1.2574094215633214
"{""Ni"": 0.5102754341057335, ""Sb"": 0.005043646570647421, ""W"": 0.484680919323619}","['Ni', 'Sb', 'W']",550.0,0.8281577789783477,1.1691058788309974
"{""Ni"": 0.21102107389977598, ""Sb"": 0.014860006377064854, ""W"": 0.7741189197231593}","['Ni', 'Sb', 'W']",550.0,0.8950903999805451,1.709591200327678
"{'Sb': 0.01321, 'Ni': 0.28326, 'Co': 0.364, 'Hf': 0.33953}","['Co', 'Hf', 'Ni', 'Sb']",,0.8619314873218537,0.2327066579190226
"{'Sb': 0.0045, 'Ni': 0.19597, 'Co': 0.50187, 'Hf': 0.29766}","['Co', 'Hf', 'Ni', 'Sb']",,0.8233832013607025,0.2233773303874793
"{'Sb': 0.00461, 'Ni': 0.22006, 'Co': 0.47644, 'Hf': 0.29889}","['Co', 'Hf', 'Ni', 'Sb']",,0.8172290217876435,0.23175419221038837
"{'Sb': 0.00451, 'Ni': 0.15916, 'Co': 0.54079, 'Hf': 0.29554}","['Co', 'Hf', 'Ni', 'Sb']",,0.7530883061885835,0.21742979707751503
"{'Sb': 0.01215, 'Ni': 0.14287, 'Co': 0.51058, 'Hf': 0.3344}","['Co', 'Hf', 'Ni', 'Sb']",,0.7836486017704009,0.1960363980458945
"{'Sb': 0.00807, 'Ni': 0.09208, 'Co': 0.55854, 'Hf': 0.34131}","['Co', 'Hf', 'Ni', 'Sb']",,0.763565105199814,0.20344083633186405
"{'Sb': 0.00407, 'Ni': 0.10983, 'Co': 0.57216, 'Hf': 0.31393}","['Co', 'Hf', 'Ni', 'Sb']",,0.691370190382004,0.2274796871432025
"{'Sb': 0.00617, 'Ni': 0.07675, 'Co': 0.68154, 'Hf': 0.23554}","['Co', 'Hf', 'Ni', 'Sb']",,0.7650601518154145,0.24584793727296272
"{'Sb': 0.00615, 'Ni': 0.08295, 'Co': 0.69268, 'Hf': 0.21822}","['Co', 'Hf', 'Ni', 'Sb']",,0.7685368692874909,0.26336650832433595
"{'Sb': 0.00558, 'Ni': 0.0695, 'Co': 0.73256, 'Hf': 0.19236}","['Co', 'Hf', 'Ni', 'Sb']",,0.7066245210170747,0.325607427143676
"{'Sb': 0.00442, 'Ni': 0.64174, 'Co': 0.1187, 'Hf': 0.23514}","['Co', 'Hf', 'Ni', 'Sb']",550.0,0.7428501057624818,0.2293200608925635
"{'Sb': 0.006940331570889929, 'Ni': 0.6899934072883038, 'Co': 0.11686567073582484, 'Hf': 0.1862005904049814}","['Co', 'Hf', 'Ni', 'Sb']",550.0,0.7525886702537538,0.21688989681219792
"{'Sb': 0.008060201426007356, 'Ni': 0.6281928432495123, 'Co': 0.17840594398746837, 'Hf': 0.1853410113370119}","['Co', 'Hf', 'Ni', 'Sb']",550.0,0.7388096475601198,0.1929647879188186
"{'Sb': 0.0095, 'Ni': 0.5125, 'Co': 0.16687, 'Hf': 0.31113}","['Co', 'Hf', 'Ni', 'Sb']",550.0,0.7248480725288392,0.2043166803118595
"{'Sb': 0.00957, 'Ni': 0.42688, 'Co': 0.21752, 'Hf': 0.34603}","['Co', 'Hf', 'Ni', 'Sb']",550.0,0.7322982740402223,0.16356553445368546
"{'Sb': 0.00941, 'Ni': 0.48804, 'Co': 0.19442, 'Hf': 0.30813}","['Co', 'Hf', 'Ni', 'Sb']",550.0,0.7130630660057069,0.21419250119755665
"{'Sb': 0.00468, 'Ni': 0.38849, 'Co': 0.33855, 'Hf': 0.26827}","['Co', 'Hf', 'Ni', 'Sb']",550.0,0.7041173911094667,0.14908966683661415
"{'Sb': 0.00457, 'Ni': 0.30309, 'Co': 0.42449, 'Hf': 0.26785}","['Co', 'Hf', 'Ni', 'Sb']",550.0,0.711731984615326,0.10805992560942759
"{'Sb': 0.00474, 'Ni': 0.32478, 'Co': 0.40187, 'Hf': 0.26861}","['Co', 'Hf', 'Ni', 'Sb']",550.0,0.7107918715476991,0.14461789198132322
"{'Sb': 0.00896, 'Ni': 0.2694, 'Co': 0.39783, 'Hf': 0.32381}","['Co', 'Hf', 'Ni', 'Sb']",550.0,0.7410806035995485,0.10224374241727466
"{'Sb': 0.00457, 'Ni': 0.29376, 'Co': 0.38694, 'Hf': 0.31473}","['Co', 'Hf', 'Ni', 'Sb']",550.0,0.7250952577590943,0.11731077182067307
"{'Sb': 0.00467, 'Ni': 0.22292, 'Co': 0.45369, 'Hf': 0.31872}","['Co', 'Hf', 'Ni', 'Sb']",550.0,0.7232053780555726,0.09787969070109612
"{'Sb': 0.0076, 'Ni': 0.11035, 'Co': 0.62803, 'Hf': 0.25402}","['Co', 'Hf', 'Ni', 'Sb']",550.0,0.6988339972496034,0.06392329185399459
"{'Sb': 0.00347, 'Ni': 0.08634, 'Co': 0.67359, 'Hf': 0.2366}","['Co', 'Hf', 'Ni', 'Sb']",550.0,0.6850293350219728,0.06502515553324217
"{'Sb': 0.00358, 'Ni': 0.09652, 'Co': 0.67286, 'Hf': 0.22705}","['Co', 'Hf', 'Ni', 'Sb']",550.0,0.6730246496200563,0.06713599576511925
"{'Zn': 0.02803, 'Ni': 0.44931, 'Ta': 0.10989, 'Cu': 0.41278}","['Cu', 'Ni', 'Ta', 'Zn']",550.0,0.8706575810909272,1.752304098124632
"{'Zn': 0.0179, 'Ni': 0.45387, 'Ta': 0.12053, 'Cu': 0.4077}","['Cu', 'Ni', 'Ta', 'Zn']",550.0,0.8286312639713287,1.6587541982463454
"{'Zn': 0.01908, 'Ni': 0.38511, 'Ta': 0.11572, 'Cu': 0.48009}","['Cu', 'Ni', 'Ta', 'Zn']",550.0,0.8920761835575104,1.9532940568125627
"{'Zn': 0.00857728456252017, 'Ni': 0.14269462941146063, 'Ta': 0.12530414295959857, 'Cu': 0.7234239430664205}","['Cu', 'Ni', 'Ta', 'Zn']",550.0,0.8958655059337616,1.5938825389873905
"{""Co"": 0.5447961999211076, ""Fe"": 0.30639831972167303, ""Hf"": 0.1137151300165008, ""Ni"": 0.03509035034071867}","['Co', 'Fe', 'Hf', 'Ni']",,0.6716641128063203,0.08232378351186542
"{""Co"": 0.5045164352931858, ""Fe"": 0.35284462372543124, ""Hf"": 0.10913393716900333, ""Ni"": 0.03350500381237959}","['Co', 'Fe', 'Hf', 'Ni']",,0.6823765766620637,0.08575444336682798
"{""Co"": 0.5580701057124917, ""Fe"": 0.30047061880399445, ""Hf"": 0.10815366508499709, ""Ni"": 0.03330561039851685}","['Co', 'Fe', 'Hf', 'Ni']",,0.6620147597789766,0.08277453074958226
"{""Co"": 0.5791178468574446, ""Fe"": 0.22958469634354384, ""Hf"": 0.15903847410946134, ""Ni"": 0.0322589826895502}","['Co', 'Fe', 'Hf', 'Ni']",,0.7230323278903963,0.09458970772547305
"{""Co"": 0.6138291251432481, ""Fe"": 0.23889047549972015, ""Hf"": 0.11747617361468966, ""Ni"": 0.029804225742342132}","['Co', 'Fe', 'Hf', 'Ni']",,0.6510763275623322,0.10770168787325944
"{""Co"": 0.7435055681242735, ""Fe"": 0.1431662234736253, ""Hf"": 0.09161292038353847, ""Ni"": 0.021715288018562668}","['Co', 'Fe', 'Hf', 'Ni']",,0.7057127010822297,0.1326967164725251
"{""Co"": 0.7356544287668723, ""Fe"": 0.1608266135816949, ""Hf"": 0.08195959488346585, ""Ni"": 0.021559362767966946}","['Co', 'Fe', 'Hf', 'Ni']",,0.6574918496608736,0.1360669813507644
"{""Co"": 0.7668775506696671, ""Fe"": 0.14186195625424572, ""Hf"": 0.07164928526080089, ""Ni"": 0.01961120781528617}","['Co', 'Fe', 'Hf', 'Ni']",,0.6216872990131379,0.13757446521647462
"{""Co"": 0.843339806498867, ""Fe"": 0.09093752290177666, ""Hf"": 0.050239852096873594, ""Ni"": 0.01548281850248281}","['Co', 'Fe', 'Hf', 'Ni']",,0.7837542045116423,0.13607849657861953
"{""Co"": 0.44741715666462223, ""Fe"": 0.16714464010945781, ""Hf"": 0.35511008460365867, ""Ni"": 0.030328118622261382}","['Co', 'Fe', 'Hf', 'Ni']",,0.8828828608989716,0.10500935325354738
"{""Co"": 0.4933720427777069, ""Fe"": 0.17606221204246364, ""Hf"": 0.2987094914324757, ""Ni"": 0.03185625374735373}","['Co', 'Fe', 'Hf', 'Ni']",,0.776236969232559,0.10160915360574103
"{""Co"": 0.849213376795427, ""Fe"": 0.0847992788770978, ""Hf"": 0.05165806033260932, ""Ni"": 0.014329283994865953}","['Co', 'Fe', 'Hf', 'Ni']",,0.6317509210109712,0.18011278022484545
"{""Co"": 0.7659658785812757, ""Fe"": 0.09487445109233257, ""Hf"": 0.12142362666134891, ""Ni"": 0.01773604366504277}","['Co', 'Fe', 'Hf', 'Ni']",,0.5909057033061983,0.2567368927584927
"{""Co"": 0.5809722696772268, ""Fe"": 0.28203545504705235, ""Hf"": 0.10500447980660588, ""Ni"": 0.03198779546911502}","['Co', 'Fe', 'Hf', 'Ni']",550.0,0.703679573535919,0.07095717605612747
"{""Co"": 0.6138270234604853, ""Fe"": 0.25446234496865683, ""Hf"": 0.10072530027868934, ""Ni"": 0.030985331292168457}","['Co', 'Fe', 'Hf', 'Ni']",550.0,0.6977220487594603,0.06342390062373393
"{""Co"": 0.5374671354827376, ""Fe"": 0.17907889881245115, ""Hf"": 0.25244543554284893, ""Ni"": 0.03100853016196234}","['Co', 'Fe', 'Hf', 'Ni']",550.0,0.7059858107566832,0.02640083676773533
"{""Co"": 0.618371935839731, ""Fe"": 0.1631436545272002, ""Hf"": 0.19074380625864001, ""Ni"": 0.02774060337442868}","['Co', 'Fe', 'Hf', 'Ni']",550.0,0.692411217689514,0.03601327544250349
"{""Co"": 0.7365715791691784, ""Fe"": 0.11387291369546869, ""Hf"": 0.12974887553956968, ""Ni"": 0.019806631595783285}","['Co', 'Fe', 'Hf', 'Ni']",550.0,0.6525292754173277,0.04951141754493421
"{'Sb': 0.00508, 'Ag': 0.76028, 'Ni': 0.23464}","['Ag', 'Ni', 'Sb']",550.0,0.7696406984329224,1.1592413793521184
"{'Sb': 0.32428, 'Ag': 0.37948, 'Ni': 0.29624}","['Ag', 'Ni', 'Sb']",550.0,0.8489213418960574,0.3551882699249854
"{'Sb': 0.25418, 'Ag': 0.3837, 'Ni': 0.36212}","['Ag', 'Ni', 'Sb']",550.0,0.8815153813362124,0.4711806114882744
"{'Sb': 0.2375, 'Ag': 0.43404, 'Ni': 0.32846}","['Ag', 'Ni', 'Sb']",550.0,0.8997624397277835,0.5140839118258769
"{'Sb': 0.01225, 'Ag': 0.84793, 'Ni': 0.13982}","['Ag', 'Ni', 'Sb']",550.0,0.7893105053901673,1.3296464174386862
"{'Sb': 0.00968, 'Ag': 0.83211, 'Ni': 0.1582}","['Ag', 'Ni', 'Sb']",550.0,0.8703106594085697,1.2781308707881067
"{'Ni': 0.18849, 'Sb': 0.23297, 'Ag': 0.57854}","['Ag', 'Ni', 'Sb']",550.0,0.8667150831222536,0.592097773284715
"{'Ni': 0.16774, 'Sb': 0.21112, 'Ag': 0.62114}","['Ag', 'Ni', 'Sb']",550.0,0.8729755330085758,0.678400698650186
"{'Sb': 0.17192, 'Ag': 0.69199, 'Ni': 0.13609}","['Ag', 'Ni', 'Sb']",550.0,0.824496879577637,0.7234430041818233
"{'Sb': 0.06286, 'Ag': 0.88552, 'Ni': 0.05162}","['Ag', 'Ni', 'Sb']",550.0,0.7768643403053285,1.1634537146527248
"{'Sb': 0.28804, 'Ag': 0.65912, 'Ni': 0.05284}","['Ag', 'Ni', 'Sb']",550.0,0.810123898983002,0.47784899579839096
"{'Sb': 0.14028, 'Ag': 0.82375, 'Ni': 0.03597}","['Ag', 'Ni', 'Sb']",550.0,0.8210577225685123,0.5242186318742869
"{'Sb': 0.24876, 'Ag': 0.67609, 'Ni': 0.07515}","['Ag', 'Ni', 'Sb']",550.0,0.8202109622955325,0.6889653919794478
"{""Co"": 0.23818686999767358, ""Ni"": 0.12913754043967818, ""Sb"": 0.004461795762688008, ""Zr"": 0.6282137937999602}","['Co', 'Ni', 'Sb', 'Zr']",,0.6880675864219664,0.3258603253494854
"{""Co"": 0.6753772701179148, ""Ni"": 0.24366406403775823, ""Sb"": 0.03546402797218754, ""Zr"": 0.04549463787213941}","['Co', 'Ni', 'Sb', 'Zr']",,0.6776686859130858,0.0933939538352858
"{""Co"": 0.7315120144299422, ""Ni"": 0.17406909600496054, ""Sb"": 0.0, ""Zr"": 0.0944188895650973}","['Co', 'Ni', 'Sb', 'Zr']",,0.7232846808433532,0.03960908959155755
"{""Co"": 0.7505888591378285, ""Ni"": 0.16535764438399791, ""Sb"": 0.031028902659943614, ""Zr"": 0.05302459381822999}","['Co', 'Ni', 'Sb', 'Zr']",,0.8157072782516482,0.04655613844008183
"{""Co"": 0.6813453786771627, ""Ni"": 0.17389919873881224, ""Sb"": 0.03338209562493235, ""Zr"": 0.1113733269590926}","['Co', 'Ni', 'Sb', 'Zr']",,0.6688333439826963,0.06176772883114772
"{""Co"": 0.7980460229351628, ""Ni"": 0.17386355532730552, ""Sb"": 0.008327976165860689, ""Zr"": 0.019762445571670947}","['Co', 'Ni', 'Sb', 'Zr']",,0.8143265342712405,0.06170440286234846
"{""Co"": 0.7682026678804391, ""Ni"": 0.19554415176066667, ""Sb"": 0.0, ""Zr"": 0.03625318035889427}","['Co', 'Ni', 'Sb', 'Zr']",,0.6782539129257201,0.08316697737207895
"{""Co"": 0.7226545979929445, ""Ni"": 0.21300476418739617, ""Sb"": 0.010803396949605863, ""Zr"": 0.05353724087005345}","['Co', 'Ni', 'Sb', 'Zr']",,0.698478636741638,0.1041650011981461
"{""Co"": 0.894042905797587, ""Ni"": 0.05747010699625128, ""Sb"": 0.01842104423731535, ""Zr"": 0.030065942968846276}","['Co', 'Ni', 'Sb', 'Zr']",,0.6379308462142943,0.05840255705892004
"{""Co"": 0.9321317051127028, ""Ni"": 0.02905009565575602, ""Sb"": 0.01054611279730893, ""Zr"": 0.028272086434232284}","['Co', 'Ni', 'Sb', 'Zr']",,0.7751096463203432,0.1028211510338922
"{""Co"": 0.9343958230599596, ""Ni"": 0.024244879996487393, ""Sb"": 0.006834202024760309, ""Zr"": 0.03452509491879259}","['Co', 'Ni', 'Sb', 'Zr']",,0.6234223079681395,0.12524997120481715
"{""Co"": 0.9659918504188546, ""Ni"": 0.018388389564055047, ""Sb"": 0.0, ""Zr"": 0.015619760017090431}","['Co', 'Ni', 'Sb', 'Zr']",,0.7573237633705138,0.13046892300685609
"{""Co"": 0.96009103813557, ""Ni"": 0.01566481236283461, ""Sb"": 0.0072338301657728, ""Zr"": 0.01701031933582266}","['Co', 'Ni', 'Sb', 'Zr']",,0.6255534458160399,0.15142237013127502
"{""Co"": 0.8445123019861468, ""Ni"": 0.05700463965325926, ""Sb"": 0.03687801791587022, ""Zr"": 0.06160504044472371}","['Co', 'Ni', 'Sb', 'Zr']",,0.6512015628814696,0.06340097363234232
"{""Co"": 0.9593145898870933, ""Ni"": 0.01641625062193115, ""Sb"": 0.008310215486384309, ""Zr"": 0.015958944004591285}","['Co', 'Ni', 'Sb', 'Zr']",,0.5811460685729979,0.14687416049359336
"{""Co"": 0.9753366666964223, ""Ni"": 0.013984323048475912, ""Sb"": 0.0011098348782859467, ""Zr"": 0.009569175376815795}","['Co', 'Ni', 'Sb', 'Zr']",,0.7355708098411559,0.18139825466051152
"{""Co"": 0.9714348680984625, ""Ni"": 0.009146761146683911, ""Sb"": 0.005140917456167681, ""Zr"": 0.014277453298686028}","['Co', 'Ni', 'Sb', 'Zr']",,0.7116090011596679,0.24765393816479542
"{""Co"": 0.9721978370681669, ""Ni"": 0.008847978986257495, ""Sb"": 0.00709155021874157, ""Zr"": 0.011862633726834134}","['Co', 'Ni', 'Sb', 'Zr']",,0.5454807662963865,0.2820513535996469
"{""Co"": 0.9830253266841086, ""Ni"": 0.007609291727768417, ""Sb"": 0.0011335502476472576, ""Zr"": 0.008231831340475665}","['Co', 'Ni', 'Sb', 'Zr']",,0.6115903973579405,0.2784965791946069
"{""Co"": 0.9297762258472189, ""Ni"": 0.024208457155074213, ""Sb"": 0.011961143677632008, ""Zr"": 0.03405417332007481}","['Co', 'Ni', 'Sb', 'Zr']",,0.734866154193878,0.11516711616185485
"{""Co"": 0.9572956656312516, ""Ni"": 0.02031776574430196, ""Sb"": 0.0, ""Zr"": 0.022386568624446528}","['Co', 'Ni', 'Sb', 'Zr']",,0.7079205441474913,0.11740265082481768
"{""Co"": 0.9716043847121736, ""Ni"": 0.0195918852288268, ""Sb"": 0.0002483256590074727, ""Zr"": 0.008555404399992127}","['Co', 'Ni', 'Sb', 'Zr']",,0.666469588279724,0.13284346961031443
"{""Co"": 0.6459935894187839, ""Ni"": 0.28428981502352985, ""Sb"": 0.032638341942812635, ""Zr"": 0.03707825361487348}","['Co', 'Ni', 'Sb', 'Zr']",550.0,0.7499561107158662,0.07210191066519088
"{""Co"": 0.7801015544623451, ""Ni"": 0.1894697899738774, ""Sb"": 0.0, ""Zr"": 0.03042865556377754}","['Co', 'Ni', 'Sb', 'Zr']",550.0,0.7401249015331269,0.03894527631364811
"{""Co"": 0.7382972397170646, ""Ni"": 0.2246223793524608, ""Sb"": 0.0014821969220650017, ""Zr"": 0.03559818400840958}","['Co', 'Ni', 'Sb', 'Zr']",550.0,0.7099135458469392,0.07338348307724141
"{""Co"": 0.7796316605640718, ""Ni"": 0.20119425216741013, ""Sb"": 0.0, ""Zr"": 0.01917408726851797}","['Co', 'Ni', 'Sb', 'Zr']",550.0,0.6990057599544527,0.051510999004679675
"{""Co"": 0.7517891155521721, ""Ni"": 0.21485638445450603, ""Sb"": 0.014631995185885616, ""Zr"": 0.01872250480743624}","['Co', 'Ni', 'Sb', 'Zr']",550.0,0.7028534424304964,0.09807673560028346
"{""Co"": 0.9027248674646055, ""Ni"": 0.057186598133362104, ""Sb"": 0.020648847382367115, ""Zr"": 0.01943968701966541}","['Co', 'Ni', 'Sb', 'Zr']",550.0,0.6837076914310457,0.047260143536115795
"{""Co"": 0.9576673293871505, ""Ni"": 0.02434395973014283, ""Sb"": 0.0006113585081622369, ""Zr"": 0.017377352374544523}","['Co', 'Ni', 'Sb', 'Zr']",550.0,0.6803234326839448,0.04252983085601392
"{""Co"": 0.8912952919154595, ""Ni"": 0.06793676404910412, ""Sb"": 0.01508320965245635, ""Zr"": 0.025684734382980075}","['Co', 'Ni', 'Sb', 'Zr']",550.0,0.68250580906868,0.025704303693336095
"{""Co"": 0.7513191006544363, ""Ni"": 0.13878277397437663, ""Sb"": 0.0448641382370922, ""Zr"": 0.06503398713409486}","['Co', 'Ni', 'Sb', 'Zr']",550.0,0.7549864304065705,0.03954856690753144
"{""Co"": 0.7352421743318711, ""Ni"": 0.1656223594428661, ""Sb"": 0.005217176062614498, ""Zr"": 0.09391829016264824}","['Co', 'Ni', 'Sb', 'Zr']",550.0,0.7573697197437288,0.05084307035765523
"{""Co"": 0.8093962537618417, ""Ni"": 0.16222461282555975, ""Sb"": 0.0, ""Zr"": 0.028379133412598536}","['Co', 'Ni', 'Sb', 'Zr']",550.0,0.7317072284221651,0.04525738250250566
"{""Co"": 0.9393118344589512, ""Ni"": 0.02242121428650858, ""Sb"": 0.006614628966707988, ""Zr"": 0.0316523222878322}","['Co', 'Ni', 'Sb', 'Zr']",550.0,0.6783243572711946,0.04890311810717907
"{""Co"": 0.9391869220800542, ""Ni"": 0.024997443043076856, ""Sb"": 0.018695449227866628, ""Zr"": 0.017120185649002334}","['Co', 'Ni', 'Sb', 'Zr']",550.0,0.6856683027744295,0.05667746845387142
"{""Co"": 0.9596971589533586, ""Ni"": 0.019482842337772192, ""Sb"": 0.0, ""Zr"": 0.02081999870886915}","['Co', 'Ni', 'Sb', 'Zr']",550.0,0.667643941640854,0.048361611813287686
"{""Co"": 0.8984869755768776, ""Ni"": 0.04953739367488163, ""Sb"": 0.011758700061570032, ""Zr"": 0.04021693068667069}","['Co', 'Ni', 'Sb', 'Zr']",550.0,0.7140141332149507,0.031917732565444515
"{""Co"": 0.8923614507338957, ""Ni"": 0.04111389919345925, ""Sb"": 0.027993602778013636, ""Zr"": 0.03853104729463147}","['Co', 'Ni', 'Sb', 'Zr']",550.0,0.698873714208603,0.0461969686195873
"{""Co"": 0.9166779887721378, ""Ni"": 0.03932914545688605, ""Sb"": 0.0023679925121187933, ""Zr"": 0.04162487325885738}","['Co', 'Ni', 'Sb', 'Zr']",550.0,0.7005184948444367,0.04469412517820055
"{""Co"": 0.9675295326612139, ""Ni"": 0.012249725497619724, ""Sb"": 0.004183205289705844, ""Zr"": 0.016037536551460597}","['Co', 'Ni', 'Sb', 'Zr']",550.0,0.6602336370944978,0.05230875245058764
"{""Co"": 0.9804048734582512, ""Ni"": 0.01031619479797311, ""Sb"": 0.002706961160076581, ""Zr"": 0.006571970583699105}","['Co', 'Ni', 'Sb', 'Zr']",550.0,0.6566981923580171,0.04526936702605977
"{""Co"": 0.9772014123444895, ""Ni"": 0.010653547625903594, ""Sb"": 0.0, ""Zr"": 0.012145040029606834}","['Co', 'Ni', 'Sb', 'Zr']",550.0,0.6503577196598055,0.05588968475345468
"{""Co"": 0.9400334235035247, ""Ni"": 0.027749301947344505, ""Sb"": 0.0013230257642996358, ""Zr"": 0.030894248784831154}","['Co', 'Ni', 'Sb', 'Zr']",550.0,0.6740616190433504,0.028065013512917958
"{""Co"": 0.9487752724851073, ""Ni"": 0.025102101204082884, ""Sb"": 0.009759702843443584, ""Zr"": 0.016362923467366137}","['Co', 'Ni', 'Sb', 'Zr']",550.0,0.6843411052227022,0.032295309494083574
"{""Co"": 0.9538111483584973, ""Ni"": 0.02168680203743567, ""Sb"": 0.005778741933664487, ""Zr"": 0.018723307670402388}","['Co', 'Ni', 'Sb', 'Zr']",550.0,0.6639695513248445,0.027678199463726627
"{""Co"": 0.900800322544361, ""Ni"": 0.039484977711755416, ""Sb"": 0.0073808704207713955, ""Zr"": 0.05233382932311216}","['Co', 'Ni', 'Sb', 'Zr']",550.0,0.6824325597286226,0.027626406814738103
"{""Co"": 0.8928510347038178, ""Ni"": 0.03345989329333891, ""Sb"": 0.02449856247302142, ""Zr"": 0.04919050952982184}","['Co', 'Ni', 'Sb', 'Zr']",550.0,0.6835138952732087,0.04838141899406084
"{""Co"": 0.8996145872772213, ""Ni"": 0.03308262238542054, ""Sb"": 0.024943701470066602, ""Zr"": 0.04235908886729156}","['Co', 'Ni', 'Sb', 'Zr']",550.0,0.6686068546772005,0.04602628560418168
"{""Co"": 0.9490582490599982, ""Ni"": 0.016339511251545404, ""Sb"": 0.0037134910713203747, ""Zr"": 0.030888748617136003}","['Co', 'Ni', 'Sb', 'Zr']",550.0,0.6704982960224153,0.003690998652342903
"{""Co"": 0.9666639970273906, ""Ni"": 0.014158783267474486, ""Sb"": 0.006152470274419364, ""Zr"": 0.01302474943071558}","['Co', 'Ni', 'Sb', 'Zr']",550.0,0.6652587378025057,0.048729731307515345
"{""Co"": 0.9575293635599966, ""Ni"": 0.013122385619924255, ""Sb"": 0.00633067149855174, ""Zr"": 0.023017579321527377}","['Co', 'Ni', 'Sb', 'Zr']",550.0,0.6666644036769869,0.012157289551405936
"{""Fe"": 0.6671947339622606, ""Ni"": 0.22751925844896534, ""Ta"": 0.1052860075887741}","['Fe', 'Ni', 'Ta']",400.0,0.8464707934856415,0.08357045012440562
"{""Fe"": 0.6465823411840848, ""Ni"": 0.2631913946501686, ""Ta"": 0.09022626416574663}","['Fe', 'Ni', 'Ta']",400.0,0.7913108336925505,0.10106355775045234
"{""Fe"": 0.4415885751899437, ""Ni"": 0.2845782239382262, ""Ta"": 0.27383320087183005}","['Fe', 'Ni', 'Ta']",400.0,0.8866153681278228,0.10044986612045592
"{""Fe"": 0.4502812982194703, ""Ni"": 0.33005205095181295, ""Ta"": 0.2196666508287167}","['Fe', 'Ni', 'Ta']",400.0,0.7753679525852202,0.1441867984429634
"{""Fe"": 0.4001424418144015, ""Ni"": 0.4737100686293631, ""Ta"": 0.1261474895562354}","['Fe', 'Ni', 'Ta']",400.0,0.7113144743442537,0.29780688637613517
"{""Fe"": 0.3289482970441449, ""Ni"": 0.5421623848573173, ""Ta"": 0.12888931809853782}","['Fe', 'Ni', 'Ta']",400.0,0.6976103127002717,0.3613676562076901
"{""Fe"": 0.3458145750406127, ""Ni"": 0.5417326838580417, ""Ta"": 0.11245274110134554}","['Fe', 'Ni', 'Ta']",400.0,0.7251756703853609,0.35224958992056693
"{""Fe"": 0.09346321312360589, ""Ni"": 0.6010516576990148, ""Ta"": 0.3054851291773793}","['Fe', 'Ni', 'Ta']",400.0,0.7411661899089814,0.24821907842353574
"{""Fe"": 0.09637270555363453, ""Ni"": 0.6445171873009753, ""Ta"": 0.2591101071453901}","['Fe', 'Ni', 'Ta']",400.0,0.7199872171878816,0.30391027245618385
"{""Fe"": 0.08504332498018513, ""Ni"": 0.7058198558945037, ""Ta"": 0.20913681912531115}","['Fe', 'Ni', 'Ta']",400.0,0.7016572773456575,0.48832783491446885
"{""Fe"": 0.05178714100761477, ""Ni"": 0.8306129183495543, ""Ta"": 0.11759994064283091}","['Fe', 'Ni', 'Ta']",400.0,0.8837709391117096,0.9078357290589096
"{""Fe"": 0.05921819169119158, ""Ni"": 0.9232945557356362, ""Ta"": 0.017487252573172143}","['Fe', 'Ni', 'Ta']",400.0,0.8945805490016937,0.837222315054426
"{""Fe"": 0.3663220210927065, ""In"": 0.12446779165315063, ""Ni"": 0.5092101872541429}","['Fe', 'In', 'Ni']",500.0,0.7415144833540955,0.29007706170993025
"{""Fe"": 0.17552542411049613, ""In"": 0.10809987054093816, ""Ni"": 0.7163747053485657}","['Fe', 'In', 'Ni']",500.0,0.7853694805121461,0.4249239879551826
"{""Fe"": 0.18998935806816625, ""In"": 0.0778929409597791, ""Ni"": 0.7321177009720546}","['Fe', 'In', 'Ni']",500.0,0.8003333529448549,0.3941517356311609
"{""Fe"": 0.11536149902483507, ""In"": 0.10739693236093664, ""Ni"": 0.7772415686142282}","['Fe', 'In', 'Ni']",500.0,0.845491689107422,0.48157279661921076
"{""Fe"": 0.06745823369144861, ""In"": 0.07867708047489433, ""Ni"": 0.853864685833657}","['Fe', 'In', 'Ni']",500.0,0.797549405953888,0.689237698434048
"{""Fe"": 0.06772748064922234, ""In"": 0.06241437199119688, ""Ni"": 0.8698581473595808}","['Fe', 'In', 'Ni']",500.0,0.8445555099463502,0.7093310681641554
"{""Fe"": 0.0557218911463723, ""In"": 0.04521102322411506, ""Ni"": 0.8990670856295127}","['Fe', 'In', 'Ni']",500.0,0.7923171314215699,0.820137992296048
"{""Fe"": 0.5632101243531344, ""In"": 0.09107444089362728, ""Ni"": 0.34571543475323835}","['Fe', 'In', 'Ni']",600.0,0.7875062593872072,0.15240205825058886
"{""Fe"": 0.34364959628869696, ""In"": 0.10753179919997269, ""Ni"": 0.5488186045113304}","['Fe', 'In', 'Ni']",600.0,0.7659243688041686,0.2910146210840736
"{""Fe"": 0.2744825260096744, ""In"": 0.07946642530385399, ""Ni"": 0.6460510486864717}","['Fe', 'In', 'Ni']",600.0,0.7974857792312623,0.34477797824477907
"{""Fe"": 0.2958698214069151, ""In"": 0.07501722704652154, ""Ni"": 0.6291129515465633}","['Fe', 'In', 'Ni']",600.0,0.7338440069610594,0.30359569374306694
"{""Fe"": 0.19594851385734416, ""In"": 0.13932346212580587, ""Ni"": 0.6647280240168499}","['Fe', 'In', 'Ni']",600.0,0.8019455108100894,0.39970737801867906
"{""Fe"": 0.10073688933934377, ""In"": 0.09504407801686915, ""Ni"": 0.804219032643787}","['Fe', 'In', 'Ni']",600.0,0.7806893429214479,0.5300409061048283
"{""Fe"": 0.08462657387888176, ""In"": 0.06991616457624733, ""Ni"": 0.8454572615448709}","['Fe', 'In', 'Ni']",600.0,0.7567827376777647,0.6183399522743331
"{""Fe"": 0.08817701689111397, ""In"": 0.07256270035802996, ""Ni"": 0.839260282750856}","['Fe', 'In', 'Ni']",600.0,0.7476518830711363,0.6040547186779952
"{""Co"": 0.8527516333816884, ""Mn"": 0.1472483666183116, ""Sn"": 0.0}","['Co', 'Mn', 'Sn']",450.0,0.7196978883500366,0.07264445388624657
"{""Co"": 0.6996742777201921, ""Mn"": 0.30032572227980786, ""Sn"": 0.0}","['Co', 'Mn', 'Sn']",450.0,0.7748952131028441,0.03326918342592805
"{""Co"": 0.710267156910369, ""Mn"": 0.2897328430896311, ""Sn"": 0.0}","['Co', 'Mn', 'Sn']",450.0,0.7163345889802245,0.0690216720308873
"{""Co"": 0.5721208553595054, ""Mn"": 0.4278791446404945, ""Sn"": 0.0}","['Co', 'Mn', 'Sn']",450.0,0.7661008147950439,0.08055357512068392
"{""Co"": 0.6655518173113129, ""Mn"": 0.33351118088215886, ""Sn"": 0.0009370018065283129}","['Co', 'Mn', 'Sn']",450.0,0.8067087607140809,0.032418646003306406
"{""Co"": 0.5816327635626661, ""Mn"": 0.41836723643733376, ""Sn"": 0.0}","['Co', 'Mn', 'Sn']",450.0,0.7253431539292602,0.09158575097016869
"{""Co"": 0.35386387885154913, ""Mn"": 0.6461361211484509, ""Sn"": 0.0}","['Co', 'Mn', 'Sn']",450.0,0.7934442596192626,0.03232424164989545
"{""Co"": 0.2613078908590682, ""Mn"": 0.7386921091409318, ""Sn"": 0.0}","['Co', 'Mn', 'Sn']",450.0,0.7790238885636596,0.057704989023990405
"{""Co"": 0.3118851223156635, ""Mn"": 0.6881148776843364, ""Sn"": 0.0}","['Co', 'Mn', 'Sn']",450.0,0.8040955643410951,0.024116063401269483
"{""Co"": 0.10629400796704766, ""Mn"": 0.8937059920329524, ""Sn"": 0.0}","['Co', 'Mn', 'Sn']",450.0,0.7257602267022399,0.34581218153601134
"{""Co"": 0.8162482777321834, ""Mn"": 0.1837517222678165, ""Sn"": 0.0}","['Co', 'Mn', 'Sn']",,0.6812965269033507,0.16820807887353545
"{""Co"": 0.739857849958722, ""Mn"": 0.26014215004127805, ""Sn"": 0.0}","['Co', 'Mn', 'Sn']",,0.7016706700269775,0.06225914715603331
"{""Co"": 0.670103014258027, ""Mn"": 0.3298969857419729, ""Sn"": 0.0}","['Co', 'Mn', 'Sn']",,0.6494271821920472,0.13289499271148758
"{""Co"": 0.42648253452239276, ""Mn"": 0.5735174654776072, ""Sn"": 0.0}","['Co', 'Mn', 'Sn']",,0.888262435907562,0.1267360620452069
"{""Co"": 0.6078794531574166, ""Mn"": 0.31064558555649724, ""Sn"": 0.08147496128608621}","['Co', 'Mn', 'Sn']",,0.7100522990171508,0.04936376115071456
"{""Co"": 0.4645197823004267, ""Mn"": 0.5354802176995733, ""Sn"": 0.0}","['Co', 'Mn', 'Sn']",,0.8226903934423521,0.11573893690744744
"{""Co"": 0.43526455465537794, ""Mn"": 0.4842450922077122, ""Sn"": 0.08049035313690978}","['Co', 'Mn', 'Sn']",,0.7587060065214233,0.040643470862231135
"{""Co"": 0.30394613391425074, ""Mn"": 0.6886153665876511, ""Sn"": 0.007438499498098125}","['Co', 'Mn', 'Sn']",,0.762779507154663,0.06802936484621294
"{""Co"": 0.16173828038016613, ""Mn"": 0.8382617196198339, ""Sn"": 0.0}","['Co', 'Mn', 'Sn']",,0.6961486382429198,0.2767595684874479
"{""Co"": 0.2021359402234327, ""Mn"": 0.7978640597765674, ""Sn"": 0.0}","['Co', 'Mn', 'Sn']",,0.7615362758581238,0.0723335393972459
"{""Mn"": 0.8342765211081656, ""Nb"": 0.15798318071094872, ""Sb"": 0.007740298180885644}","['Mn', 'Nb', 'Sb']",,0.8045768716672669,0.06621595822359294
"{""Mn"": 0.9581090004630886, ""Nb"": 0.0, ""Sb"": 0.04189099953691147}","['Mn', 'Nb', 'Sb']",,0.8207102778295288,0.018944849048949136
"{""Co"": 0.9602649453036065, ""Hf"": 0.02850586374353717, ""Zr"": 0.011229190952856257}","['Co', 'Hf', 'Zr']",400.0,0.6268700667125855,0.13625978676586992
"{""Co"": 0.8067524844660898, ""Hf"": 0.08562664993109169, ""Zr"": 0.10762086560281842}","['Co', 'Hf', 'Zr']",400.0,0.6669179125530394,0.14015444256660237
"{""Co"": 0.8939200041454616, ""Hf"": 0.086284815946529, ""Zr"": 0.019795179908009435}","['Co', 'Hf', 'Zr']",400.0,0.6396512647373352,0.12830744292243615
"{""Co"": 0.8918916743692853, ""Hf"": 0.08275786123391382, ""Zr"": 0.02535046439680101}","['Co', 'Hf', 'Zr']",400.0,0.6319379301769409,0.09594608745852617
"{""Co"": 0.7843147611321953, ""Hf"": 0.18877202584621292, ""Zr"": 0.026913213021591702}","['Co', 'Hf', 'Zr']",400.0,0.6664938588840635,0.13964766204318976
"{""Co"": 0.49585550364901715, ""Hf"": 0.12262728313705419, ""Zr"": 0.38151721321392873}","['Co', 'Hf', 'Zr']",400.0,0.8551145525676879,0.11336762423448439
"{""Co"": 0.6502290941944644, ""Hf"": 0.15214844225985744, ""Zr"": 0.1976224635456782}","['Co', 'Hf', 'Zr']",400.0,0.6859946866733702,0.13113576642181524
"{""Co"": 0.5324513110318454, ""Hf"": 0.15705626736451606, ""Zr"": 0.31049242160363866}","['Co', 'Hf', 'Zr']",400.0,0.7204674692852171,0.11756079536621719
"{""Co"": 0.4428792864351971, ""Hf"": 0.4716977830540134, ""Zr"": 0.08542293051078953}","['Co', 'Hf', 'Zr']",400.0,0.8608965750438842,0.1457680164479601
"{""Co"": 0.47305078606616285, ""Hf"": 0.25455011373115344, ""Zr"": 0.2723991002026837}","['Co', 'Hf', 'Zr']",400.0,0.8857140584690245,0.07713532694595127
"{""Co"": 0.9544679253365075, ""Hf"": 0.03729647256231155, ""Zr"": 0.008235602101180992}","['Co', 'Hf', 'Zr']",550.0,0.6300329125813293,0.07398547140590683
"{""Co"": 0.8897377184468366, ""Hf"": 0.06914546553415242, ""Zr"": 0.041116816019010925}","['Co', 'Hf', 'Zr']",550.0,0.6417054427555847,0.129042891326524
"{""Co"": 0.8373369739746543, ""Hf"": 0.12618943132263527, ""Zr"": 0.0364735947027104}","['Co', 'Hf', 'Zr']",550.0,0.6382238925389099,0.12786259959467222
"{""Co"": 0.7398875460743165, ""Hf"": 0.09778125156169153, ""Zr"": 0.16233120236399187}","['Co', 'Hf', 'Zr']",550.0,0.6831852115086364,0.06483412182626824
"{""Co"": 0.8630450427418843, ""Hf"": 0.11649746686640937, ""Zr"": 0.02045749039170634}","['Co', 'Hf', 'Zr']",550.0,0.6397324455670166,0.12559734702915296
"{""Co"": 0.6127436265711366, ""Hf"": 0.14559291750969552, ""Zr"": 0.24166345591916794}","['Co', 'Hf', 'Zr']",550.0,0.718550025313263,0.047575026043828655
"{""Co"": 0.5145278632841759, ""Hf"": 0.4070697271949452, ""Zr"": 0.07840240952087883}","['Co', 'Hf', 'Zr']",550.0,0.751356614916687,0.0530985024545082
"{""Co"": 0.4439410441800648, ""Hf"": 0.121819320578055, ""Zr"": 0.43423963524188025}","['Co', 'Hf', 'Zr']",550.0,0.8563305676869206,0.09363340949846145
"{""Co"": 0.6089530033531373, ""Hf"": 0.1723457865015805, ""Zr"": 0.21870121014528227}","['Co', 'Hf', 'Zr']",550.0,0.7103955734661865,0.05620558449380737
"{""Co"": 0.9043759324904563, ""Mn"": 0.08282655632260086, ""Zr"": 0.0127975111869428}","['Co', 'Mn', 'Zr']",,0.7556191014867248,0.09078039794962989
"{""Co"": 0.6426467871931673, ""Mn"": 0.10214030047068694, ""Zr"": 0.25521291233614574}","['Co', 'Mn', 'Zr']",,0.5964042778440554,0.20297316785878022
"{""Co"": 0.8755814597519909, ""Mn"": 0.08666948280871291, ""Zr"": 0.03774905743929625}","['Co', 'Mn', 'Zr']",,0.5708987470098573,0.19363659170057834
"{""Co"": 0.8568337531537609, ""Mn"": 0.09936593349876961, ""Zr"": 0.043800313347469526}","['Co', 'Mn', 'Zr']",,0.5543035574384767,0.21866680683130277
"{""Co"": 0.7857337774696935, ""Mn"": 0.16440744010157218, ""Zr"": 0.04985878242873422}","['Co', 'Mn', 'Zr']",,0.6121580429502564,0.14859404357907385
"{""Co"": 0.3212951241656606, ""Mn"": 0.08672428785822188, ""Zr"": 0.5919805879761175}","['Co', 'Mn', 'Zr']",,0.8818043156095579,0.20383228175219176
"{""Co"": 0.5593441321143529, ""Mn"": 0.12162723710551458, ""Zr"": 0.31902863078013255}","['Co', 'Mn', 'Zr']",,0.6637802977987367,0.14563658752368566
"{""Co"": 0.39306953136730555, ""Mn"": 0.1185386857272562, ""Zr"": 0.4883917829054383}","['Co', 'Mn', 'Zr']",,0.8583333416410519,0.17280878296631202
"{""Co"": 0.5522403836865523, ""Mn"": 0.3611929588506818, ""Zr"": 0.08656665746276604}","['Co', 'Mn', 'Zr']",,0.6577741213270265,0.09693140695861645
"{""Co"": 0.942445513983409, ""Mn"": 0.04736440779355744, ""Zr"": 0.010190078223033465}","['Co', 'Mn', 'Zr']",550.0,0.7709217286189578,0.44712771296175974
"{""Co"": 0.8842657492480784, ""Mn"": 0.07435492074650135, ""Zr"": 0.04137933000542019}","['Co', 'Mn', 'Zr']",550.0,0.6442515206416627,0.18238144728692762
"{""Co"": 0.8539997255534031, ""Mn"": 0.11529054396944806, ""Zr"": 0.030709730477148946}","['Co', 'Mn', 'Zr']",550.0,0.6858801722606204,0.03652804080454569
"{""Co"": 0.578430386647951, ""Mn"": 0.0756328415886, ""Zr"": 0.3459367717634491}","['Co', 'Mn', 'Zr']",550.0,0.744615242489197,0.11729669051510819
"{""Co"": 0.866684291948655, ""Mn"": 0.10092992939144035, ""Zr"": 0.032385778659904496}","['Co', 'Mn', 'Zr']",550.0,0.6544263959010622,0.13605090911859133
"{""Co"": 0.4464154288764825, ""Mn"": 0.10392742196376914, ""Zr"": 0.4496571491597484}","['Co', 'Mn', 'Zr']",550.0,0.8863118457873841,0.04348272129729902
"{""Co"": 0.6306605659000143, ""Mn"": 0.30634279517932134, ""Zr"": 0.06299663892066441}","['Co', 'Mn', 'Zr']",550.0,0.793097679622986,0.0017857667515971676
"{""Co"": 0.5055967203920897, ""Mn"": 0.11969969550385658, ""Zr"": 0.37470358410405363}","['Co', 'Mn', 'Zr']",550.0,0.8575052118381044,0.03696159495350107
"{""Co"": 0.8153016459586394, ""Mn"": 0.14242445249418428, ""Nb"": 0.042273901547176404}","['Co', 'Mn', 'Nb']",400.0,0.6601130373803712,0.14063735364367888
"{""Co"": 0.5604471264888694, ""Mn"": 0.32914000654923875, ""Nb"": 0.11041286696189184}","['Co', 'Mn', 'Nb']",400.0,0.7182699473229981,0.11847363868508376
"{""Co"": 0.47354753643369135, ""Mn"": 0.29874012749559603, ""Nb"": 0.22771233607071256}","['Co', 'Mn', 'Nb']",400.0,0.8119030554620363,0.09877839856086681
"{""Co"": 0.40165229197936364, ""Mn"": 0.5983477080206364, ""Nb"": 0.0}","['Co', 'Mn', 'Nb']",400.0,0.7797683770982361,0.07838574485391053
"{""Co"": 0.14559359763414445, ""Mn"": 0.7990936282580153, ""Nb"": 0.05531277410784018}","['Co', 'Mn', 'Nb']",400.0,0.8692800577012636,0.18776197285691665
"{""Co"": 0.8214965444681955, ""Mn"": 0.17850345553180458, ""Nb"": 0.0}","['Co', 'Mn', 'Nb']",550.0,0.6787989118623046,0.09356688031884189
"{""Co"": 0.45743165710405725, ""Mn"": 0.5041132737228817, ""Nb"": 0.03845506917306099}","['Co', 'Mn', 'Nb']",550.0,0.8317022564934996,0.18109793661639123
"{""Co"": 0.49411090682876185, ""Mn"": 0.44821995730356295, ""Nb"": 0.057669135867675185}","['Co', 'Mn', 'Nb']",550.0,0.8411192467736509,0.023619466563392033
"{""Co"": 0.18956602194886754, ""Mn"": 0.7975828547575083, ""Nb"": 0.012851123293624101}","['Co', 'Mn', 'Nb']",550.0,0.7769361165093688,0.12020448194461819
"{""Mn"": 0.9877585120522897, ""Nb"": 0.0, ""Sb"": 0.012241487947710319, ""Ti"": 0.0}","['Mn', 'Nb', 'Sb', 'Ti']",550.0,0.5963497446726991,0.3791188377425923
"{""Mn"": 0.9893942202240564, ""Nb"": 0.0, ""Sb"": 0.00563971310404249, ""Ti"": 0.004966066671901095}","['Mn', 'Nb', 'Sb', 'Ti']",550.0,0.821990070218964,0.09830716064477041
"{""Mn"": 0.9944568435726798, ""Nb"": 0.0, ""Sb"": 0.0015571425915761909, ""Ti"": 0.003986013835743905}","['Mn', 'Nb', 'Sb', 'Ti']",550.0,0.7829690979670717,0.1113551694703969
"{""Mn"": 0.9756302034497716, ""Nb"": 0.0, ""Sb"": 0.009315135796674742, ""Ti"": 0.015054660753553637}","['Mn', 'Nb', 'Sb', 'Ti']",550.0,0.7907484410952761,0.10503677636632433
"{""Mn"": 0.9569628120823871, ""Nb"": 0.0, ""Sb"": 0.007610093803898416, ""Ti"": 0.035427094113714495}","['Mn', 'Nb', 'Sb', 'Ti']",550.0,0.7028953908633424,0.11468310867184059
"{""Mn"": 0.8758457225033646, ""Nb"": 0.0, ""Sb"": 0.1078228754891172, ""Ti"": 0.016331402007518262}","['Mn', 'Nb', 'Sb', 'Ti']",550.0,0.8231265162181094,0.04094672618110914
"{""Mn"": 0.9695637334397762, ""Nb"": 0.0, ""Sb"": 0.004314250835784544, ""Ti"": 0.026122015724439184}","['Mn', 'Nb', 'Sb', 'Ti']",550.0,0.8810351918887332,0.07149919289703982
"{""Mn"": 0.9512707391544367, ""Nb"": 0.0, ""Sb"": 0.04872926084556326, ""Ti"": 0.0}","['Mn', 'Nb', 'Sb', 'Ti']",550.0,0.8312472485255435,0.03645502054048821
"{""Mn"": 0.9019924484086648, ""Nb"": 0.0, ""Sb"": 0.09800755159133516, ""Ti"": 0.0}","['Mn', 'Nb', 'Sb', 'Ti']",550.0,0.8230031679820254,0.013229919003493198
"{""Mn"": 0.9271027679018281, ""Nb"": 0.0, ""Sb"": 0.07289723209817187, ""Ti"": 0.0}","['Mn', 'Nb', 'Sb', 'Ti']",550.0,0.8403989719104007,0.021496179209658548
"{""Mn"": 0.9930353679617486, ""Nb"": 0.0, ""Sb"": 0.006964632038251357, ""Ti"": 0.0}","['Mn', 'Nb', 'Sb', 'Ti']",700.0,0.6103158708420107,0.2567236578733935
"{""Mn"": 0.9930313045968501, ""Nb"": 0.0, ""Sb"": 0.0, ""Ti"": 0.0069686954031499704}","['Mn', 'Nb', 'Sb', 'Ti']",700.0,0.8197102065887759,0.12991652643317858
"{""Mn"": 0.9890834478222641, ""Nb"": 0.0, ""Sb"": 0.006822632071387258, ""Ti"": 0.0040939201063486565}","['Mn', 'Nb', 'Sb', 'Ti']",700.0,0.8308157320823978,0.13700219474806202
"{""Mn"": 0.9981536145014736, ""Nb"": 0.0, ""Sb"": 0.0018463854985264032, ""Ti"": 0.0}","['Mn', 'Nb', 'Sb', 'Ti']",700.0,0.880818695625336,0.09420186736709198
"{""Mn"": 0.9785255124201335, ""Nb"": 0.0, ""Sb"": 0.0, ""Ti"": 0.02147448757986658}","['Mn', 'Nb', 'Sb', 'Ti']",700.0,0.8012533779945682,0.1090520118068191
"{""Mn"": 0.9169188532655185, ""Nb"": 0.0, ""Sb"": 0.0761545679092112, ""Ti"": 0.006926578825270239}","['Mn', 'Nb', 'Sb', 'Ti']",700.0,0.756617171367676,0.029821133796882136
"{""Mn"": 1.0, ""Nb"": 0.0, ""Sb"": 0.0, ""Ti"": 0.0}","['Mn', 'Nb', 'Sb', 'Ti']",700.0,0.8318339820709536,0.056998890221156256
"{""Mn"": 1.0, ""Nb"": 0.0, ""Sb"": 0.0, ""Sn"": 0.0}","['Mn', 'Nb', 'Sb', 'Sn']",550.0,0.8021548807515564,0.0670201348482387
"{""Mn"": 0.9841426974540499, ""Nb"": 0.0, ""Sb"": 0.015857302545950133, ""Sn"": 0.0}","['Mn', 'Nb', 'Sb', 'Sn']",550.0,0.6520843970670165,0.11722250090533887
"{""Mn"": 0.999105200999636, ""Nb"": 0.0, ""Sb"": 0.0008947990003641208, ""Sn"": 0.0}","['Mn', 'Nb', 'Sb', 'Sn']",550.0,0.8079839789761962,0.10097347307990748
"{""Mn"": 1.0, ""Nb"": 0.0, ""Sb"": 0.0, ""Sn"": 0.0}","['Mn', 'Nb', 'Sb', 'Sn']",550.0,0.7863442170514525,0.028506936827265898
"{""Mn"": 0.8770761713006087, ""Nb"": 0.0, ""Sb"": 0.12292382869939128, ""Sn"": 0.0}","['Mn', 'Nb', 'Sb', 'Sn']",550.0,0.8206141364468994,0.014255597726919873
"{""Mn"": 0.9884622835271805, ""Nb"": 0.0, ""Sb"": 0.011537716472819438, ""Sn"": 0.0}","['Mn', 'Nb', 'Sb', 'Sn']",700.0,0.6358694470750429,0.1739776410691142
"{""Mn"": 1.0, ""Nb"": 0.0, ""Sb"": 0.0, ""Sn"": 0.0}","['Mn', 'Nb', 'Sb', 'Sn']",700.0,0.7213621009217834,0.1077823921555613
"{""Mn"": 1.0, ""Nb"": 0.0, ""Sb"": 0.0, ""Sn"": 0.0}","['Mn', 'Nb', 'Sb', 'Sn']",700.0,0.647405203663025,0.12430464301264313
"{""Mn"": 0.9651668823434488, ""Nb"": 0.0, ""Sb"": 0.03483311765655112, ""Sn"": 0.0}","['Mn', 'Nb', 'Sb', 'Sn']",700.0,0.7942991746293641,0.09941652360353886
"{""Mn"": 0.937614753944676, ""Nb"": 0.0, ""Sb"": 0.06238524605532414, ""Sn"": 0.0}","['Mn', 'Nb', 'Sb', 'Sn']",700.0,0.8405270827638245,0.009294441910688213
"{""Mn"": 0.8007398391118187, ""Nb"": 0.18661180054702792, ""Sb"": 0.012648360341153455}","['Mn', 'Nb', 'Sb']",550.0,0.8484364380137026,0.031453630750333805
"{""Mn"": 0.968355006037678, ""Nb"": 0.017571636712940864, ""Sb"": 0.01407335724938117}","['Mn', 'Nb', 'Sb']",550.0,0.7201290525690613,0.10583420343294137
"{""Mn"": 0.900271987198932, ""Nb"": 0.09523116772789927, ""Sb"": 0.0044968450731686935}","['Mn', 'Nb', 'Sb']",,0.790855259730835,0.03280915704396509
"{""Mn"": 0.9207742310845036, ""Nb"": 0.0, ""Sb"": 0.07922576891549635}","['Mn', 'Nb', 'Sb']",,0.7787236116671754,0.04469157866083426
"{""Nb"": 0.1480039980327046, ""Ni"": 0.682277337393905, ""Ta"": 0.1697186645733905}","['Nb', 'Ni', 'Ta']",550.0,0.8287993719236755,0.25995956771593565
"{""Nb"": 0.0030821406264331425, ""Ni"": 0.8177814653481412, ""Ta"": 0.17913639402542567}","['Nb', 'Ni', 'Ta']",550.0,0.7090143582299804,0.74551107093086
"{""Nb"": 0.06381943179610468, ""Ni"": 0.8105529831689556, ""Ta"": 0.12562758503493962}","['Nb', 'Ni', 'Ta']",550.0,0.7130688524357605,0.8490836326323151
"{""Nb"": 0.08085147405600751, ""Ni"": 0.7443991734241601, ""Ta"": 0.17474935251983248}","['Nb', 'Ni', 'Ta']",550.0,0.7312707829586792,0.41048707487395786